platform,title,clean_item_label,clip_id,sales_count,gross_amount,net_amount,avg_gross_per_sale,avg_net_per_sale,filename,format,clip_length,size,resolution,date_added,source_file,imported_at,row_hash,period_start,period_end
Clips4Sale,Cursed Cake Makes Greedy SSBBW Explode,Cursed Cake Makes Greedy SSBBW Explode,31534051,234,6548.1,3928.86,27.98,16.79,lady sublime cake stuffing overeating rapid growth weight gain button popping clips4sale.mov,mov,00:22:10,5746,3840x2160,2025-07-21 10:00:07,2026-07-04_17-47-56_title_summary_history_2025-04-17_to_2026-07-04_Sales_Summary_by_Title_17-04-2025_to_17-04-2025.csv,2026-07-04T17:49:47,10f2b25d59e960e01ec97203fec39aa926e83d58e1f971a523df9a5b20bb6bb8,2025-04-17,2026-07-04
Clips4Sale,SSBBW Burps and Farts While Stuffing,SSBBW Burps and Farts While Stuffing,30943493,166,5807.23,3484.34,34.98,20.99,lady sublime ssbbw eating facestuffing taco overeating farts burps bloating gas -4k clips4sale.mov,mov,00:29:26,5727,3840x2160,2025-04-17 10:00:09,2026-07-04_17-47-56_title_summary_history_2025-04-17_to_2026-07-04_Sales_Summary_by_Title_17-04-2025_to_17-04-2025.csv,2026-07-04T17:49:47,ea3f291bb4e46c59dd3a86e056856c9ba30b958dc72f3f7c7502c2ae2b371b83,2025-04-17,2026-07-04
Clips4Sale,Best Friend's Step-Mommy Shows You How to Please SSBBW,Best Friend's Step-Mommy Shows You How to Please SSBBW,33788719,155,4337.42,2602.45,27.98,16.79,lady_sublime_ssbbw_friends_mom_teases_rides_on_top_fat_chat_watermark_4k_clips4sale_260522002409.mov,mov,00:22:44,5667,3840x2160,2026-05-22 19:16:23,2026-07-04_17-47-56_title_summary_history_2025-04-17_to_2026-07-04_Sales_Summary_by_Title_17-04-2025_to_17-04-2025.csv,2026-07-04T17:49:47,8e72f71ddb3845eada208ca77d111065fdfb97ba2a4f307c48007fd39e98c81c,2025-04-17,2026-07-04
Clips4Sale,Greedy SSBBW Stuffs Whole Thanksgiving Dinner,Greedy SSBBW Stuffs Whole Thanksgiving Dinner,32430185,84,2686.6,1611.96,31.98,19.19,lady_sublime_ssbbw_bitchy_thanksgiving_stuffing_burping_obese_fat_belly_rubbing_watermark_4k_cli_251,mov,00:27:11,5795,3840x2160,2025-12-01 22:30:21,2026-07-04_17-47-56_title_summary_history_2025-04-17_to_2026-07-04_Sales_Summary_by_Title_17-04-2025_to_17-04-2025.csv,2026-07-04T17:49:47,cf054ccbea8f41a518012a985a2d88d3f21aa7c967161d2c010b594bf5097bd3,2025-04-17,2026-07-04
Clips4Sale,Growing SSBBW Ex Rides You POV,Growing SSBBW Ex Rides You POV,32593851,111,2440.15,1464.09,21.98,13.19,lady_sublime_christmas_fat_chat_pov_fucking_riding_fat_belly_watermark_4k_clips4sale_251227175807.mo,mov,00:23:36,5712,3840x2160,2025-12-27 23:08:20,2026-07-04_17-47-56_title_summary_history_2025-04-17_to_2026-07-04_Sales_Summary_by_Title_17-04-2025_to_17-04-2025.csv,2026-07-04T17:49:47,d15d2f07dde183d98305bb8cd83292f5b51b07c0f00e9eb3adc1dbac8b7e75a3,2025-04-17,2026-07-04
Clips4Sale,Horny SSBBW Neighbor Wants Your Baby POV,Horny SSBBW Neighbor Wants Your Baby POV,31325075,112,2350.13,1410.08,20.98,12.59,lady sublime ssbbw impregnation fantasy breeding lingerie neighbor roleplay  clips4sale.mov,mov,00:11:14,5694,3840x2160,2025-06-16 22:04:16,2026-07-04_17-47-56_title_summary_history_2025-04-17_to_2026-07-04_Sales_Summary_by_Title_17-04-2025_to_17-04-2025.csv,2026-07-04T17:49:47,631c247a25c94b4493e21bf6af39ffecc045b3c7fff629f5a6bcef88761cb467,2025-04-17,2026-07-04
Clips4Sale,Gassy SSBBW Giantess Vores You,Gassy SSBBW Giantess Vores You,32818231,77,1923.72,1154.23,24.98,14.99,lady_sublime_ssbbw_giantess_vore_burping_farting_fat_POV_watermark_4k_clips4sale_260129180050.mov,mov,00:12:00,5652,3840x2160,2026-01-30 00:26:07,2026-07-04_17-47-56_title_summary_history_2025-04-17_to_2026-07-04_Sales_Summary_by_Title_17-04-2025_to_17-04-2025.csv,2026-07-04T17:49:47,31687cbc9138a319b30168fdbe22bc36a2c5214a4edf755a5ccab9c945946f01,2025-04-17,2026-07-04
Clips4Sale,Your Gluttonous Girlfriend Can't Hold Back Farts,Your Gluttonous Girlfriend Can't Hold Back Farts,33118559,95,1898.42,1139.05,19.98,11.99,lady_sublime_ssbbw_burps_and_farts_food_stuffing_overeating_gassy_watermark_4k_clips4sale_2603082150,mov,00:12:46,5743,3840x2160,2026-03-11 10:00:07,2026-07-04_17-47-56_title_summary_history_2025-04-17_to_2026-07-04_Sales_Summary_by_Title_17-04-2025_to_17-04-2025.csv,2026-07-04T17:49:47,0e6f7da657697ada86904ba9c3e2f1d7f0ea83a9d6dc6060238477d14910b188,2025-04-17,2026-07-04
Clips4Sale,SSBBW Stuffs in the Car Until Stuck,SSBBW Stuffs in the Car Until Stuck,30931393,63,1825.95,1095.57,28.98,17.39,lady sublime ssbbw eating in car food stuffing too big oversized -4k clips4sale.mov,mov,00:36:09,5771,3840x2160,2025-04-14 23:54:32,2026-07-04_17-47-56_title_summary_history_2025-04-17_to_2026-07-04_Sales_Summary_by_Title_17-04-2025_to_17-04-2025.csv,2026-07-04T17:49:47,cd7da68321a49298040abc2e997ef2d304e02bf8f1b8b23baf66e3423442d318,2025-04-17,2026-07-04
Clips4Sale,Gaining SSBBW Gets Horny While Stuffing Pizza,Gaining SSBBW Gets Horny While Stuffing Pizza,33543205,47,1738.22,1042.93,36.98,22.19,lady_sublime_ssbbw_pizza_food_stuffing_overeating_horny_fat_girl_masturbation_vibrator_orgasm_cu_260,mov,00:32:30,5768,3840x2160,2026-04-21 10:00:06,2026-07-04_17-47-56_title_summary_history_2025-04-17_to_2026-07-04_Sales_Summary_by_Title_17-04-2025_to_17-04-2025.csv,2026-07-04T17:49:47,0e3a108cf8cd502b1205df8ec78e5f284c658b81629e4a5744a7fa0be47aacc0,2025-04-17,2026-07-04
Clips4Sale,SSBBW Psychologist III: Making You My Feeder POV,SSBBW Psychologist III: Making You My Feeder POV,32335365,57,1709.05,1025.43,29.98,17.99,lady_sublime_ssbbw_stuffing_feeder_feedee_overeating_roleplay_watermark_4k_clips4sale_251118184607.m,mov,00:36:26,5428,4224x3024,2025-11-20 10:00:09,2026-07-04_17-47-56_title_summary_history_2025-04-17_to_2026-07-04_Sales_Summary_by_Title_17-04-2025_to_17-04-2025.csv,2026-07-04T17:49:47,4345fb0f0cd2e65456aa093e107ee6b6821e4374ba87a45a8f9b1df0770ca5b4,2025-04-17,2026-07-04
Clips4Sale,SSBBW Psychologist II: Facestuffing and Gaining,SSBBW Psychologist II: Facestuffing and Gaining,31019213,65,1623.92,974.35,24.98,14.99,lady sublime ssbbw psychologist food eating facestuffing pizza  belly worship clips4sale.mov,mov,00:24:31,5761,3840x2160,2025-04-29 01:08:57,2026-07-04_17-47-56_title_summary_history_2025-04-17_to_2026-07-04_Sales_Summary_by_Title_17-04-2025_to_17-04-2025.csv,2026-07-04T17:49:47,82b5133cf1c3c4da4ddef1bf3f23eab1d30da0dbadae34399cb02258912c54cf,2025-04-17,2026-07-04
Clips4Sale,Greedy SSBBW Rapid Growth Until Pop,Greedy SSBBW Rapid Growth Until Pop,33004811,106,1588.23,952.94,14.98,8.99,lady_sublime_ssbbw_diet_pill_rapid_growth_stuck_car_weight_gain_watermark_4k_clips4sale_260221153704,mov,00:12:00,5661,3840x2160,2026-02-22 22:50:15,2026-07-04_17-47-56_title_summary_history_2025-04-17_to_2026-07-04_Sales_Summary_by_Title_17-04-2025_to_17-04-2025.csv,2026-07-04T17:49:47,326431855fe92f27acbd175427b52688c553ca0fad7c318aa469d0095bee167d,2025-04-17,2026-07-04
Clips4Sale,Greedy SSBBW Devours Roommates Leftovers,Greedy SSBBW Devours Roommates Leftovers,34040665,41,1516.32,909.79,36.98,22.19,lady_sublime_ssbbw_fridge_raid_food_facestuffing_overeating_feeder_feedee_fat_chat_watermark-4k__260,mov,00:33:59,5788,3840x2160,2026-06-27 21:05:01,2026-07-04_17-47-56_title_summary_history_2025-04-17_to_2026-07-04_Sales_Summary_by_Title_17-04-2025_to_17-04-2025.csv,2026-07-04T17:49:47,f2dc83f2b4910d0c77e4cb4a086616087cda75e7264f8472c02a9ccf9625a758,2025-04-17,2026-07-04
Clips4Sale,SSBBW Squashes You Under Ass and Feet,SSBBW Squashes You Under Ass and Feet,31663021,84,1510.6,906.36,17.98,10.79,lady sublime ssbbw ass smothering crushing object popping watermark-4k clips4sale.mov,mov,00:10:03,5743,3840x2160,2025-08-10 16:34:39,2026-07-04_17-47-56_title_summary_history_2025-04-17_to_2026-07-04_Sales_Summary_by_Title_17-04-2025_to_17-04-2025.csv,2026-07-04T17:49:47,5f3e9ebe4204f4c0212cbfdeadd941b50995f8c28b6623a923fe543423752efe,2025-04-17,2026-07-04
Clips4Sale,Gassy SSBBW Ignores You and Stuffs,Gassy SSBBW Ignores You and Stuffs,32167641,93,1486.45,891.87,15.98,9.59,lady sublime ssbbw messy eating burps and farts food stuffing weight gain feedee -clips4sale.mov,mov,00:16:08,5800,4224x3024,2025-10-24 23:03:51,2026-07-04_17-47-56_title_summary_history_2025-04-17_to_2026-07-04_Sales_Summary_by_Title_17-04-2025_to_17-04-2025.csv,2026-07-04T17:49:47,67119c165cf66e786439840cb5bb471d21c47ba200938ec8a53f043964458db4,2025-04-17,2026-07-04
Clips4Sale,Gaining SSBBW Smoking and Clothes Try On,Gaining SSBBW Smoking and Clothes Try On,31897715,52,1455.13,873.08,27.98,16.79,lady sublime ssbbw clothes try on outfit weight gain fat chat -4k clips4sale.mov,mov,00:35:37,5813,3840x2160,2025-09-15 18:20:29,2026-07-04_17-47-56_title_summary_history_2025-04-17_to_2026-07-04_Sales_Summary_by_Title_17-04-2025_to_17-04-2025.csv,2026-07-04T17:49:47,bca9dd191bd0b2e2750528975031563ac24e9250b3493c5350a29c9efa371fce,2025-04-17,2026-07-04
Clips4Sale,Horny SSBBW Secretly Cums During Meeting,Horny SSBBW Secretly Cums During Meeting,30985471,65,1428.92,857.35,21.98,13.19,lady sublime ssbbw masturbation vibrator fat pussy cum moaning watermark 4K C4S.mov,mov,00:13:48,5709,3840x2160,2025-04-23 20:38:19,2026-07-04_17-47-56_title_summary_history_2025-04-17_to_2026-07-04_Sales_Summary_by_Title_17-04-2025_to_17-04-2025.csv,2026-07-04T17:49:47,47057308d2217b2bb2d5098cd3feb3670658637176d6b624bc28a90613fcb970,2025-04-17,2026-07-04
Clips4Sale,Fucking Your Stuffed SSBBW Girlfriend POV,Fucking Your Stuffed SSBBW Girlfriend POV,33923475,64,1349.93,809.96,21.09,12.66,lady_sublime_stuffing_milkshake_overeating_fuck_machine_POV_watermark-4k_clips4sale_260610151122.mov,mov,00:17:11,5755,3840x2160,2026-06-11 10:00:05,2026-07-04_17-47-56_title_summary_history_2025-04-17_to_2026-07-04_Sales_Summary_by_Title_17-04-2025_to_17-04-2025.csv,2026-07-04T17:49:47,ddc0eb845990ecfe2fc57ebddd35e85a594ba2e2170c29fb3582234e1589edb8,2025-04-17,2026-07-04
Clips4Sale,Gaining SSBBW Wife Fucks You POV,Gaining SSBBW Wife Fucks You POV,30632943,59,1297.02,778.21,21.98,13.19,lady sublime ssbbw weight gain too fat pov fucking masturbation cum watermark-4k clips4sale.mov,mov,00:13:41,5760,3840x2160,2025-02-24 02:00:04,2026-07-04_17-47-56_title_summary_history_2025-04-17_to_2026-07-04_Sales_Summary_by_Title_17-04-2025_to_17-04-2025.csv,2026-07-04T17:49:47,9f1b2d0015d6bac3c6b56f44c6285eb511c1e95a4d522d53acbad577d2e5d067,2025-04-17,2026-07-04
Clips4Sale,Your Job Depends on How Well You Feed Me,Your Job Depends on How Well You Feed Me,33083747,57,1139.05,683.43,19.98,11.99,lady_sublime_ssbbw_fat_worship_pov_fucking_roleplay_weight_gain_watermark_4k_clips4sale_260303195723,mov,00:21:37,5697,3840x2160,2026-03-04 23:30:52,2026-07-04_17-47-56_title_summary_history_2025-04-17_to_2026-07-04_Sales_Summary_by_Title_17-04-2025_to_17-04-2025.csv,2026-07-04T17:49:47,01e93960992b0bdf9d2d9b3fc8d72b69c3ec9c45e4173130a1b14e19fef40942,2025-04-17,2026-07-04
Clips4Sale,Gaining SSBBW Dorothy Fucks Wizard POV,Gaining SSBBW Dorothy Fucks Wizard POV,32299209,46,1103.23,661.94,23.98,14.39,lady_sublime_ssbbw_cosplay_dorothy_gaining_weight_fat_pov_fuck_machine_costume_high_heels_waterm_251,mov,00:20:34,5676,4224x3024,2025-11-14 00:48:25,2026-07-04_17-47-56_title_summary_history_2025-04-17_to_2026-07-04_Sales_Summary_by_Title_17-04-2025_to_17-04-2025.csv,2026-07-04T17:49:47,7c645892de0950be85247a1c292cb2224307b35c86bdf46c460e6da628673395,2025-04-17,2026-07-04
Clips4Sale,Gaining SSBBW Smoking and Kitchen Tour,Gaining SSBBW Smoking and Kitchen Tour,33595021,34,951.43,570.86,27.98,16.79,lady_sublime_ssbbw_kitchen_tour_smoking_fat_chat_weight_gain_chat_watermark_4k_clips4sale_2604251717,mov,00:22:16,5712,3840x2160,2026-04-27 18:20:29,2026-07-04_17-47-56_title_summary_history_2025-04-17_to_2026-07-04_Sales_Summary_by_Title_17-04-2025_to_17-04-2025.csv,2026-07-04T17:49:47,18c97125f855c29b8af985abaa8d48d7573cbe30bb80965f6177a990505d0ed7,2025-04-17,2026-07-04
Clips4Sale,Growing SSBBW Smokes Cigarette in Tight Shirt,Growing SSBBW Smokes Cigarette in Tight Shirt,31572629,47,892.22,535.33,18.98,11.39,lady sublime ssbbw smoking tight clothes try on stretching watermark-4k clips4sale.mov,mov,00:16:24,5690,3840x2160,2025-07-28 10:00:06,2026-07-04_17-47-56_title_summary_history_2025-04-17_to_2026-07-04_Sales_Summary_by_Title_17-04-2025_to_17-04-2025.csv,2026-07-04T17:49:47,f60a608b3bfefcefed64c6e7e049815d6776c3ae29865ffa9f14ca62785a36f4,2025-04-17,2026-07-04
Clips4Sale,Gaining SSBBW Wants to Reach 600lbs,Gaining SSBBW Wants to Reach 600lbs,33664361,43,859.28,515.57,19.98,11.99,lady_sublime_weight_gain_chat_eating_belly_play_bikini_tease_watermark_4k_clips4sale_260504185433.mo,mov,00:11:53,5768,3840x2160,2026-05-04 18:54:33,2026-07-04_17-47-56_title_summary_history_2025-04-17_to_2026-07-04_Sales_Summary_by_Title_17-04-2025_to_17-04-2025.csv,2026-07-04T17:49:47,777083bf663e8511de0a9bedb0105e82e6aef9e89aedef059996f05f4793b6cd,2025-04-17,2026-07-04
Clips4Sale,Growing SSBBW Belly and Ass Worship,Growing SSBBW Belly and Ass Worship,30176343,33,824.45,494.67,24.98,14.99,lady sublime ssbbw fat stinky ass worship sweaty asshole licking cum countdown -4k clips4sale.mov,mov,00:23:12,5778,3840x2160,2024-12-05 10:00:06,2026-07-04_17-47-56_title_summary_history_2025-04-17_to_2026-07-04_Sales_Summary_by_Title_17-04-2025_to_17-04-2025.csv,2026-07-04T17:49:47,86b1dc9169264c8a97bd61647116bea7e2834b7bea40b1108a05b8e36483193d,2025-04-17,2026-07-04
Clips4Sale,Greedy SSBBW Girlfriend Vores You POV,Greedy SSBBW Girlfriend Vores You POV,30382621,37,813.38,488.03,21.98,13.19,lady sublime ssbbw food stuffing overeating vore boyfriend weight gain -4k clips4sale.mov,mov,00:10:13,5693,3840x2160,2025-01-12 21:39:25,2026-07-04_17-47-56_title_summary_history_2025-04-17_to_2026-07-04_Sales_Summary_by_Title_17-04-2025_to_17-04-2025.csv,2026-07-04T17:49:47,ee2b70fe0d0f0d77143b7949d3cada8f20b387def6a9acae1b290c48fe9a0736,2025-04-17,2026-07-04
Clips4Sale,SSBBW Girlfriend Grows into 14-foot Giantess,SSBBW Girlfriend Grows into 14-foot Giantess,29961257,35,769.42,461.65,21.98,13.19,lady sublime ssbbw giantess fetish growing taller bikini weight gain watermark-4k clips4sale.mov,mov,00:16:52,5620,3840x2160,2024-10-25 20:15:34,2026-07-04_17-47-56_title_summary_history_2025-04-17_to_2026-07-04_Sales_Summary_by_Title_17-04-2025_to_17-04-2025.csv,2026-07-04T17:49:47,dda84cd9598bda30ef1ae8ad898e72637920445f3896cb39ab04ab02ff59ca1b,2025-04-17,2026-07-04
Clips4Sale,Gaining SSBBW Stuffs Face Post-Workout,Gaining SSBBW Stuffs Face Post-Workout,30722815,38,759.37,455.62,19.98,11.99,lady sublime ssbbw leggings tight too fat weight gain food stuffing overeating -4k clips4sale.mov,mov,00:11:51,5672,3840x2160,2025-03-11 01:41:50,2026-07-04_17-47-56_title_summary_history_2025-04-17_to_2026-07-04_Sales_Summary_by_Title_17-04-2025_to_17-04-2025.csv,2026-07-04T17:49:47,b2e2933ba8b5513751d9405e9ecba7f8e991dc3a7f4edaa0e1711f2b250661fa,2025-04-17,2026-07-04
Clips4Sale,SSBBW Pussy Licking and Toe Sucking,SSBBW Pussy Licking and Toe Sucking,31696939,34,747.43,448.46,21.98,13.19,lady sublime ssbbw pantyhose toe sucking pov hairy pussy fat watermark-4k clips4sale.mov,mov,00:16:16,5664,3840x2160,2025-08-16 10:00:09,2026-07-04_17-47-56_title_summary_history_2025-04-17_to_2026-07-04_Sales_Summary_by_Title_17-04-2025_to_17-04-2025.csv,2026-07-04T17:49:47,cea6b7dc760f3b49cbe6f9cf6ab89f23f7f1e13a859caa6792ee37cd13beadc3,2025-04-17,2026-07-04
Clips4Sale,SSBBW Rips Leggings and Fucks Pussy,SSBBW Rips Leggings and Fucks Pussy,30670805,37,739.38,443.63,19.98,11.99,lady sublime ssbbw  twek ass butthole fat pussy masturbation dildo fuck clips4sale.mov,mov,00:11:11,5672,3840x2160,2025-03-06 10:00:09,2026-07-04_17-47-56_title_summary_history_2025-04-17_to_2026-07-04_Sales_Summary_by_Title_17-04-2025_to_17-04-2025.csv,2026-07-04T17:49:47,07699fb7edf9c8ae4d5d666f4883f02eb7adc754116bca3047547ef884ef2ed2,2025-04-17,2026-07-04
Clips4Sale,Gaining SSBBW Smokes and Shares Workout Routine,Gaining SSBBW Smokes and Shares Workout Routine,33428121,26,727.57,436.54,27.98,16.79,lady_sublime_ssbbw_workout_weight_gain_chat_smoking_stretching_watermark_4k_clips4sale_260404175023.,mov,00:22:03,5729,3840x2160,2026-04-06 10:00:09,2026-07-04_17-47-56_title_summary_history_2025-04-17_to_2026-07-04_Sales_Summary_by_Title_17-04-2025_to_17-04-2025.csv,2026-07-04T17:49:47,d9b6ee911b8358f16d91462e2e05602d4970dae659034dbc1f30ee68f2699e51,2025-04-17,2026-07-04
Clips4Sale,SSBBW Fruit Crush with 72-Inch Ass,SSBBW Fruit Crush with 72-Inch Ass,30088371,32,703.47,422.08,21.98,13.19,Lady Sublime Ssbbw Fruit Crush Big Ass Heavy Flatten watermark-4k clips4sale.mov,mov,00:11:59,5730,3840x2160,2024-11-24 10:00:08,2026-07-04_17-47-56_title_summary_history_2025-04-17_to_2026-07-04_Sales_Summary_by_Title_17-04-2025_to_17-04-2025.csv,2026-07-04T17:49:47,3a45e496143389db3146fbcd774c171af2f678c809dc28362309e7a66a3e7148,2025-04-17,2026-07-04
Clips4Sale,SSBBW Feedee Stuffing and Makeout POV,SSBBW Feedee Stuffing and Makeout POV,29360577,27,674.55,404.73,24.98,14.99,lady sublime ssbbw food eating face stuffing close up pov watermark-4k clips4sale.mov,mov,00:19:10,5261,3840x2160,2024-07-03 10:00:07,2026-07-04_17-47-56_title_summary_history_2025-04-17_to_2026-07-04_Sales_Summary_by_Title_17-04-2025_to_17-04-2025.csv,2026-07-04T17:49:47,2f419324be41411c80056b492211ee4e6768acdd19303e9f33ab729f5826d714,2025-04-17,2026-07-04
Clips4Sale,SSBBW Ex Wants to Get Pregnant,SSBBW Ex Wants to Get Pregnant,29971791,45,629.25,377.55,13.98,8.39,lady sublime ssbbw no strings impregnation breeding fat pussy cum begging fertilization .mov,mov,00:09:47,5575,3840x2160,2024-10-27 23:12:04,2026-07-04_17-47-56_title_summary_history_2025-04-17_to_2026-07-04_Sales_Summary_by_Title_17-04-2025_to_17-04-2025.csv,2026-07-04T17:49:47,de8f3094bf8d464127e11a5b48faf6ead279b0bc1f06aa133c56cac36a63c347,2025-04-17,2026-07-04
Clips4Sale,SSBBW Rapid Growth Riding You POV,SSBBW Rapid Growth Riding You POV,28864735,26,597.57,358.54,22.98,13.79,lady sublime ssbbw growth fetish gaining weight tease  riding pov watermark-4k clips4sale.mov,mov,00:21:40,5495,3840x2160,2024-03-31 10:00:08,2026-07-04_17-47-56_title_summary_history_2025-04-17_to_2026-07-04_Sales_Summary_by_Title_17-04-2025_to_17-04-2025.csv,2026-07-04T17:49:47,6842dc3d6df002314a47ffa0e2f03e9228ffb74dd1dde408a86a107053acfa61,2025-04-17,2026-07-04
Clips4Sale,SSBBW Girlfriend Encourages Mutual Gain POV,SSBBW Girlfriend Encourages Mutual Gain POV,30186929,23,574.62,344.77,24.98,14.99,lady sublime ssbbw mutual gain encouragement smoking gaining weight feederism 4k clips4sale.mov,mov,00:20:13,5740,3840x2160,2024-12-09 10:00:07,2026-07-04_17-47-56_title_summary_history_2025-04-17_to_2026-07-04_Sales_Summary_by_Title_17-04-2025_to_17-04-2025.csv,2026-07-04T17:49:47,5c6073a6c45419155cb457d5c6faa8ad5b2ca359118a4ff44744e408bd4182e0,2025-04-17,2026-07-04
Clips4Sale,"SSBBW Giantess Teasing, Shrinking, and Vore","SSBBW Giantess Teasing, Shrinking, and Vore",30065969,22,549.63,329.78,24.98,14.99,lady sublime ssbbw shrinking fat giantess vore swallow pov watermark-4k clips4sale.mov,mov,00:16:21,5682,3840x2160,2024-11-19 10:00:07,2026-07-04_17-47-56_title_summary_history_2025-04-17_to_2026-07-04_Sales_Summary_by_Title_17-04-2025_to_17-04-2025.csv,2026-07-04T17:49:47,93b8bc6a1fd2d8173978269c7389ada59192a51ee916ef8a86d8d7ad3e916b31,2025-04-17,2026-07-04
Clips4Sale,Smelly SSBBW Makes You Worship Ass,Smelly SSBBW Makes You Worship Ass,28962713,26,545.57,327.34,20.98,12.59,lady sublime ssbbw fat ass armpit worship smelly stinky cum countdown watermark-4k clips4sale.mov,mov,00:19:22,5563,3840x2160,2024-04-24 21:00:07,2026-07-04_17-47-56_title_summary_history_2025-04-17_to_2026-07-04_Sales_Summary_by_Title_17-04-2025_to_17-04-2025.csv,2026-07-04T17:49:47,328b1f69f889a442fbb02674f0c4d305bcb87f7394a4d2d2eeeca9306e061b30,2025-04-17,2026-07-04
Clips4Sale,SSBBW Does Steamy Striptease for You,SSBBW Does Steamy Striptease for You,30746667,24,527.6,316.56,21.98,13.19,lady sublime ssbbw white bikini shower strip tease twerk jiggle watermark-4k clips4sale.mov,mov,00:15:49,5752,3840x2160,2025-03-17 10:48:30,2026-07-04_17-47-56_title_summary_history_2025-04-17_to_2026-07-04_Sales_Summary_by_Title_17-04-2025_to_17-04-2025.csv,2026-07-04T17:49:47,cde41d15ceb03a847bf02661b27db9c8826c5097e0dc5139c9440f833debf881,2025-04-17,2026-07-04
Clips4Sale,SSBBW Smokes After Thanksgiving Stuffing,SSBBW Smokes After Thanksgiving Stuffing,30154579,16,479.73,287.84,29.98,17.99,Lady sublime ssbbw thanksgiving food stuffing feederism smoking weight gain -4k clips4sale.mov,mov,00:30:28,5735,3840x2160,2024-11-29 22:40:06,2026-07-04_17-47-56_title_summary_history_2025-04-17_to_2026-07-04_Sales_Summary_by_Title_17-04-2025_to_17-04-2025.csv,2026-07-04T17:49:47,198bba45356d98d8ae61b32055ff081e00fdd06b614b7f3c3337a060ca43a879,2025-04-17,2026-07-04
Clips4Sale,Smoking SSBBW Gets Ready Voyeur Cam,Smoking SSBBW Gets Ready Voyeur Cam,30664187,22,461.63,276.98,20.98,12.59,lady sublime ssbbw smoking voyeurism makeup fat_ big belly watermark-4k clips4sale.mov,mov,00:18:46,5751,3840x2160,2025-03-03 10:05:03,2026-07-04_17-47-56_title_summary_history_2025-04-17_to_2026-07-04_Sales_Summary_by_Title_17-04-2025_to_17-04-2025.csv,2026-07-04T17:49:47,3f9c24f76d3cb085c1c5084b95dc43a5edc07d51869dcd0fa66aef6c932b9099,2025-04-17,2026-07-04
Clips4Sale,SSBBW Psychologist Makes You Worship Belly,SSBBW Psychologist Makes You Worship Belly,29128127,18,449.7,269.82,24.98,14.99,lady sublime ssbbw fat therapy belly rubbing eating fat worship c4s.mov,mov,00:28:36,5546,3840x2160,2024-05-19 08:00:06,2026-07-04_17-47-56_title_summary_history_2025-04-17_to_2026-07-04_Sales_Summary_by_Title_17-04-2025_to_17-04-2025.csv,2026-07-04T17:49:47,e7e312047a18a36203aaca373b711ac51dcc9dbf6daf2a1a6cab3dca0e92200a,2025-04-17,2026-07-04
Clips4Sale,Shy SSBBW Concierge Fucks You POV,Shy SSBBW Concierge Fucks You POV,29411945,25,449.58,269.75,17.98,10.79,lady sublime ssbbw pov fucking roleplay fat pussy big ass watermark-4k clips4sale.mov,mov,00:17:14,5560,3840x2160,2024-07-10 10:10:03,2026-07-04_17-47-56_title_summary_history_2025-04-17_to_2026-07-04_Sales_Summary_by_Title_17-04-2025_to_17-04-2025.csv,2026-07-04T17:49:47,939a58b6f0c119ded70bf18f5384e1bef69a97935e90c0379196163135cd6208,2025-04-17,2026-07-04
Clips4Sale,Fat Dom GF Makes you Clean Sweaty Ass and Pussy,Fat Dom GF Makes you Clean Sweaty Ass and Pussy,27485631,27,431.55,258.93,15.98,9.59,lady sublime bbw sweaty dom girlfriend ass eating squirt pov wm.mp4,mp4,00:11:45,638,1920x1080,2023-05-03 20:00:11,2026-07-04_17-47-56_title_summary_history_2025-04-17_to_2026-07-04_Sales_Summary_by_Title_17-04-2025_to_17-04-2025.csv,2026-07-04T17:49:47,84232d99ca17491ffdbc24c4cbc786ed947afda4389339954fb73883fa03a029,2025-04-17,2026-07-04
Clips4Sale,Your SSBBW Wife Denies Getting Fatter,Your SSBBW Wife Denies Getting Fatter,29059243,16,399.73,239.84,24.98,14.99,lady sublime ssbbw weight gain denial tight dress POV watermark-4k clips4sale.mov,mov,00:24:09,5604,3840x2160,2024-05-08 08:00:05,2026-07-04_17-47-56_title_summary_history_2025-04-17_to_2026-07-04_Sales_Summary_by_Title_17-04-2025_to_17-04-2025.csv,2026-07-04T17:49:47,8e84b21c4e04c3d3a3d0bd4b61cf59bcb5212870811da738357eb0ecc8e528d4,2025-04-17,2026-07-04
Clips4Sale,Gaining SSBBW Measurements and Weigh-In,Gaining SSBBW Measurements and Weigh-In,30335991,11,384.82,230.89,34.98,20.99,lady sublime ssbbw full body measurements weigh in gaining weight fat chat obese-4k clips4sale.mov,mov,00:14:37,5860,3840x2160,2025-01-06 16:08:26,2026-07-04_17-47-56_title_summary_history_2025-04-17_to_2026-07-04_Sales_Summary_by_Title_17-04-2025_to_17-04-2025.csv,2026-07-04T17:49:47,1f086d2c292a1fe858a5b4933a15a97cff146e77e70bf41a0a7dad1d59d4c081,2025-04-17,2026-07-04
Clips4Sale,Chair Breaking Under Huge SSBBW,Chair Breaking Under Huge SSBBW,27682807,15,374.75,224.85,24.98,14.99,lady sublime bbw furniture crush plastic chair breaking obese fat heavy watermark-4k HDR.mov,mov,00:24:05,4615,1920x1080,2023-09-01 22:07:03,2026-07-04_17-47-56_title_summary_history_2025-04-17_to_2026-07-04_Sales_Summary_by_Title_17-04-2025_to_17-04-2025.csv,2026-07-04T17:49:47,b19a6d539475cf51bfcf9bf07470fbf3150beab217766fcba15c55cfd6dfe62c,2025-04-17,2026-07-04
Clips4Sale,SSBBW Giantess Rubs Pussy on You,SSBBW Giantess Rubs Pussy on You,29317905,24,359.6,215.76,14.98,8.99,lady sublime ssbbw giantess masturbation growth fat pussy close up watermark-4k clips4sale.mov,mov,00:11:37,5472,3840x2160,2024-06-21 21:30:29,2026-07-04_17-47-56_title_summary_history_2025-04-17_to_2026-07-04_Sales_Summary_by_Title_17-04-2025_to_17-04-2025.csv,2026-07-04T17:49:47,3b6a906f64702c561ebfdbf65eaea14d21b959af3a7005c83fabc4d7d69cada6,2025-04-17,2026-07-04
Clips4Sale,Horny SSBBW Squirts on First Date,Horny SSBBW Squirts on First Date,28923215,13,350.78,210.47,26.98,16.19,lady sublime ssbbw seduction blow job tit fuck squirting orgasm fat pussy final clips4sale.mov,mov,00:26:01,5717,3840x2160,2024-04-11 22:13:29,2026-07-04_17-47-56_title_summary_history_2025-04-17_to_2026-07-04_Sales_Summary_by_Title_17-04-2025_to_17-04-2025.csv,2026-07-04T17:49:47,0b050ce075dc89203267533ddcf392cb7ba7a70553cb4a2b77201e8503863246,2025-04-17,2026-07-04
Clips4Sale,Dominant Boss Makes You Worship Belly,Dominant Boss Makes You Worship Belly,29465941,20,319.67,191.8,15.98,9.59,lady sublime ssbbw boss domination fat worship belly plopping pov watermark-4k clips4sale.mov,mov,00:11:17,5535,3840x2160,2024-07-21 11:25:04,2026-07-04_17-47-56_title_summary_history_2025-04-17_to_2026-07-04_Sales_Summary_by_Title_17-04-2025_to_17-04-2025.csv,2026-07-04T17:49:47,73b1649b3b2cb2803779d53c7b6fc5373af71fe6aeaa142b94ef3454fc6e9ef3,2025-04-17,2026-07-04
Clips4Sale,Submissive SSBBW Gaining and Titty Fucking,Submissive SSBBW Gaining and Titty Fucking,30601241,13,311.78,187.07,23.98,14.39,lady sublime ssbbw weight gain food stuffing over eating big tits titty fucking -4k clips4sale.mov,mov,00:15:51,5896,3840x2160,2025-02-19 10:00:06,2026-07-04_17-47-56_title_summary_history_2025-04-17_to_2026-07-04_Sales_Summary_by_Title_17-04-2025_to_17-04-2025.csv,2026-07-04T17:49:47,4ae0a80f698b1eb9a6c4d2e4b518981a01bb962c4695ffbb4bdf1b4fab58d437,2025-04-17,2026-07-04
Clips4Sale,SSBBW Jiggles Fat for Your Cum Part 2,SSBBW Jiggles Fat for Your Cum Part 2,30215799,17,305.72,183.43,17.98,10.79,lady sublime ssbbw jiggle tease catwalk heels fat worship big belly watermark-4k clips4sale.mov,mov,00:18:01,5849,3840x2160,2024-12-17 05:17:48,2026-07-04_17-47-56_title_summary_history_2025-04-17_to_2026-07-04_Sales_Summary_by_Title_17-04-2025_to_17-04-2025.csv,2026-07-04T17:49:47,fb43b6de744b59a69896135092adef40a1d184a5cde9927e233f5f4c678b3e6e,2025-04-17,2026-07-04
Clips4Sale,Stuffed SSBBW Wife Wants to Fuck,Stuffed SSBBW Wife Wants to Fuck,29475599,15,299.75,179.85,19.98,11.99,lady sublime ssbbw lingerie pov fucking sex tight dress hotwife watermark-4k clips4sale.mov,mov,00:14:56,5689,3840x2160,2024-07-28 10:00:09,2026-07-04_17-47-56_title_summary_history_2025-04-17_to_2026-07-04_Sales_Summary_by_Title_17-04-2025_to_17-04-2025.csv,2026-07-04T17:49:47,1d5b764508f11834bead3ad2282af573ad2ba38bc1d3f41ce851641c4cdd08ee,2025-04-17,2026-07-04
Clips4Sale,Fat Friend Wants to be Friends with Benefits,Fat Friend Wants to be Friends with Benefits,28285473,17,288.72,173.23,16.98,10.19,lady sublime pov solos friends with benefits tease seduction fat watermark-4k clips4sale.mov,mov,00:15:20,5461,3840x2160,2023-11-21 10:00:06,2026-07-04_17-47-56_title_summary_history_2025-04-17_to_2026-07-04_Sales_Summary_by_Title_17-04-2025_to_17-04-2025.csv,2026-07-04T17:49:47,1911171526dc2dfe22a8e661f540ff082717f41e737aa7982b2a3cf5639bc8bd,2025-04-17,2026-07-04
Clips4Sale,SSBBW Slut Seduces You Into Impregnation POV,SSBBW Slut Seduces You Into Impregnation POV,28798697,15,254.75,152.85,16.98,10.19,lady sublime ssbbw workout bodystocking creampie begging impregnation masturbation  clips4sale.mov,mov,00:15:02,5493,3840x2160,2024-03-17 10:00:11,2026-07-04_17-47-56_title_summary_history_2025-04-17_to_2026-07-04_Sales_Summary_by_Title_17-04-2025_to_17-04-2025.csv,2026-07-04T17:49:47,f13ca283b6fafc0132ab42d99cc0dda46c50af87811e2ec7bc749cd9d8dcb4aa,2025-04-17,2026-07-04
Clips4Sale,Bloated SSBBW Chugs Soda and Burps,Bloated SSBBW Chugs Soda and Burps,29983307,10,249.83,149.9,24.98,14.99,lady sublime ssbbw soda chugging belching burping bloating belly fat watermark-4k clips4sale.mov,mov,00:13:37,5709,3840x2160,2024-10-30 01:48:40,2026-07-04_17-47-56_title_summary_history_2025-04-17_to_2026-07-04_Sales_Summary_by_Title_17-04-2025_to_17-04-2025.csv,2026-07-04T17:49:47,09089bc86256e46cfd9e10d6cbf2c1a89a1769089fab29e8994b80ae7b70d934,2025-04-17,2026-07-04
Clips4Sale,Growing SSBBW Begs to be Impregnated,Growing SSBBW Begs to be Impregnated,29434323,16,239.73,143.84,14.98,8.99,lady sublime ssbbw breeding fantasy weight gain fat chat watermark-4k clips4sale.mov,mov,00:11:12,5061,3840x2160,2024-07-14 10:00:09,2026-07-04_17-47-56_title_summary_history_2025-04-17_to_2026-07-04_Sales_Summary_by_Title_17-04-2025_to_17-04-2025.csv,2026-07-04T17:49:47,38e8824f04d2db0984e20c366a4f1bb74cd013d56bed7c5bbf68879bfa5eacc3,2025-04-17,2026-07-04
Clips4Sale,Horny SSBBW Jiggles for Your Cum,Horny SSBBW Jiggles for Your Cum,29284585,13,233.78,140.27,17.98,10.79,lady sublime ssbbw leather pants catwalk heels fat jiggle bouncing tease watermark-4k clips4sale.mov,mov,00:17:18,5501,3840x2160,2024-06-14 17:58:07,2026-07-04_17-47-56_title_summary_history_2025-04-17_to_2026-07-04_Sales_Summary_by_Title_17-04-2025_to_17-04-2025.csv,2026-07-04T17:49:47,b26de6444603514c0f82d5ffb0f113eb3b8b583b0f8b693daeaa5c135ef25aa0,2025-04-17,2026-07-04
Clips4Sale,SSBBW Car Struggles and Topless Driving,SSBBW Car Struggles and Topless Driving,27990241,11,230.82,138.49,20.98,12.59,car driving.mov,mov,00:24:36,4513,3840x2160,2023-09-07 23:05:08,2026-07-04_17-47-56_title_summary_history_2025-04-17_to_2026-07-04_Sales_Summary_by_Title_17-04-2025_to_17-04-2025.csv,2026-07-04T17:49:47,c705bce2d763cf88626bc2f97c77bfd54156f37889e2619b5c7e34a6dd69e5b8,2025-04-17,2026-07-04
Clips4Sale,Old Fling Grows Into Massive SSBBW,Old Fling Grows Into Massive SSBBW,29100737,11,230.82,138.49,20.98,12.59,lady sublime ssbbw weight gain embarrassment video call fat tease watermark-4k clips4sale.mov,mov,00:19:02,5640,3840x2160,2024-05-12 08:00:06,2026-07-04_17-47-56_title_summary_history_2025-04-17_to_2026-07-04_Sales_Summary_by_Title_17-04-2025_to_17-04-2025.csv,2026-07-04T17:49:47,f333485b1bfc9989d75970378f7205006e052efa54accb03ab765e05ff4d23fa,2025-04-17,2026-07-04
Clips4Sale,SSBBW Gets Stuck in the Doorway,SSBBW Gets Stuck in the Doorway,28407177,13,220.78,132.47,16.98,10.19,lady sublime bbw obese gaining stuck too big growing big belly fat ass wide -4k clips4sale.mov,mov,00:14:38,5675,3840x2160,2023-12-18 01:10:03,2026-07-04_17-47-56_title_summary_history_2025-04-17_to_2026-07-04_Sales_Summary_by_Title_17-04-2025_to_17-04-2025.csv,2026-07-04T17:49:47,de1b4b2b82180fd64a2b31c21efb86ee157e07512e0510834f45459e890f1950,2025-04-17,2026-07-04
Clips4Sale,SSBBW Jiggles Fat for Your Cum,SSBBW Jiggles Fat for Your Cum,30060709,13,220.78,132.47,16.98,10.19,lady sublime ssbbw catwalk fat jiggle tight clothes lingerie walk heels watermark-4k clips4sale.mov,mov,00:15:47,5575,3840x2160,2024-11-14 10:00:06,2026-07-04_17-47-56_title_summary_history_2025-04-17_to_2026-07-04_Sales_Summary_by_Title_17-04-2025_to_17-04-2025.csv,2026-07-04T17:49:47,8fab2d5ca14b0a57470537d60d783bde4ccf3df27624bb921cea0a327e5cfa6f,2025-04-17,2026-07-04
Clips4Sale,SSBBW Loves Being Bigger Than You,SSBBW Loves Being Bigger Than You,27949821,12,215.8,129.48,17.98,10.79,lady sublime bbw bigger than you size compare tease obese goddess fat ssbbw watermark-4k HDR.mov,mov,00:16:53,4785,3840x2160,2023-09-03 12:05:04,2026-07-04_17-47-56_title_summary_history_2025-04-17_to_2026-07-04_Sales_Summary_by_Title_17-04-2025_to_17-04-2025.csv,2026-07-04T17:49:47,a3a21f4729bdd0d3c52fa30bb229540522f1cd19ea349a818cd53c853630c8f5,2025-04-17,2026-07-04
Clips4Sale,SSBBW Stuffing & Crushing You POV,SSBBW Stuffing & Crushing You POV,28871581,8,199.87,119.92,24.98,14.99,lady sublime ssbbw fat chat food stuffing over eating weight gain taco milkshake-4k clips4sale.mov,mov,00:47:45,5522,3840x2160,2024-04-08 22:49:44,2026-07-04_17-47-56_title_summary_history_2025-04-17_to_2026-07-04_Sales_Summary_by_Title_17-04-2025_to_17-04-2025.csv,2026-07-04T17:49:47,ba93aed8e4790a4019a0b92e18985af39051b460a1ed3208c5258baa096b728f,2025-04-17,2026-07-04
Clips4Sale,Horny SSBBW Jiggles and Bounces POV Solo,Horny SSBBW Jiggles and Bounces POV Solo,28454685,11,186.82,112.09,16.98,10.19,lady sublime ssbbw blue lingerie morning sex pov fucking jiggle fat ass watermark-4k clips4sale.mov,mov,00:15:05,5278,3840x2160,2024-01-12 07:15:05,2026-07-04_17-47-56_title_summary_history_2025-04-17_to_2026-07-04_Sales_Summary_by_Title_17-04-2025_to_17-04-2025.csv,2026-07-04T17:49:47,1210414c9889eff0836e7d2b42bb5b6f607c7237afe9771481ab41b185c63f27,2025-04-17,2026-07-04
Clips4Sale,SSBBW Loves Being Bigger Than You Part 2,SSBBW Loves Being Bigger Than You Part 2,28378185,11,186.82,112.09,16.98,10.19,lady sublime ssbbw bigger than you bounce jiggle tease fat watermark-4k clips4sale.mov,mov,00:13:47,5485,3840x2160,2023-12-14 10:15:04,2026-07-04_17-47-56_title_summary_history_2025-04-17_to_2026-07-04_Sales_Summary_by_Title_17-04-2025_to_17-04-2025.csv,2026-07-04T17:49:47,c44a135bf09f7b766ae20366a53dcbc26bdf04377303970de2010fcbd594233d,2025-04-17,2026-07-04
Clips4Sale,SSBBW Turns Feeder Boyfriend Into Cuckold,SSBBW Turns Feeder Boyfriend Into Cuckold,28959823,11,175.82,105.49,15.98,9.59,lady sublime ssbbw cuckold feeder feedee weight gain gfe watermark-4k clips4sale.mov,mov,00:12:14,5528,3840x2160,2024-04-21 19:08:44,2026-07-04_17-47-56_title_summary_history_2025-04-17_to_2026-07-04_Sales_Summary_by_Title_17-04-2025_to_17-04-2025.csv,2026-07-04T17:49:47,f1de524d6d4eef8c47966c55f45b0f309c5eb01f321f75bdf017adb6964d39a3,2025-04-17,2026-07-04
Clips4Sale,Horny SSBBW Succubus Grows for Your Cum POV,Horny SSBBW Succubus Grows for Your Cum POV,28771123,9,170.85,102.51,18.98,11.39,lady sublime ssbbw succubus rapid growth weight gain joi obese watermark-4k clips4sale.mov,mov,00:18:18,5594,3840x2160,2024-03-10 10:15:03,2026-07-04_17-47-56_title_summary_history_2025-04-17_to_2026-07-04_Sales_Summary_by_Title_17-04-2025_to_17-04-2025.csv,2026-07-04T17:49:47,9087aa5d2cac6b267663e8c69e8ebca6897da52b88ca3c8a999c10c7260fe5a3,2025-04-17,2026-07-04
Clips4Sale,SSBBW Giantess GFE,SSBBW Giantess GFE,27012947,13,161.4,96.84,12.42,7.45,lady sublime bbw giantess girlfriend ken doll ssbbw makeout wm.mp4,mp4,00:15:39,850,1920x1080,2022-12-29 22:24:42,2026-07-04_17-47-56_title_summary_history_2025-04-17_to_2026-07-04_Sales_Summary_by_Title_17-04-2025_to_17-04-2025.csv,2026-07-04T17:49:47,475e08241888c62f59a1ff43e861c24d0dbcbaefb3ae53e756aa8db12704156d,2025-04-17,2026-07-04
Clips4Sale,Fat Witch Needs Your Cum for Her Potion,Fat Witch Needs Your Cum for Her Potion,28153391,10,159.83,95.9,15.98,9.59,lady sublime bbw halloween witch pov cum begging riding bouncing blow job  watermark-4k HDR.mov,mov,00:12:41,4575,3840x2160,2023-10-21 10:20:04,2026-07-04_17-47-56_title_summary_history_2025-04-17_to_2026-07-04_Sales_Summary_by_Title_17-04-2025_to_17-04-2025.csv,2026-07-04T17:49:47,9503f671e065d6797583e350473bea8bf0e194fe5e5d6ed9731015e7c018d6b3,2025-04-17,2026-07-04
Clips4Sale,Unaware Horny SSBBW Plays With Herself,Unaware Horny SSBBW Plays With Herself,29475607,10,149.83,89.9,14.98,8.99,lady sublime ssbbw voyeur watching masturbation cum fat pussy watermark-4k clips4sale.mov,mov,00:11:26,5599,3840x2160,2024-07-24 10:00:08,2026-07-04_17-47-56_title_summary_history_2025-04-17_to_2026-07-04_Sales_Summary_by_Title_17-04-2025_to_17-04-2025.csv,2026-07-04T17:49:47,d1502f841a0517d63557904f86039a1ed3899e1f1eaaaf1c3b6494511c7a9bc0,2025-04-17,2026-07-04
Clips4Sale,SSBBW Oiled Up Jiggling and Bouncing,SSBBW Oiled Up Jiggling and Bouncing,29285041,7,146.88,88.13,20.98,12.59,lady sublime ssbbw oil play rubbing fat jiggle bikini watermark-4k clips4sale.mov,mov,00:19:48,5621,3840x2160,2024-06-14 20:48:07,2026-07-04_17-47-56_title_summary_history_2025-04-17_to_2026-07-04_Sales_Summary_by_Title_17-04-2025_to_17-04-2025.csv,2026-07-04T17:49:47,d1f766bdafc759bac2de7835b678189f2c84ca38b9ce9e9195798f8722438bc2,2025-04-17,2026-07-04
Clips4Sale,SSBBW Mrs Claus Lets You Eat Ass and Pussy,SSBBW Mrs Claus Lets You Eat Ass and Pussy,28442905,10,139.83,83.9,13.98,8.39,lady sublime ssbbw christmas ass shaking licking fat hairy pussy eating domme-4k clips4sale.mov,mov,00:10:42,5457,3840x2160,2023-12-27 21:46:24,2026-07-04_17-47-56_title_summary_history_2025-04-17_to_2026-07-04_Sales_Summary_by_Title_17-04-2025_to_17-04-2025.csv,2026-07-04T17:49:47,dec4729382f8141ad9e4a91a676e9c97f16334a319b22cbd16022db04a2e6525,2025-04-17,2026-07-04
Clips4Sale,Cover You In Squirt POV,Cover You In Squirt POV,24023235,14,139.77,83.86,9.98,5.99,lady sublime bbw squirting masturbation pov WM.mp4,mp4,00:08:51,480,1920x1080,2020-11-11 15:15:02,2026-07-04_17-47-56_title_summary_history_2025-04-17_to_2026-07-04_Sales_Summary_by_Title_17-04-2025_to_17-04-2025.csv,2026-07-04T17:49:47,c42b3e4119665d15ffd921ca530110c9bd88bac0fcfc1d80921b0be54b447b29,2025-04-17,2026-07-04
Clips4Sale,Unaware SSBBW Smokes and Outgrows Clothes,Unaware SSBBW Smokes and Outgrows Clothes,29016135,8,135.87,81.52,16.98,10.19,lady sublime ssbbw tight clothes try on cigarette smoking voyeur watermark-4k clips4sale.mov,mov,00:15:02,5601,3840x2160,2024-05-01 10:00:06,2026-07-04_17-47-56_title_summary_history_2025-04-17_to_2026-07-04_Sales_Summary_by_Title_17-04-2025_to_17-04-2025.csv,2026-07-04T17:49:47,c8254a931bdc5e7ca70bf926cf428cee845ae32eb6e450a8d6f9caca148bb68e,2025-04-17,2026-07-04
Clips4Sale,SSBBW Ass Worship in Thong and Tights,SSBBW Ass Worship in Thong and Tights,27598381,6,131.9,79.14,21.98,13.19,lady sublime bbw nude tights ass worship watermark -4k HDR.mov,mov,00:20:59,4474,3840x2160,2023-08-31 22:28:44,2026-07-04_17-47-56_title_summary_history_2025-04-17_to_2026-07-04_Sales_Summary_by_Title_17-04-2025_to_17-04-2025.csv,2026-07-04T17:49:47,752daf4b278c2e862fcd555b7fe31461b59c868d5b3a9931c2db64c1443796d9,2025-04-17,2026-07-04
Clips4Sale,SSBBW Jiggles Thighs and Asss,SSBBW Jiggles Thighs and Asss,28692105,8,127.87,76.72,15.98,9.59,lady sublime  thigh jiggling bouncing fat jumping obese big ass spreading ssbbw watermark-4k.mov,mov,00:12:55,5640,3840x2160,2024-02-25 10:30:02,2026-07-04_17-47-56_title_summary_history_2025-04-17_to_2026-07-04_Sales_Summary_by_Title_17-04-2025_to_17-04-2025.csv,2026-07-04T17:49:47,8e32c9c85f09f08344cffab62dc3a9bd7517f00f6bfe8a679062e11e2ce7afca,2025-04-17,2026-07-04
Clips4Sale,Fat Party Girl Gets the Wrong Room POV Solo,Fat Party Girl Gets the Wrong Room POV Solo,25867347,15,123.43,74.06,8.23,4.94,lady sublime bbw fat party girl hotel hookup pov solo WM.mp4,mp4,00:11:45,637,1920x1080,2022-01-27 22:45:44,2026-07-04_17-47-56_title_summary_history_2025-04-17_to_2026-07-04_Sales_Summary_by_Title_17-04-2025_to_17-04-2025.csv,2026-07-04T17:49:47,2abe8f60dc490743279d4f014abaaf3331d8f650f838525173ed732b47c74f97,2025-04-17,2026-07-04
Clips4Sale,Feedee BBW Wife Wants to Stop Gaining POV,Feedee BBW Wife Wants to Stop Gaining POV,26786437,8,116.92,70.15,14.61,8.77,lady sublime bbw fat gaining wife POV solo fucking wm.mp4,mp4,00:16:53,913,1920x1080,2022-11-01 22:03:41,2026-07-04_17-47-56_title_summary_history_2025-04-17_to_2026-07-04_Sales_Summary_by_Title_17-04-2025_to_17-04-2025.csv,2026-07-04T17:49:47,110f8d6fea4b3072b9cb9e85c6fb26aec60e18ce13234d82fca08fdf32a5e7a1,2025-04-17,2026-07-04
Clips4Sale,Fat Girl Walks in Sexy Black Bodystocking,Fat Girl Walks in Sexy Black Bodystocking,27963883,6,113.9,68.34,18.98,11.39,lady subime bbw catwalk walking bodystocking black lingerie heels jiggle fat watermark-4k HDR.mov,mov,00:17:45,4570,3840x2160,2023-09-01 22:13:33,2026-07-04_17-47-56_title_summary_history_2025-04-17_to_2026-07-04_Sales_Summary_by_Title_17-04-2025_to_17-04-2025.csv,2026-07-04T17:49:47,707dc959cba5034f73cd6c8c0a3c4a0076441c3e277b4b340e944a12494fdc0a,2025-04-17,2026-07-04
Clips4Sale,SSBBW No Hands Cake Stuffing,SSBBW No Hands Cake Stuffing,27040951,10,104.92,62.95,10.49,6.29,lady sublime bbw face stuffing overeating no hands cake wm.mp4,mp4,00:12:29,678,1920x1080,2023-01-06 20:18:34,2026-07-04_17-47-56_title_summary_history_2025-04-17_to_2026-07-04_Sales_Summary_by_Title_17-04-2025_to_17-04-2025.csv,2026-07-04T17:49:47,9131244703e1eabee61aa8b3c09386321886ccfc2b8025de949a6bca9772c53f,2025-04-17,2026-07-04
Clips4Sale,Growing SSBBW Cums While Stuffing Pizza,Growing SSBBW Cums While Stuffing Pizza,29037291,4,99.93,59.96,24.98,14.99,lady sublime ssbbw food eating face stuffing pizza masturbation burping vibrator-4k clips4sale.mov,mov,00:29:37,5630,3840x2160,2024-05-05 10:00:08,2026-07-04_17-47-56_title_summary_history_2025-04-17_to_2026-07-04_Sales_Summary_by_Title_17-04-2025_to_17-04-2025.csv,2026-07-04T17:49:47,c9e819f54386b3cafbd1c3901c9d152e01b95fe0ce8b4dded2ce75b5c2f7aa91,2025-04-17,2026-07-04
Clips4Sale,SSBBW Hanging Belly and Fat Clapping,SSBBW Hanging Belly and Fat Clapping,28766245,7,97.88,58.73,13.98,8.39,lady sublime ssbbw drooping sagging belly jiggle fat clapping obese belly hang fat 4k clips4sale.mov,mov,00:10:59,5495,3840x2160,2024-03-12 10:10:03,2026-07-04_17-47-56_title_summary_history_2025-04-17_to_2026-07-04_Sales_Summary_by_Title_17-04-2025_to_17-04-2025.csv,2026-07-04T17:49:47,0d72ab074cc26df105c3fdab255b4cc07e8cc00d990426b247f05ff5ae1fae10,2025-04-17,2026-07-04
Clips4Sale,400lb SSBBW Sits On Your Chest,400lb SSBBW Sits On Your Chest,24019181,8,95.87,57.52,11.98,7.19,bbw lady sublime chest sitting heavy cum big belly WM2.mp4,mp4,00:10:51,583,1920x1080,2020-10-25 00:00:03,2026-07-04_17-47-56_title_summary_history_2025-04-17_to_2026-07-04_Sales_Summary_by_Title_17-04-2025_to_17-04-2025.csv,2026-07-04T17:49:47,2924b48948e29f5ee2c72ab40389f5276867306c7da6e420b384674f38511b72,2025-04-17,2026-07-04
Clips4Sale,BBW Spread and Begging for Anal,BBW Spread and Begging for Anal,25616717,9,90.93,54.56,10.1,6.06,lady sublime bbw white fishnet ass worship beg for anal hairy fat ass WM.mp4,mp4,00:10:39,579,1920x1080,2021-11-07 04:21:29,2026-07-04_17-47-56_title_summary_history_2025-04-17_to_2026-07-04_Sales_Summary_by_Title_17-04-2025_to_17-04-2025.csv,2026-07-04T17:49:47,3fb95a71a979436b45b007eae61b4747152d72b728e8e573866c1fe90076c4a1,2025-04-17,2026-07-04
Clips4Sale,Gaining SSBBW Mistress Teases You POV,Gaining SSBBW Mistress Teases You POV,29395095,7,90.88,54.53,12.98,7.79,lady sublime ssbbw fat tease jiggle seduction mistress watermark-4k clips4sale.mov,mov,00:09:40,5742,3840x2160,2024-07-07 10:00:09,2026-07-04_17-47-56_title_summary_history_2025-04-17_to_2026-07-04_Sales_Summary_by_Title_17-04-2025_to_17-04-2025.csv,2026-07-04T17:49:47,944eea11498729dbc705daa26b9dbc89936730359026e24d84fbb5aae63e23f3,2025-04-17,2026-07-04
Clips4Sale,Naked Fatty Tells You How to Stroke,Naked Fatty Tells You How to Stroke,28106135,5,89.92,53.95,17.98,10.79,lady sublime bbw naked joi jiggle cum countdown fat pussy watermark-4k HDR.mov,mov,00:17:37,4276,3840x2160,2023-10-12 09:35:02,2026-07-04_17-47-56_title_summary_history_2025-04-17_to_2026-07-04_Sales_Summary_by_Title_17-04-2025_to_17-04-2025.csv,2026-07-04T17:49:47,701ab870d95ad2992d1954704bd4123986348ae2b17b900eeb06cb0ecad21a33,2025-04-17,2026-07-04
Clips4Sale,65-Inch Ass Worship,65-Inch Ass Worship,24019215,9,89.85,53.91,9.98,5.99,lady sublime bbw ass worship twerk butthole WM2.mp4,mp4,00:09:44,526,1920x1080,2020-10-27 00:00:02,2026-07-04_17-47-56_title_summary_history_2025-04-17_to_2026-07-04_Sales_Summary_by_Title_17-04-2025_to_17-04-2025.csv,2026-07-04T17:49:47,ff88921c30322f81e9edbdc5f3c04deaf52eb1356037bf2c36db853109082914,2025-04-17,2026-07-04
Clips4Sale,BBW Morning Sex POV Solo,BBW Morning Sex POV Solo,26444891,10,84.45,50.67,8.45,5.07,lady sublime bbw morning sex pov black lace wm.mp4,mp4,00:10:44,584,1920x1080,2022-08-11 23:35:01,2026-07-04_17-47-56_title_summary_history_2025-04-17_to_2026-07-04_Sales_Summary_by_Title_17-04-2025_to_17-04-2025.csv,2026-07-04T17:49:47,6f1af741ca9241c734061d012355a393bbe6d995a5ceb7753887fb0f3fac0280,2025-04-17,2026-07-04
Clips4Sale,Fat Ass SSBBW Masturbates for You,Fat Ass SSBBW Masturbates for You,29270847,6,83.9,50.34,13.98,8.39,lady sublime ssbbw pleather skirt heels masturbation watermark-4k clips4sale.mov,mov,00:10:02,5531,3840x2160,2024-06-11 19:29:23,2026-07-04_17-47-56_title_summary_history_2025-04-17_to_2026-07-04_Sales_Summary_by_Title_17-04-2025_to_17-04-2025.csv,2026-07-04T17:49:47,67e8786459f490e1affce895d9bac9863b23826fe8b80f08354c2b5931922ec4,2025-04-17,2026-07-04
Clips4Sale,Denim Shorts BBW Ass Worship,Denim Shorts BBW Ass Worship,26444807,11,82.43,49.46,7.49,4.5,lady sublime bbw jean short cut offs fat pussy ass boucing wm.mp4,mp4,00:07:29,407,1920x1080,2022-08-01 23:00:04,2026-07-04_17-47-56_title_summary_history_2025-04-17_to_2026-07-04_Sales_Summary_by_Title_17-04-2025_to_17-04-2025.csv,2026-07-04T17:49:47,608846b867c8f5855886442e8156aaffc327b32c651f28a53be1d7826bb87064,2025-04-17,2026-07-04
Clips4Sale,SSBBW Oil Play and Fat Jiggling,SSBBW Oil Play and Fat Jiggling,28832493,5,79.92,47.95,15.98,9.59,lady sublime ssbbw oil play tease fat jiggle twerk obese watermark-4k clips4sale.mov,mov,00:15:34,5537,3840x2160,2024-03-24 10:10:04,2026-07-04_17-47-56_title_summary_history_2025-04-17_to_2026-07-04_Sales_Summary_by_Title_17-04-2025_to_17-04-2025.csv,2026-07-04T17:49:47,b11dee45f2b32fbb176d460b5e44fe7d4e7af283ed622d321c47ac6df6fc9a1e,2025-04-17,2026-07-04
Clips4Sale,BBW DPs Fat Pussy With Dildos,BBW DPs Fat Pussy With Dildos,24028925,5,74.92,44.95,14.98,8.99,lady sublime bbw pussy dp double penetration sloppy bj WM.mp4,mp4,00:14:17,774,1920x1080,2020-11-15 19:20:02,2026-07-04_17-47-56_title_summary_history_2025-04-17_to_2026-07-04_Sales_Summary_by_Title_17-04-2025_to_17-04-2025.csv,2026-07-04T17:49:47,512e914b2b42d5d1e24cfc0abfc42754c2f447b2c2f49e228835b0a7dfa9afda,2025-04-17,2026-07-04
Clips4Sale,SSBBW Stuffs Burgers POV (VISION PRO),SSBBW Stuffs Burgers POV (VISION PRO),28927213,3,71.95,43.17,23.98,14.39,lady sublime ssbbw burger stuffing spatial video.MOV,MOV,00:23:29,2619,1920x1080,2024-04-12 19:34:21,2026-07-04_17-47-56_title_summary_history_2025-04-17_to_2026-07-04_Sales_Summary_by_Title_17-04-2025_to_17-04-2025.csv,2026-07-04T17:49:47,b9043b55cea5107b6220022ecc24b8a76fd66cf285fbdb92aa6b0744842cf7be,2025-04-17,2026-07-04
Clips4Sale,Your Cum Makes Me Gain,Your Cum Makes Me Gain,24564879,6,71.9,43.14,11.98,7.19,lady sublime bbw fat fetish cum makes me gain cum begging belly play WM.mp4,mp4,00:11:00,598,1920x1080,2021-02-19 00:21:41,2026-07-04_17-47-56_title_summary_history_2025-04-17_to_2026-07-04_Sales_Summary_by_Title_17-04-2025_to_17-04-2025.csv,2026-07-04T17:49:47,44b03e9f8642218b9f1b432655b24b2b74a6cea2f9c7e6b58ae236a8a6297e7c,2025-04-17,2026-07-04
Clips4Sale,SSBBW Plays with Fat Pussy and Bounces on Your Cock,SSBBW Plays with Fat Pussy and Bounces on Your Cock,27386809,8,69.97,41.98,8.75,5.25,lady sublime bbw hairy pussy play riding bouncing POV wm.mp4,mp4,00:10:41,581,1920x1080,2023-04-05 21:24:38,2026-07-04_17-47-56_title_summary_history_2025-04-17_to_2026-07-04_Sales_Summary_by_Title_17-04-2025_to_17-04-2025.csv,2026-07-04T17:49:47,bfd2b2c8a5312cd23079d82e8711ff9068b2172e6e2c2a619344a178c1740521,2025-04-17,2026-07-04
Clips4Sale,Chargeback Forgiveness 106266925,Chargeback Forgiveness 106266925,32593851,3,69.95,41.97,23.32,13.99,lady_sublime_christmas_fat_chat_pov_fucking_riding_fat_belly_watermark_4k_clips4sale_251227175807.mo,mov,00:23:36,5712,3840x2160,2025-12-27 23:08:20,2026-07-04_17-47-56_title_summary_history_2025-04-17_to_2026-07-04_Sales_Summary_by_Title_17-04-2025_to_17-04-2025.csv,2026-07-04T17:49:47,5ca5b3a1e3adefb32d66777b3400bcce752894899b79f7469a4e6f5473e47460,2025-04-17,2026-07-04
Clips4Sale,SSBBW Hottie Makes Her Fat Pussy Cum,SSBBW Hottie Makes Her Fat Pussy Cum,28102771,5,69.92,41.95,13.98,8.39,bbw cum.mov,mov,00:12:18,4472,3840x2160,2023-10-07 10:30:03,2026-07-04_17-47-56_title_summary_history_2025-04-17_to_2026-07-04_Sales_Summary_by_Title_17-04-2025_to_17-04-2025.csv,2026-07-04T17:49:47,9ed569dfec82f525cac819beff8836129e5746ceab8100f7c4acd9c8e33d539a,2025-04-17,2026-07-04
Clips4Sale,Fat Fitness Instructor Causes Shaking,Fat Fitness Instructor Causes Shaking,27986033,5,69.92,41.95,13.98,8.39,bbw fitness.mov,mov,00:10:21,4169,3840x2160,2023-09-07 02:19:33,2026-07-04_17-47-56_title_summary_history_2025-04-17_to_2026-07-04_Sales_Summary_by_Title_17-04-2025_to_17-04-2025.csv,2026-07-04T17:49:47,7337fe4d33fe400418217cf6cbd45c743e6b129bdf1219d58c36a00163e9ba39,2025-04-17,2026-07-04
Clips4Sale,Kneel and Eat My Fat BBW Pussy,Kneel and Eat My Fat BBW Pussy,26461421,6,67.97,40.78,11.33,6.8,lady sublime bbw purple lingerie fat pussy play wm.mp4,mp4,00:15:03,818,1920x1080,2022-08-15 23:40:01,2026-07-04_17-47-56_title_summary_history_2025-04-17_to_2026-07-04_Sales_Summary_by_Title_17-04-2025_to_17-04-2025.csv,2026-07-04T17:49:47,348bdca1a4f67bfd71393a0d372ebe75020d4c8899644f4b6741f911f23f7075,2025-04-17,2026-07-04
Clips4Sale,Gaining Horny SSBBW Date Wants You POV,Gaining Horny SSBBW Date Wants You POV,28864821,4,67.93,40.76,16.98,10.19,lady sublime ssbbw weight gain masturbation fat pussy play -4k clips4sale.mov,mov,00:15:54,5664,3840x2160,2024-04-03 10:00:07,2026-07-04_17-47-56_title_summary_history_2025-04-17_to_2026-07-04_Sales_Summary_by_Title_17-04-2025_to_17-04-2025.csv,2026-07-04T17:49:47,e8b8f6df93895af9b7dd5bd3b9f41d27d4ed50c4d1953a7f89c1889eda4c4916,2025-04-17,2026-07-04
Clips4Sale,Fatty Stuffs T Bell and Weighs In,Fatty Stuffs T Bell and Weighs In,27461085,5,66.47,39.88,13.29,7.98,lady sublime bbw taco bell stuffing overeating weight in fat girl eating wm.mp4,mp4,00:18:00,978,1920x1080,2023-04-25 14:36:28,2026-07-04_17-47-56_title_summary_history_2025-04-17_to_2026-07-04_Sales_Summary_by_Title_17-04-2025_to_17-04-2025.csv,2026-07-04T17:49:47,d4842551270055f40ed8d77fc22f9e94cbd1c904073e3def8db3f60f2fa30d66,2025-04-17,2026-07-04
Clips4Sale,Fat Girl Sucks and Rides Dildo,Fat Girl Sucks and Rides Dildo,26444825,8,64.97,38.98,8.12,4.87,lady sublime bbw dick sucking and riding side view wm.mp4,mp4,00:08:23,456,1920x1080,2022-08-04 23:10:03,2026-07-04_17-47-56_title_summary_history_2025-04-17_to_2026-07-04_Sales_Summary_by_Title_17-04-2025_to_17-04-2025.csv,2026-07-04T17:49:47,9d8a2702cde4ccdd965517349680b03b77e7562b592014cb1026daf3002be798,2025-04-17,2026-07-04
Clips4Sale,Horny SSBBW Strips and Cums POV,Horny SSBBW Strips and Cums POV,28963997,5,64.92,38.95,12.98,7.79,ady sublime bbw pleather leggings tease masturbation fat hairy pussy watermark-4k clips4sale.mov,mov,00:09:53,5600,3840x2160,2024-04-28 02:55:03,2026-07-04_17-47-56_title_summary_history_2025-04-17_to_2026-07-04_Sales_Summary_by_Title_17-04-2025_to_17-04-2025.csv,2026-07-04T17:49:47,c928a7715c38953cd28786efb8c574b3c76d6a98be799fd9ccdb974095ebdcf8,2025-04-17,2026-07-04
Clips4Sale,Tight Clothes Make Growing SSBBW Horny,Tight Clothes Make Growing SSBBW Horny,27818857,4,63.93,38.36,15.98,9.59,tight clothes.mov,mov,00:12:55,4556,3840x2160,2023-09-07 23:54:45,2026-07-04_17-47-56_title_summary_history_2025-04-17_to_2026-07-04_Sales_Summary_by_Title_17-04-2025_to_17-04-2025.csv,2026-07-04T17:49:47,ee2f0672b8d627a7af84becaf2500293055a2d894e5778cba4a26582c3aed880,2025-04-17,2026-07-04
Clips4Sale,SSBBW Shiny Slippery Oil Play,SSBBW Shiny Slippery Oil Play,27648131,3,62.95,37.77,20.98,12.59,Lady.mov,mov,00:20:25,4493,3840x2160,2023-09-07 22:47:13,2026-07-04_17-47-56_title_summary_history_2025-04-17_to_2026-07-04_Sales_Summary_by_Title_17-04-2025_to_17-04-2025.csv,2026-07-04T17:49:47,32404fd3f1b3b50f3fb9b5264cfcd72cb37731a422cef57661fd48716fa9053a,2025-04-17,2026-07-04
Clips4Sale,Red Satin Shorts Fat Booty Worship,Red Satin Shorts Fat Booty Worship,24415359,9,62.85,37.71,6.98,4.19,lady sublime bbw satin panty fat ass worship twerk butthole flexing hairy pussy trailer WM.mp4,mp4,00:06:25,348,1920x1080,2021-01-18 21:23:44,2026-07-04_17-47-56_title_summary_history_2025-04-17_to_2026-07-04_Sales_Summary_by_Title_17-04-2025_to_17-04-2025.csv,2026-07-04T17:49:47,c12236cf6545a795cad3db69ef1a7224f0b9d30db2f6e585cc7193f37963e21c,2025-04-17,2026-07-04
Clips4Sale,Gaining SSBBW Makes Her Buttons Pop,Gaining SSBBW Makes Her Buttons Pop,29332669,4,59.93,35.96,14.98,8.99,lady sublime ssbbw button popping weight gain fat belly jiggle watermark-4k clips4sale.mov,mov,00:10:38,5570,3840x2160,2024-06-25 10:00:08,2026-07-04_17-47-56_title_summary_history_2025-04-17_to_2026-07-04_Sales_Summary_by_Title_17-04-2025_to_17-04-2025.csv,2026-07-04T17:49:47,9ce58fd66a743a9c55995da4a1b71d1daed3301a12b08d2fc826ef5a25e5682f,2025-04-17,2026-07-04
Clips4Sale,Fatty Jumping on the Squeaky Bed,Fatty Jumping on the Squeaky Bed,26184677,8,58.48,35.09,7.31,4.39,lady sublime bbw jumping on squeaky bed fat bouncing twerking big ass pussy wm.mp4,mp4,00:09:45,530,1920x1080,2022-05-06 20:11:07,2026-07-04_17-47-56_title_summary_history_2025-04-17_to_2026-07-04_Sales_Summary_by_Title_17-04-2025_to_17-04-2025.csv,2026-07-04T17:49:47,ae1088cd3f9d5eccf3ccd964df71b379ce56df789b0e0d9616662bebf4cf781b,2025-04-17,2026-07-04
Clips4Sale,BBW Stripper Lets You Fuck in VIP,BBW Stripper Lets You Fuck in VIP,25577519,6,58.45,35.07,9.74,5.84,lady sublime bbw stripper fucks client n vip pov solo WM.mp4,mp4,00:10:45,585,1920x1080,2021-10-25 12:16:49,2026-07-04_17-47-56_title_summary_history_2025-04-17_to_2026-07-04_Sales_Summary_by_Title_17-04-2025_to_17-04-2025.csv,2026-07-04T17:49:47,c269749d51f619b1c2bd03f0957b3d806321e9e9919689ef18e2d45f2728a0f7,2025-04-17,2026-07-04
Clips4Sale,Stuffed BBW Struggles to Stand Up,Stuffed BBW Struggles to Stand Up,25132457,5,54.92,32.95,10.98,6.59,lady sublime bbw fat struggle to get up too heavy WM.mp4,mp4,00:08:42,474,1920x1080,2021-06-24 18:22:28,2026-07-04_17-47-56_title_summary_history_2025-04-17_to_2026-07-04_Sales_Summary_by_Title_17-04-2025_to_17-04-2025.csv,2026-07-04T17:49:47,b5dfa882e9aa27f1915137766376e7fcdc8aa2c9f51c91a3f6794d757ed33c92,2025-04-17,2026-07-04
Clips4Sale,SSBBW Devours a Pile of KFC,SSBBW Devours a Pile of KFC,27498019,3,53.95,32.37,17.98,10.79,lady sublime bbw kfc facestuffing overeating gaining feedee bloating burps wm.mp4,mp4,00:48:31,2633,1920x1080,2023-05-05 00:37:50,2026-07-04_17-47-56_title_summary_history_2025-04-17_to_2026-07-04_Sales_Summary_by_Title_17-04-2025_to_17-04-2025.csv,2026-07-04T17:49:47,49857bb7f115db842586ef719adeac280f4fa89e82bc20f04bc64bcaa05f6ece,2025-04-17,2026-07-04
Clips4Sale,SSBBW Bloats and Burps with Milkshake and Soda,SSBBW Bloats and Burps with Milkshake and Soda,27080333,6,51.97,31.18,8.66,5.2,lady sublime bbw stuffing chugging burping feederism feedee growing fetish WM.mp4,mp4,00:10:45,579,1920x1080,2023-01-17 22:09:32,2026-07-04_17-47-56_title_summary_history_2025-04-17_to_2026-07-04_Sales_Summary_by_Title_17-04-2025_to_17-04-2025.csv,2026-07-04T17:49:47,a89e8a4ba7bac3ab1b01641ab1cca42540ff624301f912cf7e5076cdffecdcf7,2025-04-17,2026-07-04
Clips4Sale,Fat Girl Pillow Grinding and Moaning,Fat Girl Pillow Grinding and Moaning,24019637,5,49.92,29.95,9.98,5.99,lady sublime bbw crop top pillow grinding and moaning WM.mp4,mp4,00:09:01,489,1920x1080,2020-11-06 20:25:02,2026-07-04_17-47-56_title_summary_history_2025-04-17_to_2026-07-04_Sales_Summary_by_Title_17-04-2025_to_17-04-2025.csv,2026-07-04T17:49:47,9c15489fa4979617d9fda63844770fbf1c90f41513682a2424ec2124b312b469,2025-04-17,2026-07-04
Clips4Sale,Fat Naked Yoga,Fat Naked Yoga,25704201,6,48.98,29.39,8.16,4.9,lady sublime bbw naked yoga poses exercise wm.mp4,mp4,00:12:48,694,1920x1080,2021-12-05 18:10:18,2026-07-04_17-47-56_title_summary_history_2025-04-17_to_2026-07-04_Sales_Summary_by_Title_17-04-2025_to_17-04-2025.csv,2026-07-04T17:49:47,301201378cfca88133790a843dd5afde6698214fc0daf26c52205df873f3578c,2025-04-17,2026-07-04
Clips4Sale,SSBBW Black Bikini Catwalk in Heels,SSBBW Black Bikini Catwalk in Heels,27012965,4,47.97,28.78,11.99,7.2,lady sublime bbw black bikini ssbbw catwalk heels fat belly jiggle bounce cellulite twerking wm.mp4,mp4,00:15:44,855,1920x1080,2022-12-29 22:29:13,2026-07-04_17-47-56_title_summary_history_2025-04-17_to_2026-07-04_Sales_Summary_by_Title_17-04-2025_to_17-04-2025.csv,2026-07-04T17:49:47,fdde7ee214de21a5e940e5c4e7639c2c0fd278271e1e39f1f444ebf7a97c11f2,2025-04-17,2026-07-04
Clips4Sale,Oiled Up BBW Slides Naked on Air Mattress,Oiled Up BBW Slides Naked on Air Mattress,24679127,4,47.93,28.76,11.98,7.19,lady sublime bbw shiny oil play slip and slide WM.mp4,mp4,00:10:55,593,1920x1080,2021-03-14 18:42:41,2026-07-04_17-47-56_title_summary_history_2025-04-17_to_2026-07-04_Sales_Summary_by_Title_17-04-2025_to_17-04-2025.csv,2026-07-04T17:49:47,f1267d1e177076c034bcef44a097c4d650dbbe243e9dd50f637d9b23ef0c889e,2025-04-17,2026-07-04
Clips4Sale,Worship My Fat SSBBW Body,Worship My Fat SSBBW Body,28054807,2,45.97,27.58,22.98,13.79,lady sublime bbw body worship fat jiggle tits ass pussy feet watermark-4k HDR.mov,mov,00:22:31,4458,3840x2160,2023-09-22 15:59:15,2026-07-04_17-47-56_title_summary_history_2025-04-17_to_2026-07-04_Sales_Summary_by_Title_17-04-2025_to_17-04-2025.csv,2026-07-04T17:49:47,0e815db9df661542bbb27ae95a445b5f4abb6d231eff3cac6830ee81810b7ab6,2025-04-17,2026-07-04
Clips4Sale,Fatty in the Shower,Fatty in the Shower,24023261,4,39.93,23.96,9.98,5.99,lady sublime bbw soapy shower fat body worship WM.mp4,mp4,00:09:20,507,1920x1080,2020-11-12 15:15:02,2026-07-04_17-47-56_title_summary_history_2025-04-17_to_2026-07-04_Sales_Summary_by_Title_17-04-2025_to_17-04-2025.csv,2026-07-04T17:49:47,79ff95b7d41fd05f054978624cca5feb4ae73488303934dc32754f7debbd4cef,2025-04-17,2026-07-04
Clips4Sale,Smoking and Sensual Belly Rubbing,Smoking and Sensual Belly Rubbing,24023281,4,39.93,23.96,9.98,5.99,lady sublime bbw smoking sensual body rubbing moaning WM.mp4,mp4,00:09:17,505,1920x1080,2020-11-14 15:25:01,2026-07-04_17-47-56_title_summary_history_2025-04-17_to_2026-07-04_Sales_Summary_by_Title_17-04-2025_to_17-04-2025.csv,2026-07-04T17:49:47,9c20caa17e42355c5d3c6bf70ff5011392f0d550b3decec06414d420f1dc49d9,2025-04-17,2026-07-04
Clips4Sale,Stroke and Cum with a Fatty,Stroke and Cum with a Fatty,24858325,3,38.95,23.37,12.98,7.79,lady sublime bbw mutual masturbation wet pussy orgasm WM.mp4,mp4,00:11:47,638,1920x1080,2021-04-22 20:21:37,2026-07-04_17-47-56_title_summary_history_2025-04-17_to_2026-07-04_Sales_Summary_by_Title_17-04-2025_to_17-04-2025.csv,2026-07-04T17:49:47,c7f1aec9b826f78f6e8ac7a86b40e6856e50bd8808bcf7302bf253db4d68c7b5,2025-04-17,2026-07-04
Clips4Sale,BBW Gives Smoky BJ and Vibes Fat Pussy,BBW Gives Smoky BJ and Vibes Fat Pussy,24731639,3,38.95,23.37,12.98,7.79,lady sublime bbw cigarette smoking bj pussy vibe WM.mp4,mp4,00:12:08,653,1920x1080,2021-03-25 21:54:35,2026-07-04_17-47-56_title_summary_history_2025-04-17_to_2026-07-04_Sales_Summary_by_Title_17-04-2025_to_17-04-2025.csv,2026-07-04T17:49:47,499d8b39086209632c30a5b3aaa26dce950fb0adff013013136cee5a3d41fcde,2025-04-17,2026-07-04
Clips4Sale,Blue Jean Fat Ass Worship,Blue Jean Fat Ass Worship,24019609,3,38.95,23.37,12.98,7.79,lady sublime bbw ass worship denim jeans twerk in heels WM.mp4,mp4,00:12:19,669,1920x1080,2020-11-02 20:10:02,2026-07-04_17-47-56_title_summary_history_2025-04-17_to_2026-07-04_Sales_Summary_by_Title_17-04-2025_to_17-04-2025.csv,2026-07-04T17:49:47,48f06b7df79488d0ee29d92bf3945af467ab56dba3990be9cba7a9b8ad56552b,2025-04-17,2026-07-04
Clips4Sale,SSBBW Catwalk and Fat Bouncing in Heels,SSBBW Catwalk and Fat Bouncing in Heels,27276267,3,37.98,22.79,12.66,7.6,lady sublime bbw hairy pussy play pov riding bouncing wm.mp4,mp4,00:18:18,993,1920x1080,2023-03-09 03:45:56,2026-07-04_17-47-56_title_summary_history_2025-04-17_to_2026-07-04_Sales_Summary_by_Title_17-04-2025_to_17-04-2025.csv,2026-07-04T17:49:47,4efcd373bef3d56bb0cde807768f384231bd398fb8257c94678431396ccd9197,2025-04-17,2026-07-04
Clips4Sale,BBW Struts and Jiggles Out of My Jeans,BBW Struts and Jiggles Out of My Jeans,28254735,2,37.97,22.78,18.98,11.39,lady sublime bbw dark jeans tight clothes catwalk heels fat belly jiggle watermark-4k HDR.mov,mov,00:18:19,4540,3840x2160,2023-11-14 20:30:04,2026-07-04_17-47-56_title_summary_history_2025-04-17_to_2026-07-04_Sales_Summary_by_Title_17-04-2025_to_17-04-2025.csv,2026-07-04T17:49:47,ec3906863b96a97d12ebc3f54b66f91e04adc788e8a182add4076272cf3af779,2025-04-17,2026-07-04
Clips4Sale,SSBBW Stuffing Donuts Pussy Play and JOI,SSBBW Stuffing Donuts Pussy Play and JOI,27571507,2,37.97,22.78,18.98,11.39,lady sublime bbw food stuffing donuts fat pussy play ssbbw gaining joi countdown wm.mp4,mp4,00:18:12,989,1920x1080,2023-05-24 20:52:48,2026-07-04_17-47-56_title_summary_history_2025-04-17_to_2026-07-04_Sales_Summary_by_Title_17-04-2025_to_17-04-2025.csv,2026-07-04T17:49:47,ca54391f94d5556b6ecdcde68a7d24b43714c3aff2799ed639adca48668099ef,2025-04-17,2026-07-04
Clips4Sale,Hot Fatty Shows Off SSBBW Body in Lingerie and Heels,Hot Fatty Shows Off SSBBW Body in Lingerie and Heels,28626979,2,37.97,22.78,18.98,11.39,lady sublime bbw lingerie catwalk heels twerk jiggle fat feedee gainer watermark-4k clips4sale.mov,mov,00:18:43,5424,3840x2160,2024-02-12 10:35:02,2026-07-04_17-47-56_title_summary_history_2025-04-17_to_2026-07-04_Sales_Summary_by_Title_17-04-2025_to_17-04-2025.csv,2026-07-04T17:49:47,2b8a9b0bd693c764991f173cb3e6a23244cbd37d4946b37d3fc32bb36992e699,2025-04-17,2026-07-04
Clips4Sale,BBW Dancing and Masturbating in the Mirror,BBW Dancing and Masturbating in the Mirror,25766689,3,33.98,20.39,11.33,6.8,lady sublime bbw dancing mirror twerk pussy play masturbation WM.mp4,mp4,00:15:47,857,1920x1080,2021-12-25 22:58:23,2026-07-04_17-47-56_title_summary_history_2025-04-17_to_2026-07-04_Sales_Summary_by_Title_17-04-2025_to_17-04-2025.csv,2026-07-04T17:49:47,ff9e01f72d427f9c2406e2a553ea13962211dd8b9807edff629b74a50ff51762,2025-04-17,2026-07-04
Clips4Sale,Jiggling SSBBW Working Out in Lingerie,Jiggling SSBBW Working Out in Lingerie,28914457,2,33.97,20.38,16.98,10.19,lady sublime ssbbw lingerie workout jiggle bouncing watermark-4k clips4sale.mov,mov,00:16:39,5479,3840x2160,2024-04-10 04:06:14,2026-07-04_17-47-56_title_summary_history_2025-04-17_to_2026-07-04_Sales_Summary_by_Title_17-04-2025_to_17-04-2025.csv,2026-07-04T17:49:47,0ec1008734d421fa383fd15b15aa226b3de517ca695b2f2e27f41b5a64b9555a,2025-04-17,2026-07-04
Clips4Sale,SSBBW Lingerie Tease and JOI w Countdown,SSBBW Lingerie Tease and JOI w Countdown,27675129,2,33.97,20.38,16.98,10.19,joi countdown.mov,mov,00:16:41,4489,3840x2160,2023-09-07 23:54:50,2026-07-04_17-47-56_title_summary_history_2025-04-17_to_2026-07-04_Sales_Summary_by_Title_17-04-2025_to_17-04-2025.csv,2026-07-04T17:49:47,dabf23f60d89c0aa3529c5d6c83f03d2028e97c4c71b97bb95b8f08e6107388d,2025-04-17,2026-07-04
Clips4Sale,Licking Whipped Cream Off of My Fat SSBBW Tits,Licking Whipped Cream Off of My Fat SSBBW Tits,28801307,2,33.97,20.38,16.98,10.19,lady sublime ssbbw whipped cream messy eating mukbangs watermark-4k clips4sale.mov,mov,00:15:17,4782,3840x2160,2024-03-20 10:00:08,2026-07-04_17-47-56_title_summary_history_2025-04-17_to_2026-07-04_Sales_Summary_by_Title_17-04-2025_to_17-04-2025.csv,2026-07-04T17:49:47,9f9668c21f309f18bf82dca8801535834d50cc948ac9e913d9544edfa7af487d,2025-04-17,2026-07-04
Clips4Sale,BBW Fucks Dripping Pussy With Dildo,BBW Fucks Dripping Pussy With Dildo,25509723,2,33.97,20.38,16.98,10.19,lady sublime bbw super wet hairy pussy dripping dildo fucking cumming WM.mp4,mp4,00:15:36,846,1920x1080,2021-10-02 19:00:26,2026-07-04_17-47-56_title_summary_history_2025-04-17_to_2026-07-04_Sales_Summary_by_Title_17-04-2025_to_17-04-2025.csv,2026-07-04T17:49:47,a6cda4e3db2d6678d54f5f68419b4f711057f06eeb9f753a1739983ea9946e2c,2025-04-17,2026-07-04
Clips4Sale,Fat Stripper Gives You a Lapdance,Fat Stripper Gives You a Lapdance,24028985,3,32.95,19.77,10.98,6.59,lady sublime bbw stripper lap dance fucks WM.mp4,mp4,00:10:16,557,1920x1080,2020-11-20 19:40:02,2026-07-04_17-47-56_title_summary_history_2025-04-17_to_2026-07-04_Sales_Summary_by_Title_17-04-2025_to_17-04-2025.csv,2026-07-04T17:49:47,af48c73c1e53ec507bec9e1873c47b9ddcf9f2711cc7255e50f0c93a905fafb7,2025-04-17,2026-07-04
Clips4Sale,Nude Tights Fat Ass Worship,Nude Tights Fat Ass Worship,24023189,3,32.95,19.77,10.98,6.59,lady sublime bbw nude tights ass worship heels hairy pussy fat ass WM.mp4,mp4,00:10:21,562,1920x1080,2020-11-08 14:55:01,2026-07-04_17-47-56_title_summary_history_2025-04-17_to_2026-07-04_Sales_Summary_by_Title_17-04-2025_to_17-04-2025.csv,2026-07-04T17:49:47,4be7966ae615f2fa4b2451df3af09cc17341de082647d9d76519ee4dc2124e11,2025-04-17,2026-07-04
Clips4Sale,Hot Fatty Stuffs Snack Cakes,Hot Fatty Stuffs Snack Cakes,24023205,2,31.97,19.18,15.98,9.59,lady sublime bbw snack cake stuffing feeder feederism belly play WM.mp4,mp4,00:15:24,837,1920x1080,2020-11-09 15:05:02,2026-07-04_17-47-56_title_summary_history_2025-04-17_to_2026-07-04_Sales_Summary_by_Title_17-04-2025_to_17-04-2025.csv,2026-07-04T17:49:47,ab72d2423b00cf4d915138e908765b2b2afe2185e7be1dc15f0b7545572b0792,2025-04-17,2026-07-04
Clips4Sale,Bra Changing SSBBW JOI w Cum Countdown,Bra Changing SSBBW JOI w Cum Countdown,27276295,3,28.5,17.1,9.5,5.7,lady sublime bbw bra changing joi cum countdown wm.mp4,mp4,00:18:07,984,1920x1080,2023-03-09 03:54:20,2026-07-04_17-47-56_title_summary_history_2025-04-17_to_2026-07-04_Sales_Summary_by_Title_17-04-2025_to_17-04-2025.csv,2026-07-04T17:49:47,0364c1c240ff1e3fdb41d460e3699c42100b82f0bb3b70e7a421d8420bcc683f,2025-04-17,2026-07-04
Clips4Sale,Fatty Fucks Herself in the Window,Fatty Fucks Herself in the Window,26046385,3,27.98,16.79,9.33,5.6,lady sublime bbw dildo fucking red lingerie nn window moaning orgasm wm.mp4,mp4,00:12:50,696,1920x1080,2022-03-24 17:15:53,2026-07-04_17-47-56_title_summary_history_2025-04-17_to_2026-07-04_Sales_Summary_by_Title_17-04-2025_to_17-04-2025.csv,2026-07-04T17:49:47,28caec0ac548d0bf2df78dd0e973a2fe05782fde51e1a65dc245ac6560a1aeb7,2025-04-17,2026-07-04
Clips4Sale,Fat Pussy Dripping on Your Face,Fat Pussy Dripping on Your Face,25679229,3,27.98,16.79,9.33,5.6,lady sublime bbw dripping pussy overhead masturbation cum WM.mp4,mp4,00:10:42,582,1920x1080,2021-11-27 19:57:06,2026-07-04_17-47-56_title_summary_history_2025-04-17_to_2026-07-04_Sales_Summary_by_Title_17-04-2025_to_17-04-2025.csv,2026-07-04T17:49:47,acda6ab318134b9b03ccba35f3ac4419afb904d98e2ef9ebdf88fb7fc9a66954,2025-04-17,2026-07-04
Clips4Sale,Chargeback Forgiveness 106267173,Chargeback Forgiveness 106267173,31534051,1,27.98,16.79,27.98,16.79,lady sublime cake stuffing overeating rapid growth weight gain button popping clips4sale.mov,mov,00:22:10,5746,3840x2160,2025-07-21 10:00:07,2026-07-04_17-47-56_title_summary_history_2025-04-17_to_2026-07-04_Sales_Summary_by_Title_17-04-2025_to_17-04-2025.csv,2026-07-04T17:49:47,e6f0220bda9b3a607ab35a8efffda0c1325e558950b6f52d662b56b84dea6a06,2025-04-17,2026-07-04
Clips4Sale,BBW Catwalk Bounce and Tease in Heels,BBW Catwalk Bounce and Tease in Heels,26904811,2,26.98,16.19,13.49,8.1,lady suublime bbw heels catwalk belly play twerking ssbbw jfat bouncing wm.mp4,mp4,00:17:05,928,1920x1080,2022-11-29 16:10:20,2026-07-04_17-47-56_title_summary_history_2025-04-17_to_2026-07-04_Sales_Summary_by_Title_17-04-2025_to_17-04-2025.csv,2026-07-04T17:49:47,fd2dcc4f7518cd98f9a4907bf457384699f600bbea0455cc6d7403ed6255c287,2025-04-17,2026-07-04
Clips4Sale,SSBBW Room Service Face Stuffing,SSBBW Room Service Face Stuffing,28523779,1,26.98,16.19,26.98,16.19,lady sublime ssbbw room service lingerie fat stuffing breakfast feedee overeating -4k clips4sale.mov,mov,00:26:20,5408,3840x2160,2024-01-20 10:10:03,2026-07-04_17-47-56_title_summary_history_2025-04-17_to_2026-07-04_Sales_Summary_by_Title_17-04-2025_to_17-04-2025.csv,2026-07-04T17:49:47,f571efcdc979adc80e829439a0ea53d3f93b71996563743b69e4d8aa974ac4ae,2025-04-17,2026-07-04
Clips4Sale,Fatty Chugs Three Large Milkshakes,Fatty Chugs Three Large Milkshakes,27929649,1,26.98,16.19,26.98,16.19,milkshake chug final-1080p HDR.mov,mov,00:26:11,3117,1920x1080,2023-08-31 22:24:19,2026-07-04_17-47-56_title_summary_history_2025-04-17_to_2026-07-04_Sales_Summary_by_Title_17-04-2025_to_17-04-2025.csv,2026-07-04T17:49:47,148c3b4a7bc99f97fdb1dc8a533a37f94221a3eee1647d00967a01dac7367c4a,2025-04-17,2026-07-04
Clips4Sale,BBW Catwalk and Belly Bounce in Heels,BBW Catwalk and Belly Bounce in Heels,24019625,3,26.95,16.17,8.98,5.39,lady sublime bbw catwalk heels belly play fat slowmo WM.mp4,mp4,00:08:24,454,1920x1080,2020-11-03 20:15:01,2026-07-04_17-47-56_title_summary_history_2025-04-17_to_2026-07-04_Sales_Summary_by_Title_17-04-2025_to_17-04-2025.csv,2026-07-04T17:49:47,e25f85ec6de18fdbb1a84089060c755afb621c40cf19e2208cacfe4d65c28c66,2025-04-17,2026-07-04
Clips4Sale,BBW Shower,BBW Shower,24028939,2,25.97,15.58,12.98,7.79,lady sublime bbw soapy sudsy shower hidden camera WM.mp4,mp4,00:12:16,579,1920x1080,2020-11-17 19:25:02,2026-07-04_17-47-56_title_summary_history_2025-04-17_to_2026-07-04_Sales_Summary_by_Title_17-04-2025_to_17-04-2025.csv,2026-07-04T17:49:47,697d6c3a330342cb36d0d0c88814a7a6a28b20c6422ad987c3e0746eac52f665,2025-04-17,2026-07-04
Clips4Sale,BBW Striptease and Lapdance POV,BBW Striptease and Lapdance POV,24973307,2,25.97,15.58,12.98,7.79,lady sublime bbw striptease and lapdance POV WM.mp4,mp4,00:11:49,641,1920x1080,2021-05-24 10:25:02,2026-07-04_17-47-56_title_summary_history_2025-04-17_to_2026-07-04_Sales_Summary_by_Title_17-04-2025_to_17-04-2025.csv,2026-07-04T17:49:47,0199dd515a0fc32dc6195ab350019152c94460c96e4dae90bec22b91807e6689,2025-04-17,2026-07-04
Clips4Sale,Horny SSBBW Teases Fat Pussy VISION PRO (Spatial Video),Horny SSBBW Teases Fat Pussy VISION PRO (Spatial Video),28793343,2,25.97,15.58,12.98,7.79,lady sublime ssbbw vision pro spatial video pussy tease.MOV,MOV,00:05:33,715,1920x1080,2024-03-14 18:08:16,2026-07-04_17-47-56_title_summary_history_2025-04-17_to_2026-07-04_Sales_Summary_by_Title_17-04-2025_to_17-04-2025.csv,2026-07-04T17:49:47,a01db356c40c3635e9025d9c8d37a591ec32bf5c3c7071b466d3bc7e509717d7,2025-04-17,2026-07-04
Clips4Sale,Sexy BBW Wants to Masturbate Together,Sexy BBW Wants to Masturbate Together,25664651,3,25.5,15.3,8.5,5.1,lady sublime bbw wet pussy rubbing and cum encouragement WM.mp4,mp4,00:14:05,765,1920x1080,2021-11-22 20:23:43,2026-07-04_17-47-56_title_summary_history_2025-04-17_to_2026-07-04_Sales_Summary_by_Title_17-04-2025_to_17-04-2025.csv,2026-07-04T17:49:47,8a05d30fab85520f0b2a1f55d01983c51b9cd56cac026247b5626e0602359e61,2025-04-17,2026-07-04
Clips4Sale,SSBBW Babe Gobbles Entire Pie,SSBBW Babe Gobbles Entire Pie,28324321,1,23.98,14.39,23.98,14.39,lady sublime bbw pie food stuffing overeating gaining fat belly growing ssbbw4k clips4sale.mov,mov,00:25:02,5526,3840x2160,2023-11-27 21:49:01,2026-07-04_17-47-56_title_summary_history_2025-04-17_to_2026-07-04_Sales_Summary_by_Title_17-04-2025_to_17-04-2025.csv,2026-07-04T17:49:47,aa782c61679adeb0315cd90a84de8de637875b0fe8064c356e0a006ee07161ff,2025-04-17,2026-07-04
Clips4Sale,Oiled-Up BBW Bounces Fat For You,Oiled-Up BBW Bounces Fat For You,24019359,2,23.97,14.38,11.98,7.19,lady sublime bbw fat worship oil big belly ass WM2.mp4,mp4,00:11:30,625,1920x1080,2020-10-30 19:05:02,2026-07-04_17-47-56_title_summary_history_2025-04-17_to_2026-07-04_Sales_Summary_by_Title_17-04-2025_to_17-04-2025.csv,2026-07-04T17:49:47,b613f1d3d3bdb82a10c71d25d8aadaecc3b189405a48ee95f0ed4ed4d825ea0f,2025-04-17,2026-07-04
Clips4Sale,Tight Dress Fat Bouncing,Tight Dress Fat Bouncing,24023269,4,23.93,14.36,5.98,3.59,lady sublime bbw tight dress flat flopping with slow mo WM.mp4,mp4,00:05:38,306,1920x1080,2020-11-13 15:20:02,2026-07-04_17-47-56_title_summary_history_2025-04-17_to_2026-07-04_Sales_Summary_by_Title_17-04-2025_to_17-04-2025.csv,2026-07-04T17:49:47,2820a32096797f7c00a297c5bf963c550934476aa6beab1b6b97fc3da39824e3,2025-04-17,2026-07-04
Clips4Sale,Fattened Up for Master,Fattened Up for Master,24453825,1,22.98,13.79,22.98,13.79,lady sublime bbw gaining for master food stuffing and POV fucking.mp4,mp4,00:22:12,1206,1920x1080,2021-01-27 01:02:52,2026-07-04_17-47-56_title_summary_history_2025-04-17_to_2026-07-04_Sales_Summary_by_Title_17-04-2025_to_17-04-2025.csv,2026-07-04T17:49:47,0e43a118838a798a40f7f7f9bfee07ceb6296d8c09f5a6c06deb09e07cba411c,2025-04-17,2026-07-04
Clips4Sale,Measuring and Weighing my Massive SSBBW Body,Measuring and Weighing my Massive SSBBW Body,27800715,1,22.98,13.79,22.98,13.79,lady sublime bbw measurement weigh in gaining obese fat weight heavy 500 pounds watermark-4k HDR.mov,mov,00:14:32,4518,3840x2160,2023-09-02 22:17:20,2026-07-04_17-47-56_title_summary_history_2025-04-17_to_2026-07-04_Sales_Summary_by_Title_17-04-2025_to_17-04-2025.csv,2026-07-04T17:49:47,9a5a4baeda21fc24f16b801221d3d8044f620ec3e065149067efd7c4ea48bc5c,2025-04-17,2026-07-04
Clips4Sale,Trying On Clothes I'm Too Fat For,Trying On Clothes I'm Too Fat For,24023217,1,22.98,13.79,22.98,13.79,lady sublime bbw too small clothes try-on and modeling WM.mp4,mp4,00:22:17,1209,1920x1080,2020-11-10 15:10:02,2026-07-04_17-47-56_title_summary_history_2025-04-17_to_2026-07-04_Sales_Summary_by_Title_17-04-2025_to_17-04-2025.csv,2026-07-04T17:49:47,017294fa669df2520ba3c89aa3797895e99710432a273637964ef0421c134d4e,2025-04-17,2026-07-04
Clips4Sale,Hairy BBW Pussy Clit Pumped and Vibed,Hairy BBW Pussy Clit Pumped and Vibed,25296041,1,22.98,13.79,22.98,13.79,lady sublime bbw swollen clit pump vibrator masturbation wet pussy WM.mp4,mp4,00:22:24,1217,1920x1080,2021-08-03 16:19:36,2026-07-04_17-47-56_title_summary_history_2025-04-17_to_2026-07-04_Sales_Summary_by_Title_17-04-2025_to_17-04-2025.csv,2026-07-04T17:49:47,441a013c62d525996b9655189431540f3876dd14d8693724fb759ccfe538cf1c,2025-04-17,2026-07-04
Clips4Sale,Chargeback Forgiveness 109127975,Chargeback Forgiveness 109127975,30632943,1,21.98,13.19,21.98,13.19,lady sublime ssbbw weight gain too fat pov fucking masturbation cum watermark-4k clips4sale.mov,mov,00:13:41,5760,3840x2160,2025-02-24 02:00:04,2026-07-04_17-47-56_title_summary_history_2025-04-17_to_2026-07-04_Sales_Summary_by_Title_17-04-2025_to_17-04-2025.csv,2026-07-04T17:49:47,080498be37aa83de0f50e1be32b1ec9010c2a62e8f972d38ffc1e18bea434cb4,2025-04-17,2026-07-04
Clips4Sale,Chargeback Forgiveness 106266719,Chargeback Forgiveness 106266719,29961257,1,21.98,13.19,21.98,13.19,lady sublime ssbbw giantess fetish growing taller bikini weight gain watermark-4k clips4sale.mov,mov,00:16:52,5620,3840x2160,2024-10-25 20:15:34,2026-07-04_17-47-56_title_summary_history_2025-04-17_to_2026-07-04_Sales_Summary_by_Title_17-04-2025_to_17-04-2025.csv,2026-07-04T17:49:47,744e0ad7166a5d182a6f568cf20dd12a65b509a1a8a0e169f161fca83405548b,2025-04-17,2026-07-04
Clips4Sale,Hot Fatty Fucks Dildo in the Shower,Hot Fatty Fucks Dildo in the Shower,24156763,2,21.97,13.18,10.98,6.59,lady sublime bbw shower dildo fucking sucking WM.mp4,mp4,00:10:01,544,1920x1080,2020-11-22 16:19:40,2026-07-04_17-47-56_title_summary_history_2025-04-17_to_2026-07-04_Sales_Summary_by_Title_17-04-2025_to_17-04-2025.csv,2026-07-04T17:49:47,b338b4beac7b28c8d07baa2eed5b3c7539afcbc0e011f48c7cc4f2ed379421fb,2025-04-17,2026-07-04
Clips4Sale,Gaining Cheerleader Stuffs Face with Pizza,Gaining Cheerleader Stuffs Face with Pizza,28146243,1,20.98,12.59,20.98,12.59,gaining cheerleader.mov,mov,00:20:33,4346,3840x2160,2023-10-18 19:30:03,2026-07-04_17-47-56_title_summary_history_2025-04-17_to_2026-07-04_Sales_Summary_by_Title_17-04-2025_to_17-04-2025.csv,2026-07-04T17:49:47,fa5f66a8f17f98e669b766191a17c3bb6bce67d31a78966fd29eefd8e25cdece,2025-04-17,2026-07-04
Clips4Sale,Chargeback Forgiveness 99335791,Chargeback Forgiveness 99335791,30670805,1,19.98,11.99,19.98,11.99,lady sublime ssbbw  twek ass butthole fat pussy masturbation dildo fuck clips4sale.mov,mov,00:11:11,5672,3840x2160,2025-03-06 10:00:09,2026-07-04_17-47-56_title_summary_history_2025-04-17_to_2026-07-04_Sales_Summary_by_Title_17-04-2025_to_17-04-2025.csv,2026-07-04T17:49:47,ddc08be059219e472ed15fb477a132e45e08332f78d70f286121f55a02eaecf1,2025-04-17,2026-07-04
Clips4Sale,Fat Girl Struts in Black Lace Romper,Fat Girl Struts in Black Lace Romper,27945889,1,17.98,10.79,17.98,10.79,lady sublime bbw black lace romper catwalk ssbbw jiggles obese fat girl watermark-4k HDR.mov,mov,00:17:41,4637,3840x2160,2023-08-31 22:25:24,2026-07-04_17-47-56_title_summary_history_2025-04-17_to_2026-07-04_Sales_Summary_by_Title_17-04-2025_to_17-04-2025.csv,2026-07-04T17:49:47,23041dc4263625921ea470a9f96e60e5844665e7a772fd016fba33836eda1cfb,2025-04-17,2026-07-04
Clips4Sale,Oiled Up Fatty Does Naked Workout,Oiled Up Fatty Does Naked Workout,27818713,1,16.98,10.19,16.98,10.19,lady sublime bbw oil play exercise fat body jiggle shiny sweaty fatty watermark-4k HDR.mov,mov,00:16:36,4467,3840x2160,2023-09-02 17:07:21,2026-07-04_17-47-56_title_summary_history_2025-04-17_to_2026-07-04_Sales_Summary_by_Title_17-04-2025_to_17-04-2025.csv,2026-07-04T17:49:47,507b194254dfcbc9ab0ca0d07ba656b8bb2e82aea681213ac839cb7e6dc29669,2025-04-17,2026-07-04
Clips4Sale,Chargeback Forgiveness 106573449,Chargeback Forgiveness 106573449,29016135,1,16.98,10.19,16.98,10.19,lady sublime ssbbw tight clothes try on cigarette smoking voyeur watermark-4k clips4sale.mov,mov,00:15:02,5601,3840x2160,2024-05-01 10:00:06,2026-07-04_17-47-56_title_summary_history_2025-04-17_to_2026-07-04_Sales_Summary_by_Title_17-04-2025_to_17-04-2025.csv,2026-07-04T17:49:47,26d6156f82b688766933495c0644c8ba8207600475f85d9486ec9bd8ab2fa67e,2025-04-17,2026-07-04
Clips4Sale,My Weight Gain Makes Me Wet,My Weight Gain Makes Me Wet,26905251,1,16.98,10.19,16.98,10.19,lady sublime bbw fat chat pussy play fupa boucing jiggling masturbation weight gain wm.mp4,mp4,00:13:30,733,1920x1080,2022-11-29 18:05:58,2026-07-04_17-47-56_title_summary_history_2025-04-17_to_2026-07-04_Sales_Summary_by_Title_17-04-2025_to_17-04-2025.csv,2026-07-04T17:49:47,99cf993fc9a5bdf821f3ae815458c4f29dcd3799690da43f6927a9d616f3a0f4,2025-04-17,2026-07-04
Clips4Sale,Chargeback Forgiveness 99896341,Chargeback Forgiveness 99896341,28407177,1,16.98,10.19,16.98,10.19,lady sublime bbw obese gaining stuck too big growing big belly fat ass wide -4k clips4sale.mov,mov,00:14:38,5675,3840x2160,2023-12-18 01:10:03,2026-07-04_17-47-56_title_summary_history_2025-04-17_to_2026-07-04_Sales_Summary_by_Title_17-04-2025_to_17-04-2025.csv,2026-07-04T17:49:47,c259c0a475620af77c9606ab64af05084699ff9670fdc44ad505eee4eb8ed234,2025-04-17,2026-07-04
Clips4Sale,SSBBW Solo POV BJ and Fuck,SSBBW Solo POV BJ and Fuck,27800139,1,16.98,10.19,16.98,10.19,romper pov.mov,mov,00:16:16,4492,3840x2160,2023-09-08 00:43:07,2026-07-04_17-47-56_title_summary_history_2025-04-17_to_2026-07-04_Sales_Summary_by_Title_17-04-2025_to_17-04-2025.csv,2026-07-04T17:49:47,dba5c9599734b6df72648091d3c7c763a65afaaf0b024d6a451221e319753477,2025-04-17,2026-07-04
Clips4Sale,Fatty Soaps Her Body in Bubbly Bathtub,Fatty Soaps Her Body in Bubbly Bathtub,28588941,1,16.98,10.19,16.98,10.19,lady sublime ssbbw bathtub soapy suds jiggle twerk wet dripping body rubbing-4k clips4sale.mov,mov,00:15:24,5702,3840x2160,2024-02-04 10:05:03,2026-07-04_17-47-56_title_summary_history_2025-04-17_to_2026-07-04_Sales_Summary_by_Title_17-04-2025_to_17-04-2025.csv,2026-07-04T17:49:47,9640206c1c616e3b0833e13474e53c47c17b3cf043ae4ead6428d35177b9f1a3,2025-04-17,2026-07-04
Clips4Sale,Hot Fatty Stuffs a Dozen Ice Cream Sandwiches,Hot Fatty Stuffs a Dozen Ice Cream Sandwiches,27621645,1,15.98,9.59,15.98,9.59,lady sublime food stuffing overeating facestuffing ice cream sandwich fat mukbang wm.mp4,mp4,00:15:06,644,1920x1080,2023-08-31 22:18:19,2026-07-04_17-47-56_title_summary_history_2025-04-17_to_2026-07-04_Sales_Summary_by_Title_17-04-2025_to_17-04-2025.csv,2026-07-04T17:49:47,6d222b46ef2d7226e7ec233d46f9990c28c136f51e4063349c4c5f3cae856135,2025-04-17,2026-07-04
Clips4Sale,Bouncing My Fat BBW Body,Bouncing My Fat BBW Body,24028933,2,15.97,9.58,7.98,4.79,lady sublime bbw fat bouncing twerking belly play WM.mp4,mp4,00:07:40,416,1920x1080,2020-11-16 19:25:02,2026-07-04_17-47-56_title_summary_history_2025-04-17_to_2026-07-04_Sales_Summary_by_Title_17-04-2025_to_17-04-2025.csv,2026-07-04T17:49:47,63a16e8bc15a74a907b51cd5900d93044f205713e00cbe99ceffad7ea13bd93d,2025-04-17,2026-07-04
Clips4Sale,BBW Catwalk in Bodystocking Dress,BBW Catwalk in Bodystocking Dress,24019631,2,15.97,9.58,7.98,4.79,lady sublime bbw catwalk hot pink fishnet dress belly play twerk fat worship WM.mp4,mp4,00:07:36,412,1920x1080,2020-11-05 20:25:02,2026-07-04_17-47-56_title_summary_history_2025-04-17_to_2026-07-04_Sales_Summary_by_Title_17-04-2025_to_17-04-2025.csv,2026-07-04T17:49:47,b533b717e6da889bd7ca7e8146589e2628a282ee49839c601197872fbe7406d8,2025-04-17,2026-07-04
Clips4Sale,Cum Shot on My Fat Droopy Tits,Cum Shot on My Fat Droopy Tits,24626723,1,14.98,8.99,14.98,8.99,lady sublime bbw squirting dildo titty shot neon thong WM.mp4,mp4,00:14:32,790,1920x1080,2021-03-04 01:04:23,2026-07-04_17-47-56_title_summary_history_2025-04-17_to_2026-07-04_Sales_Summary_by_Title_17-04-2025_to_17-04-2025.csv,2026-07-04T17:49:47,1fceff3e3b18e667672013a91a1d48e24335093611306cc8b564aa0144db6038,2025-04-17,2026-07-04
Clips4Sale,BBW Squirts in the Bathroom,BBW Squirts in the Bathroom,26444779,2,14.0,8.4,7.0,4.2,lady sublime bbw squirt masturbation toilet bathroom wm.mp4,mp4,00:10:15,556,1920x1080,2022-07-28 21:00:05,2026-07-04_17-47-56_title_summary_history_2025-04-17_to_2026-07-04_Sales_Summary_by_Title_17-04-2025_to_17-04-2025.csv,2026-07-04T17:49:47,f80cea4cb2ec54e30410f0c88cb876b9309e73f456c165c360a70f332a296903,2025-04-17,2026-07-04
Clips4Sale,Fat Teasing and Pussy Fucking,Fat Teasing and Pussy Fucking,25750911,2,14.0,8.4,7.0,4.2,lady sublime bbw fat tease dildo fucking creamy pussy riding fat booty orgasm WM.mp4,mp4,00:12:26,675,1920x1080,2021-12-20 18:46:32,2026-07-04_17-47-56_title_summary_history_2025-04-17_to_2026-07-04_Sales_Summary_by_Title_17-04-2025_to_17-04-2025.csv,2026-07-04T17:49:47,169561dcd120554e0850409761542fdfc6292836f300b68a619d31b67f464fdf,2025-04-17,2026-07-04
Clips4Sale,BBW Gets Naughty in the Bath,BBW Gets Naughty in the Bath,24019591,1,13.98,8.39,13.98,8.39,lady sublime bbw bath time bubble play WM2.mp4,mp4,00:13:14,718,1920x1080,2020-11-01 00:00:01,2026-07-04_17-47-56_title_summary_history_2025-04-17_to_2026-07-04_Sales_Summary_by_Title_17-04-2025_to_17-04-2025.csv,2026-07-04T17:49:47,f865cf83d966f318c67e444eaa897ab2df4572f580b70dc68183a73dffb0027d,2025-04-17,2026-07-04
Clips4Sale,Chargeback Forgiveness 106530597,Chargeback Forgiveness 106530597,28102771,1,13.98,8.39,13.98,8.39,bbw cum.mov,mov,00:12:18,4472,3840x2160,2023-10-07 10:30:03,2026-07-04_17-47-56_title_summary_history_2025-04-17_to_2026-07-04_Sales_Summary_by_Title_17-04-2025_to_17-04-2025.csv,2026-07-04T17:49:47,651ab58d26620726e9126167c76b1a3523a37763fa6a20e0cfba8fbf4701bca8,2025-04-17,2026-07-04
Clips4Sale,Fatty BBW Cums Instead of Exercising,Fatty BBW Cums Instead of Exercising,25560449,2,13.0,7.8,6.5,3.9,lady sublime bbw workout belly bouncing jumping jacks vibrator cum WM.mp4,mp4,00:10:52,591,1920x1080,2021-10-19 03:38:10,2026-07-04_17-47-56_title_summary_history_2025-04-17_to_2026-07-04_Sales_Summary_by_Title_17-04-2025_to_17-04-2025.csv,2026-07-04T17:49:47,68109d5e0d54e10c004582db4ae992e0326c914a5dcc3cfdfb706df196e43222,2025-04-17,2026-07-04
Clips4Sale,BBW Bounces Fat in the Shower,BBW Bounces Fat in the Shower,25927379,2,13.0,7.8,6.5,3.9,lady sublime bbw sudsy shower fat clap pussy play WM.mp4,mp4,00:10:56,595,1920x1080,2022-02-15 17:20:52,2026-07-04_17-47-56_title_summary_history_2025-04-17_to_2026-07-04_Sales_Summary_by_Title_17-04-2025_to_17-04-2025.csv,2026-07-04T17:49:47,b3b916afbff4788e3545dd6aa310421430ba8449fd00d5c09e4a7b9d8cd21168,2025-04-17,2026-07-04
Clips4Sale,Touring My Fat Jiggly Body,Touring My Fat Jiggly Body,24019337,1,10.98,6.59,10.98,6.59,lady sublime bbw fat shaking bouncing ssbbw twerk WM2.mp4,mp4,00:10:08,550,1920x1080,2020-10-29 00:00:02,2026-07-04_17-47-56_title_summary_history_2025-04-17_to_2026-07-04_Sales_Summary_by_Title_17-04-2025_to_17-04-2025.csv,2026-07-04T17:49:47,1598d7f989243c8630a16d04876ccce06e9fc0fbf4028353a8f65e7ae617c02f,2025-04-17,2026-07-04
Clips4Sale,BBW Body Bouncing and Jiggling,BBW Body Bouncing and Jiggling,24255999,1,9.98,5.99,9.98,5.99,lady sublime bbw fat bouncing and teasing fat jiggling WM.mp4,mp4,00:09:37,522,1920x1080,2020-12-13 22:28:47,2026-07-04_17-47-56_title_summary_history_2025-04-17_to_2026-07-04_Sales_Summary_by_Title_17-04-2025_to_17-04-2025.csv,2026-07-04T17:49:47,dc3e64c91ff796ac61ae0039e36bec22ec4b47633e9442aa34ba5f9e5ed3fc21,2025-04-17,2026-07-04
Clips4Sale,Fatty Binges T Bell Burritos,Fatty Binges T Bell Burritos,26444841,1,9.0,5.4,9.0,5.4,lady sublime bbw burrito binge food stuffing overeating gaining feedee feederism wm.mp4,mp4,00:34:15,1851,1920x1080,2022-08-08 23:25:02,2026-07-04_17-47-56_title_summary_history_2025-04-17_to_2026-07-04_Sales_Summary_by_Title_17-04-2025_to_17-04-2025.csv,2026-07-04T17:49:47,520fdeb06bc5ffb2084ff423df03dfe0305ffab1cc3ce3a12dd6152cf9ae4f9a,2025-04-17,2026-07-04
Clips4Sale,Little Black Dress SSBBW Jiggly Catwalk in Heels,Little Black Dress SSBBW Jiggly Catwalk in Heels,27276257,1,9.0,5.4,9.0,5.4,lady sublime bbw catwalk black dress heels jiggle fat bouncing ssbbw wm.mp4,mp4,00:17:20,942,1920x1080,2023-03-09 03:46:03,2026-07-04_17-47-56_title_summary_history_2025-04-17_to_2026-07-04_Sales_Summary_by_Title_17-04-2025_to_17-04-2025.csv,2026-07-04T17:49:47,1391b55c7a01405d3127f0f712a8d7c0b6e39efed835d99099cc3d0ec9337c35,2025-04-17,2026-07-04
Clips4Sale,Lady Sublime BBW Fat Body Measurements,Lady Sublime BBW Fat Body Measurements,24057891,1,8.98,5.39,8.98,5.39,lady sublime bbw full body fat measurement WM.mp4,mp4,00:08:42,472,1920x1080,2020-11-22 22:05:01,2026-07-04_17-47-56_title_summary_history_2025-04-17_to_2026-07-04_Sales_Summary_by_Title_17-04-2025_to_17-04-2025.csv,2026-07-04T17:49:47,9e32fc85bca94d2b5aefd0c74e76a9d908220ab04c882ff58dcee659f70c5500,2025-04-17,2026-07-04
Clips4Sale,Video Chat with Horny GF (Vertical Video),Video Chat with Horny GF (Vertical Video),25034163,1,8.98,5.39,8.98,5.39,lady sublime bbw naughty video chat with fat girlfriend vertical video manyvids.mp4,mp4,00:08:43,470,1080x1920,2021-06-01 23:24:59,2026-07-04_17-47-56_title_summary_history_2025-04-17_to_2026-07-04_Sales_Summary_by_Title_17-04-2025_to_17-04-2025.csv,2026-07-04T17:49:47,53ea5e7c3d06ae33f3af74f3d9ab3f797c1824a751b25498afedaeeb01985b1a,2025-04-17,2026-07-04
Clips4Sale,Fat Girl Stuffs Donuts and Rides Glass Dildo,Fat Girl Stuffs Donuts and Rides Glass Dildo,25637281,1,7.0,4.2,7.0,4.2,lady sublime bbw horny donut eating glass dildo fucking and riding WM.mp4,mp4,00:11:47,640,1920x1080,2021-11-13 20:51:33,2026-07-04_17-47-56_title_summary_history_2025-04-17_to_2026-07-04_Sales_Summary_by_Title_17-04-2025_to_17-04-2025.csv,2026-07-04T17:49:47,c4768b06b7de2d1f0cfb142457439e43e1695427265409c80d6b5bf53fbbacc9,2025-04-17,2026-07-04
Clips4Sale,Chargeback 106530597,Chargeback 106530597,28102771,1,-13.98,-8.39,-13.98,-8.39,bbw cum.mov,mov,00:12:18,4472,3840x2160,2023-10-07 10:30:03,2026-07-04_17-47-56_title_summary_history_2025-04-17_to_2026-07-04_Sales_Summary_by_Title_17-04-2025_to_17-04-2025.csv,2026-07-04T17:49:47,4ff2e0a9b37461ffa5111e43918a02c958bae3d83d4977fd58b9d7af40e6b393,2025-04-17,2026-07-04
Clips4Sale,Chargeback 106573449,Chargeback 106573449,29016135,1,-16.98,-10.19,-16.98,-10.19,lady sublime ssbbw tight clothes try on cigarette smoking voyeur watermark-4k clips4sale.mov,mov,00:15:02,5601,3840x2160,2024-05-01 10:00:06,2026-07-04_17-47-56_title_summary_history_2025-04-17_to_2026-07-04_Sales_Summary_by_Title_17-04-2025_to_17-04-2025.csv,2026-07-04T17:49:47,4006d82962e3ca4681217375fba41a5e10c8ed09d7d350d5471197033ae51160,2025-04-17,2026-07-04
Clips4Sale,Chargeback 99896341,Chargeback 99896341,28407177,1,-16.98,-10.19,-16.98,-10.19,lady sublime bbw obese gaining stuck too big growing big belly fat ass wide -4k clips4sale.mov,mov,00:14:38,5675,3840x2160,2023-12-18 01:10:03,2026-07-04_17-47-56_title_summary_history_2025-04-17_to_2026-07-04_Sales_Summary_by_Title_17-04-2025_to_17-04-2025.csv,2026-07-04T17:49:47,de13e7145c9c831d36eda2031a207a10ef8cd798cedbafe48b45c360adae378f,2025-04-17,2026-07-04
Clips4Sale,Chargeback 99335791,Chargeback 99335791,30670805,1,-19.98,-11.99,-19.98,-11.99,lady sublime ssbbw  twek ass butthole fat pussy masturbation dildo fuck clips4sale.mov,mov,00:11:11,5672,3840x2160,2025-03-06 10:00:09,2026-07-04_17-47-56_title_summary_history_2025-04-17_to_2026-07-04_Sales_Summary_by_Title_17-04-2025_to_17-04-2025.csv,2026-07-04T17:49:47,a7cd222737519b5dd55b7642c7d491a5fdbea03c113929770cc9a849a70bfa49,2025-04-17,2026-07-04
Clips4Sale,Refund 107960967,Refund 107960967,30670805,1,-19.98,-11.99,-19.98,-11.99,lady sublime ssbbw  twek ass butthole fat pussy masturbation dildo fuck clips4sale.mov,mov,00:11:11,5672,3840x2160,2025-03-06 10:00:09,2026-07-04_17-47-56_title_summary_history_2025-04-17_to_2026-07-04_Sales_Summary_by_Title_17-04-2025_to_17-04-2025.csv,2026-07-04T17:49:47,3efcd765ef8648eed60d36b187fbb3457307d0f5c30e609416634bacf3687fa2,2025-04-17,2026-07-04
Clips4Sale,Chargeback 109127975,Chargeback 109127975,30632943,1,-21.98,-13.19,-21.98,-13.19,lady sublime ssbbw weight gain too fat pov fucking masturbation cum watermark-4k clips4sale.mov,mov,00:13:41,5760,3840x2160,2025-02-24 02:00:04,2026-07-04_17-47-56_title_summary_history_2025-04-17_to_2026-07-04_Sales_Summary_by_Title_17-04-2025_to_17-04-2025.csv,2026-07-04T17:49:47,6f51cc170edb1c7f18b008efae0fc441c73008ecf2af5a1e0ada7ef789652435,2025-04-17,2026-07-04
Clips4Sale,Chargeback 106266719,Chargeback 106266719,29961257,1,-21.98,-13.19,-21.98,-13.19,lady sublime ssbbw giantess fetish growing taller bikini weight gain watermark-4k clips4sale.mov,mov,00:16:52,5620,3840x2160,2024-10-25 20:15:34,2026-07-04_17-47-56_title_summary_history_2025-04-17_to_2026-07-04_Sales_Summary_by_Title_17-04-2025_to_17-04-2025.csv,2026-07-04T17:49:47,2d76d3dc05f85d576d2dda9d3b7937c1ff1049e037e696ea3747cfde141a9a66,2025-04-17,2026-07-04
Clips4Sale,Refund 108316959,Refund 108316959,32818231,1,-24.98,-14.99,-24.98,-14.99,lady_sublime_ssbbw_giantess_vore_burping_farting_fat_POV_watermark_4k_clips4sale_260129180050.mov,mov,00:12:00,5652,3840x2160,2026-01-30 00:26:07,2026-07-04_17-47-56_title_summary_history_2025-04-17_to_2026-07-04_Sales_Summary_by_Title_17-04-2025_to_17-04-2025.csv,2026-07-04T17:49:47,def39966e7f070e87f9b699139599da0adc7b7ad638737474e64be13a3dda036,2025-04-17,2026-07-04
Clips4Sale,Refund 103639045,Refund 103639045,31019213,1,-24.98,-14.99,-24.98,-14.99,lady sublime ssbbw psychologist food eating facestuffing pizza  belly worship clips4sale.mov,mov,00:24:31,5761,3840x2160,2025-04-29 01:08:57,2026-07-04_17-47-56_title_summary_history_2025-04-17_to_2026-07-04_Sales_Summary_by_Title_17-04-2025_to_17-04-2025.csv,2026-07-04T17:49:47,595c42466dde30dc9a90fc1194687821c15c8d257f1c73fadc234833d4562f1a,2025-04-17,2026-07-04
Clips4Sale,Chargeback 106267173,Chargeback 106267173,31534051,1,-27.98,-16.79,-27.98,-16.79,lady sublime cake stuffing overeating rapid growth weight gain button popping clips4sale.mov,mov,00:22:10,5746,3840x2160,2025-07-21 10:00:07,2026-07-04_17-47-56_title_summary_history_2025-04-17_to_2026-07-04_Sales_Summary_by_Title_17-04-2025_to_17-04-2025.csv,2026-07-04T17:49:47,d11f0fefac4eb12af0fcd9a340db8ee3e4a3b11a85a0c66707f834f452a7146c,2025-04-17,2026-07-04
Clips4Sale,Refund 107467635,Refund 107467635,31325075,4,-63.93,-38.36,-15.98,-9.59,lady sublime ssbbw impregnation fantasy breeding lingerie neighbor roleplay  clips4sale.mov,mov,00:11:14,5694,3840x2160,2025-06-16 22:04:16,2026-07-04_17-47-56_title_summary_history_2025-04-17_to_2026-07-04_Sales_Summary_by_Title_17-04-2025_to_17-04-2025.csv,2026-07-04T17:49:47,3aa7f456c76d52b4fddff6b87ef356bff92e29f14d163935924240e833aa4f69,2025-04-17,2026-07-04
Clips4Sale,Chargeback 106266925,Chargeback 106266925,32593851,3,-69.95,-41.97,-23.32,-13.99,lady_sublime_christmas_fat_chat_pov_fucking_riding_fat_belly_watermark_4k_clips4sale_251227175807.mo,mov,00:23:36,5712,3840x2160,2025-12-27 23:08:20,2026-07-04_17-47-56_title_summary_history_2025-04-17_to_2026-07-04_Sales_Summary_by_Title_17-04-2025_to_17-04-2025.csv,2026-07-04T17:49:47,52b515a979fa8aad9625c12d3c7b76a101c687f1afab7f6d8dff74aa2cc5f537,2025-04-17,2026-07-04
Clips4Sale,Chair Breaking Under Huge SSBBW,Chair Breaking Under Huge SSBBW,27682807,123,3072.95,1843.77,24.98,14.99,lady sublime bbw furniture crush plastic chair breaking obese fat heavy watermark-4k HDR.mov,mov,00:24:05,4615,1920x1080,2023-09-01 22:07:03,2026-07-04_17-47-51_title_summary_history_2019-08-25_to_2025-04-16_Sales_Summary_by_Title_25-08-2019_to_25-08-2019.csv,2026-07-04T17:49:47,516ee50d4f1af3bb5dca42bf0394750bfded761e70e4c6081eb1cfbeb61d48b6,2019-08-25,2025-04-16
Clips4Sale,SSBBW Rapid Growth Riding You POV,SSBBW Rapid Growth Riding You POV,28864735,122,2693.97,1616.38,22.08,13.25,lady sublime ssbbw growth fetish gaining weight tease  riding pov watermark-4k clips4sale.mov,mov,00:21:40,5495,3840x2160,2024-03-31 10:00:08,2026-07-04_17-47-51_title_summary_history_2019-08-25_to_2025-04-16_Sales_Summary_by_Title_25-08-2019_to_25-08-2019.csv,2026-07-04T17:49:47,f381e8a8af471245a18b1df9bef0b79d7afae9e0fc678387cafe04b32ca52d73,2019-08-25,2025-04-16
Clips4Sale,Feedee BBW Wife Wants to Stop Gaining POV,Feedee BBW Wife Wants to Stop Gaining POV,26786437,132,2373.8,1424.28,17.98,10.79,lady sublime bbw fat gaining wife POV solo fucking wm.mp4,mp4,00:16:53,913,1920x1080,2022-11-01 22:03:41,2026-07-04_17-47-51_title_summary_history_2019-08-25_to_2025-04-16_Sales_Summary_by_Title_25-08-2019_to_25-08-2019.csv,2026-07-04T17:49:47,cb6323b40ed4659d04b99b33f75bdc189ab7b634c83f29366a1499c90141eaef,2019-08-25,2025-04-16
Clips4Sale,Your SSBBW Wife Denies Getting Fatter,Your SSBBW Wife Denies Getting Fatter,29059243,83,2073.62,1244.17,24.98,14.99,lady sublime ssbbw weight gain denial tight dress POV watermark-4k clips4sale.mov,mov,00:24:09,5604,3840x2160,2024-05-08 08:00:05,2026-07-04_17-47-51_title_summary_history_2019-08-25_to_2025-04-16_Sales_Summary_by_Title_25-08-2019_to_25-08-2019.csv,2026-07-04T17:49:47,fc29bd47ec037d0e9251513bf2bb2d5c1e4ff56f49301fb1483771847d1cf9de,2019-08-25,2025-04-16
Clips4Sale,SSBBW Gets Stuck in the Doorway,SSBBW Gets Stuck in the Doorway,28407177,120,2038.0,1222.8,16.98,10.19,lady sublime bbw obese gaining stuck too big growing big belly fat ass wide -4k clips4sale.mov,mov,00:14:38,5675,3840x2160,2023-12-18 01:10:03,2026-07-04_17-47-51_title_summary_history_2019-08-25_to_2025-04-16_Sales_Summary_by_Title_25-08-2019_to_25-08-2019.csv,2026-07-04T17:49:47,a115fc63a041241998271df330574f205b532650f1a89f9ce992a1ec865959d2,2019-08-25,2025-04-16
Clips4Sale,SSBBW Girlfriend Grows into 14-foot Giantess,SSBBW Girlfriend Grows into 14-foot Giantess,29961257,91,2000.48,1200.29,21.98,13.19,lady sublime ssbbw giantess fetish growing taller bikini weight gain watermark-4k clips4sale.mov,mov,00:16:52,5620,3840x2160,2024-10-25 20:15:34,2026-07-04_17-47-51_title_summary_history_2019-08-25_to_2025-04-16_Sales_Summary_by_Title_25-08-2019_to_25-08-2019.csv,2026-07-04T17:49:47,df7fe88fd8b6537aae2c7313bb4d4f37e1c691609d88859220eb6f88c83db6db,2019-08-25,2025-04-16
Clips4Sale,Shy SSBBW Concierge Fucks You POV,Shy SSBBW Concierge Fucks You POV,29411945,111,1996.15,1197.69,17.98,10.79,lady sublime ssbbw pov fucking roleplay fat pussy big ass watermark-4k clips4sale.mov,mov,00:17:14,5560,3840x2160,2024-07-10 10:10:03,2026-07-04_17-47-51_title_summary_history_2019-08-25_to_2025-04-16_Sales_Summary_by_Title_25-08-2019_to_25-08-2019.csv,2026-07-04T17:49:47,d8d7ba22a348739ddcd1cb9e08adc0e53caace1382e4b1ac68966ab2aef1310d,2019-08-25,2025-04-16
Clips4Sale,Gaining SSBBW Wife Fucks You POV,Gaining SSBBW Wife Fucks You POV,30632943,90,1978.5,1187.1,21.98,13.19,lady sublime ssbbw weight gain too fat pov fucking masturbation cum watermark-4k clips4sale.mov,mov,00:13:41,5760,3840x2160,2025-02-24 02:00:04,2026-07-04_17-47-51_title_summary_history_2019-08-25_to_2025-04-16_Sales_Summary_by_Title_25-08-2019_to_25-08-2019.csv,2026-07-04T17:49:47,5c63fdb3371f71aa14d30fa17e25f04d0c483f58daebe63c944a3e5181fdec60,2019-08-25,2025-04-16
Clips4Sale,SSBBW Feedee Stuffing and Makeout POV,SSBBW Feedee Stuffing and Makeout POV,29360577,75,1873.75,1124.25,24.98,14.99,lady sublime ssbbw food eating face stuffing close up pov watermark-4k clips4sale.mov,mov,00:19:10,5261,3840x2160,2024-07-03 10:00:07,2026-07-04_17-47-51_title_summary_history_2019-08-25_to_2025-04-16_Sales_Summary_by_Title_25-08-2019_to_25-08-2019.csv,2026-07-04T17:49:47,ad39bb2a6486b2638d50f2286deedbc220124ce04b8c6249e8f0ab46141b0022,2019-08-25,2025-04-16
Clips4Sale,Growing SSBBW Belly and Ass Worship,Growing SSBBW Belly and Ass Worship,30176343,70,1712.83,1027.7,24.47,14.68,lady sublime ssbbw fat stinky ass worship sweaty asshole licking cum countdown -4k clips4sale.mov,mov,00:23:12,5778,3840x2160,2024-12-05 10:00:06,2026-07-04_17-47-51_title_summary_history_2019-08-25_to_2025-04-16_Sales_Summary_by_Title_25-08-2019_to_25-08-2019.csv,2026-07-04T17:49:47,c44d559960e69bbc9bc2f62bd84c64cdc89f4ddd90e69730c15a536854344a14,2019-08-25,2025-04-16
Clips4Sale,"SSBBW Giantess Teasing, Shrinking, and Vore","SSBBW Giantess Teasing, Shrinking, and Vore",30065969,69,1703.85,1022.31,24.69,14.82,lady sublime ssbbw shrinking fat giantess vore swallow pov watermark-4k clips4sale.mov,mov,00:16:21,5682,3840x2160,2024-11-19 10:00:07,2026-07-04_17-47-51_title_summary_history_2019-08-25_to_2025-04-16_Sales_Summary_by_Title_25-08-2019_to_25-08-2019.csv,2026-07-04T17:49:47,334572627816bd205afe40e5f0a80f03344008646c8cdcb7cb6fbac82e98fc36,2019-08-25,2025-04-16
Clips4Sale,Gaining SSBBW Measurements and Weigh-In,Gaining SSBBW Measurements and Weigh-In,30335991,47,1644.22,986.53,34.98,20.99,lady sublime ssbbw full body measurements weigh in gaining weight fat chat obese-4k clips4sale.mov,mov,00:14:37,5860,3840x2160,2025-01-06 16:08:26,2026-07-04_17-47-51_title_summary_history_2019-08-25_to_2025-04-16_Sales_Summary_by_Title_25-08-2019_to_25-08-2019.csv,2026-07-04T17:49:47,819d9e1606834bc458031bfa21bbb2e2649fe10db1c6f71367333d36700bc2d3,2019-08-25,2025-04-16
Clips4Sale,Stuffed SSBBW Wife Wants to Fuck,Stuffed SSBBW Wife Wants to Fuck,29475599,78,1558.7,935.22,19.98,11.99,lady sublime ssbbw lingerie pov fucking sex tight dress hotwife watermark-4k clips4sale.mov,mov,00:14:56,5689,3840x2160,2024-07-28 10:00:09,2026-07-04_17-47-51_title_summary_history_2019-08-25_to_2025-04-16_Sales_Summary_by_Title_25-08-2019_to_25-08-2019.csv,2026-07-04T17:49:47,f7cc8949d42850b954f6933cb6e9e0b128a71714c680fe854df83f99fba307ac,2019-08-25,2025-04-16
Clips4Sale,Fat Friend Wants to be Friends with Benefits,Fat Friend Wants to be Friends with Benefits,28285473,95,1526.42,915.85,16.07,9.64,lady sublime pov solos friends with benefits tease seduction fat watermark-4k clips4sale.mov,mov,00:15:20,5461,3840x2160,2023-11-21 10:00:06,2026-07-04_17-47-51_title_summary_history_2019-08-25_to_2025-04-16_Sales_Summary_by_Title_25-08-2019_to_25-08-2019.csv,2026-07-04T17:49:47,fd146299097fee46fa4d5a49142f46cb6a7d01f29dbc9975dd9f5723dd80d8d6,2019-08-25,2025-04-16
Clips4Sale,SSBBW Smokes After Thanksgiving Stuffing,SSBBW Smokes After Thanksgiving Stuffing,30154579,50,1499.17,899.5,29.98,17.99,Lady sublime ssbbw thanksgiving food stuffing feederism smoking weight gain -4k clips4sale.mov,mov,00:30:28,5735,3840x2160,2024-11-29 22:40:06,2026-07-04_17-47-51_title_summary_history_2019-08-25_to_2025-04-16_Sales_Summary_by_Title_25-08-2019_to_25-08-2019.csv,2026-07-04T17:49:47,b7a112d74438bc823ef2f9e998958e5d777c5f14d2b6e24605f71dc29bd740b0,2019-08-25,2025-04-16
Clips4Sale,Fat Dom GF Makes you Clean Sweaty Ass and Pussy,Fat Dom GF Makes you Clean Sweaty Ass and Pussy,27485631,111,1474.15,884.49,13.28,7.97,lady sublime bbw sweaty dom girlfriend ass eating squirt pov wm.mp4,mp4,00:11:45,638,1920x1080,2023-05-03 20:00:11,2026-07-04_17-47-51_title_summary_history_2019-08-25_to_2025-04-16_Sales_Summary_by_Title_25-08-2019_to_25-08-2019.csv,2026-07-04T17:49:47,b44b4907c66a1f565f1ac55adbf30cbcff61f6e98823617936806cd986f62499,2019-08-25,2025-04-16
Clips4Sale,Smelly SSBBW Makes You Worship Ass,Smelly SSBBW Makes You Worship Ass,28962713,71,1431.82,859.09,20.17,12.1,lady sublime ssbbw fat ass armpit worship smelly stinky cum countdown watermark-4k clips4sale.mov,mov,00:19:22,5563,3840x2160,2024-04-24 21:00:07,2026-07-04_17-47-51_title_summary_history_2019-08-25_to_2025-04-16_Sales_Summary_by_Title_25-08-2019_to_25-08-2019.csv,2026-07-04T17:49:47,a38588959e919471f1999da6240b772cad6c720793434adf7d7366243078133d,2019-08-25,2025-04-16
Clips4Sale,SSBBW Car Struggles and Topless Driving,SSBBW Car Struggles and Topless Driving,27990241,67,1403.88,842.33,20.95,12.57,car driving.mov,mov,00:24:36,4513,3840x2160,2023-09-07 23:05:08,2026-07-04_17-47-51_title_summary_history_2019-08-25_to_2025-04-16_Sales_Summary_by_Title_25-08-2019_to_25-08-2019.csv,2026-07-04T17:49:47,eb42c83c38604bc4e070a65f8636b0cf0533b4f7fe5a0cf237564376a43d1cbe,2019-08-25,2025-04-16
Clips4Sale,Greedy SSBBW Girlfriend Vores You POV,Greedy SSBBW Girlfriend Vores You POV,30382621,63,1384.95,830.97,21.98,13.19,lady sublime ssbbw food stuffing overeating vore boyfriend weight gain -4k clips4sale.mov,mov,00:10:13,5693,3840x2160,2025-01-12 21:39:25,2026-07-04_17-47-51_title_summary_history_2019-08-25_to_2025-04-16_Sales_Summary_by_Title_25-08-2019_to_25-08-2019.csv,2026-07-04T17:49:47,48b8e0158e2580581e347fbf77d6989f847f71d48b956bf8f450111978eab2ca,2019-08-25,2025-04-16
Clips4Sale,SSBBW Fruit Crush with 72-Inch Ass,SSBBW Fruit Crush with 72-Inch Ass,30088371,59,1297.02,778.21,21.98,13.19,Lady Sublime Ssbbw Fruit Crush Big Ass Heavy Flatten watermark-4k clips4sale.mov,mov,00:11:59,5730,3840x2160,2024-11-24 10:00:08,2026-07-04_17-47-51_title_summary_history_2019-08-25_to_2025-04-16_Sales_Summary_by_Title_25-08-2019_to_25-08-2019.csv,2026-07-04T17:49:47,34cb6848b709ee3533b947469b9e955779ab13ea0013e65bc11115fd81cff5be,2019-08-25,2025-04-16
Clips4Sale,Dominant Boss Makes You Worship Belly,Dominant Boss Makes You Worship Belly,29465941,80,1278.67,767.2,15.98,9.59,lady sublime ssbbw boss domination fat worship belly plopping pov watermark-4k clips4sale.mov,mov,00:11:17,5535,3840x2160,2024-07-21 11:25:04,2026-07-04_17-47-51_title_summary_history_2019-08-25_to_2025-04-16_Sales_Summary_by_Title_25-08-2019_to_25-08-2019.csv,2026-07-04T17:49:47,36ddc2fd9710e7882ce473c9342e4e678707a192bb160274001936f7727f9a25,2019-08-25,2025-04-16
Clips4Sale,Tight Clothes Make Growing SSBBW Horny,Tight Clothes Make Growing SSBBW Horny,27818857,89,1250.52,750.31,14.05,8.43,tight clothes.mov,mov,00:12:55,4556,3840x2160,2023-09-07 23:54:45,2026-07-04_17-47-51_title_summary_history_2019-08-25_to_2025-04-16_Sales_Summary_by_Title_25-08-2019_to_25-08-2019.csv,2026-07-04T17:49:47,5c38aa534df40e32d3d60a4ced5d1e8af4b17011186157250b133c208f229842,2019-08-25,2025-04-16
Clips4Sale,Horny SSBBW Squirts on First Date,Horny SSBBW Squirts on First Date,28923215,46,1241.23,744.74,26.98,16.19,lady sublime ssbbw seduction blow job tit fuck squirting orgasm fat pussy final clips4sale.mov,mov,00:26:01,5717,3840x2160,2024-04-11 22:13:29,2026-07-04_17-47-51_title_summary_history_2019-08-25_to_2025-04-16_Sales_Summary_by_Title_25-08-2019_to_25-08-2019.csv,2026-07-04T17:49:47,f0360c5029844c13337fe628bd85ce19e8e85ee021f665b0707641133f16b13c,2019-08-25,2025-04-16
Clips4Sale,SSBBW Ex Wants to Get Pregnant,SSBBW Ex Wants to Get Pregnant,29971791,81,1132.65,679.59,13.98,8.39,lady sublime ssbbw no strings impregnation breeding fat pussy cum begging fertilization .mov,mov,00:09:47,5575,3840x2160,2024-10-27 23:12:04,2026-07-04_17-47-51_title_summary_history_2019-08-25_to_2025-04-16_Sales_Summary_by_Title_25-08-2019_to_25-08-2019.csv,2026-07-04T17:49:47,acef7a26adf950035626e2342856330f6a5b3fda613c51a4ea735f510444e5ab,2019-08-25,2025-04-16
Clips4Sale,Measuring and Weighing my Massive SSBBW Body,Measuring and Weighing my Massive SSBBW Body,27800715,48,1103.2,661.92,22.98,13.79,lady sublime bbw measurement weigh in gaining obese fat weight heavy 500 pounds watermark-4k HDR.mov,mov,00:14:32,4518,3840x2160,2023-09-02 22:17:20,2026-07-04_17-47-51_title_summary_history_2019-08-25_to_2025-04-16_Sales_Summary_by_Title_25-08-2019_to_25-08-2019.csv,2026-07-04T17:49:47,c9bb14cf1fd194e3edc25f16c31202f4dadb9a5b478bf2ddfad9e908dfcdf3d2,2019-08-25,2025-04-16
Clips4Sale,SSBBW Girlfriend Encourages Mutual Gain POV,SSBBW Girlfriend Encourages Mutual Gain POV,30186929,44,1099.27,659.56,24.98,14.99,lady sublime ssbbw mutual gain encouragement smoking gaining weight feederism 4k clips4sale.mov,mov,00:20:13,5740,3840x2160,2024-12-09 10:00:07,2026-07-04_17-47-51_title_summary_history_2019-08-25_to_2025-04-16_Sales_Summary_by_Title_25-08-2019_to_25-08-2019.csv,2026-07-04T17:49:47,81e9118a0eb58bf8ed2d2e9fe56e8b7f1ba037edf58a0441579af8752240c2ae,2019-08-25,2025-04-16
Clips4Sale,SSBBW Slut Seduces You Into Impregnation POV,SSBBW Slut Seduces You Into Impregnation POV,28798697,68,1095.87,657.52,16.12,9.67,lady sublime ssbbw workout bodystocking creampie begging impregnation masturbation  clips4sale.mov,mov,00:15:02,5493,3840x2160,2024-03-17 10:00:11,2026-07-04_17-47-51_title_summary_history_2019-08-25_to_2025-04-16_Sales_Summary_by_Title_25-08-2019_to_25-08-2019.csv,2026-07-04T17:49:47,4f4142f8a93a9c717f922b6e372346c90bd2957ac7839d167d66dc019b4a3b8a,2019-08-25,2025-04-16
Clips4Sale,My Weight Gain Makes Me Wet,My Weight Gain Makes Me Wet,26905251,78,1090.7,654.42,13.98,8.39,lady sublime bbw fat chat pussy play fupa boucing jiggling masturbation weight gain wm.mp4,mp4,00:13:30,733,1920x1080,2022-11-29 18:05:58,2026-07-04_17-47-51_title_summary_history_2019-08-25_to_2025-04-16_Sales_Summary_by_Title_25-08-2019_to_25-08-2019.csv,2026-07-04T17:49:47,3ac0232b6fa8048f35130e2c4a06e44d96d74591d2e2e688c4cdeb7fa5dd987e,2019-08-25,2025-04-16
Clips4Sale,Fatty Chugs Three Large Milkshakes,Fatty Chugs Three Large Milkshakes,27929649,37,1079.38,647.63,29.17,17.5,milkshake chug final-1080p HDR.mov,mov,00:26:11,3117,1920x1080,2023-08-31 22:24:19,2026-07-04_17-47-51_title_summary_history_2019-08-25_to_2025-04-16_Sales_Summary_by_Title_25-08-2019_to_25-08-2019.csv,2026-07-04T17:49:47,6249872ed136a5704c0580d94d5e6579095bc97828d37c87fdecf0f98da4342a,2019-08-25,2025-04-16
Clips4Sale,Horny SSBBW Jiggles and Bounces POV Solo,Horny SSBBW Jiggles and Bounces POV Solo,28454685,67,1075.88,645.53,16.06,9.63,lady sublime ssbbw blue lingerie morning sex pov fucking jiggle fat ass watermark-4k clips4sale.mov,mov,00:15:05,5278,3840x2160,2024-01-12 07:15:05,2026-07-04_17-47-51_title_summary_history_2019-08-25_to_2025-04-16_Sales_Summary_by_Title_25-08-2019_to_25-08-2019.csv,2026-07-04T17:49:47,f98894534e2a70dfa73a3f11882cf4a6ea0d4e6632d05341ce3db7b205115b85,2019-08-25,2025-04-16
Clips4Sale,Old Fling Grows Into Massive SSBBW,Old Fling Grows Into Massive SSBBW,29100737,53,1069.12,641.47,20.17,12.1,lady sublime ssbbw weight gain embarrassment video call fat tease watermark-4k clips4sale.mov,mov,00:19:02,5640,3840x2160,2024-05-12 08:00:06,2026-07-04_17-47-51_title_summary_history_2019-08-25_to_2025-04-16_Sales_Summary_by_Title_25-08-2019_to_25-08-2019.csv,2026-07-04T17:49:47,b40f092d80a12128c00b1eeb1690c2e9d923e4e0f6674528ee67030142ea054d,2019-08-25,2025-04-16
Clips4Sale,SSBBW Loves Being Bigger Than You,SSBBW Loves Being Bigger Than You,27949821,58,1061.03,636.62,18.29,10.98,lady sublime bbw bigger than you size compare tease obese goddess fat ssbbw watermark-4k HDR.mov,mov,00:16:53,4785,3840x2160,2023-09-03 12:05:04,2026-07-04_17-47-51_title_summary_history_2019-08-25_to_2025-04-16_Sales_Summary_by_Title_25-08-2019_to_25-08-2019.csv,2026-07-04T17:49:47,7ba2fd9fbb6be856ce765f2d119424a676163bfe2417ad40f629b472c88faf74,2019-08-25,2025-04-16
Clips4Sale,SSBBW Giantess Rubs Pussy on You,SSBBW Giantess Rubs Pussy on You,29317905,82,1036.63,621.98,12.64,7.59,lady sublime ssbbw giantess masturbation growth fat pussy close up watermark-4k clips4sale.mov,mov,00:11:37,5472,3840x2160,2024-06-21 21:30:29,2026-07-04_17-47-51_title_summary_history_2019-08-25_to_2025-04-16_Sales_Summary_by_Title_25-08-2019_to_25-08-2019.csv,2026-07-04T17:49:47,a44606db9e4768eaf5747a7ee23345a34e6a5c5aa5f8e1e26b42084512f4b76a,2019-08-25,2025-04-16
Clips4Sale,SSBBW Psychologist Makes You Worship Belly,SSBBW Psychologist Makes You Worship Belly,29128127,40,999.33,599.6,24.98,14.99,lady sublime ssbbw fat therapy belly rubbing eating fat worship c4s.mov,mov,00:28:36,5546,3840x2160,2024-05-19 08:00:06,2026-07-04_17-47-51_title_summary_history_2019-08-25_to_2025-04-16_Sales_Summary_by_Title_25-08-2019_to_25-08-2019.csv,2026-07-04T17:49:47,ef8e57228bcd3791d0cf1f2aec05de0cdafb43060bcd81aa362fa207e4727dab,2019-08-25,2025-04-16
Clips4Sale,Gaining SSBBW Stuffs Face Post-Workout,Gaining SSBBW Stuffs Face Post-Workout,30722815,48,959.2,575.52,19.98,11.99,lady sublime ssbbw leggings tight too fat weight gain food stuffing overeating -4k clips4sale.mov,mov,00:11:51,5672,3840x2160,2025-03-11 01:41:50,2026-07-04_17-47-51_title_summary_history_2019-08-25_to_2025-04-16_Sales_Summary_by_Title_25-08-2019_to_25-08-2019.csv,2026-07-04T17:49:47,593646df2d47efa8cc178e4c4a36dc66e114a8a65feca71e9340a3e13d99b7d5,2019-08-25,2025-04-16
Clips4Sale,Fattened Up for Master,Fattened Up for Master,24453825,41,942.32,565.39,22.98,13.79,lady sublime bbw gaining for master food stuffing and POV fucking.mp4,mp4,00:22:12,1206,1920x1080,2021-01-27 01:02:52,2026-07-04_17-47-51_title_summary_history_2019-08-25_to_2025-04-16_Sales_Summary_by_Title_25-08-2019_to_25-08-2019.csv,2026-07-04T17:49:47,a7f14b0981eae08c7e2e5544834909f8b3506ddad9dd5b6e463f8c17ac5fb451,2019-08-25,2025-04-16
Clips4Sale,SSBBW Jiggles Fat for Your Cum,SSBBW Jiggles Fat for Your Cum,30060709,55,934.08,560.45,16.98,10.19,lady sublime ssbbw catwalk fat jiggle tight clothes lingerie walk heels watermark-4k clips4sale.mov,mov,00:15:47,5575,3840x2160,2024-11-14 10:00:06,2026-07-04_17-47-51_title_summary_history_2019-08-25_to_2025-04-16_Sales_Summary_by_Title_25-08-2019_to_25-08-2019.csv,2026-07-04T17:49:47,1c704c11d9e546ab036576341b248f4b332c1cb58c7cfcfdb5b97fd46a09af3a,2019-08-25,2025-04-16
Clips4Sale,Fat Party Girl Gets the Wrong Room POV Solo,Fat Party Girl Gets the Wrong Room POV Solo,25867347,70,908.83,545.3,12.98,7.79,lady sublime bbw fat party girl hotel hookup pov solo WM.mp4,mp4,00:11:45,637,1920x1080,2022-01-27 22:45:44,2026-07-04_17-47-51_title_summary_history_2019-08-25_to_2025-04-16_Sales_Summary_by_Title_25-08-2019_to_25-08-2019.csv,2026-07-04T17:49:47,8ca27cb29eb0051f83045332fde8eef16bb60d211702437518a35cf1cde3c687,2019-08-25,2025-04-16
Clips4Sale,Horny SSBBW Succubus Grows for Your Cum POV,Horny SSBBW Succubus Grows for Your Cum POV,28771123,46,873.23,523.94,18.98,11.39,lady sublime ssbbw succubus rapid growth weight gain joi obese watermark-4k clips4sale.mov,mov,00:18:18,5594,3840x2160,2024-03-10 10:15:03,2026-07-04_17-47-51_title_summary_history_2019-08-25_to_2025-04-16_Sales_Summary_by_Title_25-08-2019_to_25-08-2019.csv,2026-07-04T17:49:47,7de4365f638d593f2ab10b380ddea565f2750e50d0baf2274195ad6b5574578f,2019-08-25,2025-04-16
Clips4Sale,SSBBW Ass Worship in Thong and Tights,SSBBW Ass Worship in Thong and Tights,27598381,36,791.4,474.84,21.98,13.19,lady sublime bbw nude tights ass worship watermark -4k HDR.mov,mov,00:20:59,4474,3840x2160,2023-08-31 22:28:44,2026-07-04_17-47-51_title_summary_history_2019-08-25_to_2025-04-16_Sales_Summary_by_Title_25-08-2019_to_25-08-2019.csv,2026-07-04T17:49:47,f0616d5650bfb24cf6be932165d30813d69a44b780d9f370caaa23474ce044e2,2019-08-25,2025-04-16
Clips4Sale,Smoking SSBBW Gets Ready Voyeur Cam,Smoking SSBBW Gets Ready Voyeur Cam,30664187,36,755.4,453.24,20.98,12.59,lady sublime ssbbw smoking voyeurism makeup fat_ big belly watermark-4k clips4sale.mov,mov,00:18:46,5751,3840x2160,2025-03-03 10:05:03,2026-07-04_17-47-51_title_summary_history_2019-08-25_to_2025-04-16_Sales_Summary_by_Title_25-08-2019_to_25-08-2019.csv,2026-07-04T17:49:47,c1320df4a265f0be0767e52548434037993f7916243ea0d067958de16f0bbbeb,2019-08-25,2025-04-16
Clips4Sale,BBW Struts and Jiggles Out of My Jeans,BBW Struts and Jiggles Out of My Jeans,28254735,39,740.35,444.21,18.98,11.39,lady sublime bbw dark jeans tight clothes catwalk heels fat belly jiggle watermark-4k HDR.mov,mov,00:18:19,4540,3840x2160,2023-11-14 20:30:04,2026-07-04_17-47-51_title_summary_history_2019-08-25_to_2025-04-16_Sales_Summary_by_Title_25-08-2019_to_25-08-2019.csv,2026-07-04T17:49:47,bce8e09b9a17cf00190a1996c08450dbfed902c4727db6bfa7ba9d06ebe8c923,2019-08-25,2025-04-16
Clips4Sale,Gaining SSBBW Makes Her Buttons Pop,Gaining SSBBW Makes Her Buttons Pop,29332669,48,719.2,431.52,14.98,8.99,lady sublime ssbbw button popping weight gain fat belly jiggle watermark-4k clips4sale.mov,mov,00:10:38,5570,3840x2160,2024-06-25 10:00:08,2026-07-04_17-47-51_title_summary_history_2019-08-25_to_2025-04-16_Sales_Summary_by_Title_25-08-2019_to_25-08-2019.csv,2026-07-04T17:49:47,85ec06dd7ec543240c66d851a2d26ff616f79b34af6456e41cfd9bb84a551bbc,2019-08-25,2025-04-16
Clips4Sale,Worship My Fat SSBBW Body,Worship My Fat SSBBW Body,28054807,31,712.48,427.49,22.98,13.79,lady sublime bbw body worship fat jiggle tits ass pussy feet watermark-4k HDR.mov,mov,00:22:31,4458,3840x2160,2023-09-22 15:59:15,2026-07-04_17-47-51_title_summary_history_2019-08-25_to_2025-04-16_Sales_Summary_by_Title_25-08-2019_to_25-08-2019.csv,2026-07-04T17:49:47,d6324ac036b845dc574677dff53ab0a0acdcecb501d57ccf15607f9730fdef6f,2019-08-25,2025-04-16
Clips4Sale,SSBBW Room Service Face Stuffing,SSBBW Room Service Face Stuffing,28523779,26,701.57,420.94,26.98,16.19,lady sublime ssbbw room service lingerie fat stuffing breakfast feedee overeating -4k clips4sale.mov,mov,00:26:20,5408,3840x2160,2024-01-20 10:10:03,2026-07-04_17-47-51_title_summary_history_2019-08-25_to_2025-04-16_Sales_Summary_by_Title_25-08-2019_to_25-08-2019.csv,2026-07-04T17:49:47,483c185913207ae677ff27eaa66ad1149afba062505be54a0230b03f854b2187,2019-08-25,2025-04-16
Clips4Sale,SSBBW Rips Leggings and Fucks Pussy,SSBBW Rips Leggings and Fucks Pussy,30670805,35,699.42,419.65,19.98,11.99,lady sublime ssbbw  twek ass butthole fat pussy masturbation dildo fuck clips4sale.mov,mov,00:11:11,5672,3840x2160,2025-03-06 10:00:09,2026-07-04_17-47-51_title_summary_history_2019-08-25_to_2025-04-16_Sales_Summary_by_Title_25-08-2019_to_25-08-2019.csv,2026-07-04T17:49:47,c7c571accdbc675a650156f77b105032ec7e003b949afd76eac7b68dca78af23,2019-08-25,2025-04-16
Clips4Sale,SSBBW Shiny Slippery Oil Play,SSBBW Shiny Slippery Oil Play,27648131,32,671.47,402.88,20.98,12.59,Lady.mov,mov,00:20:25,4493,3840x2160,2023-09-07 22:47:13,2026-07-04_17-47-51_title_summary_history_2019-08-25_to_2025-04-16_Sales_Summary_by_Title_25-08-2019_to_25-08-2019.csv,2026-07-04T17:49:47,deabef468ad504aca9d6f5ec268b15d9833ba8b0453141c6c5cdf17e8ee153bd,2019-08-25,2025-04-16
Clips4Sale,Fat Chat Gets Me Hot,Fat Chat Gets Me Hot,24973061,66,658.9,395.34,9.98,5.99,lady sublime bbw horny from fat chat outgrown shirt WM.mp4,mp4,00:09:20,508,1920x1080,2024-11-25 21:49:41,2026-07-04_17-47-51_title_summary_history_2019-08-25_to_2025-04-16_Sales_Summary_by_Title_25-08-2019_to_25-08-2019.csv,2026-07-04T17:49:47,3dae9390a54ac8abc3d6092674b1dfadbcd7cf54bf844eb51089f11bbe48e640,2019-08-25,2025-04-16
Clips4Sale,SSBBW Oiled Up Jiggling and Bouncing,SSBBW Oiled Up Jiggling and Bouncing,29285041,30,629.5,377.7,20.98,12.59,lady sublime ssbbw oil play rubbing fat jiggle bikini watermark-4k clips4sale.mov,mov,00:19:48,5621,3840x2160,2024-06-14 20:48:07,2026-07-04_17-47-51_title_summary_history_2019-08-25_to_2025-04-16_Sales_Summary_by_Title_25-08-2019_to_25-08-2019.csv,2026-07-04T17:49:47,3d5c51d5625d6eb4dc1d9fba7ab4d375bd9521b4738466405c9b8efe798eee80,2019-08-25,2025-04-16
Clips4Sale,Naked Fatty Tells You How to Stroke,Naked Fatty Tells You How to Stroke,28106135,35,629.42,377.65,17.98,10.79,lady sublime bbw naked joi jiggle cum countdown fat pussy watermark-4k HDR.mov,mov,00:17:37,4276,3840x2160,2023-10-12 09:35:02,2026-07-04_17-47-51_title_summary_history_2019-08-25_to_2025-04-16_Sales_Summary_by_Title_25-08-2019_to_25-08-2019.csv,2026-07-04T17:49:47,18ba8b11912a870370acfdf45800f8a186c263bdc3b4ae51de709b3d4ebe387f,2019-08-25,2025-04-16
Clips4Sale,Gaining Horny SSBBW Date Wants You POV,Gaining Horny SSBBW Date Wants You POV,28864821,37,628.38,377.03,16.98,10.19,lady sublime ssbbw weight gain masturbation fat pussy play -4k clips4sale.mov,mov,00:15:54,5664,3840x2160,2024-04-03 10:00:07,2026-07-04_17-47-51_title_summary_history_2019-08-25_to_2025-04-16_Sales_Summary_by_Title_25-08-2019_to_25-08-2019.csv,2026-07-04T17:49:47,40593adabd21a04b99324b1e7814f09057559e1ffbd2e1b10e3e07285a00e444,2019-08-25,2025-04-16
Clips4Sale,SSBBW No Hands Cake Stuffing,SSBBW No Hands Cake Stuffing,27040951,47,627.22,376.33,13.35,8.01,lady sublime bbw face stuffing overeating no hands cake wm.mp4,mp4,00:12:29,678,1920x1080,2023-01-06 20:18:34,2026-07-04_17-47-51_title_summary_history_2019-08-25_to_2025-04-16_Sales_Summary_by_Title_25-08-2019_to_25-08-2019.csv,2026-07-04T17:49:47,83e5be9c5ed39f9f105b44968193ae7d4928960d14bc59a929f616035af27102,2019-08-25,2025-04-16
Clips4Sale,SSBBW Stuffing & Crushing You POV,SSBBW Stuffing & Crushing You POV,28871581,25,624.58,374.75,24.98,14.99,lady sublime ssbbw fat chat food stuffing over eating weight gain taco milkshake-4k clips4sale.mov,mov,00:47:45,5522,3840x2160,2024-04-08 22:49:44,2026-07-04_17-47-51_title_summary_history_2019-08-25_to_2025-04-16_Sales_Summary_by_Title_25-08-2019_to_25-08-2019.csv,2026-07-04T17:49:47,a88513944e793845253cf9c39ff0bf89ad3d82b588acb45845e6328a9f2ca741,2019-08-25,2025-04-16
Clips4Sale,SSBBW Loves Being Bigger Than You Part 2,SSBBW Loves Being Bigger Than You Part 2,28378185,41,622.32,373.39,15.18,9.11,lady sublime ssbbw bigger than you bounce jiggle tease fat watermark-4k clips4sale.mov,mov,00:13:47,5485,3840x2160,2023-12-14 10:15:04,2026-07-04_17-47-51_title_summary_history_2019-08-25_to_2025-04-16_Sales_Summary_by_Title_25-08-2019_to_25-08-2019.csv,2026-07-04T17:49:47,b3fe818daafeaf8bc3b050f245606bf8feb27f36065c8980808032be5741fb72,2019-08-25,2025-04-16
Clips4Sale,SSBBW Hottie Makes Her Fat Pussy Cum,SSBBW Hottie Makes Her Fat Pussy Cum,28102771,47,616.22,369.73,13.11,7.87,bbw cum.mov,mov,00:12:18,4472,3840x2160,2023-10-07 10:30:03,2026-07-04_17-47-51_title_summary_history_2019-08-25_to_2025-04-16_Sales_Summary_by_Title_25-08-2019_to_25-08-2019.csv,2026-07-04T17:49:47,e92be78e21d1f6a5d3b57b29a11fa97fc54e61eb1be9693c05c10ad6b13039fc,2019-08-25,2025-04-16
Clips4Sale,SSBBW Oil Play and Fat Jiggling,SSBBW Oil Play and Fat Jiggling,28832493,38,607.37,364.42,15.98,9.59,lady sublime ssbbw oil play tease fat jiggle twerk obese watermark-4k clips4sale.mov,mov,00:15:34,5537,3840x2160,2024-03-24 10:10:04,2026-07-04_17-47-51_title_summary_history_2019-08-25_to_2025-04-16_Sales_Summary_by_Title_25-08-2019_to_25-08-2019.csv,2026-07-04T17:49:47,aae327e13aeb7ac4ceef248e2f468982c68143ff0e76d6026d60538db4379534,2019-08-25,2025-04-16
Clips4Sale,BBW Morning Sex POV Solo,BBW Morning Sex POV Solo,26444891,54,607.1,364.26,11.24,6.75,lady sublime bbw morning sex pov black lace wm.mp4,mp4,00:10:44,584,1920x1080,2022-08-11 23:35:01,2026-07-04_17-47-51_title_summary_history_2019-08-25_to_2025-04-16_Sales_Summary_by_Title_25-08-2019_to_25-08-2019.csv,2026-07-04T17:49:47,b8af30e216e10e80f409a38eaa9dce60559770081ed8277c8e562e08cd0010a7,2019-08-25,2025-04-16
Clips4Sale,Unaware SSBBW Smokes and Outgrows Clothes,Unaware SSBBW Smokes and Outgrows Clothes,29016135,37,594.38,356.63,16.06,9.64,lady sublime ssbbw tight clothes try on cigarette smoking voyeur watermark-4k clips4sale.mov,mov,00:15:02,5601,3840x2160,2024-05-01 10:00:06,2026-07-04_17-47-51_title_summary_history_2019-08-25_to_2025-04-16_Sales_Summary_by_Title_25-08-2019_to_25-08-2019.csv,2026-07-04T17:49:47,6b92f342978add409bd1d5e032ddc07be4c4cc277483d3759ba19a63d53b8174,2019-08-25,2025-04-16
Clips4Sale,Gaining Cheerleader Stuffs Face with Pizza,Gaining Cheerleader Stuffs Face with Pizza,28146243,28,587.53,352.52,20.98,12.59,gaining cheerleader.mov,mov,00:20:33,4346,3840x2160,2023-10-18 19:30:03,2026-07-04_17-47-51_title_summary_history_2019-08-25_to_2025-04-16_Sales_Summary_by_Title_25-08-2019_to_25-08-2019.csv,2026-07-04T17:49:47,937e323ed6ecfa130ba3287be38348a8cf9c2f86301ed600a2fc693977a67a0b,2019-08-25,2025-04-16
Clips4Sale,Fat Witch Needs Your Cum for Her Potion,Fat Witch Needs Your Cum for Her Potion,28153391,45,587.25,352.35,13.05,7.83,lady sublime bbw halloween witch pov cum begging riding bouncing blow job  watermark-4k HDR.mov,mov,00:12:41,4575,3840x2160,2023-10-21 10:20:04,2026-07-04_17-47-51_title_summary_history_2019-08-25_to_2025-04-16_Sales_Summary_by_Title_25-08-2019_to_25-08-2019.csv,2026-07-04T17:49:47,7ec4be8351d43adf6f6ec11a7e9c55024b18493f141e824d72aeda9193f74d35,2019-08-25,2025-04-16
Clips4Sale,SSBBW Jiggles Thighs and Asss,SSBBW Jiggles Thighs and Asss,28692105,41,577.32,346.39,14.08,8.45,lady sublime  thigh jiggling bouncing fat jumping obese big ass spreading ssbbw watermark-4k.mov,mov,00:12:55,5640,3840x2160,2024-02-25 10:30:02,2026-07-04_17-47-51_title_summary_history_2019-08-25_to_2025-04-16_Sales_Summary_by_Title_25-08-2019_to_25-08-2019.csv,2026-07-04T17:49:47,76885885711adfb2ae1531a504a35978f5b294299ffa75267cbbe6ac58ab4bab,2019-08-25,2025-04-16
Clips4Sale,Submissive SSBBW Gaining and Titty Fucking,Submissive SSBBW Gaining and Titty Fucking,30601241,24,575.6,345.36,23.98,14.39,lady sublime ssbbw weight gain food stuffing over eating big tits titty fucking -4k clips4sale.mov,mov,00:15:51,5896,3840x2160,2025-02-19 10:00:06,2026-07-04_17-47-51_title_summary_history_2019-08-25_to_2025-04-16_Sales_Summary_by_Title_25-08-2019_to_25-08-2019.csv,2026-07-04T17:49:47,4ec28c08a68f7ea4216ff1a9ecfefd0ec1e52d3aa2ca97cdbbf31009ef7e62c8,2019-08-25,2025-04-16
Clips4Sale,SSBBW Giantess GFE,SSBBW Giantess GFE,27012947,36,575.4,345.24,15.98,9.59,lady sublime bbw giantess girlfriend ken doll ssbbw makeout wm.mp4,mp4,00:15:39,850,1920x1080,2022-12-29 22:24:42,2026-07-04_17-47-51_title_summary_history_2019-08-25_to_2025-04-16_Sales_Summary_by_Title_25-08-2019_to_25-08-2019.csv,2026-07-04T17:49:47,d5e6eab7a1841d44110f1a1e317b52767445a41662739a0f8181095fee49a32e,2019-08-25,2025-04-16
Clips4Sale,Your Cum Makes Me Gain,Your Cum Makes Me Gain,24564879,48,575.2,345.12,11.98,7.19,lady sublime bbw fat fetish cum makes me gain cum begging belly play WM.mp4,mp4,00:11:00,598,1920x1080,2021-02-19 00:21:41,2026-07-04_17-47-51_title_summary_history_2019-08-25_to_2025-04-16_Sales_Summary_by_Title_25-08-2019_to_25-08-2019.csv,2026-07-04T17:49:47,a7bcae329adfe1395fd193da44bc32f8f1c186a771c68c8849da8931cd1f9972,2019-08-25,2025-04-16
Clips4Sale,Sweaty Fatty Makes You Lick Her Crevices,Sweaty Fatty Makes You Lick Her Crevices,25402679,38,569.37,341.62,14.98,8.99,lady sublime bbw fat worship sweaty lick my crevices clean WM.mp4,mp4,00:14:20,779,1920x1080,2024-11-25 20:56:49,2026-07-04_17-47-51_title_summary_history_2019-08-25_to_2025-04-16_Sales_Summary_by_Title_25-08-2019_to_25-08-2019.csv,2026-07-04T17:49:47,ae3aff8ce9520e697225b59c85ec5c85a594827658d78ac0d49aa3d70693d479,2019-08-25,2025-04-16
Clips4Sale,Horny SSBBW Jiggles for Your Cum,Horny SSBBW Jiggles for Your Cum,29284585,31,557.48,334.49,17.98,10.79,lady sublime ssbbw leather pants catwalk heels fat jiggle bouncing tease watermark-4k clips4sale.mov,mov,00:17:18,5501,3840x2160,2024-06-14 17:58:07,2026-07-04_17-47-51_title_summary_history_2019-08-25_to_2025-04-16_Sales_Summary_by_Title_25-08-2019_to_25-08-2019.csv,2026-07-04T17:49:47,d6434695da2fc13748ed16aedab636421fde67280164c3aae6991e104ab83102,2019-08-25,2025-04-16
Clips4Sale,Bloated SSBBW Chugs Soda and Burps,Bloated SSBBW Chugs Soda and Burps,29983307,22,549.63,329.78,24.98,14.99,lady sublime ssbbw soda chugging belching burping bloating belly fat watermark-4k clips4sale.mov,mov,00:13:37,5709,3840x2160,2024-10-30 01:48:40,2026-07-04_17-47-51_title_summary_history_2019-08-25_to_2025-04-16_Sales_Summary_by_Title_25-08-2019_to_25-08-2019.csv,2026-07-04T17:49:47,c4a962e5d3970f81a6995c4e90d3b1b0a88302143bd6942655410ff082662bd3,2019-08-25,2025-04-16
Clips4Sale,Riding Your Face and Your Cock POV,Riding Your Face and Your Cock POV,25113247,50,549.17,329.5,10.98,6.59,lady sublime bbw pov face riding fat booty close up and cock riding WM.mp4,mp4,00:10:41,581,1920x1080,2024-11-25 21:47:02,2026-07-04_17-47-51_title_summary_history_2019-08-25_to_2025-04-16_Sales_Summary_by_Title_25-08-2019_to_25-08-2019.csv,2026-07-04T17:49:47,24067f505f44a63b1bc429fc4ed3ef29d259cd23d1c7b8f1b05d93f52adf6300,2019-08-25,2025-04-16
Clips4Sale,BBW Catwalk Bounce and Tease in Heels,BBW Catwalk Bounce and Tease in Heels,26904811,30,539.5,323.7,17.98,10.79,lady suublime bbw heels catwalk belly play twerking ssbbw jfat bouncing wm.mp4,mp4,00:17:05,928,1920x1080,2022-11-29 16:10:20,2026-07-04_17-47-51_title_summary_history_2019-08-25_to_2025-04-16_Sales_Summary_by_Title_25-08-2019_to_25-08-2019.csv,2026-07-04T17:49:47,8468873c55681801cd458053357a4cb193f041e9c7a7ed797fd1c1e78be825fb,2019-08-25,2025-04-16
Clips4Sale,SSBBW Mrs Claus Lets You Eat Ass and Pussy,SSBBW Mrs Claus Lets You Eat Ass and Pussy,28442905,47,534.22,320.53,11.37,6.82,lady sublime ssbbw christmas ass shaking licking fat hairy pussy eating domme-4k clips4sale.mov,mov,00:10:42,5457,3840x2160,2023-12-27 21:46:24,2026-07-04_17-47-51_title_summary_history_2019-08-25_to_2025-04-16_Sales_Summary_by_Title_25-08-2019_to_25-08-2019.csv,2026-07-04T17:49:47,1d93726dff0b7334f06223b83f2da8c71e0eff03edd2f85465418b93313c40ea,2019-08-25,2025-04-16
Clips4Sale,SSBBW Plays with Fat Pussy and Bounces on Your Cock,SSBBW Plays with Fat Pussy and Bounces on Your Cock,27386809,48,533.2,319.92,11.11,6.67,lady sublime bbw hairy pussy play riding bouncing POV wm.mp4,mp4,00:10:41,581,1920x1080,2023-04-05 21:24:38,2026-07-04_17-47-51_title_summary_history_2019-08-25_to_2025-04-16_Sales_Summary_by_Title_25-08-2019_to_25-08-2019.csv,2026-07-04T17:49:47,a0972387bb1803090341b9a4a512a48c2e69da0d04155b8c6870c1e37da3002d,2019-08-25,2025-04-16
Clips4Sale,Fat Girl Walks in Sexy Black Bodystocking,Fat Girl Walks in Sexy Black Bodystocking,27963883,27,531.55,318.93,19.69,11.81,lady subime bbw catwalk walking bodystocking black lingerie heels jiggle fat watermark-4k HDR.mov,mov,00:17:45,4570,3840x2160,2023-09-01 22:13:33,2026-07-04_17-47-51_title_summary_history_2019-08-25_to_2025-04-16_Sales_Summary_by_Title_25-08-2019_to_25-08-2019.csv,2026-07-04T17:49:47,ca3d31e474c9cae39d4547b5b9be6f038ca348fdbfe5eee03611db14fe0eed9e,2019-08-25,2025-04-16
Clips4Sale,Hot Fatty Shows Off SSBBW Body in Lingerie and Heels,Hot Fatty Shows Off SSBBW Body in Lingerie and Heels,28626979,28,531.53,318.92,18.98,11.39,lady sublime bbw lingerie catwalk heels twerk jiggle fat feedee gainer watermark-4k clips4sale.mov,mov,00:18:43,5424,3840x2160,2024-02-12 10:35:02,2026-07-04_17-47-51_title_summary_history_2019-08-25_to_2025-04-16_Sales_Summary_by_Title_25-08-2019_to_25-08-2019.csv,2026-07-04T17:49:47,5c2ffa50d4ba9352c6b3a794dc3439e4d9f1ccff1cadfe372eb0d41609ca82d9,2019-08-25,2025-04-16
Clips4Sale,Cover You In Squirt POV,Cover You In Squirt POV,24023235,53,529.12,317.47,9.98,5.99,lady sublime bbw squirting masturbation pov WM.mp4,mp4,00:08:51,480,1920x1080,2020-11-11 15:15:02,2026-07-04_17-47-51_title_summary_history_2019-08-25_to_2025-04-16_Sales_Summary_by_Title_25-08-2019_to_25-08-2019.csv,2026-07-04T17:49:47,7acf9a286a198211718e77f7750d5d6b3db4be2e53926caf4828f2faed6b367c,2019-08-25,2025-04-16
Clips4Sale,Unaware Horny SSBBW Plays With Herself,Unaware Horny SSBBW Plays With Herself,29475607,34,509.43,305.66,14.98,8.99,lady sublime ssbbw voyeur watching masturbation cum fat pussy watermark-4k clips4sale.mov,mov,00:11:26,5599,3840x2160,2024-07-24 10:00:08,2026-07-04_17-47-51_title_summary_history_2019-08-25_to_2025-04-16_Sales_Summary_by_Title_25-08-2019_to_25-08-2019.csv,2026-07-04T17:49:47,0c87adec3da8db016c90f70a349e225d22b67f44081ddb3e6c842060ecfc0961,2019-08-25,2025-04-16
Clips4Sale,Trying On Clothes I'm Too Fat For,Trying On Clothes I'm Too Fat For,24023217,22,505.63,303.38,22.98,13.79,lady sublime bbw too small clothes try-on and modeling WM.mp4,mp4,00:22:17,1209,1920x1080,2020-11-10 15:10:02,2026-07-04_17-47-51_title_summary_history_2019-08-25_to_2025-04-16_Sales_Summary_by_Title_25-08-2019_to_25-08-2019.csv,2026-07-04T17:49:47,d23738ac6da063ee9ec8697d20471d1bf72e64c39176781b767397ab769262be,2019-08-25,2025-04-16
Clips4Sale,Fattened Up for Master pt 2,Fattened Up for Master pt 2,25490091,22,505.63,303.38,22.98,13.79,lady sublime bbw gaining for master POV fucking food stuffing WM.mp4,mp4,00:21:47,1183,1920x1080,2021-09-26 20:37:56,2026-07-04_17-47-51_title_summary_history_2019-08-25_to_2025-04-16_Sales_Summary_by_Title_25-08-2019_to_25-08-2019.csv,2026-07-04T17:49:47,269038f0236ddcf8b66fe15abbf089c5e8c2dbf23487afbe6f5c8ee903dc89e6,2019-08-25,2025-04-16
Clips4Sale,SSBBW Jiggles Fat for Your Cum Part 2,SSBBW Jiggles Fat for Your Cum Part 2,30215799,28,503.53,302.12,17.98,10.79,lady sublime ssbbw jiggle tease catwalk heels fat worship big belly watermark-4k clips4sale.mov,mov,00:18:01,5849,3840x2160,2024-12-17 05:17:48,2026-07-04_17-47-51_title_summary_history_2019-08-25_to_2025-04-16_Sales_Summary_by_Title_25-08-2019_to_25-08-2019.csv,2026-07-04T17:49:47,efcec6e69336cd9166cc465efbd6180d4791705027c7fcf65ee117d847289ef7,2019-08-25,2025-04-16
Clips4Sale,Fatty Does Jiggly Workout in Bodystocking,Fatty Does Jiggly Workout in Bodystocking,28346001,31,497.48,298.49,16.05,9.63,lady sublime bodystocking ssbbw workout jiggle fat out of shape watermark-4k clips4sale.mov,mov,00:15:44,5440,3840x2160,2023-12-04 19:50:03,2026-07-04_17-47-51_title_summary_history_2019-08-25_to_2025-04-16_Sales_Summary_by_Title_25-08-2019_to_25-08-2019.csv,2026-07-04T17:49:47,01c3d226f145dc6463aab467adf1fad034a51974a6e0d3a0f459c40273024fae,2019-08-25,2025-04-16
Clips4Sale,Fatty Stuffs T Bell and Weighs In,Fatty Stuffs T Bell and Weighs In,27461085,25,493.58,296.15,19.74,11.85,lady sublime bbw taco bell stuffing overeating weight in fat girl eating wm.mp4,mp4,00:18:00,978,1920x1080,2023-04-25 14:36:28,2026-07-04_17-47-51_title_summary_history_2019-08-25_to_2025-04-16_Sales_Summary_by_Title_25-08-2019_to_25-08-2019.csv,2026-07-04T17:49:47,970ab967724b8e8345d4af983ebc9eb705ddf09ea4614d6e7d9c2e0183e95842,2019-08-25,2025-04-16
Clips4Sale,SSBBW Solo POV BJ and Fuck,SSBBW Solo POV BJ and Fuck,27800139,28,492.53,295.52,17.59,10.55,romper pov.mov,mov,00:16:16,4492,3840x2160,2023-09-08 00:43:07,2026-07-04_17-47-51_title_summary_history_2019-08-25_to_2025-04-16_Sales_Summary_by_Title_25-08-2019_to_25-08-2019.csv,2026-07-04T17:49:47,56ccbe32e30fd0cd5464be5495d33f43e784300048ad6aa9ccd7b34c5e2d4bb4,2019-08-25,2025-04-16
Clips4Sale,SSBBW Turns Feeder Boyfriend Into Cuckold,SSBBW Turns Feeder Boyfriend Into Cuckold,28959823,36,479.4,287.64,13.32,7.99,lady sublime ssbbw cuckold feeder feedee weight gain gfe watermark-4k clips4sale.mov,mov,00:12:14,5528,3840x2160,2024-04-21 19:08:44,2026-07-04_17-47-51_title_summary_history_2019-08-25_to_2025-04-16_Sales_Summary_by_Title_25-08-2019_to_25-08-2019.csv,2026-07-04T17:49:47,176b7d1973020d7a71b3bfdc4ac23f2fe4775284cb1d216bf6b631711dd1457e,2019-08-25,2025-04-16
Clips4Sale,Growing SSBBW Begs to be Impregnated,Growing SSBBW Begs to be Impregnated,29434323,35,464.42,278.65,13.27,7.96,lady sublime ssbbw breeding fantasy weight gain fat chat watermark-4k clips4sale.mov,mov,00:11:12,5061,3840x2160,2024-07-14 10:00:09,2026-07-04_17-47-51_title_summary_history_2019-08-25_to_2025-04-16_Sales_Summary_by_Title_25-08-2019_to_25-08-2019.csv,2026-07-04T17:49:47,5ed48cba621828420b1e59e5aa2340161522a457609b34a559b2b0ccf48c0991,2019-08-25,2025-04-16
Clips4Sale,SSBBW Does Steamy Striptease for You,SSBBW Does Steamy Striptease for You,30746667,21,461.65,276.99,21.98,13.19,lady sublime ssbbw white bikini shower strip tease twerk jiggle watermark-4k clips4sale.mov,mov,00:15:49,5752,3840x2160,2025-03-17 10:48:30,2026-07-04_17-47-51_title_summary_history_2019-08-25_to_2025-04-16_Sales_Summary_by_Title_25-08-2019_to_25-08-2019.csv,2026-07-04T17:49:47,52786f0cb43f86deea102b4ae7edfdfc30765dc5ada17570b135b09aa8d7480e,2019-08-25,2025-04-16
Clips4Sale,SSBBW Lingerie Tease and JOI w Countdown,SSBBW Lingerie Tease and JOI w Countdown,27675129,27,458.55,275.13,16.98,10.19,joi countdown.mov,mov,00:16:41,4489,3840x2160,2023-09-07 23:54:50,2026-07-04_17-47-51_title_summary_history_2019-08-25_to_2025-04-16_Sales_Summary_by_Title_25-08-2019_to_25-08-2019.csv,2026-07-04T17:49:47,29f6ddd484a42eeb68991439759cfc3476644eac74d3844b2aab16c80f4a0c75,2019-08-25,2025-04-16
Clips4Sale,Oiled Up BBW Slides Naked on Air Mattress,Oiled Up BBW Slides Naked on Air Mattress,24679127,38,455.37,273.22,11.98,7.19,lady sublime bbw shiny oil play slip and slide WM.mp4,mp4,00:10:55,593,1920x1080,2021-03-14 18:42:41,2026-07-04_17-47-51_title_summary_history_2019-08-25_to_2025-04-16_Sales_Summary_by_Title_25-08-2019_to_25-08-2019.csv,2026-07-04T17:49:47,2c3ae88cc663104a54b1941b99e280de698c63713f83ab95eee24387e4228714,2019-08-25,2025-04-16
Clips4Sale,Little Black Dress SSBBW Jiggly Catwalk in Heels,Little Black Dress SSBBW Jiggly Catwalk in Heels,27276257,25,449.58,269.75,17.98,10.79,lady sublime bbw catwalk black dress heels jiggle fat bouncing ssbbw wm.mp4,mp4,00:17:20,942,1920x1080,2023-03-09 03:46:03,2026-07-04_17-47-51_title_summary_history_2019-08-25_to_2025-04-16_Sales_Summary_by_Title_25-08-2019_to_25-08-2019.csv,2026-07-04T17:49:47,b801978c6f98b25d051d033029dce5029bf42126f53cb470e6d0cd31325ace4b,2019-08-25,2025-04-16
Clips4Sale,Fatty Jumping on the Squeaky Bed,Fatty Jumping on the Squeaky Bed,26184677,39,434.35,260.61,11.14,6.68,lady sublime bbw jumping on squeaky bed fat bouncing twerking big ass pussy wm.mp4,mp4,00:09:45,530,1920x1080,2022-05-06 20:11:07,2026-07-04_17-47-51_title_summary_history_2019-08-25_to_2025-04-16_Sales_Summary_by_Title_25-08-2019_to_25-08-2019.csv,2026-07-04T17:49:47,11ecf8edc678e7fd336e3118eed7c9e30bb58039c27079819baa1ee6c097bcd6,2019-08-25,2025-04-16
Clips4Sale,Fatty Binges T Bell Burritos,Fatty Binges T Bell Burritos,26444841,24,431.6,258.96,17.98,10.79,lady sublime bbw burrito binge food stuffing overeating gaining feedee feederism wm.mp4,mp4,00:34:15,1851,1920x1080,2022-08-08 23:25:02,2026-07-04_17-47-51_title_summary_history_2019-08-25_to_2025-04-16_Sales_Summary_by_Title_25-08-2019_to_25-08-2019.csv,2026-07-04T17:49:47,34b49c6640f96a50f7e06d9ebe29fd76bdc263f3f8e7cf975cf72be97691cd98,2019-08-25,2025-04-16
Clips4Sale,Gaining SSBBW Mistress Teases You POV,Gaining SSBBW Mistress Teases You POV,29395095,38,429.37,257.62,11.3,6.78,lady sublime ssbbw fat tease jiggle seduction mistress watermark-4k clips4sale.mov,mov,00:09:40,5742,3840x2160,2024-07-07 10:00:09,2026-07-04_17-47-51_title_summary_history_2019-08-25_to_2025-04-16_Sales_Summary_by_Title_25-08-2019_to_25-08-2019.csv,2026-07-04T17:49:47,ed514eac65dfe3abe1d574584aa95c9ab063b3a2b4ef670e09e3e5ccdbf957d6,2019-08-25,2025-04-16
Clips4Sale,400lb SSBBW Sits On Your Chest,400lb SSBBW Sits On Your Chest,24019181,34,407.43,244.46,11.98,7.19,bbw lady sublime chest sitting heavy cum big belly WM2.mp4,mp4,00:10:51,583,1920x1080,2020-10-25 00:00:03,2026-07-04_17-47-51_title_summary_history_2019-08-25_to_2025-04-16_Sales_Summary_by_Title_25-08-2019_to_25-08-2019.csv,2026-07-04T17:49:47,6878e9c2def9f10be39bea04c0544050b74a3dc68dea184e9a1a3d8237e0bcd0,2019-08-25,2025-04-16
Clips4Sale,Fat Fitness Instructor Causes Shaking,Fat Fitness Instructor Causes Shaking,27986033,36,404.4,242.64,11.23,6.74,bbw fitness.mov,mov,00:10:21,4169,3840x2160,2023-09-07 02:19:33,2026-07-04_17-47-51_title_summary_history_2019-08-25_to_2025-04-16_Sales_Summary_by_Title_25-08-2019_to_25-08-2019.csv,2026-07-04T17:49:47,fc68a3b90ad2482e4ee8fc0d9bd579406d325d3972cfaee5d0b96c8d04713a90,2019-08-25,2025-04-16
Clips4Sale,SSBBW Devours a Pile of KFC,SSBBW Devours a Pile of KFC,27498019,22,390.63,234.38,17.76,10.65,lady sublime bbw kfc facestuffing overeating gaining feedee bloating burps wm.mp4,mp4,00:48:31,2633,1920x1080,2023-05-05 00:37:50,2026-07-04_17-47-51_title_summary_history_2019-08-25_to_2025-04-16_Sales_Summary_by_Title_25-08-2019_to_25-08-2019.csv,2026-07-04T17:49:47,3d1630d9d489b25dbc78941f559336ce3ec276c55af71291f527ffc7fb006aec,2019-08-25,2025-04-16
Clips4Sale,Stuffed BBW Struggles to Stand Up,Stuffed BBW Struggles to Stand Up,25132457,33,362.45,217.47,10.98,6.59,lady sublime bbw fat struggle to get up too heavy WM.mp4,mp4,00:08:42,474,1920x1080,2021-06-24 18:22:28,2026-07-04_17-47-51_title_summary_history_2019-08-25_to_2025-04-16_Sales_Summary_by_Title_25-08-2019_to_25-08-2019.csv,2026-07-04T17:49:47,d062b11277ad69d788f9fc002734b0fed6fbf37cc06c719306dfa21b3bd7270c,2019-08-25,2025-04-16
Clips4Sale,SSBBW Catwalk and Fat Bouncing in Heels,SSBBW Catwalk and Fat Bouncing in Heels,27276267,18,360.7,216.42,20.04,12.02,lady sublime bbw hairy pussy play pov riding bouncing wm.mp4,mp4,00:18:18,993,1920x1080,2023-03-09 03:45:56,2026-07-04_17-47-51_title_summary_history_2019-08-25_to_2025-04-16_Sales_Summary_by_Title_25-08-2019_to_25-08-2019.csv,2026-07-04T17:49:47,af16501ee42818166f4545f0e09f4671153f09c9b2481604371fb3530082aa56,2019-08-25,2025-04-16
Clips4Sale,SSBBW Stuffing Donuts Pussy Play and JOI,SSBBW Stuffing Donuts Pussy Play and JOI,27571507,18,360.7,216.42,20.04,12.02,lady sublime bbw food stuffing donuts fat pussy play ssbbw gaining joi countdown wm.mp4,mp4,00:18:12,989,1920x1080,2023-05-24 20:52:48,2026-07-04_17-47-51_title_summary_history_2019-08-25_to_2025-04-16_Sales_Summary_by_Title_25-08-2019_to_25-08-2019.csv,2026-07-04T17:49:47,da46ba23c9115f9b321d4ef92d2482537502a4736a106ca647043e7faccb8bde,2019-08-25,2025-04-16
Clips4Sale,Growing SSBBW Cums While Stuffing Pizza,Growing SSBBW Cums While Stuffing Pizza,29037291,14,349.77,209.86,24.98,14.99,lady sublime ssbbw food eating face stuffing pizza masturbation burping vibrator-4k clips4sale.mov,mov,00:29:37,5630,3840x2160,2024-05-05 10:00:08,2026-07-04_17-47-51_title_summary_history_2019-08-25_to_2025-04-16_Sales_Summary_by_Title_25-08-2019_to_25-08-2019.csv,2026-07-04T17:49:47,6eba034d25028deb218d36f76ceb3f87e502c8a067bf0990710e5935946a5418,2019-08-25,2025-04-16
Clips4Sale,65-Inch Ass Worship,65-Inch Ass Worship,24019215,35,349.42,209.65,9.98,5.99,lady sublime bbw ass worship twerk butthole WM2.mp4,mp4,00:09:44,526,1920x1080,2020-10-27 00:00:02,2026-07-04_17-47-51_title_summary_history_2019-08-25_to_2025-04-16_Sales_Summary_by_Title_25-08-2019_to_25-08-2019.csv,2026-07-04T17:49:47,f6702106b678b347b75371b3cc22b420fb4756ffd5af721e2e3186debc07179c,2019-08-25,2025-04-16
Clips4Sale,Horny SSBBW Fucks Fat Creamy Pussy,Horny SSBBW Fucks Fat Creamy Pussy,29110061,28,347.53,208.52,12.41,7.45,lady sublime ssbbw fat pussy masturbation glass toy fucking watermark-4k clips4sale.mov,mov,00:11:42,4571,3840x2160,2024-11-23 23:20:04,2026-07-04_17-47-51_title_summary_history_2019-08-25_to_2025-04-16_Sales_Summary_by_Title_25-08-2019_to_25-08-2019.csv,2026-07-04T17:49:47,930cda3cfcf8078e110db9a0ce3bada8ad4eb57a93d89cccd5c58d90387f9b33,2019-08-25,2025-04-16
Clips4Sale,Fatty Catwalks in Black Skinny Jeans,Fatty Catwalks in Black Skinny Jeans,27675139,18,341.7,205.02,18.98,11.39,lady sublime bbw black jeans catwalk heels jiggle shaking bouncing obese watermark-4k HDR.mov,mov,00:18:09,4419,1920x1080,2023-09-01 20:40:13,2026-07-04_17-47-51_title_summary_history_2019-08-25_to_2025-04-16_Sales_Summary_by_Title_25-08-2019_to_25-08-2019.csv,2026-07-04T17:49:47,e3c40fb0ef5cb69dce5e5c6d24728dee488f7cfad9c78b832fbfa3d4df63a8cb,2019-08-25,2025-04-16
Clips4Sale,Kneel and Eat My Fat BBW Pussy,Kneel and Eat My Fat BBW Pussy,26461421,21,338.65,203.19,16.13,9.68,lady sublime bbw purple lingerie fat pussy play wm.mp4,mp4,00:15:03,818,1920x1080,2022-08-15 23:40:01,2026-07-04_17-47-51_title_summary_history_2019-08-25_to_2025-04-16_Sales_Summary_by_Title_25-08-2019_to_25-08-2019.csv,2026-07-04T17:49:47,1682512827bdf45d1eabe3941aeda28f6e9e440ed87d4b849aee9444d8f355ba,2019-08-25,2025-04-16
Clips4Sale,SSBBW Babe Gobbles Entire Pie,SSBBW Babe Gobbles Entire Pie,28324321,16,335.73,201.44,20.98,12.59,lady sublime bbw pie food stuffing overeating gaining fat belly growing ssbbw4k clips4sale.mov,mov,00:25:02,5526,3840x2160,2023-11-27 21:49:01,2026-07-04_17-47-51_title_summary_history_2019-08-25_to_2025-04-16_Sales_Summary_by_Title_25-08-2019_to_25-08-2019.csv,2026-07-04T17:49:47,a8598818e8dc6684d1e268beda0564057bb9621f0ee17318c866ba15ad5f5775,2019-08-25,2025-04-16
Clips4Sale,SSBBW Black Bikini Catwalk in Heels,SSBBW Black Bikini Catwalk in Heels,27012965,21,335.65,201.39,15.98,9.59,lady sublime bbw black bikini ssbbw catwalk heels fat belly jiggle bounce cellulite twerking wm.mp4,mp4,00:15:44,855,1920x1080,2022-12-29 22:29:13,2026-07-04_17-47-51_title_summary_history_2019-08-25_to_2025-04-16_Sales_Summary_by_Title_25-08-2019_to_25-08-2019.csv,2026-07-04T17:49:47,42cf5da183b8473683c81dd249770c6671783d30af14b7b9ee81e357822b3a75,2019-08-25,2025-04-16
Clips4Sale,Horny SSBBW Strips and Cums POV,Horny SSBBW Strips and Cums POV,28963997,29,322.52,193.51,11.12,6.67,ady sublime bbw pleather leggings tease masturbation fat hairy pussy watermark-4k clips4sale.mov,mov,00:09:53,5600,3840x2160,2024-04-28 02:55:03,2026-07-04_17-47-51_title_summary_history_2019-08-25_to_2025-04-16_Sales_Summary_by_Title_25-08-2019_to_25-08-2019.csv,2026-07-04T17:49:47,a7edbfa7f22b95809a07f34b551db74ac9d2a996b21c7f56243d254c5a7caf77,2019-08-25,2025-04-16
Clips4Sale,Fat Ass SSBBW Masturbates for You,Fat Ass SSBBW Masturbates for You,29270847,27,302.55,181.53,11.21,6.72,lady sublime ssbbw pleather skirt heels masturbation watermark-4k clips4sale.mov,mov,00:10:02,5531,3840x2160,2024-06-11 19:29:23,2026-07-04_17-47-51_title_summary_history_2019-08-25_to_2025-04-16_Sales_Summary_by_Title_25-08-2019_to_25-08-2019.csv,2026-07-04T17:49:47,4fdf11e901a3b11a1e0a679d5b8a409943e3cb5eceb3e004dd2f4eaf65d21173,2019-08-25,2025-04-16
Clips4Sale,BBW DPs Fat Pussy With Dildos,BBW DPs Fat Pussy With Dildos,24028925,20,299.67,179.8,14.98,8.99,lady sublime bbw pussy dp double penetration sloppy bj WM.mp4,mp4,00:14:17,774,1920x1080,2020-11-15 19:20:02,2026-07-04_17-47-51_title_summary_history_2019-08-25_to_2025-04-16_Sales_Summary_by_Title_25-08-2019_to_25-08-2019.csv,2026-07-04T17:49:47,2eac10d391cf907e43d07f8f677c1f350f15f2f83ea6d4ebc6c73f6c3b91b0a6,2019-08-25,2025-04-16
Clips4Sale,SSBBW Hanging Belly and Fat Clapping,SSBBW Hanging Belly and Fat Clapping,28766245,24,293.6,176.16,12.23,7.34,lady sublime ssbbw drooping sagging belly jiggle fat clapping obese belly hang fat 4k clips4sale.mov,mov,00:10:59,5495,3840x2160,2024-03-12 10:10:03,2026-07-04_17-47-51_title_summary_history_2019-08-25_to_2025-04-16_Sales_Summary_by_Title_25-08-2019_to_25-08-2019.csv,2026-07-04T17:49:47,2e18aab6de78c944a34c12c5a83c691a4733d459779807ce9d57cf67da45eb71,2019-08-25,2025-04-16
Clips4Sale,Oiled Up Fatty Does Naked Workout,Oiled Up Fatty Does Naked Workout,27818713,17,288.72,173.23,16.98,10.19,lady sublime bbw oil play exercise fat body jiggle shiny sweaty fatty watermark-4k HDR.mov,mov,00:16:36,4467,3840x2160,2023-09-02 17:07:21,2026-07-04_17-47-51_title_summary_history_2019-08-25_to_2025-04-16_Sales_Summary_by_Title_25-08-2019_to_25-08-2019.csv,2026-07-04T17:49:47,578c742a78072357409cfe4440377b2f627de57f8ca15db5e549e73b95f67302,2019-08-25,2025-04-16
Clips4Sale,Sexy BBW Wants to Masturbate Together,Sexy BBW Wants to Masturbate Together,25664651,19,288.68,173.21,15.19,9.12,lady sublime bbw wet pussy rubbing and cum encouragement WM.mp4,mp4,00:14:05,765,1920x1080,2021-11-22 20:23:43,2026-07-04_17-47-51_title_summary_history_2019-08-25_to_2025-04-16_Sales_Summary_by_Title_25-08-2019_to_25-08-2019.csv,2026-07-04T17:49:47,477dc501f69836bd15d45a00d908a3e9a49b33db9d203006ad6118907d836050,2019-08-25,2025-04-16
Clips4Sale,SSBBW Bloats and Burps with Milkshake and Soda,SSBBW Bloats and Burps with Milkshake and Soda,27080333,23,288.62,173.17,12.55,7.53,lady sublime bbw stuffing chugging burping feederism feedee growing fetish WM.mp4,mp4,00:10:45,579,1920x1080,2023-01-17 22:09:32,2026-07-04_17-47-51_title_summary_history_2019-08-25_to_2025-04-16_Sales_Summary_by_Title_25-08-2019_to_25-08-2019.csv,2026-07-04T17:49:47,a861d332ed751c22c3019d3ff7bd1e0aa1c6c8d26aa1922ff638433b573d278b,2019-08-25,2025-04-16
Clips4Sale,Fat Girl Struts in Black Lace Romper,Fat Girl Struts in Black Lace Romper,27945889,16,287.73,172.64,17.98,10.79,lady sublime bbw black lace romper catwalk ssbbw jiggles obese fat girl watermark-4k HDR.mov,mov,00:17:41,4637,3840x2160,2023-08-31 22:25:24,2026-07-04_17-47-51_title_summary_history_2019-08-25_to_2025-04-16_Sales_Summary_by_Title_25-08-2019_to_25-08-2019.csv,2026-07-04T17:49:47,b4d66ae030cde1e94c1bdfde5f794ecdd4fe4de95797d2e762da5f8eedc890cb,2019-08-25,2025-04-16
Clips4Sale,Fat Girl Stuffs Donuts and Rides Glass Dildo,Fat Girl Stuffs Donuts and Rides Glass Dildo,25637281,22,285.63,171.38,12.98,7.79,lady sublime bbw horny donut eating glass dildo fucking and riding WM.mp4,mp4,00:11:47,640,1920x1080,2021-11-13 20:51:33,2026-07-04_17-47-51_title_summary_history_2019-08-25_to_2025-04-16_Sales_Summary_by_Title_25-08-2019_to_25-08-2019.csv,2026-07-04T17:49:47,0ee13c89e33686707f4fe0795195a99ad3b16cf785e6ff4eb27fc5d19bb7560b,2019-08-25,2025-04-16
Clips4Sale,Fat Girl Sucks and Rides Dildo,Fat Girl Sucks and Rides Dildo,26444825,31,278.48,167.09,8.98,5.39,lady sublime bbw dick sucking and riding side view wm.mp4,mp4,00:08:23,456,1920x1080,2022-08-04 23:10:03,2026-07-04_17-47-51_title_summary_history_2019-08-25_to_2025-04-16_Sales_Summary_by_Title_25-08-2019_to_25-08-2019.csv,2026-07-04T17:49:47,f921a19076dd659a59609c8c5c42dd2585d1b19c8976dda3ac3bd0efacefac45,2019-08-25,2025-04-16
Clips4Sale,Fat Hottie Binges 50 Chicken Wings,Fat Hottie Binges 50 Chicken Wings,24019587,11,274.82,164.89,24.98,14.99,lady sublime bbw mukbang food stuffing fat feederism feedee WM.mp4,mp4,00:24:26,1325,1920x1080,2020-10-31 00:00:02,2026-07-04_17-47-51_title_summary_history_2019-08-25_to_2025-04-16_Sales_Summary_by_Title_25-08-2019_to_25-08-2019.csv,2026-07-04T17:49:47,f0eb7369dfc5b250e3603ef49d56d4df8c3bbe166ddeaa02a22d931fe5f2fb6f,2019-08-25,2025-04-16
Clips4Sale,Soapy and Dripping SSBBW in the Shower,Soapy and Dripping SSBBW in the Shower,28455009,16,271.73,163.04,16.98,10.19,lady sublime ssbbw shower red bikini wet soapy dripping body rubbing watermark-4k clips4sale.mov,mov,00:16:03,5571,3840x2160,2024-01-05 07:40:03,2026-07-04_17-47-51_title_summary_history_2019-08-25_to_2025-04-16_Sales_Summary_by_Title_25-08-2019_to_25-08-2019.csv,2026-07-04T17:49:47,1bce9a8b2576fd8815808bcd54982c3e2813ff5ac30c0e500f6e5ec5a1c9cc58,2019-08-25,2025-04-16
Clips4Sale,Touring My Fat Jiggly Body,Touring My Fat Jiggly Body,24019337,23,252.62,151.57,10.98,6.59,lady sublime bbw fat shaking bouncing ssbbw twerk WM2.mp4,mp4,00:10:08,550,1920x1080,2020-10-29 00:00:02,2026-07-04_17-47-51_title_summary_history_2019-08-25_to_2025-04-16_Sales_Summary_by_Title_25-08-2019_to_25-08-2019.csv,2026-07-04T17:49:47,fb8f5675ea225bd7329f1786b9b9f8121a1531eead039066709b3b9d3a743e9a,2019-08-25,2025-04-16
Clips4Sale,Red Satin Shorts Fat Booty Worship,Red Satin Shorts Fat Booty Worship,24415359,36,251.4,150.84,6.98,4.19,lady sublime bbw satin panty fat ass worship twerk butthole flexing hairy pussy trailer WM.mp4,mp4,00:06:25,348,1920x1080,2021-01-18 21:23:44,2026-07-04_17-47-51_title_summary_history_2019-08-25_to_2025-04-16_Sales_Summary_by_Title_25-08-2019_to_25-08-2019.csv,2026-07-04T17:49:47,5f37d8a79e3f27707a7850651bb40ff5627b18135f039d9c04e342cf42826dd0,2019-08-25,2025-04-16
Clips4Sale,Fatty BBW Cums Instead of Exercising,Fatty BBW Cums Instead of Exercising,25560449,20,240.67,144.4,12.03,7.22,lady sublime bbw workout belly bouncing jumping jacks vibrator cum WM.mp4,mp4,00:10:52,591,1920x1080,2021-10-19 03:38:10,2026-07-04_17-47-51_title_summary_history_2019-08-25_to_2025-04-16_Sales_Summary_by_Title_25-08-2019_to_25-08-2019.csv,2026-07-04T17:49:47,7333853da9974021de4418d6dd23e981735d522b75ddc553072ffa233aea828c,2019-08-25,2025-04-16
Clips4Sale,BBW Squirts in the Bathroom,BBW Squirts in the Bathroom,26444779,21,239.65,143.79,11.41,6.85,lady sublime bbw squirt masturbation toilet bathroom wm.mp4,mp4,00:10:15,556,1920x1080,2022-07-28 21:00:05,2026-07-04_17-47-51_title_summary_history_2019-08-25_to_2025-04-16_Sales_Summary_by_Title_25-08-2019_to_25-08-2019.csv,2026-07-04T17:49:47,eb8756677a62e6f5a5abee6b0e60e8d939ca3031bd72eb269a4507bb33370b00,2019-08-25,2025-04-16
Clips4Sale,Stroke and Cum with a Fatty,Stroke and Cum with a Fatty,24858325,18,233.7,140.22,12.98,7.79,lady sublime bbw mutual masturbation wet pussy orgasm WM.mp4,mp4,00:11:47,638,1920x1080,2021-04-22 20:21:37,2026-07-04_17-47-51_title_summary_history_2019-08-25_to_2025-04-16_Sales_Summary_by_Title_25-08-2019_to_25-08-2019.csv,2026-07-04T17:49:47,137cc2e0a31270fcf8851010d256a7495ac7793a2c534b21a8a90b67402ecdf1,2019-08-25,2025-04-16
Clips4Sale,BBW Sucks and Fucks in the Sun,BBW Sucks and Fucks in the Sun,25081081,18,233.7,140.22,12.98,7.79,lady sublime bbw dildo fucing sucking and riding belly bouncing fat tits WM.mp4,mp4,00:12:01,653,1920x1080,2024-11-25 21:43:56,2026-07-04_17-47-51_title_summary_history_2019-08-25_to_2025-04-16_Sales_Summary_by_Title_25-08-2019_to_25-08-2019.csv,2026-07-04T17:49:47,01b76395a29fa4643dfa0e49f74fab1793430ecd4eda082267eca1b2f4d8b4a5,2019-08-25,2025-04-16
Clips4Sale,Horny SSBBW Teases Fat Pussy VISION PRO (Spatial Video),Horny SSBBW Teases Fat Pussy VISION PRO (Spatial Video),28793343,18,233.7,140.22,12.98,7.79,lady sublime ssbbw vision pro spatial video pussy tease.MOV,MOV,00:05:33,715,1920x1080,2024-03-14 18:08:16,2026-07-04_17-47-51_title_summary_history_2019-08-25_to_2025-04-16_Sales_Summary_by_Title_25-08-2019_to_25-08-2019.csv,2026-07-04T17:49:47,6ba73d2423237b078c7bbbcbc98f55d478e135c251604d125313104674e4fb8c,2019-08-25,2025-04-16
Clips4Sale,Fat Pussy Dripping on Your Face,Fat Pussy Dripping on Your Face,25679229,20,228.67,137.2,11.43,6.86,lady sublime bbw dripping pussy overhead masturbation cum WM.mp4,mp4,00:10:42,582,1920x1080,2021-11-27 19:57:06,2026-07-04_17-47-51_title_summary_history_2019-08-25_to_2025-04-16_Sales_Summary_by_Title_25-08-2019_to_25-08-2019.csv,2026-07-04T17:49:47,8b820be057b823fc0856474a868701af6e5f08a907e34ac62fc54acbebac566d,2019-08-25,2025-04-16
Clips4Sale,BBW Stripper Lets You Fuck in VIP,BBW Stripper Lets You Fuck in VIP,25577519,19,227.68,136.61,11.98,7.19,lady sublime bbw stripper fucks client n vip pov solo WM.mp4,mp4,00:10:45,585,1920x1080,2021-10-25 12:16:49,2026-07-04_17-47-51_title_summary_history_2019-08-25_to_2025-04-16_Sales_Summary_by_Title_25-08-2019_to_25-08-2019.csv,2026-07-04T17:49:47,19331757d24f9dbce95d8225665bf6837a4f8e4e2186d87de6610333620d0b07,2019-08-25,2025-04-16
Clips4Sale,Soft Belly BBW Stuffs Her Face with Pizza,Soft Belly BBW Stuffs Her Face with Pizza,24188541,15,224.75,134.85,14.98,8.99,lady sublime bbw pizza stuffing feeder food stuffing feedee feederism gainer gaining mukbang WM.mp4,mp4,00:14:17,769,1920x1080,2020-11-29 20:37:41,2026-07-04_17-47-51_title_summary_history_2019-08-25_to_2025-04-16_Sales_Summary_by_Title_25-08-2019_to_25-08-2019.csv,2026-07-04T17:49:47,fc467b73bb8ed6f3cbee1a21ef1db62dd8a73ab8ab5fa703025e382d37c461f1,2019-08-25,2025-04-16
Clips4Sale,SSBBW Stuffs Burgers POV (VISION PRO),SSBBW Stuffs Burgers POV (VISION PRO),28927213,9,215.85,129.51,23.98,14.39,lady sublime ssbbw burger stuffing spatial video.MOV,MOV,00:23:29,2619,1920x1080,2024-04-12 19:34:21,2026-07-04_17-47-51_title_summary_history_2019-08-25_to_2025-04-16_Sales_Summary_by_Title_25-08-2019_to_25-08-2019.csv,2026-07-04T17:49:47,82b75bf138fb5a24423efec6064ce5b257f09bb05c5bd727d1bbc38014871930,2019-08-25,2025-04-16
Clips4Sale,Creampie My Fat Creamy Pussy,Creampie My Fat Creamy Pussy,24972979,14,209.77,125.86,14.98,8.99,lady sublime bbw black lace squirting dildo g string creampie WM.mp4,mp4,00:14:18,765,1920x1080,2024-11-25 21:44:01,2026-07-04_17-47-51_title_summary_history_2019-08-25_to_2025-04-16_Sales_Summary_by_Title_25-08-2019_to_25-08-2019.csv,2026-07-04T17:49:47,2822cac551fbaf7180963ae912e44c9a0f6abb403daf71f0162b833045316d96,2019-08-25,2025-04-16
Clips4Sale,Hairy BBW Pussy Clit Pumped and Vibed,Hairy BBW Pussy Clit Pumped and Vibed,25296041,9,206.85,124.11,22.98,13.79,lady sublime bbw swollen clit pump vibrator masturbation wet pussy WM.mp4,mp4,00:22:24,1217,1920x1080,2021-08-03 16:19:36,2026-07-04_17-47-51_title_summary_history_2019-08-25_to_2025-04-16_Sales_Summary_by_Title_25-08-2019_to_25-08-2019.csv,2026-07-04T17:49:47,672829f1951e97bcdd89b904e21cb9a32d4a3b137d3a55fcae5aa334f7f05b4e,2019-08-25,2025-04-16
Clips4Sale,SSBBW Stuffs in the Car Until Stuck,SSBBW Stuffs in the Car Until Stuck,30931393,7,202.88,121.73,28.98,17.39,lady sublime ssbbw eating in car food stuffing too big oversized -4k clips4sale.mov,mov,00:36:09,5771,3840x2160,2025-04-14 23:54:32,2026-07-04_17-47-51_title_summary_history_2019-08-25_to_2025-04-16_Sales_Summary_by_Title_25-08-2019_to_25-08-2019.csv,2026-07-04T17:49:47,f73cca09c89ec34d644e873e491056034b372a935e87cfa9cfe795b8c0990f90,2019-08-25,2025-04-16
Clips4Sale,Rose Quartz in my Fat Pussy,Rose Quartz in my Fat Pussy,25153141,9,197.85,118.71,21.98,13.19,lady sublime bbw ssbbw masturbation wet hairy pussy quartz dildo WM.mp4,mp4,00:21:08,1147,1920x1080,2021-06-29 23:01:57,2026-07-04_17-47-51_title_summary_history_2019-08-25_to_2025-04-16_Sales_Summary_by_Title_25-08-2019_to_25-08-2019.csv,2026-07-04T17:49:47,3a013214e9b748d5f7f67b78df28e10751f3abb65bb9b9d4931050c4cfb9a262,2019-08-25,2025-04-16
Clips4Sale,Fatty Fucks Herself in the Window,Fatty Fucks Herself in the Window,26046385,14,195.77,117.46,13.98,8.39,lady sublime bbw dildo fucking red lingerie nn window moaning orgasm wm.mp4,mp4,00:12:50,696,1920x1080,2022-03-24 17:15:53,2026-07-04_17-47-51_title_summary_history_2019-08-25_to_2025-04-16_Sales_Summary_by_Title_25-08-2019_to_25-08-2019.csv,2026-07-04T17:49:47,d95bcedfb3359b1af57af57b8576fc8fd91ce288c0bff4925f143e7d234e0a47,2019-08-25,2025-04-16
Clips4Sale,Fatty Soaps Her Body in Bubbly Bathtub,Fatty Soaps Her Body in Bubbly Bathtub,28588941,12,191.8,115.08,15.98,9.59,lady sublime ssbbw bathtub soapy suds jiggle twerk wet dripping body rubbing-4k clips4sale.mov,mov,00:15:24,5702,3840x2160,2024-02-04 10:05:03,2026-07-04_17-47-51_title_summary_history_2019-08-25_to_2025-04-16_Sales_Summary_by_Title_25-08-2019_to_25-08-2019.csv,2026-07-04T17:49:47,1b4d1ce5894c305d8efe97dfcf6be71e5fc967d617ea25b26b757f0b9c41f16a,2019-08-25,2025-04-16
Clips4Sale,Denim Shorts BBW Ass Worship,Denim Shorts BBW Ass Worship,26444807,23,186.62,111.97,8.11,4.87,lady sublime bbw jean short cut offs fat pussy ass boucing wm.mp4,mp4,00:07:29,407,1920x1080,2022-08-01 23:00:04,2026-07-04_17-47-51_title_summary_history_2019-08-25_to_2025-04-16_Sales_Summary_by_Title_25-08-2019_to_25-08-2019.csv,2026-07-04T17:49:47,1209a9a3372efded55b98611133bf4142c44c9a44530cf16c3471f1982c9a7ef,2019-08-25,2025-04-16
Clips4Sale,Fat Teasing and Pussy Fucking,Fat Teasing and Pussy Fucking,25750911,14,181.77,109.06,12.98,7.79,lady sublime bbw fat tease dildo fucking creamy pussy riding fat booty orgasm WM.mp4,mp4,00:12:26,675,1920x1080,2021-12-20 18:46:32,2026-07-04_17-47-51_title_summary_history_2019-08-25_to_2025-04-16_Sales_Summary_by_Title_25-08-2019_to_25-08-2019.csv,2026-07-04T17:49:47,5c858b847665dbbdaa73e29df03fa3a6f2df3f50996290eae38f8d3d14cc2c4c,2019-08-25,2025-04-16
Clips4Sale,BBW Dildo Riding and Facial Cumshot,BBW Dildo Riding and Facial Cumshot,25227651,18,179.7,107.82,9.98,5.99,lady sublime bbw fat bouncing ass dick riding facial cum WM.mp4,mp4,00:09:23,508,1920x1080,2024-11-25 21:42:37,2026-07-04_17-47-51_title_summary_history_2019-08-25_to_2025-04-16_Sales_Summary_by_Title_25-08-2019_to_25-08-2019.csv,2026-07-04T17:49:47,fa60ad8dae1b0008979ee223fb94f15ebb4a68eb30e4f88f2e1f3f6c5e09ce84,2019-08-25,2025-04-16
Clips4Sale,BBW Spread and Begging for Anal,BBW Spread and Begging for Anal,25616717,16,178.73,107.24,11.17,6.7,lady sublime bbw white fishnet ass worship beg for anal hairy fat ass WM.mp4,mp4,00:10:39,579,1920x1080,2021-11-07 04:21:29,2026-07-04_17-47-51_title_summary_history_2019-08-25_to_2025-04-16_Sales_Summary_by_Title_25-08-2019_to_25-08-2019.csv,2026-07-04T17:49:47,22abbf77b9f9b760e57c86d38e6720bff76e7fe744d83fab079bd0f6a23029eb,2019-08-25,2025-04-16
Clips4Sale,BBW Fucks Dripping Pussy With Dildo,BBW Fucks Dripping Pussy With Dildo,25509723,11,176.82,106.09,16.07,9.64,lady sublime bbw super wet hairy pussy dripping dildo fucking cumming WM.mp4,mp4,00:15:36,846,1920x1080,2021-10-02 19:00:26,2026-07-04_17-47-51_title_summary_history_2019-08-25_to_2025-04-16_Sales_Summary_by_Title_25-08-2019_to_25-08-2019.csv,2026-07-04T17:49:47,01572bac7bb5c171240ae59ea1fa729f1df7c36d1b49bf2ccffc419bc1cd35e1,2019-08-25,2025-04-16
Clips4Sale,Hot Fatty Stuffs a Dozen Ice Cream Sandwiches,Hot Fatty Stuffs a Dozen Ice Cream Sandwiches,27621645,11,175.82,105.49,15.98,9.59,lady sublime food stuffing overeating facestuffing ice cream sandwich fat mukbang wm.mp4,mp4,00:15:06,644,1920x1080,2023-08-31 22:18:19,2026-07-04_17-47-51_title_summary_history_2019-08-25_to_2025-04-16_Sales_Summary_by_Title_25-08-2019_to_25-08-2019.csv,2026-07-04T17:49:47,e3a1ca5e448925c47318a8907ae17bf712dbc6a859787864d8ab52ea8575213a,2019-08-25,2025-04-16
Clips4Sale,Nude Tights Fat Ass Worship,Nude Tights Fat Ass Worship,24023189,16,175.73,105.44,10.98,6.59,lady sublime bbw nude tights ass worship heels hairy pussy fat ass WM.mp4,mp4,00:10:21,562,1920x1080,2020-11-08 14:55:01,2026-07-04_17-47-51_title_summary_history_2019-08-25_to_2025-04-16_Sales_Summary_by_Title_25-08-2019_to_25-08-2019.csv,2026-07-04T17:49:47,8e3d39a7000059f25c09bcf0b6d3176ac712eb7cbdf672e9ea5c97a52a1c83bd,2019-08-25,2025-04-16
Clips4Sale,Fat Dorothy Fucks You To Get To Kansas,Fat Dorothy Fucks You To Get To Kansas,24019303,16,175.73,105.44,10.98,6.59,lady sublime dorothy halloween heels masturbation WM2.mp4,mp4,00:09:55,539,1920x1080,2020-10-28 00:00:02,2026-07-04_17-47-51_title_summary_history_2019-08-25_to_2025-04-16_Sales_Summary_by_Title_25-08-2019_to_25-08-2019.csv,2026-07-04T17:49:47,b3f46316e8609d97a0ecb960b5aea2701565a550ed33bcc523934431f7aa420e,2019-08-25,2025-04-16
Clips4Sale,BBW Slow Sensual Pole Dance,BBW Slow Sensual Pole Dance,25402489,16,175.73,105.44,10.98,6.59,lady sublime bbw slow sensual pole dance WM.mp4,mp4,00:10:26,567,1920x1080,2024-11-25 21:27:45,2026-07-04_17-47-51_title_summary_history_2019-08-25_to_2025-04-16_Sales_Summary_by_Title_25-08-2019_to_25-08-2019.csv,2026-07-04T17:49:47,7c19025cdd4e61fd85dd5a44c1044c9a74b5804ac8ea1e8917576498f1d10861,2019-08-25,2025-04-16
Clips4Sale,BBW Shaking Her Fat Ass,BBW Shaking Her Fat Ass,25348469,17,169.72,101.83,9.98,5.99,lady sublime bbw spreading ass shaking in heels and dress WM.mp4,mp4,00:09:41,526,1920x1080,2024-11-25 21:41:06,2026-07-04_17-47-51_title_summary_history_2019-08-25_to_2025-04-16_Sales_Summary_by_Title_25-08-2019_to_25-08-2019.csv,2026-07-04T17:49:47,cdb7d2efbf2450ab8de2e8a65d6503801b8edd94258b28247ca11d6a39dd8c1b,2019-08-25,2025-04-16
Clips4Sale,Fat Naked Yoga,Fat Naked Yoga,25704201,12,167.8,100.68,13.98,8.39,lady sublime bbw naked yoga poses exercise wm.mp4,mp4,00:12:48,694,1920x1080,2021-12-05 18:10:18,2026-07-04_17-47-51_title_summary_history_2019-08-25_to_2025-04-16_Sales_Summary_by_Title_25-08-2019_to_25-08-2019.csv,2026-07-04T17:49:47,3ca20aafdaf181b6c5adba789202d4788dbdc5141573c3b3a06e1ca6892de6d0,2019-08-25,2025-04-16
Clips4Sale,Tight Dress Fat Bouncing,Tight Dress Fat Bouncing,24023269,28,167.53,100.52,5.98,3.59,lady sublime bbw tight dress flat flopping with slow mo WM.mp4,mp4,00:05:38,306,1920x1080,2020-11-13 15:20:02,2026-07-04_17-47-51_title_summary_history_2019-08-25_to_2025-04-16_Sales_Summary_by_Title_25-08-2019_to_25-08-2019.csv,2026-07-04T17:49:47,0428a80e80c7fe5c2ff15c991524088bc8263f9f560a84163f87eac6e1aead6d,2019-08-25,2025-04-16
Clips4Sale,SSBBW Catwalk in Skinny Jeans and Heels,SSBBW Catwalk in Skinny Jeans and Heels,27574757,8,159.87,95.92,19.98,11.99,lady sublime bbw skinny jeans and heels catwalk fat belly bouncing jiggling wm.mp4,mp4,00:19:07,1038,1920x1080,2023-05-25 16:15:22,2026-07-04_17-47-51_title_summary_history_2019-08-25_to_2025-04-16_Sales_Summary_by_Title_25-08-2019_to_25-08-2019.csv,2026-07-04T17:49:47,cd29edcc1d27d28216e49564cff03a9c304e17d629bb3a69b1c9bbd97ef823b7,2019-08-25,2025-04-16
Clips4Sale,Blue Jean Fat Ass Worship,Blue Jean Fat Ass Worship,24019609,12,155.8,93.48,12.98,7.79,lady sublime bbw ass worship denim jeans twerk in heels WM.mp4,mp4,00:12:19,669,1920x1080,2020-11-02 20:10:02,2026-07-04_17-47-51_title_summary_history_2019-08-25_to_2025-04-16_Sales_Summary_by_Title_25-08-2019_to_25-08-2019.csv,2026-07-04T17:49:47,ef8f1d2d3ec94c7f14ee7a458c6eb5f45b2a815b458a44723a74541aa6b8063d,2019-08-25,2025-04-16
Clips4Sale,Fat Stripper Gives You a Lapdance,Fat Stripper Gives You a Lapdance,24028985,14,153.77,92.26,10.98,6.59,lady sublime bbw stripper lap dance fucks WM.mp4,mp4,00:10:16,557,1920x1080,2020-11-20 19:40:02,2026-07-04_17-47-51_title_summary_history_2019-08-25_to_2025-04-16_Sales_Summary_by_Title_25-08-2019_to_25-08-2019.csv,2026-07-04T17:49:47,a01a0b0cda808d7e64a8fa7b1541dfe3c39fecfda37b100b682b539d36657bd7,2019-08-25,2025-04-16
Clips4Sale,Jiggling SSBBW Working Out in Lingerie,Jiggling SSBBW Working Out in Lingerie,28914457,9,152.85,91.71,16.98,10.19,lady sublime ssbbw lingerie workout jiggle bouncing watermark-4k clips4sale.mov,mov,00:16:39,5479,3840x2160,2024-04-10 04:06:14,2026-07-04_17-47-51_title_summary_history_2019-08-25_to_2025-04-16_Sales_Summary_by_Title_25-08-2019_to_25-08-2019.csv,2026-07-04T17:49:47,8b7cc9c61d1becb49fe65b9be3152952666f56cca4a6747c9f26686e27fcd56a,2019-08-25,2025-04-16
Clips4Sale,Fat Pussy Play with JOI and Cum Countdown,Fat Pussy Play with JOI and Cum Countdown,24221683,17,152.72,91.63,8.98,5.39,lady sublime bbw cum countdown pussy play joi jack off instruction WM.mp4,mp4,00:08:05,438,1920x1080,2020-12-06 18:09:38,2026-07-04_17-47-51_title_summary_history_2019-08-25_to_2025-04-16_Sales_Summary_by_Title_25-08-2019_to_25-08-2019.csv,2026-07-04T17:49:47,f84d5659c30eece2c537c5f42cc99448e94698f042f4c71c7f4cf015f74e7814,2019-08-25,2025-04-16
Clips4Sale,Growing SSBBW Stuffs 5000 Calories While Sitting on You POV,Growing SSBBW Stuffs 5000 Calories While Sitting on You POV,28871581,5,149.92,89.95,29.98,17.99,lady sublime ssbbw fat chat food stuffing over eating weight gain taco milkshake-4k clips4sale.mov,mov,00:47:45,5522,3840x2160,2024-04-08 22:49:44,2026-07-04_17-47-51_title_summary_history_2019-08-25_to_2025-04-16_Sales_Summary_by_Title_25-08-2019_to_25-08-2019.csv,2026-07-04T17:49:47,d0dac16ee5e536bf123d32625ecb0778d7214e5611d7590852bb0d060fd2cfe5,2019-08-25,2025-04-16
Clips4Sale,SSBBW Workout Struggle in Lingerie,SSBBW Workout Struggle in Lingerie,27524593,8,143.87,86.32,17.98,10.79,lady sublime bbw blue lingerie workout struggle jiggle fatty wm.mp4,mp4,00:16:48,909,1920x1080,2023-05-11 22:30:53,2026-07-04_17-47-51_title_summary_history_2019-08-25_to_2025-04-16_Sales_Summary_by_Title_25-08-2019_to_25-08-2019.csv,2026-07-04T17:49:47,962b15ebc1e74bb3af73787e93d9f822d831655eaae4adbe8c3fd475216bc3f5,2019-08-25,2025-04-16
Clips4Sale,Licking Whipped Cream Off of My Fat SSBBW Tits,Licking Whipped Cream Off of My Fat SSBBW Tits,28801307,9,143.85,86.31,15.98,9.59,lady sublime ssbbw whipped cream messy eating mukbangs watermark-4k clips4sale.mov,mov,00:15:17,4782,3840x2160,2024-03-20 10:00:08,2026-07-04_17-47-51_title_summary_history_2019-08-25_to_2025-04-16_Sales_Summary_by_Title_25-08-2019_to_25-08-2019.csv,2026-07-04T17:49:47,d8807e2c36d1f28654b82202cd751c708358d9b10dd55685a20abf2043643db5,2019-08-25,2025-04-16
Clips4Sale,Lady Sublime BBW Fat Body Measurements,Lady Sublime BBW Fat Body Measurements,24057891,16,143.73,86.24,8.98,5.39,lady sublime bbw full body fat measurement WM.mp4,mp4,00:08:42,472,1920x1080,2020-11-22 22:05:01,2026-07-04_17-47-51_title_summary_history_2019-08-25_to_2025-04-16_Sales_Summary_by_Title_25-08-2019_to_25-08-2019.csv,2026-07-04T17:49:47,931a57679dc5542f009cc97a0456c58a6467791a47ea92acb8b87e3bed6be337,2019-08-25,2025-04-16
Clips4Sale,Cute Fatty Stuffs Powdered Donuts,Cute Fatty Stuffs Powdered Donuts,24019205,9,134.85,80.91,14.98,8.99,bbw lady sublime food stuffing mini donut pussy play WM2.mp4,mp4,00:14:14,773,1920x1080,2020-10-26 00:00:01,2026-07-04_17-47-51_title_summary_history_2019-08-25_to_2025-04-16_Sales_Summary_by_Title_25-08-2019_to_25-08-2019.csv,2026-07-04T17:49:47,962eef3c70b475e4ab51ef63b4c969b656f751dc7be9045eba62869c4bc47c6d,2019-08-25,2025-04-16
Clips4Sale,Bra Changing SSBBW JOI w Cum Countdown,Bra Changing SSBBW JOI w Cum Countdown,27276295,7,132.88,79.73,18.98,11.39,lady sublime bbw bra changing joi cum countdown wm.mp4,mp4,00:18:07,984,1920x1080,2023-03-09 03:54:20,2026-07-04_17-47-51_title_summary_history_2019-08-25_to_2025-04-16_Sales_Summary_by_Title_25-08-2019_to_25-08-2019.csv,2026-07-04T17:49:47,1d3501ca1220e8098921ca05e414d62365588aa4d2a68daeb1e151ee4e1b379c,2019-08-25,2025-04-16
Clips4Sale,Hot Fatty Fucks Dildo in the Shower,Hot Fatty Fucks Dildo in the Shower,24156763,12,131.8,79.08,10.98,6.59,lady sublime bbw shower dildo fucking sucking WM.mp4,mp4,00:10:01,544,1920x1080,2020-11-22 16:19:40,2026-07-04_17-47-51_title_summary_history_2019-08-25_to_2025-04-16_Sales_Summary_by_Title_25-08-2019_to_25-08-2019.csv,2026-07-04T17:49:47,fd1219e5b2f87f589ecc71aff0da5819cd7321f678dd5fa830dd19ecdef78c39,2019-08-25,2025-04-16
Clips4Sale,BBW Body Bouncing and Jiggling,BBW Body Bouncing and Jiggling,24255999,13,129.78,77.87,9.98,5.99,lady sublime bbw fat bouncing and teasing fat jiggling WM.mp4,mp4,00:09:37,522,1920x1080,2020-12-13 22:28:47,2026-07-04_17-47-51_title_summary_history_2019-08-25_to_2025-04-16_Sales_Summary_by_Title_25-08-2019_to_25-08-2019.csv,2026-07-04T17:49:47,521b1e48513abe8df4cb21fe356276e5b991c8839c3a34465324718936e56fd2,2019-08-25,2025-04-16
Clips4Sale,Smoking and Sensual Belly Rubbing,Smoking and Sensual Belly Rubbing,24023281,12,119.8,71.88,9.98,5.99,lady sublime bbw smoking sensual body rubbing moaning WM.mp4,mp4,00:09:17,505,1920x1080,2020-11-14 15:25:01,2026-07-04_17-47-51_title_summary_history_2019-08-25_to_2025-04-16_Sales_Summary_by_Title_25-08-2019_to_25-08-2019.csv,2026-07-04T17:49:47,0e34d0119cf2a09682686c75fbc99c5f39d81729fa5ac81eef58daf713730f59,2019-08-25,2025-04-16
Clips4Sale,Fat Ass Clapping and Dildo Riding BBW,Fat Ass Clapping and Dildo Riding BBW,24347139,10,109.83,65.9,10.98,6.59,lady sublime bbw ass clap pussy play toy dildo riding and fucking WM.mp4,mp4,00:10:20,548,1920x1080,2021-01-03 21:33:47,2026-07-04_17-47-51_title_summary_history_2019-08-25_to_2025-04-16_Sales_Summary_by_Title_25-08-2019_to_25-08-2019.csv,2026-07-04T17:49:47,0ad7743c510d70b2729a56b541aefaa4823338290691112d6b787e74bc9fc833,2019-08-25,2025-04-16
Clips4Sale,SSBBW Jiggles Fat for Your Cum pt 2,SSBBW Jiggles Fat for Your Cum pt 2,30215799,6,107.9,64.74,17.98,10.79,lady sublime ssbbw jiggle tease catwalk heels fat worship big belly watermark-4k clips4sale.mov,mov,00:18:01,5849,3840x2160,2024-12-17 05:17:48,2026-07-04_17-47-51_title_summary_history_2019-08-25_to_2025-04-16_Sales_Summary_by_Title_25-08-2019_to_25-08-2019.csv,2026-07-04T17:49:47,b9958cbbf8012b0419c4075d7f769a5f16c80288008cb86bd92f3c8e5ea0bf4d,2019-08-25,2025-04-16
Clips4Sale,Oiled-Up BBW Bounces Fat For You,Oiled-Up BBW Bounces Fat For You,24019359,9,107.85,64.71,11.98,7.19,lady sublime bbw fat worship oil big belly ass WM2.mp4,mp4,00:11:30,625,1920x1080,2020-10-30 19:05:02,2026-07-04_17-47-51_title_summary_history_2019-08-25_to_2025-04-16_Sales_Summary_by_Title_25-08-2019_to_25-08-2019.csv,2026-07-04T17:49:47,ea82d9f0a8198033fd37ee634eaaaf3f34ddb9397a7c60e9eb64f1defa79bccd,2019-08-25,2025-04-16
Clips4Sale,Fat Clapping in the Mirror,Fat Clapping in the Mirror,25202729,9,98.85,59.31,10.98,6.59,lady sublime bbw red light fat clapping belly jiggle twerking WM.mp4,mp4,00:10:38,578,1920x1080,2024-11-25 21:44:12,2026-07-04_17-47-51_title_summary_history_2019-08-25_to_2025-04-16_Sales_Summary_by_Title_25-08-2019_to_25-08-2019.csv,2026-07-04T17:49:47,58d74466436edc1a0e4a2d8ba291753474bbfa87d53078e44cefc6d41ab77a73,2019-08-25,2025-04-16
Clips4Sale,Bouncing My Fat BBW Body,Bouncing My Fat BBW Body,24028933,12,95.8,57.48,7.98,4.79,lady sublime bbw fat bouncing twerking belly play WM.mp4,mp4,00:07:40,416,1920x1080,2020-11-16 19:25:02,2026-07-04_17-47-51_title_summary_history_2019-08-25_to_2025-04-16_Sales_Summary_by_Title_25-08-2019_to_25-08-2019.csv,2026-07-04T17:49:47,0b0613c4e3483cfdba91c7016827e2847ea42cc9246d6c5b36588e290419374c,2019-08-25,2025-04-16
Clips4Sale,BBW Covered in Oil,BBW Covered in Oil,24028969,7,90.88,54.53,12.98,7.79,lady sublime bbw oil play and twerking.mp4,mp4,00:18:42,816,1920x1080,2020-11-19 19:35:02,2026-07-04_17-47-51_title_summary_history_2019-08-25_to_2025-04-16_Sales_Summary_by_Title_25-08-2019_to_25-08-2019.csv,2026-07-04T17:49:47,bf150a2825e1b6b951da4f823c737f7089cd469da49938aca67e700b7a60401a,2019-08-25,2025-04-16
Clips4Sale,Cum Shot on My Fat Droopy Tits,Cum Shot on My Fat Droopy Tits,24626723,6,89.9,53.94,14.98,8.99,lady sublime bbw squirting dildo titty shot neon thong WM.mp4,mp4,00:14:32,790,1920x1080,2021-03-04 01:04:23,2026-07-04_17-47-51_title_summary_history_2019-08-25_to_2025-04-16_Sales_Summary_by_Title_25-08-2019_to_25-08-2019.csv,2026-07-04T17:49:47,8c1589eb44c3466d5bc415a3c30eb5480851438a7b36b34e905dad4068517109,2019-08-25,2025-04-16
Clips4Sale,BBW Vibes Fat Pussy in the Bath,BBW Vibes Fat Pussy in the Bath,24377463,6,89.9,53.94,14.98,8.99,lady sublime bbw bathtub masturbation vibrator hitachi orgasm white lace WM.mp4,mp4,00:14:12,771,1920x1080,2021-01-10 17:59:13,2026-07-04_17-47-51_title_summary_history_2019-08-25_to_2025-04-16_Sales_Summary_by_Title_25-08-2019_to_25-08-2019.csv,2026-07-04T17:49:47,c664e154ce1e8ef6787328af97bc401e8e1689cc335c545a6e67fe332309cd9e,2019-08-25,2025-04-16
Clips4Sale,BBW Catwalk and Belly Bounce in Heels,BBW Catwalk and Belly Bounce in Heels,24019625,10,89.83,53.9,8.98,5.39,lady sublime bbw catwalk heels belly play fat slowmo WM.mp4,mp4,00:08:24,454,1920x1080,2020-11-03 20:15:01,2026-07-04_17-47-51_title_summary_history_2019-08-25_to_2025-04-16_Sales_Summary_by_Title_25-08-2019_to_25-08-2019.csv,2026-07-04T17:49:47,c4fcca6e681a38999ff4e38a530289c10e7c922f59e930d71638ef826aeec03f,2019-08-25,2025-04-16
Clips4Sale,BBW Catwalk in Bodystocking Dress,BBW Catwalk in Bodystocking Dress,24019631,11,87.82,52.69,7.98,4.79,lady sublime bbw catwalk hot pink fishnet dress belly play twerk fat worship WM.mp4,mp4,00:07:36,412,1920x1080,2020-11-05 20:25:02,2026-07-04_17-47-51_title_summary_history_2019-08-25_to_2025-04-16_Sales_Summary_by_Title_25-08-2019_to_25-08-2019.csv,2026-07-04T17:49:47,53e88fbb8a4a50d74928947b75e6bf0d302cecce86a05f0dff769b52f6d89825,2019-08-25,2025-04-16
Clips4Sale,Very Berry Fat Body Tease,Very Berry Fat Body Tease,25532799,4,83.93,50.36,20.98,12.59,lady sublime bbw berries.mp4,mp4,00:20:27,1110,1920x1080,2021-10-09 20:05:36,2026-07-04_17-47-51_title_summary_history_2019-08-25_to_2025-04-16_Sales_Summary_by_Title_25-08-2019_to_25-08-2019.csv,2026-07-04T17:49:47,69e739f743d861ab270445d368d448015960a16bfa0aa1bbca9be775fb8e6e01,2019-08-25,2025-04-16
Clips4Sale,Chubby Pussy Fucked with a Glass Toy,Chubby Pussy Fucked with a Glass Toy,24476467,9,80.85,48.51,8.98,5.39,lady sublime bbw beanie hat glass toy masturbation cum chubby wet pussy WM.mp4,mp4,00:07:45,416,1920x1080,2021-01-31 17:08:11,2026-07-04_17-47-51_title_summary_history_2019-08-25_to_2025-04-16_Sales_Summary_by_Title_25-08-2019_to_25-08-2019.csv,2026-07-04T17:49:47,c7fa9bfe0774b344904fc5610be564fd9153938048164bc3093dccc0c5fe299b,2019-08-25,2025-04-16
Clips4Sale,Shower Hookup with Slutty Airbnb Guest,Shower Hookup with Slutty Airbnb Guest,24818585,9,80.85,48.51,8.98,5.39,lady sublime bbw shower fuck pov solo realistic dildo blow job WM.mp4,mp4,00:08:36,468,1920x1080,2024-11-25 21:50:29,2026-07-04_17-47-51_title_summary_history_2019-08-25_to_2025-04-16_Sales_Summary_by_Title_25-08-2019_to_25-08-2019.csv,2026-07-04T17:49:47,b874b9e5db2db5d38494b33f6f783217c46034115de976ec085d93fb7c88edc3,2019-08-25,2025-04-16
Clips4Sale,Growing SSBBW Stuffs 5000 Calories Sitting on You POV,Growing SSBBW Stuffs 5000 Calories Sitting on You POV,28871581,3,79.95,47.97,26.65,15.99,lady sublime ssbbw fat chat food stuffing over eating weight gain taco milkshake-4k clips4sale.mov,mov,00:47:45,5522,3840x2160,2024-04-08 22:49:44,2026-07-04_17-47-51_title_summary_history_2019-08-25_to_2025-04-16_Sales_Summary_by_Title_25-08-2019_to_25-08-2019.csv,2026-07-04T17:49:47,a1e8172402d34fc9dd78350669d2ad1deb518832034f126d78a883d76a5ef410,2019-08-25,2025-04-16
Clips4Sale,Hot Fatty Stuffs Snack Cakes,Hot Fatty Stuffs Snack Cakes,24023205,5,79.92,47.95,15.98,9.59,lady sublime bbw snack cake stuffing feeder feederism belly play WM.mp4,mp4,00:15:24,837,1920x1080,2020-11-09 15:05:02,2026-07-04_17-47-51_title_summary_history_2019-08-25_to_2025-04-16_Sales_Summary_by_Title_25-08-2019_to_25-08-2019.csv,2026-07-04T17:49:47,cc19d4795cdb333cf15d1ebd41785a2a15e15abdd06a560e5220c2d3aa3ed62e,2019-08-25,2025-04-16
Clips4Sale,Fat Girl Pillow Grinding and Moaning,Fat Girl Pillow Grinding and Moaning,24019637,8,79.87,47.92,9.98,5.99,lady sublime bbw crop top pillow grinding and moaning WM.mp4,mp4,00:09:01,489,1920x1080,2020-11-06 20:25:02,2026-07-04_17-47-51_title_summary_history_2019-08-25_to_2025-04-16_Sales_Summary_by_Title_25-08-2019_to_25-08-2019.csv,2026-07-04T17:49:47,790fdb1e718f976df35cada0ce3a998d47f33374909a480afa1f012ba7acebf7,2019-08-25,2025-04-16
Clips4Sale,Fatty in the Shower,Fatty in the Shower,24023261,8,79.87,47.92,9.98,5.99,lady sublime bbw soapy shower fat body worship WM.mp4,mp4,00:09:20,507,1920x1080,2020-11-12 15:15:02,2026-07-04_17-47-51_title_summary_history_2019-08-25_to_2025-04-16_Sales_Summary_by_Title_25-08-2019_to_25-08-2019.csv,2026-07-04T17:49:47,27c1e505d4431e498ebfb0bdcabcbab4d57fe32e3da220b69e595f761030071d,2019-08-25,2025-04-16
Clips4Sale,BBW Body Jiggles in the Pool,BBW Body Jiggles in the Pool,24889703,6,77.9,46.74,12.98,7.79,lady sublime bbw sensual pool body jiggle and twerk WM.mp4,mp4,00:12:41,689,1920x1080,2024-11-25 21:51:57,2026-07-04_17-47-51_title_summary_history_2019-08-25_to_2025-04-16_Sales_Summary_by_Title_25-08-2019_to_25-08-2019.csv,2026-07-04T17:49:47,bd2a4535240639c11de07d2902716a6ace8e544967e17a93edb5e7b5c738b24c,2019-08-25,2025-04-16
Clips4Sale,Rubbing Lotion on My Fat Tits and Belly,Rubbing Lotion on My Fat Tits and Belly,24028993,7,76.88,46.13,10.98,6.59,lady sublime bbw belly titty tease with lotion hairy pussy play WM.mp4,mp4,00:10:39,577,1920x1080,2020-11-21 19:45:02,2026-07-04_17-47-51_title_summary_history_2019-08-25_to_2025-04-16_Sales_Summary_by_Title_25-08-2019_to_25-08-2019.csv,2026-07-04T17:49:47,ccb2059130d2806f1411ba2af120182a7c416ce8fbc7373e371b149b600207ef,2019-08-25,2025-04-16
Clips4Sale,BBW Gets Horny While Reading,BBW Gets Horny While Reading,26015861,5,74.92,44.95,14.98,8.99,lady sublime bbw reading book horny masturbation toy fucking WM.mp4,mp4,00:14:12,772,1920x1080,2022-03-14 22:51:05,2026-07-04_17-47-51_title_summary_history_2019-08-25_to_2025-04-16_Sales_Summary_by_Title_25-08-2019_to_25-08-2019.csv,2026-07-04T17:49:47,099c9eab6492aa8aba5d6d8a0cc14ed1c00bfdbbf7e805fb3e85d172777857e1,2019-08-25,2025-04-16
Clips4Sale,BBW Bounces Fat in the Shower,BBW Bounces Fat in the Shower,25927379,6,71.9,43.14,11.98,7.19,lady sublime bbw sudsy shower fat clap pussy play WM.mp4,mp4,00:10:56,595,1920x1080,2022-02-15 17:20:52,2026-07-04_17-47-51_title_summary_history_2019-08-25_to_2025-04-16_Sales_Summary_by_Title_25-08-2019_to_25-08-2019.csv,2026-07-04T17:49:47,e516517dde81f865a66d1525a2886b5e9ea73d581b67e1264f2d5e469f1cb259,2019-08-25,2025-04-16
Clips4Sale,BBW Dancing and Masturbating in the Mirror,BBW Dancing and Masturbating in the Mirror,25766689,4,67.93,40.76,16.98,10.19,lady sublime bbw dancing mirror twerk pussy play masturbation WM.mp4,mp4,00:15:47,857,1920x1080,2021-12-25 22:58:23,2026-07-04_17-47-51_title_summary_history_2019-08-25_to_2025-04-16_Sales_Summary_by_Title_25-08-2019_to_25-08-2019.csv,2026-07-04T17:49:47,be53be7ab8529ee0c35e4fa63b48770ebd41d3438989e883daed48373dce47a9,2019-08-25,2025-04-16
Clips4Sale,Spying On You Fat Roommate,Spying On You Fat Roommate,24028951,6,65.9,39.54,10.98,6.59,lady sublime bbw voyeur spy on roommate mastubating toy fucking pussy play WM.mp4,mp4,00:10:38,578,1920x1080,2020-11-18 19:30:01,2026-07-04_17-47-51_title_summary_history_2019-08-25_to_2025-04-16_Sales_Summary_by_Title_25-08-2019_to_25-08-2019.csv,2026-07-04T17:49:47,3b907ac8e2bd2f122ab91305e38c740a69befbfb7e717cc8c4841a3490dcefb0,2019-08-25,2025-04-16
Clips4Sale,BBW Gives Smoky BJ and Vibes Fat Pussy,BBW Gives Smoky BJ and Vibes Fat Pussy,24731639,5,64.92,38.95,12.98,7.79,lady sublime bbw cigarette smoking bj pussy vibe WM.mp4,mp4,00:12:08,653,1920x1080,2021-03-25 21:54:35,2026-07-04_17-47-51_title_summary_history_2019-08-25_to_2025-04-16_Sales_Summary_by_Title_25-08-2019_to_25-08-2019.csv,2026-07-04T17:49:47,6d89a0948c651e6521ebe39edd63a90bf84c9d871bcac71b55ab85715acc4d00,2019-08-25,2025-04-16
Clips4Sale,BBW Vibes Clit and Drools in a Ball Gag,BBW Vibes Clit and Drools in a Ball Gag,25407377,4,55.93,33.56,13.98,8.39,lady sublime bbw ball gag vibe masturbation hairy pussy cum WM.mp4,mp4,00:13:31,735,1920x1080,2024-11-25 20:54:19,2026-07-04_17-47-51_title_summary_history_2019-08-25_to_2025-04-16_Sales_Summary_by_Title_25-08-2019_to_25-08-2019.csv,2026-07-04T17:49:47,4b9a6ae6f33be6070d53e59a15946d0c610bf2b01242b8b005160aa4e05a4371,2019-08-25,2025-04-16
Clips4Sale,BBW Gets Naughty in the Bath,BBW Gets Naughty in the Bath,24019591,4,55.93,33.56,13.98,8.39,lady sublime bbw bath time bubble play WM2.mp4,mp4,00:13:14,718,1920x1080,2020-11-01 00:00:01,2026-07-04_17-47-51_title_summary_history_2019-08-25_to_2025-04-16_Sales_Summary_by_Title_25-08-2019_to_25-08-2019.csv,2026-07-04T17:49:47,b5a25dfc19d0958ebeb20b0def0e743c010203c786feed52f0ab5a1c71057858,2019-08-25,2025-04-16
Clips4Sale,Peeping On My Camshow,Peeping On My Camshow,24019629,3,44.95,26.97,14.98,8.99,lady sublime bbw camgirl voyeur masturbation toy bj gagging WM2.mp4,mp4,00:14:36,792,1920x1080,2020-11-04 20:20:02,2026-07-04_17-47-51_title_summary_history_2019-08-25_to_2025-04-16_Sales_Summary_by_Title_25-08-2019_to_25-08-2019.csv,2026-07-04T17:49:47,66a8010896cbba8423051cedf27af18c40af74fe99a0243bc0008adde905f0ea,2019-08-25,2025-04-16
Clips4Sale,Video Chat with Horny GF (Vertical Video),Video Chat with Horny GF (Vertical Video),25034163,5,44.92,26.95,8.98,5.39,lady sublime bbw naughty video chat with fat girlfriend vertical video manyvids.mp4,mp4,00:08:43,470,1080x1920,2021-06-01 23:24:59,2026-07-04_17-47-51_title_summary_history_2019-08-25_to_2025-04-16_Sales_Summary_by_Title_25-08-2019_to_25-08-2019.csv,2026-07-04T17:49:47,aa8c9e50d0f40ab00e548f4c7279ef6c8d9233f139713e03432deb906613ff3d,2019-08-25,2025-04-16
Clips4Sale,Fat Ass Clapping in Slow Motion,Fat Ass Clapping in Slow Motion,24089351,4,43.93,26.36,10.98,6.59,lady sublime bbw twerking ass clap slow mo fishnet lace panty WM.mp4,mp4,00:09:53,537,1920x1080,2020-11-23 18:15:02,2026-07-04_17-47-51_title_summary_history_2019-08-25_to_2025-04-16_Sales_Summary_by_Title_25-08-2019_to_25-08-2019.csv,2026-07-04T17:49:47,dd1e0a34b72b687162910b85c863416d357ac8de7ca8f1d061e1f21df3ffc3cd,2019-08-25,2025-04-16
Clips4Sale,Sexy BBW Oiling Up Her Fat,Sexy BBW Oiling Up Her Fat,25490087,3,41.95,25.17,13.98,8.39,lady sublime bbw pink light oil play oily fat ass oily tits WM.mp4,mp4,00:13:41,743,1920x1080,2021-09-26 20:35:36,2026-07-04_17-47-51_title_summary_history_2019-08-25_to_2025-04-16_Sales_Summary_by_Title_25-08-2019_to_25-08-2019.csv,2026-07-04T17:49:47,0baa770a8317b51569c372311c9f5eec863ac821583748c07a5b8fe24c28a146,2019-08-25,2025-04-16
Clips4Sale,BBW Shower Hidden Camera,BBW Shower Hidden Camera,24028939,3,38.95,23.37,12.98,7.79,lady sublime bbw soapy sudsy shower hidden camera WM.mp4,mp4,00:12:16,579,1920x1080,2020-11-17 19:25:02,2026-07-04_17-47-51_title_summary_history_2019-08-25_to_2025-04-16_Sales_Summary_by_Title_25-08-2019_to_25-08-2019.csv,2026-07-04T17:49:47,9b6979da752aab0776c7735a7517f35f29bf46ced8216a6d264354ab60b4f7b1,2019-08-25,2025-04-16
Clips4Sale,BBW Striptease and Lapdance POV,BBW Striptease and Lapdance POV,24973307,3,38.95,23.37,12.98,7.79,lady sublime bbw striptease and lapdance POV WM.mp4,mp4,00:11:49,641,1920x1080,2021-05-24 10:25:02,2026-07-04_17-47-51_title_summary_history_2019-08-25_to_2025-04-16_Sales_Summary_by_Title_25-08-2019_to_25-08-2019.csv,2026-07-04T17:49:47,9532980461f48c643b933187b672ec27e1b675f9c94cdcefa5c0bd623ba1d5f0,2019-08-25,2025-04-16
Clips4Sale,Chargeback Forgiveness 87088039,Chargeback Forgiveness 87088039,28523779,1,26.98,16.19,26.98,16.19,lady sublime ssbbw room service lingerie fat stuffing breakfast feedee overeating -4k clips4sale.mov,mov,00:26:20,5408,3840x2160,2024-01-20 10:10:03,2026-07-04_17-47-51_title_summary_history_2019-08-25_to_2025-04-16_Sales_Summary_by_Title_25-08-2019_to_25-08-2019.csv,2026-07-04T17:49:47,be64592c58d7dd1813b67c598d5b0093544fdc8cd8f63d219176159a9e811baa,2019-08-25,2025-04-16
Clips4Sale,Stuffing My Fat Belly with Potato Chips,Stuffing My Fat Belly with Potato Chips,24019639,3,26.95,16.17,8.98,5.39,lady sublime bbw eating pringles and playing with belly crop top.mp4,mp4,00:07:50,426,1920x1080,2020-11-07 20:30:02,2026-07-04_17-47-51_title_summary_history_2019-08-25_to_2025-04-16_Sales_Summary_by_Title_25-08-2019_to_25-08-2019.csv,2026-07-04T17:49:47,1d69b57a99a09f5d469f02a5189128b4b40f4090645e3eecc3412e4f6e10f0b2,2019-08-25,2025-04-16
Clips4Sale,Chargeback Forgiveness 95415359,Chargeback Forgiveness 95415359,30176343,1,24.98,14.99,24.98,14.99,lady sublime ssbbw fat stinky ass worship sweaty asshole licking cum countdown -4k clips4sale.mov,mov,00:23:12,5778,3840x2160,2024-12-05 10:00:06,2026-07-04_17-47-51_title_summary_history_2019-08-25_to_2025-04-16_Sales_Summary_by_Title_25-08-2019_to_25-08-2019.csv,2026-07-04T17:49:47,9b888b18098c1334d2fd3035dcec4633746cb88c9c06f36ccce2a2e5cda3f514,2019-08-25,2025-04-16
Clips4Sale,Chargeback Forgiveness 94920915,Chargeback Forgiveness 94920915,30088371,1,21.98,13.19,21.98,13.19,Lady Sublime Ssbbw Fruit Crush Big Ass Heavy Flatten watermark-4k clips4sale.mov,mov,00:11:59,5730,3840x2160,2024-11-24 10:00:08,2026-07-04_17-47-51_title_summary_history_2019-08-25_to_2025-04-16_Sales_Summary_by_Title_25-08-2019_to_25-08-2019.csv,2026-07-04T17:49:47,2cd4120f228f4679d2c2f86b920efd275f6fc66bec1320e0636de03c69255b7a,2019-08-25,2025-04-16
Clips4Sale,Messy Fat Belly Play with Persimmon,Messy Fat Belly Play with Persimmon,24817827,1,19.98,11.99,19.98,11.99,lady sublime bbw persimmon.mp4,mp4,00:19:41,1069,1920x1080,2021-04-13 17:39:46,2026-07-04_17-47-51_title_summary_history_2019-08-25_to_2025-04-16_Sales_Summary_by_Title_25-08-2019_to_25-08-2019.csv,2026-07-04T17:49:47,365f332acd8ec8ffeb3a4a318b9b2a1557c580e8d5d788dd54f5105c200ab3a0,2019-08-25,2025-04-16
Clips4Sale,Chargeback Forgiveness 94280531,Chargeback Forgiveness 94280531,27571507,1,18.98,11.39,18.98,11.39,lady sublime bbw food stuffing donuts fat pussy play ssbbw gaining joi countdown wm.mp4,mp4,00:18:12,989,1920x1080,2023-05-24 20:52:48,2026-07-04_17-47-51_title_summary_history_2019-08-25_to_2025-04-16_Sales_Summary_by_Title_25-08-2019_to_25-08-2019.csv,2026-07-04T17:49:47,14536be58af746fd6aadd0d6d3e6fff9885315656e7493b5bc428e12a463bcfb,2019-08-25,2025-04-16
Clips4Sale,BBW Shower,BBW Shower,24028939,1,12.98,7.79,12.98,7.79,lady sublime bbw soapy sudsy shower hidden camera WM.mp4,mp4,00:12:16,579,1920x1080,2020-11-17 19:25:02,2026-07-04_17-47-51_title_summary_history_2019-08-25_to_2025-04-16_Sales_Summary_by_Title_25-08-2019_to_25-08-2019.csv,2026-07-04T17:49:47,a5311e18bad72030a61788e10bc865e41420caf2564ac390c9a6f058d34f4d22,2019-08-25,2025-04-16
Clips4Sale,Chargeback Forgiveness 77691273,Chargeback Forgiveness 77691273,25577519,1,11.98,7.19,11.98,7.19,lady sublime bbw stripper fucks client n vip pov solo WM.mp4,mp4,00:10:45,585,1920x1080,2021-10-25 12:16:49,2026-07-04_17-47-51_title_summary_history_2019-08-25_to_2025-04-16_Sales_Summary_by_Title_25-08-2019_to_25-08-2019.csv,2026-07-04T17:49:47,c45315459ad614ee6827a612f8aff31deae49a082d2c6d48aba1e590e70b4a98,2019-08-25,2025-04-16
Clips4Sale,Refund 74897217,Refund 74897217,26444825,1,-8.98,-5.39,-8.98,-5.39,lady sublime bbw dick sucking and riding side view wm.mp4,mp4,00:08:23,456,1920x1080,2022-08-04 23:10:03,2026-07-04_17-47-51_title_summary_history_2019-08-25_to_2025-04-16_Sales_Summary_by_Title_25-08-2019_to_25-08-2019.csv,2026-07-04T17:49:47,f8bb2b2fd41bee50c4073e46c1f59d84bd50f7f30df49a83ff8b13baabef9446,2019-08-25,2025-04-16
Clips4Sale,Chargeback 77691273,Chargeback 77691273,25577519,1,-11.98,-7.19,-11.98,-7.19,lady sublime bbw stripper fucks client n vip pov solo WM.mp4,mp4,00:10:45,585,1920x1080,2021-10-25 12:16:49,2026-07-04_17-47-51_title_summary_history_2019-08-25_to_2025-04-16_Sales_Summary_by_Title_25-08-2019_to_25-08-2019.csv,2026-07-04T17:49:47,6e70465c73419be53d620af9d420f7fa93d7c4f1d8a0de0ee788a0f8d8d796a0,2019-08-25,2025-04-16
Clips4Sale,Refund 76817465,Refund 76817465,25081081,1,-12.98,-7.79,-12.98,-7.79,lady sublime bbw dildo fucing sucking and riding belly bouncing fat tits WM.mp4,mp4,00:12:01,653,1920x1080,2024-11-25 21:43:56,2026-07-04_17-47-51_title_summary_history_2019-08-25_to_2025-04-16_Sales_Summary_by_Title_25-08-2019_to_25-08-2019.csv,2026-07-04T17:49:47,c1717ae7c2021e275bfa0dff5e1c908131ef0e4a90ab3be2403e4b153cd74005,2019-08-25,2025-04-16
Clips4Sale,Refund 87540481,Refund 87540481,24626723,1,-14.98,-8.99,-14.98,-8.99,lady sublime bbw squirting dildo titty shot neon thong WM.mp4,mp4,00:14:32,790,1920x1080,2021-03-04 01:04:23,2026-07-04_17-47-51_title_summary_history_2019-08-25_to_2025-04-16_Sales_Summary_by_Title_25-08-2019_to_25-08-2019.csv,2026-07-04T17:49:47,4b49550b359c6a8bd83ddbb307748261005dac4969e80530e7bf129f4db42058,2019-08-25,2025-04-16
Clips4Sale,Refund Partial 94793399,Refund Partial 94793399,29110061,1,-14.98,-8.99,-14.98,-8.99,lady sublime ssbbw fat pussy masturbation glass toy fucking watermark-4k clips4sale.mov,mov,00:11:42,4571,3840x2160,2024-11-23 23:20:04,2026-07-04_17-47-51_title_summary_history_2019-08-25_to_2025-04-16_Sales_Summary_by_Title_25-08-2019_to_25-08-2019.csv,2026-07-04T17:49:47,c2c4a905c12adad78f2b767de5af3fc27c2c754d2d833095c5a816ef472026ba,2019-08-25,2025-04-16
Clips4Sale,Refund 86975277,Refund 86975277,28588941,1,-15.98,-9.59,-15.98,-9.59,lady sublime ssbbw bathtub soapy suds jiggle twerk wet dripping body rubbing-4k clips4sale.mov,mov,00:15:24,5702,3840x2160,2024-02-04 10:05:03,2026-07-04_17-47-51_title_summary_history_2019-08-25_to_2025-04-16_Sales_Summary_by_Title_25-08-2019_to_25-08-2019.csv,2026-07-04T17:49:47,88f658727f01269618a32fb6d25006195c810f5b0077042eacd6c646c1359bdd,2019-08-25,2025-04-16
Clips4Sale,Refund 87329471,Refund 87329471,28407177,1,-16.98,-10.19,-16.98,-10.19,lady sublime bbw obese gaining stuck too big growing big belly fat ass wide -4k clips4sale.mov,mov,00:14:38,5675,3840x2160,2023-12-18 01:10:03,2026-07-04_17-47-51_title_summary_history_2019-08-25_to_2025-04-16_Sales_Summary_by_Title_25-08-2019_to_25-08-2019.csv,2026-07-04T17:49:47,1b314f13f633dee6e5fb2ba39f883154be9a1823a8cc52678625a2711de82e17,2019-08-25,2025-04-16
Clips4Sale,Chargeback 94280531,Chargeback 94280531,27571507,1,-18.98,-11.39,-18.98,-11.39,lady sublime bbw food stuffing donuts fat pussy play ssbbw gaining joi countdown wm.mp4,mp4,00:18:12,989,1920x1080,2023-05-24 20:52:48,2026-07-04_17-47-51_title_summary_history_2019-08-25_to_2025-04-16_Sales_Summary_by_Title_25-08-2019_to_25-08-2019.csv,2026-07-04T17:49:47,39534d73ae363b3c1fb705bbe53337470b7eea02431f9224658b9a1946582b6f,2019-08-25,2025-04-16
Clips4Sale,Refund 90587255,Refund 90587255,27990241,1,-19.98,-11.99,-19.98,-11.99,car driving.mov,mov,00:24:36,4513,3840x2160,2023-09-07 23:05:08,2026-07-04_17-47-51_title_summary_history_2019-08-25_to_2025-04-16_Sales_Summary_by_Title_25-08-2019_to_25-08-2019.csv,2026-07-04T17:49:47,bebaeb5ce9ca5b1897fcb2d3cf6606eb11a3d7cedca71c50d1892bab5689fe0a,2019-08-25,2025-04-16
Clips4Sale,Chargeback 94920915,Chargeback 94920915,30088371,1,-21.98,-13.19,-21.98,-13.19,Lady Sublime Ssbbw Fruit Crush Big Ass Heavy Flatten watermark-4k clips4sale.mov,mov,00:11:59,5730,3840x2160,2024-11-24 10:00:08,2026-07-04_17-47-51_title_summary_history_2019-08-25_to_2025-04-16_Sales_Summary_by_Title_25-08-2019_to_25-08-2019.csv,2026-07-04T17:49:47,d46e065d81ab1fce2867f48f2c055f3ccac90fabc39d875d489e62ad2b3789df,2019-08-25,2025-04-16
Clips4Sale,Chargeback 95415359,Chargeback 95415359,30176343,1,-24.98,-14.99,-24.98,-14.99,lady sublime ssbbw fat stinky ass worship sweaty asshole licking cum countdown -4k clips4sale.mov,mov,00:23:12,5778,3840x2160,2024-12-05 10:00:06,2026-07-04_17-47-51_title_summary_history_2019-08-25_to_2025-04-16_Sales_Summary_by_Title_25-08-2019_to_25-08-2019.csv,2026-07-04T17:49:47,dbaf15e187c5a96729833e1954cbd8d37e1e505b5043bcf63dac9be598fc783e,2019-08-25,2025-04-16
Clips4Sale,Refund 89583791,Refund 89583791,27682807,1,-24.98,-14.99,-24.98,-14.99,lady sublime bbw furniture crush plastic chair breaking obese fat heavy watermark-4k HDR.mov,mov,00:24:05,4615,1920x1080,2023-09-01 22:07:03,2026-07-04_17-47-51_title_summary_history_2019-08-25_to_2025-04-16_Sales_Summary_by_Title_25-08-2019_to_25-08-2019.csv,2026-07-04T17:49:47,c8b1598460daac23204c957e9da3352638ede981f912ae0465b6ceebce0543d4,2019-08-25,2025-04-16
Clips4Sale,Chargeback 87088039,Chargeback 87088039,28523779,1,-26.98,-16.19,-26.98,-16.19,lady sublime ssbbw room service lingerie fat stuffing breakfast feedee overeating -4k clips4sale.mov,mov,00:26:20,5408,3840x2160,2024-01-20 10:10:03,2026-07-04_17-47-51_title_summary_history_2019-08-25_to_2025-04-16_Sales_Summary_by_Title_25-08-2019_to_25-08-2019.csv,2026-07-04T17:49:47,c3d29420db3aaa7966a2e82c7452bb78a3cb321146edc3085baad4e0048621ec,2019-08-25,2025-04-16
Clips4Sale,Refund 73308925,Refund 73308925,24221683,2,-31.97,-19.18,-15.98,-9.59,lady sublime bbw cum countdown pussy play joi jack off instruction WM.mp4,mp4,00:08:05,438,1920x1080,2020-12-06 18:09:38,2026-07-04_17-47-51_title_summary_history_2019-08-25_to_2025-04-16_Sales_Summary_by_Title_25-08-2019_to_25-08-2019.csv,2026-07-04T17:49:47,cfb039735dbff08951e20369f0e12cbcff86471e30061b06502ad5fbf235a491,2019-08-25,2025-04-16
Clips4Sale,Refund 69383979,Refund 69383979,25490087,2,-36.97,-22.18,-18.48,-11.09,lady sublime bbw pink light oil play oily fat ass oily tits WM.mp4,mp4,00:13:41,743,1920x1080,2021-09-26 20:35:36,2026-07-04_17-47-51_title_summary_history_2019-08-25_to_2025-04-16_Sales_Summary_by_Title_25-08-2019_to_25-08-2019.csv,2026-07-04T17:49:47,eade8fd49723ad72b93a965b3bd395fc6b8d5e9a89a8a7b61385c6a3b2d9af6f,2019-08-25,2025-04-16
Clips4Sale,Refund 79265933,Refund 79265933,26905251,3,-46.95,-28.17,-15.65,-9.39,lady sublime bbw fat chat pussy play fupa boucing jiggling masturbation weight gain wm.mp4,mp4,00:13:30,733,1920x1080,2022-11-29 18:05:58,2026-07-04_17-47-51_title_summary_history_2019-08-25_to_2025-04-16_Sales_Summary_by_Title_25-08-2019_to_25-08-2019.csv,2026-07-04T17:49:47,8b763b6c06ad8052060f618f4aaf8591310294221bb41b6674f17b41d78b63d7,2019-08-25,2025-04-16
Clips4Sale,Refund 79332707,Refund 79332707,26444891,12,-180.8,-108.48,-15.07,-9.04,lady sublime bbw morning sex pov black lace wm.mp4,mp4,00:10:44,584,1920x1080,2022-08-11 23:35:01,2026-07-04_17-47-51_title_summary_history_2019-08-25_to_2025-04-16_Sales_Summary_by_Title_25-08-2019_to_25-08-2019.csv,2026-07-04T17:49:47,f169bc8209996f1a03af87947b857c427767d7a84c42cb8ff991273b1c9f8009,2019-08-25,2025-04-16
