period_key,period_label,period_start,period_end,rank,canonical_content_id,canonical_title,content_group,platform_list,surface_list,sales,gross,net,avg_net,first_offered_date,first_offered_basis,first_offered_confidence,days_since_launch,sales_per_day,net_per_day,latest_date,mapping_status,source_rows,c4s_sales,c4s_gross,c4s_net,curvage_sales,curvage_gross,curvage_net,manyvids_sales,manyvids_gross,manyvids_net,onlyfans_sales,onlyfans_gross,onlyfans_net,modelcentro_sales,modelcentro_gross,modelcentro_net,coverage_note
latest_7,Latest 7 Days,2026-06-28,2026-07-04,1,Video 0291,Greedy SSBBW Devours Roommates Leftovers,Video,"Clips4Sale, Curvage, ManyVids","C4S title snapshot, Curvage title-count allocation, ManyVids transaction",78,3584.22,1927.42,24.71,2026-06-27,master content release date,high,8,9.75,240.93,2026-07-04,mapped,11,38,1405.37,843.22,37,2067.9,1017.63,3,110.95,66.57,0,0.0,0.0,0,0.0,0.0,Ranks reviewed mapped videos and exact-title auto matches with sales/detail rows inside this period; platform totals remain canonical.
latest_7,Latest 7 Days,2026-06-28,2026-07-04,2,Video 0289,Best Friend's Mom Teases You,Video,"Clips4Sale, Curvage","C4S title snapshot, Curvage title-count allocation",22,615.81,357.71,16.26,2026-05-21,master content release date,high,45,0.49,7.95,2026-07-04,mapped,5,16,447.73,268.64,6,168.08,89.07,0,0.0,0.0,0,0.0,0.0,0,0.0,0.0,Ranks reviewed mapped videos and exact-title auto matches with sales/detail rows inside this period; platform totals remain canonical.
latest_7,Latest 7 Days,2026-06-28,2026-07-04,3,Video 0290,Fucking Your Stuffed SSBBW Girlfriend POV,Video,Clips4Sale,C4S title snapshot,12,251.8,151.08,12.59,2026-06-11,master content release date,high,24,0.5,6.3,2026-07-04,mapped,1,12,251.8,151.08,0,0.0,0.0,0,0.0,0.0,0,0.0,0.0,0,0.0,0.0,Ranks reviewed mapped videos and exact-title auto matches with sales/detail rows inside this period; platform totals remain canonical.
latest_7,Latest 7 Days,2026-06-28,2026-07-04,4,Video 0284,Stuffed Girlfriend Gets Gassy,Video,"Clips4Sale, Curvage","C4S title snapshot, Curvage title-count allocation",7,175.88,92.54,13.22,2026-03-11,master content release date,high,116,0.06,0.8,2026-07-04,mapped,4,4,79.93,47.96,3,95.95,44.58,0,0.0,0.0,0,0.0,0.0,0,0.0,0.0,Ranks reviewed mapped videos and exact-title auto matches with sales/detail rows inside this period; platform totals remain canonical.
latest_7,Latest 7 Days,2026-06-28,2026-07-04,5,Video 0288,Gaining SSBBW Wants to Reach 600lbs,Video,"Clips4Sale, Curvage","C4S title snapshot, Curvage title-count allocation",6,138.58,77.66,12.94,2026-05-04,master content release date,high,62,0.1,1.25,2026-07-04,mapped,2,4,79.93,47.96,2,58.65,29.7,0,0.0,0.0,0,0.0,0.0,0,0.0,0.0,Ranks reviewed mapped videos and exact-title auto matches with sales/detail rows inside this period; platform totals remain canonical.
latest_7,Latest 7 Days,2026-06-28,2026-07-04,6,Video 0267,SSBBW Burps and Farts While Stuffing,Video,"Clips4Sale, Curvage","C4S title snapshot, Curvage title-count allocation",2,91.77,47.02,23.51,2025-04-16,master content release date,high,445,0.0,0.11,2026-07-04,mapped,2,1,34.98,20.99,1,56.79,26.03,0,0.0,0.0,0,0.0,0.0,0,0.0,0.0,Ranks reviewed mapped videos and exact-title auto matches with sales/detail rows inside this period; platform totals remain canonical.
latest_7,Latest 7 Days,2026-06-28,2026-07-04,7,Video 0286,Stuffed and Horny,Video,Clips4Sale,C4S title snapshot,2,73.97,44.38,22.19,2026-04-20,master content release date,high,76,0.03,0.58,2026-07-04,mapped,1,2,73.97,44.38,0,0.0,0.0,0,0.0,0.0,0,0.0,0.0,0,0.0,0.0,Ranks reviewed mapped videos and exact-title auto matches with sales/detail rows inside this period; platform totals remain canonical.
latest_7,Latest 7 Days,2026-06-28,2026-07-04,8,Video 0283,HR Fatty Makes You Her Feeder POV,Video,"Clips4Sale, Curvage","C4S title snapshot, Curvage title-count allocation",4,69.55,41.75,10.44,2026-03-04,master content release date,high,123,0.03,0.34,2026-07-04,mapped,3,2,39.97,23.98,2,29.58,17.77,0,0.0,0.0,0,0.0,0.0,0,0.0,0.0,Ranks reviewed mapped videos and exact-title auto matches with sales/detail rows inside this period; platform totals remain canonical.
latest_7,Latest 7 Days,2026-06-28,2026-07-04,9,Video 0254,SSBBW Smokes After Thanksgiving Stuffing,Video,"Clips4Sale, Curvage","C4S title snapshot, Curvage title-count allocation",2,81.27,40.29,20.14,2024-11-29,master content release date,high,583,0.0,0.07,2026-07-04,mapped,2,1,29.98,17.99,1,51.29,22.3,0,0.0,0.0,0,0.0,0.0,0,0.0,0.0,Ranks reviewed mapped videos and exact-title auto matches with sales/detail rows inside this period; platform totals remain canonical.
latest_7,Latest 7 Days,2026-06-28,2026-07-04,10,Video 0282,Diet Pills Gone Wrong,Video,"Clips4Sale, Curvage","C4S title snapshot, Curvage title-count allocation",4,73.33,40.26,10.07,2026-02-22,master content release date,high,133,0.03,0.3,2026-07-04,mapped,3,2,29.97,17.98,2,43.36,22.28,0,0.0,0.0,0,0.0,0.0,0,0.0,0.0,Ranks reviewed mapped videos and exact-title auto matches with sales/detail rows inside this period; platform totals remain canonical.
latest_7,Latest 7 Days,2026-06-28,2026-07-04,11,Video 0261,Wife Wants to Stop Gaining the Reboot,Video,Clips4Sale,C4S title snapshot,3,65.95,39.57,13.19,2025-02-20,master content release date,high,500,0.01,0.08,2026-07-04,mapped,1,3,65.95,39.57,0,0.0,0.0,0,0.0,0.0,0,0.0,0.0,0,0.0,0.0,Ranks reviewed mapped videos and exact-title auto matches with sales/detail rows inside this period; platform totals remain canonical.
latest_7,Latest 7 Days,2026-06-28,2026-07-04,12,Video 0243,Hotel Concierge Fucking POV,Video,Clips4Sale,C4S title snapshot,3,53.95,32.37,10.79,2024-07-10,master content release date,high,725,0.0,0.04,2026-07-04,mapped,1,3,53.95,32.37,0,0.0,0.0,0,0.0,0.0,0,0.0,0.0,0,0.0,0.0,Ranks reviewed mapped videos and exact-title auto matches with sales/detail rows inside this period; platform totals remain canonical.
latest_7,Latest 7 Days,2026-06-28,2026-07-04,13,Video 0232,Your Wife Accidentally Gains,Video,Clips4Sale,C4S title snapshot,2,49.97,29.98,14.99,2024-05-06,master content release date,high,790,0.0,0.04,2026-07-04,mapped,1,2,49.97,29.98,0,0.0,0.0,0,0.0,0.0,0,0.0,0.0,0,0.0,0.0,Ranks reviewed mapped videos and exact-title auto matches with sales/detail rows inside this period; platform totals remain canonical.
latest_7,Latest 7 Days,2026-06-28,2026-07-04,14,Video 0249,SSBBW Ex Wants to Get Pregnant,Video,Clips4Sale,C4S title snapshot,3,41.95,25.17,8.39,2024-10-27,master content release date,high,616,0.0,0.04,2026-07-04,mapped,1,3,41.95,25.17,0,0.0,0.0,0,0.0,0.0,0,0.0,0.0,0,0.0,0.0,Ranks reviewed mapped videos and exact-title auto matches with sales/detail rows inside this period; platform totals remain canonical.
latest_7,Latest 7 Days,2026-06-28,2026-07-04,15,Video 0279,Greedy SSBBW Stuffs Whole Thanksgiving Dinner,Video,Curvage,Curvage title-count allocation,1,46.93,23.77,23.77,2025-12-01,master content release date,high,216,0.0,0.11,2026-06-30,mapped,1,0,0.0,0.0,1,46.93,23.77,0,0.0,0.0,0,0.0,0.0,0,0.0,0.0,Ranks reviewed mapped videos and exact-title auto matches with sales/detail rows inside this period; platform totals remain canonical.
latest_7,Latest 7 Days,2026-06-28,2026-07-04,16,Video 0187,Fat Girl Walks in Sexy Black Bodystocking,Video,Clips4Sale,C4S title snapshot,2,37.97,22.78,11.39,2023-07-07,master content release date,high,1094,0.0,0.02,2026-07-04,mapped,1,2,37.97,22.78,0,0.0,0.0,0,0.0,0.0,0,0.0,0.0,0,0.0,0.0,Ranks reviewed mapped videos and exact-title auto matches with sales/detail rows inside this period; platform totals remain canonical.
latest_7,Latest 7 Days,2026-06-28,2026-07-04,17,Video 0271,Co-workers' Revenge: Cake Stuffing and Rapid Growth,Video,Curvage,Curvage title-count allocation,1,41.06,20.8,20.8,2025-07-21,master content release date,high,349,0.0,0.06,2026-06-30,mapped,1,0,0.0,0.0,1,41.06,20.8,0,0.0,0.0,0,0.0,0.0,0,0.0,0.0,Ranks reviewed mapped videos and exact-title auto matches with sales/detail rows inside this period; platform totals remain canonical.
latest_7,Latest 7 Days,2026-06-28,2026-07-04,18,Video 0276,Hungry Girlfriend Ignores You,Video,Clips4Sale,C4S title snapshot,2,31.97,19.18,9.59,2025-10-18,master content release date,high,260,0.01,0.07,2026-07-04,mapped,1,2,31.97,19.18,0,0.0,0.0,0,0.0,0.0,0,0.0,0.0,0,0.0,0.0,Ranks reviewed mapped videos and exact-title auto matches with sales/detail rows inside this period; platform totals remain canonical.
latest_7,Latest 7 Days,2026-06-28,2026-07-04,19,Video 0278,Therapist Turns You Into a Feeder Part 3,Video,Clips4Sale,C4S title snapshot,1,29.98,17.99,17.99,2025-11-19,master content release date,high,228,0.0,0.08,2026-07-04,mapped,1,1,29.98,17.99,0,0.0,0.0,0,0.0,0.0,0,0.0,0.0,0,0.0,0.0,Ranks reviewed mapped videos and exact-title auto matches with sales/detail rows inside this period; platform totals remain canonical.
latest_7,Latest 7 Days,2026-06-28,2026-07-04,20,Video 0177,Fat Dom GF Makes you Clean Sweaty Ass and Pussy,Video,"Clips4Sale, ModelCentro","C4S title snapshot, ModelCentro transaction",2,27.97,17.68,8.84,2023-05-03,master content release date,high,1159,0.0,0.02,2026-07-04,mapped,2,1,15.98,9.59,0,0.0,0.0,0,0.0,0.0,0,0.0,0.0,1,11.99,8.09,Ranks reviewed mapped videos and exact-title auto matches with sales/detail rows inside this period; platform totals remain canonical.
latest_7,Latest 7 Days,2026-06-28,2026-07-04,21,Video 0266,Stuffing Until I'm Stuck,Video,Clips4Sale,C4S title snapshot,1,28.98,17.39,17.39,2025-04-11,master content release date,high,450,0.0,0.04,2026-07-04,mapped,1,1,28.98,17.39,0,0.0,0.0,0,0.0,0.0,0,0.0,0.0,0,0.0,0.0,Ranks reviewed mapped videos and exact-title auto matches with sales/detail rows inside this period; platform totals remain canonical.
latest_7,Latest 7 Days,2026-06-28,2026-07-04,22,Video 0287,The Diet of a Gaining SSBBW,Video,Clips4Sale,C4S title snapshot,1,27.98,16.79,16.79,2026-04-27,master content release date,high,69,0.01,0.24,2026-07-04,mapped,1,1,27.98,16.79,0,0.0,0.0,0,0.0,0.0,0,0.0,0.0,0,0.0,0.0,Ranks reviewed mapped videos and exact-title auto matches with sales/detail rows inside this period; platform totals remain canonical.
latest_7,Latest 7 Days,2026-06-28,2026-07-04,23,Video 0259,Boyfriend Gets Vored,Video,Curvage,Curvage title-count allocation,1,37.61,16.35,16.35,2024-12-23,master content release date,high,559,0.0,0.03,2026-06-29,mapped,1,0,0.0,0.0,1,37.61,16.35,0,0.0,0.0,0,0.0,0.0,0,0.0,0.0,Ranks reviewed mapped videos and exact-title auto matches with sales/detail rows inside this period; platform totals remain canonical.
latest_7,Latest 7 Days,2026-06-28,2026-07-04,24,Video 0225,Squirting on the First Date,Video,Clips4Sale,C4S title snapshot,1,26.98,16.19,16.19,2024-04-10,master content release date,high,816,0.0,0.02,2026-07-04,mapped,1,1,26.98,16.19,0,0.0,0.0,0,0.0,0.0,0,0.0,0.0,0,0.0,0.0,Ranks reviewed mapped videos and exact-title auto matches with sales/detail rows inside this period; platform totals remain canonical.
latest_7,Latest 7 Days,2026-06-28,2026-07-04,25,Video 0241,Stuffing and Makeout POV,Video,Clips4Sale,C4S title snapshot,1,24.98,14.99,14.99,2024-07-01,master content release date,high,734,0.0,0.02,2026-07-04,mapped,1,1,24.98,14.99,0,0.0,0.0,0,0.0,0.0,0,0.0,0.0,0,0.0,0.0,Ranks reviewed mapped videos and exact-title auto matches with sales/detail rows inside this period; platform totals remain canonical.
latest_7,Latest 7 Days,2026-06-28,2026-07-04,26,Video 0277,Dorothy Returns to Oz POV,Video,Clips4Sale,C4S title snapshot,1,23.98,14.39,14.39,2025-11-14,master content release date,high,233,0.0,0.06,2026-07-04,mapped,1,1,23.98,14.39,0,0.0,0.0,0,0.0,0.0,0,0.0,0.0,0,0.0,0.0,Ranks reviewed mapped videos and exact-title auto matches with sales/detail rows inside this period; platform totals remain canonical.
latest_7,Latest 7 Days,2026-06-28,2026-07-04,27,Video 0221,Magical Belly Growth and Riding POV,Video,Clips4Sale,C4S title snapshot,1,22.98,13.79,13.79,2024-03-31,master content release date,high,826,0.0,0.02,2026-07-04,mapped,1,1,22.98,13.79,0,0.0,0.0,0,0.0,0.0,0,0.0,0.0,0,0.0,0.0,Ranks reviewed mapped videos and exact-title auto matches with sales/detail rows inside this period; platform totals remain canonical.
latest_7,Latest 7 Days,2026-06-28,2026-07-04,28,Video 0248,SSBBW Girlfriend Grows into 14-foot Giantess,Video,Clips4Sale,C4S title snapshot,1,21.98,13.19,13.19,2024-10-25,master content release date,high,618,0.0,0.02,2026-07-04,mapped,1,1,21.98,13.19,0,0.0,0.0,0,0.0,0.0,0,0.0,0.0,0,0.0,0.0,Ranks reviewed mapped videos and exact-title auto matches with sales/detail rows inside this period; platform totals remain canonical.
latest_7,Latest 7 Days,2026-06-28,2026-07-04,29,Video 0253,Fresh Squeezed Fruit Crush,Video,Clips4Sale,C4S title snapshot,1,21.98,13.19,13.19,2024-11-20,master content release date,high,592,0.0,0.02,2026-07-04,mapped,1,1,21.98,13.19,0,0.0,0.0,0,0.0,0.0,0,0.0,0.0,0,0.0,0.0,Ranks reviewed mapped videos and exact-title auto matches with sales/detail rows inside this period; platform totals remain canonical.
latest_7,Latest 7 Days,2026-06-28,2026-07-04,30,Video 0265,Dripping Wet Strip Tease,Video,Clips4Sale,C4S title snapshot,1,21.98,13.19,13.19,2025-03-14,master content release date,high,478,0.0,0.03,2026-07-04,mapped,1,1,21.98,13.19,0,0.0,0.0,0,0.0,0.0,0,0.0,0.0,0,0.0,0.0,Ranks reviewed mapped videos and exact-title auto matches with sales/detail rows inside this period; platform totals remain canonical.
latest_7,Latest 7 Days,2026-06-28,2026-07-04,31,Video 0268,Work Meeting Masturbation,Video,Clips4Sale,C4S title snapshot,1,21.98,13.19,13.19,2025-04-23,master content release date,high,438,0.0,0.03,2026-07-04,mapped,1,1,21.98,13.19,0,0.0,0.0,0,0.0,0.0,0,0.0,0.0,0,0.0,0.0,Ranks reviewed mapped videos and exact-title auto matches with sales/detail rows inside this period; platform totals remain canonical.
latest_7,Latest 7 Days,2026-06-28,2026-07-04,32,Video 0280,Ex GF Got Fat - Holiday Hookup,Video,Clips4Sale,C4S title snapshot,1,21.98,13.19,13.19,2025-12-26,master content release date,high,191,0.01,0.07,2026-07-04,mapped,1,1,21.98,13.19,0,0.0,0.0,0,0.0,0.0,0,0.0,0.0,0,0.0,0.0,Ranks reviewed mapped videos and exact-title auto matches with sales/detail rows inside this period; platform totals remain canonical.
latest_7,Latest 7 Days,2026-06-28,2026-07-04,33,Video 0262,Voyeur Watches Me Get Ready,Video,Clips4Sale,C4S title snapshot,1,20.98,12.59,12.59,2025-02-28,master content release date,high,492,0.0,0.03,2026-07-04,mapped,1,1,20.98,12.59,0,0.0,0.0,0,0.0,0.0,0,0.0,0.0,0,0.0,0.0,Ranks reviewed mapped videos and exact-title auto matches with sales/detail rows inside this period; platform totals remain canonical.
latest_7,Latest 7 Days,2026-06-28,2026-07-04,34,Video 0270,Neighbor Gets Bred,Video,Clips4Sale,C4S title snapshot,1,20.98,12.59,12.59,2025-06-10,master content release date,high,390,0.0,0.03,2026-07-04,mapped,1,1,20.98,12.59,0,0.0,0.0,0,0.0,0.0,0,0.0,0.0,0,0.0,0.0,Ranks reviewed mapped videos and exact-title auto matches with sales/detail rows inside this period; platform totals remain canonical.
latest_7,Latest 7 Days,2026-06-28,2026-07-04,35,Video 0200,Gaining Cheerleader Girlfriend,Video,ModelCentro,ModelCentro transaction,1,17.99,12.14,12.14,2023-10-16,master content release date,high,993,0.0,0.01,2026-07-02,mapped,1,0,0.0,0.0,0,0.0,0.0,0,0.0,0.0,0,0.0,0.0,1,17.99,12.14,Ranks reviewed mapped videos and exact-title auto matches with sales/detail rows inside this period; platform totals remain canonical.
latest_7,Latest 7 Days,2026-06-28,2026-07-04,36,Video 0162,POV Morning Sex,Video,"Clips4Sale, ModelCentro","C4S title snapshot, ModelCentro transaction",2,17.49,11.31,5.66,2022-03-29,master content release date,high,1559,0.0,0.01,2026-07-04,mapped,2,1,6.5,3.9,0,0.0,0.0,0,0.0,0.0,0,0.0,0.0,1,10.99,7.41,Ranks reviewed mapped videos and exact-title auto matches with sales/detail rows inside this period; platform totals remain canonical.
latest_7,Latest 7 Days,2026-06-28,2026-07-04,37,Video 0181,SSBBW Ass Worship in Thong and Tights,Video,ModelCentro,ModelCentro transaction,1,15.99,10.79,10.79,2023-05-30,master content release date,high,1132,0.0,0.01,2026-07-04,mapped,1,0,0.0,0.0,0,0.0,0.0,0,0.0,0.0,0,0.0,0.0,1,15.99,10.79,Ranks reviewed mapped videos and exact-title auto matches with sales/detail rows inside this period; platform totals remain canonical.
latest_7,Latest 7 Days,2026-06-28,2026-07-04,38,Video 0273,SSBBW Squashes You Under Ass and Feet,Video,Clips4Sale,C4S title snapshot,1,17.98,10.79,10.79,2025-08-09,master content release date,high,330,0.0,0.03,2026-07-04,mapped,1,1,17.98,10.79,0,0.0,0.0,0,0.0,0.0,0,0.0,0.0,0,0.0,0.0,Ranks reviewed mapped videos and exact-title auto matches with sales/detail rows inside this period; platform totals remain canonical.
latest_7,Latest 7 Days,2026-06-28,2026-07-04,39,Video 0257,Cum for My Fat Part 2,Video,Clips4Sale,C4S title snapshot,1,17.98,10.79,10.79,2024-12-11,master content release date,high,571,0.0,0.02,2026-07-04,mapped,1,1,17.98,10.79,0,0.0,0.0,0,0.0,0.0,0,0.0,0.0,0,0.0,0.0,Ranks reviewed mapped videos and exact-title auto matches with sales/detail rows inside this period; platform totals remain canonical.
latest_7,Latest 7 Days,2026-06-28,2026-07-04,40,Video 0237,Horny SSBBW Jiggles for Your Cum,Video,Clips4Sale,C4S title snapshot,1,17.98,10.79,10.79,2024-06-14,master content release date,high,751,0.0,0.01,2026-07-04,mapped,1,1,17.98,10.79,0,0.0,0.0,0,0.0,0.0,0,0.0,0.0,0,0.0,0.0,Ranks reviewed mapped videos and exact-title auto matches with sales/detail rows inside this period; platform totals remain canonical.
latest_7,Latest 7 Days,2026-06-28,2026-07-04,41,Video 0218,Seducing You Into Impregnation,Video,Clips4Sale,C4S title snapshot,1,16.98,10.19,10.19,2024-03-15,master content release date,high,842,0.0,0.01,2026-07-04,mapped,1,1,16.98,10.19,0,0.0,0.0,0,0.0,0.0,0,0.0,0.0,0,0.0,0.0,Ranks reviewed mapped videos and exact-title auto matches with sales/detail rows inside this period; platform totals remain canonical.
latest_7,Latest 7 Days,2026-06-28,2026-07-04,42,Video 0206,Bigger Than You Tease Part 2,Video,Clips4Sale,C4S title snapshot,1,16.98,10.19,10.19,2023-12-11,master content release date,high,937,0.0,0.01,2026-07-04,mapped,1,1,16.98,10.19,0,0.0,0.0,0,0.0,0.0,0,0.0,0.0,0,0.0,0.0,Ranks reviewed mapped videos and exact-title auto matches with sales/detail rows inside this period; platform totals remain canonical.
latest_7,Latest 7 Days,2026-06-28,2026-07-04,43,Video 0207,SSBBW Gets Stuck in the Doorway,Video,Clips4Sale,C4S title snapshot,1,16.98,10.19,10.19,2023-12-17,master content release date,high,931,0.0,0.01,2026-07-04,mapped,1,1,16.98,10.19,0,0.0,0.0,0,0.0,0.0,0,0.0,0.0,0,0.0,0.0,Ranks reviewed mapped videos and exact-title auto matches with sales/detail rows inside this period; platform totals remain canonical.
latest_7,Latest 7 Days,2026-06-28,2026-07-04,44,Video 0209,Morning SSBBW Fuck POV Solo,Video,Clips4Sale,C4S title snapshot,1,16.98,10.19,10.19,2023-12-29,master content release date,high,919,0.0,0.01,2026-07-04,mapped,1,1,16.98,10.19,0,0.0,0.0,0,0.0,0.0,0,0.0,0.0,0,0.0,0.0,Ranks reviewed mapped videos and exact-title auto matches with sales/detail rows inside this period; platform totals remain canonical.
latest_7,Latest 7 Days,2026-06-28,2026-07-04,45,Video 0203,Friends With Benefits,Video,ModelCentro,ModelCentro transaction,1,14.99,10.11,10.11,2023-11-18,master content release date,high,960,0.0,0.01,2026-07-02,mapped,1,0,0.0,0.0,0,0.0,0.0,0,0.0,0.0,0,0.0,0.0,1,14.99,10.11,Ranks reviewed mapped videos and exact-title auto matches with sales/detail rows inside this period; platform totals remain canonical.
latest_7,Latest 7 Days,2026-06-28,2026-07-04,46,Video 0202,BBW Struts and Jiggles Out of My Jeans,Video,ModelCentro,ModelCentro transaction,1,14.99,10.11,10.11,2023-11-10,master content release date,high,968,0.0,0.01,2026-07-04,mapped,1,0,0.0,0.0,0,0.0,0.0,0,0.0,0.0,0,0.0,0.0,1,14.99,10.11,Ranks reviewed mapped videos and exact-title auto matches with sales/detail rows inside this period; platform totals remain canonical.
latest_7,Latest 7 Days,2026-06-28,2026-07-04,47,Video 0224,Jiggling SSBBW Working Out in Lingerie,Video,Curvage,Curvage title-count allocation,1,12.99,9.64,9.64,2024-04-10,master content release date,high,816,0.0,0.01,2026-07-04,mapped,1,0,0.0,0.0,1,12.99,9.64,0,0.0,0.0,0,0.0,0.0,0,0.0,0.0,Ranks reviewed mapped videos and exact-title auto matches with sales/detail rows inside this period; platform totals remain canonical.
latest_7,Latest 7 Days,2026-06-28,2026-07-04,48,Video 0244,Impregnation Fantasy Chat,Video,Curvage,Curvage title-count allocation,1,12.99,9.6,9.6,2024-07-11,master content release date,high,724,0.0,0.01,2026-07-02,mapped,1,0,0.0,0.0,1,12.99,9.6,0,0.0,0.0,0,0.0,0.0,0,0.0,0.0,Ranks reviewed mapped videos and exact-title auto matches with sales/detail rows inside this period; platform totals remain canonical.
latest_7,Latest 7 Days,2026-06-28,2026-07-04,49,Video 0220,Bouncing My Oiled-Up Fat,Video,Clips4Sale,C4S title snapshot,1,15.98,9.59,9.59,2024-03-23,master content release date,high,834,0.0,0.01,2026-07-04,mapped,1,1,15.98,9.59,0,0.0,0.0,0,0.0,0.0,0,0.0,0.0,0,0.0,0.0,Ranks reviewed mapped videos and exact-title auto matches with sales/detail rows inside this period; platform totals remain canonical.
latest_7,Latest 7 Days,2026-06-28,2026-07-04,50,Video 0191,Tight Clothes Make Growing SSBBW Horny,Video,ModelCentro,ModelCentro transaction,1,13.99,9.44,9.44,2023-07-31,master content release date,high,1070,0.0,0.01,2026-06-30,mapped,1,0,0.0,0.0,0,0.0,0.0,0,0.0,0.0,0,0.0,0.0,1,13.99,9.44,Ranks reviewed mapped videos and exact-title auto matches with sales/detail rows inside this period; platform totals remain canonical.
latest_7,Latest 7 Days,2026-06-28,2026-07-04,51,Video 0240,Gaining SSBBW Makes Her Buttons Pop,Video,Clips4Sale,C4S title snapshot,1,14.98,8.99,8.99,2024-06-25,master content release date,high,740,0.0,0.01,2026-07-04,mapped,1,1,14.98,8.99,0,0.0,0.0,0,0.0,0.0,0,0.0,0.0,0,0.0,0.0,Ranks reviewed mapped videos and exact-title auto matches with sales/detail rows inside this period; platform totals remain canonical.
latest_7,Latest 7 Days,2026-06-28,2026-07-04,52,Video 0215,Heavy Hanging Belly,Video,ManyVids,ManyVids transaction,1,13.98,8.39,8.39,2024-03-09,master content release date,high,848,0.0,0.01,2026-06-29,mapped,1,0,0.0,0.0,0,0.0,0.0,1,13.98,8.39,0,0.0,0.0,0,0.0,0.0,Ranks reviewed mapped videos and exact-title auto matches with sales/detail rows inside this period; platform totals remain canonical.
latest_7,Latest 7 Days,2026-06-28,2026-07-04,53,Video 0236,Teasing You in My Mini Skirt,Video,Clips4Sale,C4S title snapshot,1,13.98,8.39,8.39,2024-06-07,master content release date,high,758,0.0,0.01,2026-07-04,mapped,1,1,13.98,8.39,0,0.0,0.0,0,0.0,0.0,0,0.0,0.0,0,0.0,0.0,Ranks reviewed mapped videos and exact-title auto matches with sales/detail rows inside this period; platform totals remain canonical.
latest_7,Latest 7 Days,2026-06-28,2026-07-04,54,Video 0171,Milkshake and Soda Bloated Belly Belching,Video,Curvage,Curvage title-count allocation,1,10.99,8.12,8.12,2023-01-17,master content release date,high,1265,0.0,0.01,2026-07-02,mapped,1,0,0.0,0.0,1,10.99,8.12,0,0.0,0.0,0,0.0,0.0,0,0.0,0.0,Ranks reviewed mapped videos and exact-title auto matches with sales/detail rows inside this period; platform totals remain canonical.
latest_7,Latest 7 Days,2026-06-28,2026-07-04,55,Video 0161,Burrito Binge,Video,Clips4Sale,C4S title snapshot,1,9.0,5.4,5.4,2022-03-15,master content release date,high,1573,0.0,0.0,2026-07-04,mapped,1,1,9.0,5.4,0,0.0,0.0,0,0.0,0.0,0,0.0,0.0,0,0.0,0.0,Ranks reviewed mapped videos and exact-title auto matches with sales/detail rows inside this period; platform totals remain canonical.
latest_7,Latest 7 Days,2026-06-28,2026-07-04,56,Video 0165,BBW Catwalk Bounce and Tease in Heels,Video,Clips4Sale,C4S title snapshot,1,9.0,5.4,5.4,2022-11-29,master content release date,high,1314,0.0,0.0,2026-07-04,mapped,1,1,9.0,5.4,0,0.0,0.0,0,0.0,0.0,0,0.0,0.0,0,0.0,0.0,Ranks reviewed mapped videos and exact-title auto matches with sales/detail rows inside this period; platform totals remain canonical.
latest_7,Latest 7 Days,2026-06-28,2026-07-04,57,Video 0072,Jiggly Catwalk,Video,Clips4Sale,C4S title snapshot,1,8.98,5.39,5.39,2020-02-16,master content release date,high,2331,0.0,0.0,2026-07-04,mapped,1,1,8.98,5.39,0,0.0,0.0,0,0.0,0.0,0,0.0,0.0,0,0.0,0.0,Ranks reviewed mapped videos and exact-title auto matches with sales/detail rows inside this period; platform totals remain canonical.
latest_7,Latest 7 Days,2026-06-28,2026-07-04,58,Video 0163,Kneel and Eat My Fat Pussy,Video,Clips4Sale,C4S title snapshot,1,8.5,5.1,5.1,2022-05-07,master content release date,high,1520,0.0,0.0,2026-07-04,mapped,1,1,8.5,5.1,0,0.0,0.0,0,0.0,0.0,0,0.0,0.0,0,0.0,0.0,Ranks reviewed mapped videos and exact-title auto matches with sales/detail rows inside this period; platform totals remain canonical.
latest_7,Latest 7 Days,2026-06-28,2026-07-04,59,Video 0116,Red Satin Shorts Fat Booty Worship,Video,Clips4Sale,C4S title snapshot,1,6.98,4.19,4.19,2020-11-29,master content release date,high,2044,0.0,0.0,2026-07-04,mapped,1,1,6.98,4.19,0,0.0,0.0,0,0.0,0.0,0,0.0,0.0,0,0.0,0.0,Ranks reviewed mapped videos and exact-title auto matches with sales/detail rows inside this period; platform totals remain canonical.
latest_7,Latest 7 Days,2026-06-28,2026-07-04,60,Video 0059,Not in Kansas,Video,ManyVids,ManyVids transaction,1,4.98,2.99,2.99,2019-11-01,master content release date,high,2438,0.0,0.0,2026-06-28,mapped,1,0,0.0,0.0,0,0.0,0.0,1,4.98,2.99,0,0.0,0.0,0,0.0,0.0,Ranks reviewed mapped videos and exact-title auto matches with sales/detail rows inside this period; platform totals remain canonical.
mtd,Jul MTD,2026-07-01,2026-07-04,1,Video 0291,Greedy SSBBW Devours Roommates Leftovers,Video,"Clips4Sale, Curvage","C4S title snapshot, Curvage title-count allocation",18,831.0,462.95,25.72,2026-06-27,master content release date,high,8,2.25,57.87,2026-07-04,mapped,5,6,221.9,133.14,12,609.1,329.81,0,0.0,0.0,0,0.0,0.0,0,0.0,0.0,Ranks reviewed mapped videos and exact-title auto matches with sales/detail rows inside this period; platform totals remain canonical.
mtd,Jul MTD,2026-07-01,2026-07-04,2,Video 0289,Best Friend's Mom Teases You,Video,"Clips4Sale, Curvage","C4S title snapshot, Curvage title-count allocation",11,295.58,176.88,16.08,2026-05-21,master content release date,high,45,0.24,3.93,2026-07-04,mapped,4,7,195.88,117.53,4,99.7,59.35,0,0.0,0.0,0,0.0,0.0,0,0.0,0.0,Ranks reviewed mapped videos and exact-title auto matches with sales/detail rows inside this period; platform totals remain canonical.
mtd,Jul MTD,2026-07-01,2026-07-04,3,Video 0290,Fucking Your Stuffed SSBBW Girlfriend POV,Video,Clips4Sale,C4S title snapshot,6,125.9,75.54,12.59,2026-06-11,master content release date,high,24,0.25,3.15,2026-07-04,mapped,1,6,125.9,75.54,0,0.0,0.0,0,0.0,0.0,0,0.0,0.0,0,0.0,0.0,Ranks reviewed mapped videos and exact-title auto matches with sales/detail rows inside this period; platform totals remain canonical.
mtd,Jul MTD,2026-07-01,2026-07-04,4,Video 0267,SSBBW Burps and Farts While Stuffing,Video,"Clips4Sale, Curvage","C4S title snapshot, Curvage title-count allocation",2,91.77,47.02,23.51,2025-04-16,master content release date,high,445,0.0,0.11,2026-07-04,mapped,2,1,34.98,20.99,1,56.79,26.03,0,0.0,0.0,0,0.0,0.0,0,0.0,0.0,Ranks reviewed mapped videos and exact-title auto matches with sales/detail rows inside this period; platform totals remain canonical.
mtd,Jul MTD,2026-07-01,2026-07-04,5,Video 0284,Stuffed Girlfriend Gets Gassy,Video,"Clips4Sale, Curvage","C4S title snapshot, Curvage title-count allocation",3,72.41,38.85,12.95,2026-03-11,master content release date,high,116,0.03,0.33,2026-07-04,mapped,2,2,39.97,23.98,1,32.44,14.87,0,0.0,0.0,0,0.0,0.0,0,0.0,0.0,Ranks reviewed mapped videos and exact-title auto matches with sales/detail rows inside this period; platform totals remain canonical.
mtd,Jul MTD,2026-07-01,2026-07-04,6,Video 0261,Wife Wants to Stop Gaining the Reboot,Video,Clips4Sale,C4S title snapshot,2,43.97,26.38,13.19,2025-02-20,master content release date,high,500,0.0,0.05,2026-07-04,mapped,1,2,43.97,26.38,0,0.0,0.0,0,0.0,0.0,0,0.0,0.0,0,0.0,0.0,Ranks reviewed mapped videos and exact-title auto matches with sales/detail rows inside this period; platform totals remain canonical.
mtd,Jul MTD,2026-07-01,2026-07-04,7,Video 0288,Gaining SSBBW Wants to Reach 600lbs,Video,Clips4Sale,C4S title snapshot,2,39.97,23.98,11.99,2026-05-04,master content release date,high,62,0.03,0.39,2026-07-04,mapped,1,2,39.97,23.98,0,0.0,0.0,0,0.0,0.0,0,0.0,0.0,0,0.0,0.0,Ranks reviewed mapped videos and exact-title auto matches with sales/detail rows inside this period; platform totals remain canonical.
mtd,Jul MTD,2026-07-01,2026-07-04,8,Video 0187,Fat Girl Walks in Sexy Black Bodystocking,Video,Clips4Sale,C4S title snapshot,2,37.97,22.78,11.39,2023-07-07,master content release date,high,1094,0.0,0.02,2026-07-04,mapped,1,2,37.97,22.78,0,0.0,0.0,0,0.0,0.0,0,0.0,0.0,0,0.0,0.0,Ranks reviewed mapped videos and exact-title auto matches with sales/detail rows inside this period; platform totals remain canonical.
mtd,Jul MTD,2026-07-01,2026-07-04,9,Video 0243,Hotel Concierge Fucking POV,Video,Clips4Sale,C4S title snapshot,2,35.97,21.58,10.79,2024-07-10,master content release date,high,725,0.0,0.03,2026-07-04,mapped,1,2,35.97,21.58,0,0.0,0.0,0,0.0,0.0,0,0.0,0.0,0,0.0,0.0,Ranks reviewed mapped videos and exact-title auto matches with sales/detail rows inside this period; platform totals remain canonical.
mtd,Jul MTD,2026-07-01,2026-07-04,10,Video 0283,HR Fatty Makes You Her Feeder POV,Video,"Clips4Sale, Curvage","C4S title snapshot, Curvage title-count allocation",2,31.97,20.85,10.43,2026-03-04,master content release date,high,123,0.02,0.17,2026-07-04,mapped,2,1,19.98,11.99,1,11.99,8.86,0,0.0,0.0,0,0.0,0.0,0,0.0,0.0,Ranks reviewed mapped videos and exact-title auto matches with sales/detail rows inside this period; platform totals remain canonical.
mtd,Jul MTD,2026-07-01,2026-07-04,11,Video 0282,Diet Pills Gone Wrong,Video,"Clips4Sale, Curvage","C4S title snapshot, Curvage title-count allocation",2,32.7,20.13,10.07,2026-02-22,master content release date,high,133,0.02,0.15,2026-07-04,mapped,2,1,14.98,8.99,1,17.72,11.14,0,0.0,0.0,0,0.0,0.0,0,0.0,0.0,Ranks reviewed mapped videos and exact-title auto matches with sales/detail rows inside this period; platform totals remain canonical.
mtd,Jul MTD,2026-07-01,2026-07-04,12,Video 0254,SSBBW Smokes After Thanksgiving Stuffing,Video,Clips4Sale,C4S title snapshot,1,29.98,17.99,17.99,2024-11-29,master content release date,high,583,0.0,0.03,2026-07-04,mapped,1,1,29.98,17.99,0,0.0,0.0,0,0.0,0.0,0,0.0,0.0,0,0.0,0.0,Ranks reviewed mapped videos and exact-title auto matches with sales/detail rows inside this period; platform totals remain canonical.
mtd,Jul MTD,2026-07-01,2026-07-04,13,Video 0278,Therapist Turns You Into a Feeder Part 3,Video,Clips4Sale,C4S title snapshot,1,29.98,17.99,17.99,2025-11-19,master content release date,high,228,0.0,0.08,2026-07-04,mapped,1,1,29.98,17.99,0,0.0,0.0,0,0.0,0.0,0,0.0,0.0,0,0.0,0.0,Ranks reviewed mapped videos and exact-title auto matches with sales/detail rows inside this period; platform totals remain canonical.
mtd,Jul MTD,2026-07-01,2026-07-04,14,Video 0266,Stuffing Until I'm Stuck,Video,Clips4Sale,C4S title snapshot,1,28.98,17.39,17.39,2025-04-11,master content release date,high,450,0.0,0.04,2026-07-04,mapped,1,1,28.98,17.39,0,0.0,0.0,0,0.0,0.0,0,0.0,0.0,0,0.0,0.0,Ranks reviewed mapped videos and exact-title auto matches with sales/detail rows inside this period; platform totals remain canonical.
mtd,Jul MTD,2026-07-01,2026-07-04,15,Video 0287,The Diet of a Gaining SSBBW,Video,Clips4Sale,C4S title snapshot,1,27.98,16.79,16.79,2026-04-27,master content release date,high,69,0.01,0.24,2026-07-04,mapped,1,1,27.98,16.79,0,0.0,0.0,0,0.0,0.0,0,0.0,0.0,0,0.0,0.0,Ranks reviewed mapped videos and exact-title auto matches with sales/detail rows inside this period; platform totals remain canonical.
mtd,Jul MTD,2026-07-01,2026-07-04,16,Video 0241,Stuffing and Makeout POV,Video,Clips4Sale,C4S title snapshot,1,24.98,14.99,14.99,2024-07-01,master content release date,high,734,0.0,0.02,2026-07-04,mapped,1,1,24.98,14.99,0,0.0,0.0,0,0.0,0.0,0,0.0,0.0,0,0.0,0.0,Ranks reviewed mapped videos and exact-title auto matches with sales/detail rows inside this period; platform totals remain canonical.
mtd,Jul MTD,2026-07-01,2026-07-04,17,Video 0248,SSBBW Girlfriend Grows into 14-foot Giantess,Video,Clips4Sale,C4S title snapshot,1,21.98,13.19,13.19,2024-10-25,master content release date,high,618,0.0,0.02,2026-07-04,mapped,1,1,21.98,13.19,0,0.0,0.0,0,0.0,0.0,0,0.0,0.0,0,0.0,0.0,Ranks reviewed mapped videos and exact-title auto matches with sales/detail rows inside this period; platform totals remain canonical.
mtd,Jul MTD,2026-07-01,2026-07-04,18,Video 0265,Dripping Wet Strip Tease,Video,Clips4Sale,C4S title snapshot,1,21.98,13.19,13.19,2025-03-14,master content release date,high,478,0.0,0.03,2026-07-04,mapped,1,1,21.98,13.19,0,0.0,0.0,0,0.0,0.0,0,0.0,0.0,0,0.0,0.0,Ranks reviewed mapped videos and exact-title auto matches with sales/detail rows inside this period; platform totals remain canonical.
mtd,Jul MTD,2026-07-01,2026-07-04,19,Video 0268,Work Meeting Masturbation,Video,Clips4Sale,C4S title snapshot,1,21.98,13.19,13.19,2025-04-23,master content release date,high,438,0.0,0.03,2026-07-04,mapped,1,1,21.98,13.19,0,0.0,0.0,0,0.0,0.0,0,0.0,0.0,0,0.0,0.0,Ranks reviewed mapped videos and exact-title auto matches with sales/detail rows inside this period; platform totals remain canonical.
mtd,Jul MTD,2026-07-01,2026-07-04,20,Video 0262,Voyeur Watches Me Get Ready,Video,Clips4Sale,C4S title snapshot,1,20.98,12.59,12.59,2025-02-28,master content release date,high,492,0.0,0.03,2026-07-04,mapped,1,1,20.98,12.59,0,0.0,0.0,0,0.0,0.0,0,0.0,0.0,0,0.0,0.0,Ranks reviewed mapped videos and exact-title auto matches with sales/detail rows inside this period; platform totals remain canonical.
mtd,Jul MTD,2026-07-01,2026-07-04,21,Video 0200,Gaining Cheerleader Girlfriend,Video,ModelCentro,ModelCentro transaction,1,17.99,12.14,12.14,2023-10-16,master content release date,high,993,0.0,0.01,2026-07-02,mapped,1,0,0.0,0.0,0,0.0,0.0,0,0.0,0.0,0,0.0,0.0,1,17.99,12.14,Ranks reviewed mapped videos and exact-title auto matches with sales/detail rows inside this period; platform totals remain canonical.
mtd,Jul MTD,2026-07-01,2026-07-04,22,Video 0162,POV Morning Sex,Video,"Clips4Sale, ModelCentro","C4S title snapshot, ModelCentro transaction",2,17.49,11.31,5.66,2022-03-29,master content release date,high,1559,0.0,0.01,2026-07-04,mapped,2,1,6.5,3.9,0,0.0,0.0,0,0.0,0.0,0,0.0,0.0,1,10.99,7.41,Ranks reviewed mapped videos and exact-title auto matches with sales/detail rows inside this period; platform totals remain canonical.
mtd,Jul MTD,2026-07-01,2026-07-04,23,Video 0181,SSBBW Ass Worship in Thong and Tights,Video,ModelCentro,ModelCentro transaction,1,15.99,10.79,10.79,2023-05-30,master content release date,high,1132,0.0,0.01,2026-07-04,mapped,1,0,0.0,0.0,0,0.0,0.0,0,0.0,0.0,0,0.0,0.0,1,15.99,10.79,Ranks reviewed mapped videos and exact-title auto matches with sales/detail rows inside this period; platform totals remain canonical.
mtd,Jul MTD,2026-07-01,2026-07-04,24,Video 0273,SSBBW Squashes You Under Ass and Feet,Video,Clips4Sale,C4S title snapshot,1,17.98,10.79,10.79,2025-08-09,master content release date,high,330,0.0,0.03,2026-07-04,mapped,1,1,17.98,10.79,0,0.0,0.0,0,0.0,0.0,0,0.0,0.0,0,0.0,0.0,Ranks reviewed mapped videos and exact-title auto matches with sales/detail rows inside this period; platform totals remain canonical.
mtd,Jul MTD,2026-07-01,2026-07-04,25,Video 0257,Cum for My Fat Part 2,Video,Clips4Sale,C4S title snapshot,1,17.98,10.79,10.79,2024-12-11,master content release date,high,571,0.0,0.02,2026-07-04,mapped,1,1,17.98,10.79,0,0.0,0.0,0,0.0,0.0,0,0.0,0.0,0,0.0,0.0,Ranks reviewed mapped videos and exact-title auto matches with sales/detail rows inside this period; platform totals remain canonical.
mtd,Jul MTD,2026-07-01,2026-07-04,26,Video 0237,Horny SSBBW Jiggles for Your Cum,Video,Clips4Sale,C4S title snapshot,1,17.98,10.79,10.79,2024-06-14,master content release date,high,751,0.0,0.01,2026-07-04,mapped,1,1,17.98,10.79,0,0.0,0.0,0,0.0,0.0,0,0.0,0.0,0,0.0,0.0,Ranks reviewed mapped videos and exact-title auto matches with sales/detail rows inside this period; platform totals remain canonical.
mtd,Jul MTD,2026-07-01,2026-07-04,27,Video 0218,Seducing You Into Impregnation,Video,Clips4Sale,C4S title snapshot,1,16.98,10.19,10.19,2024-03-15,master content release date,high,842,0.0,0.01,2026-07-04,mapped,1,1,16.98,10.19,0,0.0,0.0,0,0.0,0.0,0,0.0,0.0,0,0.0,0.0,Ranks reviewed mapped videos and exact-title auto matches with sales/detail rows inside this period; platform totals remain canonical.
mtd,Jul MTD,2026-07-01,2026-07-04,28,Video 0203,Friends With Benefits,Video,ModelCentro,ModelCentro transaction,1,14.99,10.11,10.11,2023-11-18,master content release date,high,960,0.0,0.01,2026-07-02,mapped,1,0,0.0,0.0,0,0.0,0.0,0,0.0,0.0,0,0.0,0.0,1,14.99,10.11,Ranks reviewed mapped videos and exact-title auto matches with sales/detail rows inside this period; platform totals remain canonical.
mtd,Jul MTD,2026-07-01,2026-07-04,29,Video 0202,BBW Struts and Jiggles Out of My Jeans,Video,ModelCentro,ModelCentro transaction,1,14.99,10.11,10.11,2023-11-10,master content release date,high,968,0.0,0.01,2026-07-04,mapped,1,0,0.0,0.0,0,0.0,0.0,0,0.0,0.0,0,0.0,0.0,1,14.99,10.11,Ranks reviewed mapped videos and exact-title auto matches with sales/detail rows inside this period; platform totals remain canonical.
mtd,Jul MTD,2026-07-01,2026-07-04,30,Video 0224,Jiggling SSBBW Working Out in Lingerie,Video,Curvage,Curvage title-count allocation,1,12.99,9.64,9.64,2024-04-10,master content release date,high,816,0.0,0.01,2026-07-04,mapped,1,0,0.0,0.0,1,12.99,9.64,0,0.0,0.0,0,0.0,0.0,0,0.0,0.0,Ranks reviewed mapped videos and exact-title auto matches with sales/detail rows inside this period; platform totals remain canonical.
mtd,Jul MTD,2026-07-01,2026-07-04,31,Video 0244,Impregnation Fantasy Chat,Video,Curvage,Curvage title-count allocation,1,12.99,9.6,9.6,2024-07-11,master content release date,high,724,0.0,0.01,2026-07-02,mapped,1,0,0.0,0.0,1,12.99,9.6,0,0.0,0.0,0,0.0,0.0,0,0.0,0.0,Ranks reviewed mapped videos and exact-title auto matches with sales/detail rows inside this period; platform totals remain canonical.
mtd,Jul MTD,2026-07-01,2026-07-04,32,Video 0220,Bouncing My Oiled-Up Fat,Video,Clips4Sale,C4S title snapshot,1,15.98,9.59,9.59,2024-03-23,master content release date,high,834,0.0,0.01,2026-07-04,mapped,1,1,15.98,9.59,0,0.0,0.0,0,0.0,0.0,0,0.0,0.0,0,0.0,0.0,Ranks reviewed mapped videos and exact-title auto matches with sales/detail rows inside this period; platform totals remain canonical.
mtd,Jul MTD,2026-07-01,2026-07-04,33,Video 0276,Hungry Girlfriend Ignores You,Video,Clips4Sale,C4S title snapshot,1,15.98,9.59,9.59,2025-10-18,master content release date,high,260,0.0,0.04,2026-07-04,mapped,1,1,15.98,9.59,0,0.0,0.0,0,0.0,0.0,0,0.0,0.0,0,0.0,0.0,Ranks reviewed mapped videos and exact-title auto matches with sales/detail rows inside this period; platform totals remain canonical.
mtd,Jul MTD,2026-07-01,2026-07-04,34,Video 0236,Teasing You in My Mini Skirt,Video,Clips4Sale,C4S title snapshot,1,13.98,8.39,8.39,2024-06-07,master content release date,high,758,0.0,0.01,2026-07-04,mapped,1,1,13.98,8.39,0,0.0,0.0,0,0.0,0.0,0,0.0,0.0,0,0.0,0.0,Ranks reviewed mapped videos and exact-title auto matches with sales/detail rows inside this period; platform totals remain canonical.
mtd,Jul MTD,2026-07-01,2026-07-04,35,Video 0171,Milkshake and Soda Bloated Belly Belching,Video,Curvage,Curvage title-count allocation,1,10.99,8.12,8.12,2023-01-17,master content release date,high,1265,0.0,0.01,2026-07-02,mapped,1,0,0.0,0.0,1,10.99,8.12,0,0.0,0.0,0,0.0,0.0,0,0.0,0.0,Ranks reviewed mapped videos and exact-title auto matches with sales/detail rows inside this period; platform totals remain canonical.
mtd,Jul MTD,2026-07-01,2026-07-04,36,Video 0177,Fat Dom GF Makes you Clean Sweaty Ass and Pussy,Video,ModelCentro,ModelCentro transaction,1,11.99,8.09,8.09,2023-05-03,master content release date,high,1159,0.0,0.01,2026-07-02,mapped,1,0,0.0,0.0,0,0.0,0.0,0,0.0,0.0,0,0.0,0.0,1,11.99,8.09,Ranks reviewed mapped videos and exact-title auto matches with sales/detail rows inside this period; platform totals remain canonical.
mtd,Jul MTD,2026-07-01,2026-07-04,37,Video 0165,BBW Catwalk Bounce and Tease in Heels,Video,Clips4Sale,C4S title snapshot,1,9.0,5.4,5.4,2022-11-29,master content release date,high,1314,0.0,0.0,2026-07-04,mapped,1,1,9.0,5.4,0,0.0,0.0,0,0.0,0.0,0,0.0,0.0,0,0.0,0.0,Ranks reviewed mapped videos and exact-title auto matches with sales/detail rows inside this period; platform totals remain canonical.
ytd,2026 YTD,2026-01-01,2026-07-04,1,Video 0289,Best Friend's Mom Teases You,Video,"Clips4Sale, Curvage, ManyVids","C4S title snapshot, Curvage title-count allocation, ManyVids transaction",283,8133.8,4733.9,16.73,2026-05-21,master content release date,high,45,6.29,105.2,2026-07-04,mapped,62,155,4337.42,2602.45,98,2956.88,1627.75,30,839.5,503.7,0,0.0,0.0,0,0.0,0.0,Ranks reviewed mapped videos and exact-title auto matches with sales/detail rows inside this period; platform totals remain canonical. C4S uses the latest matching YTD Sales Summary by Title snapshot.
ytd,2026 YTD,2026-01-01,2026-07-04,2,Video 0282,Diet Pills Gone Wrong,Video,"Clips4Sale, Curvage, ManyVids","C4S title snapshot, Curvage title-count allocation, ManyVids transaction",284,4749.46,3227.78,11.37,2026-02-22,master content release date,high,133,2.14,24.27,2026-07-04,mapped,72,105,1573.25,943.95,161,2906.51,2122.01,18,269.7,161.82,0,0.0,0.0,0,0.0,0.0,Ranks reviewed mapped videos and exact-title auto matches with sales/detail rows inside this period; platform totals remain canonical. C4S uses the latest matching YTD Sales Summary by Title snapshot.
ytd,2026 YTD,2026-01-01,2026-07-04,3,Video 0284,Stuffed Girlfriend Gets Gassy,Video,"Clips4Sale, Curvage, ManyVids","C4S title snapshot, Curvage title-count allocation, ManyVids transaction",184,4059.57,2665.68,14.49,2026-03-11,master content release date,high,116,1.59,22.98,2026-07-04,mapped,39,95,1898.42,1139.05,83,2041.25,1454.69,6,119.9,71.94,0,0.0,0.0,0,0.0,0.0,Ranks reviewed mapped videos and exact-title auto matches with sales/detail rows inside this period; platform totals remain canonical. C4S uses the latest matching YTD Sales Summary by Title snapshot.
ytd,2026 YTD,2026-01-01,2026-07-04,4,Video 0283,HR Fatty Makes You Her Feeder POV,Video,"Clips4Sale, Curvage, ManyVids","C4S title snapshot, Curvage title-count allocation, ManyVids transaction",198,3357.47,2277.25,11.5,2026-03-04,master content release date,high,123,1.61,18.51,2026-07-04,mapped,60,57,1139.05,683.43,130,1998.6,1461.93,11,219.82,131.89,0,0.0,0.0,0,0.0,0.0,Ranks reviewed mapped videos and exact-title auto matches with sales/detail rows inside this period; platform totals remain canonical. C4S uses the latest matching YTD Sales Summary by Title snapshot.
ytd,2026 YTD,2026-01-01,2026-07-04,5,Video 0288,Gaining SSBBW Wants to Reach 600lbs,Video,"Clips4Sale, Curvage, ManyVids","C4S title snapshot, Curvage title-count allocation, ManyVids transaction",124,3060.32,1998.02,16.11,2026-05-04,master content release date,high,62,2.0,32.23,2026-07-04,mapped,42,43,859.28,515.57,68,1941.26,1326.58,13,259.78,155.87,0,0.0,0.0,0,0.0,0.0,Ranks reviewed mapped videos and exact-title auto matches with sales/detail rows inside this period; platform totals remain canonical. C4S uses the latest matching YTD Sales Summary by Title snapshot.
ytd,2026 YTD,2026-01-01,2026-07-04,6,Video 0291,Greedy SSBBW Devours Roommates Leftovers,Video,"Clips4Sale, Curvage, ManyVids","C4S title snapshot, Curvage title-count allocation, ManyVids transaction",81,3695.17,1993.99,24.62,2026-06-27,master content release date,high,8,10.12,249.25,2026-07-04,mapped,11,41,1516.32,909.79,37,2067.9,1017.63,3,110.95,66.57,0,0.0,0.0,0,0.0,0.0,Ranks reviewed mapped videos and exact-title auto matches with sales/detail rows inside this period; platform totals remain canonical. C4S uses the latest matching YTD Sales Summary by Title snapshot.
ytd,2026 YTD,2026-01-01,2026-07-04,7,Video 0285,Exercise After Gaining,Video,"Clips4Sale, Curvage, ManyVids","C4S title snapshot, Curvage title-count allocation, ManyVids transaction",88,2974.79,1986.04,22.57,2026-04-06,master content release date,high,90,0.98,22.07,2026-07-04,mapped,35,26,727.57,436.54,55,2051.34,1431.97,7,195.88,117.53,0,0.0,0.0,0,0.0,0.0,Ranks reviewed mapped videos and exact-title auto matches with sales/detail rows inside this period; platform totals remain canonical. C4S uses the latest matching YTD Sales Summary by Title snapshot.
ytd,2026 YTD,2026-01-01,2026-07-04,8,Video 0281,Gassy Giantess Gobbles You Up,Video,"Clips4Sale, Curvage, ManyVids","C4S title snapshot, Curvage title-count allocation, ManyVids transaction",112,3018.36,1944.54,17.36,2026-01-30,master content release date,high,156,0.72,12.46,2026-07-04,mapped,23,77,1923.72,1154.23,29,944.74,700.37,6,149.9,89.94,0,0.0,0.0,0,0.0,0.0,Ranks reviewed mapped videos and exact-title auto matches with sales/detail rows inside this period; platform totals remain canonical. C4S uses the latest matching YTD Sales Summary by Title snapshot.
ytd,2026 YTD,2026-01-01,2026-07-04,9,Video 0279,Greedy SSBBW Stuffs Whole Thanksgiving Dinner,Video,"Clips4Sale, Curvage, ManyVids","C4S title snapshot, Curvage title-count allocation, ManyVids transaction",65,2490.59,1694.84,26.07,2025-12-01,master content release date,high,216,0.3,7.85,2026-07-04,mapped,36,27,863.55,518.13,36,1563.07,1138.33,2,63.97,38.38,0,0.0,0.0,0,0.0,0.0,Ranks reviewed mapped videos and exact-title auto matches with sales/detail rows inside this period; platform totals remain canonical. C4S uses the latest matching YTD Sales Summary by Title snapshot.
ytd,2026 YTD,2026-01-01,2026-07-04,10,Video 0271,Co-workers' Revenge: Cake Stuffing and Rapid Growth,Video,"Clips4Sale, Curvage, ManyVids","C4S title snapshot, Curvage title-count allocation, ManyVids transaction",75,2500.1,1682.12,22.43,2025-07-21,master content release date,high,349,0.21,4.82,2026-07-04,mapped,36,37,1035.38,621.23,35,1380.77,1010.52,3,83.95,50.37,0,0.0,0.0,0,0.0,0.0,Ranks reviewed mapped videos and exact-title auto matches with sales/detail rows inside this period; platform totals remain canonical. C4S uses the latest matching YTD Sales Summary by Title snapshot.
ytd,2026 YTD,2026-01-01,2026-07-04,11,Video 0286,Stuffed and Horny,Video,"Clips4Sale, ManyVids","C4S title snapshot, ManyVids transaction",57,2108.05,1264.83,22.19,2026-04-20,master content release date,high,76,0.75,16.64,2026-07-04,mapped,11,47,1738.22,1042.93,0,0.0,0.0,10,369.83,221.9,0,0.0,0.0,0,0.0,0.0,Ranks reviewed mapped videos and exact-title auto matches with sales/detail rows inside this period; platform totals remain canonical. C4S uses the latest matching YTD Sales Summary by Title snapshot.
ytd,2026 YTD,2026-01-01,2026-07-04,12,Video 0280,Ex GF Got Fat - Holiday Hookup,Video,"Clips4Sale, ManyVids","C4S title snapshot, ManyVids transaction",83,1824.62,1094.77,13.19,2025-12-26,master content release date,high,191,0.43,5.73,2026-07-04,mapped,12,72,1582.8,949.68,0,0.0,0.0,11,241.82,145.09,0,0.0,0.0,0,0.0,0.0,Ranks reviewed mapped videos and exact-title auto matches with sales/detail rows inside this period; platform totals remain canonical. C4S uses the latest matching YTD Sales Summary by Title snapshot.
ytd,2026 YTD,2026-01-01,2026-07-04,13,Video 0290,Fucking Your Stuffed SSBBW Girlfriend POV,Video,"Clips4Sale, ManyVids","C4S title snapshot, ManyVids transaction",79,1664.68,998.81,12.64,2026-06-11,master content release date,high,24,3.29,41.62,2026-07-04,mapped,16,64,1349.93,809.96,0,0.0,0.0,15,314.75,188.85,0,0.0,0.0,0,0.0,0.0,Ranks reviewed mapped videos and exact-title auto matches with sales/detail rows inside this period; platform totals remain canonical. C4S uses the latest matching YTD Sales Summary by Title snapshot.
ytd,2026 YTD,2026-01-01,2026-07-04,14,Video 0267,SSBBW Burps and Farts While Stuffing,Video,"Clips4Sale, Curvage, ManyVids","C4S title snapshot, Curvage title-count allocation, ManyVids transaction",31,1290.97,827.24,26.69,2025-04-16,master content release date,high,445,0.07,1.86,2026-07-04,mapped,13,19,664.68,398.81,8,486.36,344.47,4,139.93,83.96,0,0.0,0.0,0,0.0,0.0,Ranks reviewed mapped videos and exact-title auto matches with sales/detail rows inside this period; platform totals remain canonical. C4S uses the latest matching YTD Sales Summary by Title snapshot.
ytd,2026 YTD,2026-01-01,2026-07-04,15,Video 0287,The Diet of a Gaining SSBBW,Video,"Clips4Sale, ManyVids","C4S title snapshot, ManyVids transaction",36,1007.4,604.44,16.79,2026-04-27,master content release date,high,69,0.52,8.76,2026-07-04,mapped,3,34,951.43,570.86,0,0.0,0.0,2,55.97,33.58,0,0.0,0.0,0,0.0,0.0,Ranks reviewed mapped videos and exact-title auto matches with sales/detail rows inside this period; platform totals remain canonical. C4S uses the latest matching YTD Sales Summary by Title snapshot.
ytd,2026 YTD,2026-01-01,2026-07-04,16,Video 0273,SSBBW Squashes You Under Ass and Feet,Video,"Clips4Sale, Curvage, ManyVids","C4S title snapshot, Curvage title-count allocation, ManyVids transaction",27,708.3,469.14,17.38,2025-08-09,master content release date,high,330,0.08,1.42,2026-07-04,mapped,8,20,359.67,215.8,5,312.66,231.76,2,35.97,21.58,0,0.0,0.0,0,0.0,0.0,Ranks reviewed mapped videos and exact-title auto matches with sales/detail rows inside this period; platform totals remain canonical. C4S uses the latest matching YTD Sales Summary by Title snapshot.
ytd,2026 YTD,2026-01-01,2026-07-04,17,Video 0266,Stuffing Until I'm Stuck,Video,"Clips4Sale, Curvage","C4S title snapshot, Curvage title-count allocation",18,546.31,355.81,19.77,2025-04-11,master content release date,high,450,0.04,0.79,2026-07-04,mapped,7,12,347.8,208.68,6,198.51,147.13,0,0.0,0.0,0,0.0,0.0,0,0.0,0.0,Ranks reviewed mapped videos and exact-title auto matches with sales/detail rows inside this period; platform totals remain canonical. C4S uses the latest matching YTD Sales Summary by Title snapshot.
ytd,2026 YTD,2026-01-01,2026-07-04,18,Video 0241,Stuffing and Makeout POV,Video,"Clips4Sale, Curvage","C4S title snapshot, Curvage title-count allocation",19,528.33,348.63,18.35,2024-07-01,master content release date,high,734,0.03,0.47,2026-07-04,mapped,10,10,249.83,149.9,9,278.5,198.73,0,0.0,0.0,0,0.0,0.0,0,0.0,0.0,Ranks reviewed mapped videos and exact-title auto matches with sales/detail rows inside this period; platform totals remain canonical. C4S uses the latest matching YTD Sales Summary by Title snapshot.
ytd,2026 YTD,2026-01-01,2026-07-04,19,Video 0277,Dorothy Returns to Oz POV,Video,"Clips4Sale, ManyVids","C4S title snapshot, ManyVids transaction",24,575.6,345.36,14.39,2025-11-14,master content release date,high,233,0.1,1.48,2026-07-04,mapped,9,16,383.73,230.24,0,0.0,0.0,8,191.87,115.12,0,0.0,0.0,0,0.0,0.0,Ranks reviewed mapped videos and exact-title auto matches with sales/detail rows inside this period; platform totals remain canonical. C4S uses the latest matching YTD Sales Summary by Title snapshot.
ytd,2026 YTD,2026-01-01,2026-07-04,20,Video 0270,Neighbor Gets Bred,Video,"Clips4Sale, ManyVids","C4S title snapshot, ManyVids transaction",27,566.55,339.93,12.59,2025-06-10,master content release date,high,390,0.07,0.87,2026-07-04,mapped,7,21,440.65,264.39,0,0.0,0.0,6,125.9,75.54,0,0.0,0.0,0,0.0,0.0,Ranks reviewed mapped videos and exact-title auto matches with sales/detail rows inside this period; platform totals remain canonical. C4S uses the latest matching YTD Sales Summary by Title snapshot.
ytd,2026 YTD,2026-01-01,2026-07-04,21,Video 0259,Boyfriend Gets Vored,Video,"Clips4Sale, Curvage, ManyVids","C4S title snapshot, Curvage title-count allocation, ManyVids transaction",18,485.88,326.89,18.16,2024-12-23,master content release date,high,559,0.03,0.58,2026-07-04,mapped,13,6,131.9,79.14,11,332.0,234.56,1,21.98,13.19,0,0.0,0.0,0,0.0,0.0,Ranks reviewed mapped videos and exact-title auto matches with sales/detail rows inside this period; platform totals remain canonical. C4S uses the latest matching YTD Sales Summary by Title snapshot.
ytd,2026 YTD,2026-01-01,2026-07-04,22,Video 0278,Therapist Turns You Into a Feeder Part 3,Video,Clips4Sale,C4S title snapshot,17,509.72,305.83,17.99,2025-11-19,master content release date,high,228,0.07,1.34,2026-07-04,mapped,1,17,509.72,305.83,0,0.0,0.0,0,0.0,0.0,0,0.0,0.0,0,0.0,0.0,Ranks reviewed mapped videos and exact-title auto matches with sales/detail rows inside this period; platform totals remain canonical. C4S uses the latest matching YTD Sales Summary by Title snapshot.
ytd,2026 YTD,2026-01-01,2026-07-04,23,Video 0264,After-Gym Stuffing,Video,"Clips4Sale, Curvage, ManyVids","C4S title snapshot, Curvage title-count allocation, ManyVids transaction",17,419.35,276.49,16.26,2025-03-10,master content release date,high,482,0.04,0.57,2026-07-04,mapped,9,9,179.85,107.91,7,219.52,156.59,1,19.98,11.99,0,0.0,0.0,0,0.0,0.0,Ranks reviewed mapped videos and exact-title auto matches with sales/detail rows inside this period; platform totals remain canonical. C4S uses the latest matching YTD Sales Summary by Title snapshot.
ytd,2026 YTD,2026-01-01,2026-07-04,24,Video 0261,Wife Wants to Stop Gaining the Reboot,Video,"Clips4Sale, ManyVids","C4S title snapshot, ManyVids transaction",20,439.67,263.8,13.19,2025-02-20,master content release date,high,500,0.04,0.53,2026-07-04,mapped,4,17,373.72,224.23,0,0.0,0.0,3,65.95,39.57,0,0.0,0.0,0,0.0,0.0,Ranks reviewed mapped videos and exact-title auto matches with sales/detail rows inside this period; platform totals remain canonical. C4S uses the latest matching YTD Sales Summary by Title snapshot.
ytd,2026 YTD,2026-01-01,2026-07-04,25,Video 0254,SSBBW Smokes After Thanksgiving Stuffing,Video,"Clips4Sale, Curvage","C4S title snapshot, Curvage title-count allocation",10,337.67,213.41,21.34,2024-11-29,master content release date,high,583,0.02,0.37,2026-07-04,mapped,6,5,149.92,89.95,5,187.75,123.46,0,0.0,0.0,0,0.0,0.0,0,0.0,0.0,Ranks reviewed mapped videos and exact-title auto matches with sales/detail rows inside this period; platform totals remain canonical. C4S uses the latest matching YTD Sales Summary by Title snapshot.
ytd,2026 YTD,2026-01-01,2026-07-04,26,Video 0249,SSBBW Ex Wants to Get Pregnant,Video,"Clips4Sale, ManyVids","C4S title snapshot, ManyVids transaction",25,349.58,209.75,8.39,2024-10-27,master content release date,high,616,0.04,0.34,2026-07-04,mapped,8,18,251.7,151.02,0,0.0,0.0,7,97.88,58.73,0,0.0,0.0,0,0.0,0.0,Ranks reviewed mapped videos and exact-title auto matches with sales/detail rows inside this period; platform totals remain canonical. C4S uses the latest matching YTD Sales Summary by Title snapshot.
ytd,2026 YTD,2026-01-01,2026-07-04,27,Video 0268,Work Meeting Masturbation,Video,"Clips4Sale, ManyVids","C4S title snapshot, ManyVids transaction",15,329.75,197.85,13.19,2025-04-23,master content release date,high,438,0.03,0.45,2026-07-04,mapped,3,13,285.78,171.47,0,0.0,0.0,2,43.97,26.38,0,0.0,0.0,0,0.0,0.0,Ranks reviewed mapped videos and exact-title auto matches with sales/detail rows inside this period; platform totals remain canonical. C4S uses the latest matching YTD Sales Summary by Title snapshot.
ytd,2026 YTD,2026-01-01,2026-07-04,28,Video 0276,Hungry Girlfriend Ignores You,Video,"Clips4Sale, ManyVids","C4S title snapshot, ManyVids transaction",20,319.66,191.8,9.59,2025-10-18,master content release date,high,260,0.08,0.74,2026-07-04,mapped,5,16,255.73,153.44,0,0.0,0.0,4,63.93,38.36,0,0.0,0.0,0,0.0,0.0,Ranks reviewed mapped videos and exact-title auto matches with sales/detail rows inside this period; platform totals remain canonical. C4S uses the latest matching YTD Sales Summary by Title snapshot.
ytd,2026 YTD,2026-01-01,2026-07-04,29,Video 0243,Hotel Concierge Fucking POV,Video,"Clips4Sale, ManyVids","C4S title snapshot, ManyVids transaction",17,305.72,183.43,10.79,2024-07-10,master content release date,high,725,0.02,0.25,2026-07-04,mapped,6,12,215.8,129.48,0,0.0,0.0,5,89.92,53.95,0,0.0,0.0,0,0.0,0.0,Ranks reviewed mapped videos and exact-title auto matches with sales/detail rows inside this period; platform totals remain canonical. C4S uses the latest matching YTD Sales Summary by Title snapshot.
ytd,2026 YTD,2026-01-01,2026-07-04,30,Video 0203,Friends With Benefits,Video,"Clips4Sale, ManyVids, ModelCentro","C4S title snapshot, ManyVids transaction, ModelCentro transaction",18,299.72,183.18,10.18,2023-11-18,master content release date,high,960,0.02,0.19,2026-07-04,mapped,8,11,186.82,112.09,0,0.0,0.0,4,67.93,40.76,0,0.0,0.0,3,44.97,30.33,Ranks reviewed mapped videos and exact-title auto matches with sales/detail rows inside this period; platform totals remain canonical. C4S uses the latest matching YTD Sales Summary by Title snapshot.
ytd,2026 YTD,2026-01-01,2026-07-04,31,Video 0256,Mutual Gaining Fantasy,Video,"Clips4Sale, Curvage","C4S title snapshot, Curvage title-count allocation",11,279.45,178.94,16.27,2024-12-05,master content release date,high,577,0.02,0.31,2026-07-04,mapped,4,8,199.87,119.92,3,79.58,59.02,0,0.0,0.0,0,0.0,0.0,0,0.0,0.0,Ranks reviewed mapped videos and exact-title auto matches with sales/detail rows inside this period; platform totals remain canonical. C4S uses the latest matching YTD Sales Summary by Title snapshot.
ytd,2026 YTD,2026-01-01,2026-07-04,32,Video 0275,Fitting My Fat Body,Video,Clips4Sale,C4S title snapshot,10,279.83,167.9,16.79,2025-09-14,master content release date,high,294,0.03,0.57,2026-07-04,mapped,1,10,279.83,167.9,0,0.0,0.0,0,0.0,0.0,0,0.0,0.0,0,0.0,0.0,Ranks reviewed mapped videos and exact-title auto matches with sales/detail rows inside this period; platform totals remain canonical. C4S uses the latest matching YTD Sales Summary by Title snapshot.
ytd,2026 YTD,2026-01-01,2026-07-04,33,Video 0228,Worship My Sweaty Ass,Video,"Clips4Sale, ManyVids","C4S title snapshot, ManyVids transaction",13,272.79,163.67,12.59,2024-04-22,master content release date,high,804,0.02,0.2,2026-07-04,mapped,3,11,230.82,138.49,0,0.0,0.0,2,41.97,25.18,0,0.0,0.0,0,0.0,0.0,Ranks reviewed mapped videos and exact-title auto matches with sales/detail rows inside this period; platform totals remain canonical. C4S uses the latest matching YTD Sales Summary by Title snapshot.
ytd,2026 YTD,2026-01-01,2026-07-04,34,Video 0221,Magical Belly Growth and Riding POV,Video,"Clips4Sale, ManyVids","C4S title snapshot, ManyVids transaction",11,252.82,151.69,13.79,2024-03-31,master content release date,high,826,0.01,0.18,2026-07-04,mapped,3,9,206.85,124.11,0,0.0,0.0,2,45.97,27.58,0,0.0,0.0,0,0.0,0.0,Ranks reviewed mapped videos and exact-title auto matches with sales/detail rows inside this period; platform totals remain canonical. C4S uses the latest matching YTD Sales Summary by Title snapshot.
ytd,2026 YTD,2026-01-01,2026-07-04,35,Video 0255,Worship My Sweaty Fat,Video,"Clips4Sale, ManyVids","C4S title snapshot, ManyVids transaction",10,249.83,149.9,14.99,2024-12-04,master content release date,high,578,0.02,0.26,2026-07-04,mapped,2,9,224.85,134.91,0,0.0,0.0,1,24.98,14.99,0,0.0,0.0,0,0.0,0.0,Ranks reviewed mapped videos and exact-title auto matches with sales/detail rows inside this period; platform totals remain canonical. C4S uses the latest matching YTD Sales Summary by Title snapshot.
ytd,2026 YTD,2026-01-01,2026-07-04,36,Video 0263,SSBBW Rips Leggings and Fucks Pussy,Video,"Clips4Sale, ManyVids","C4S title snapshot, ManyVids transaction",12,239.8,143.88,11.99,2025-03-02,master content release date,high,490,0.02,0.29,2026-07-04,mapped,4,9,179.85,107.91,0,0.0,0.0,3,59.95,35.97,0,0.0,0.0,0,0.0,0.0,Ranks reviewed mapped videos and exact-title auto matches with sales/detail rows inside this period; platform totals remain canonical. C4S uses the latest matching YTD Sales Summary by Title snapshot.
ytd,2026 YTD,2026-01-01,2026-07-04,37,Video 0257,Cum for My Fat Part 2,Video,"Clips4Sale, ManyVids","C4S title snapshot, ManyVids transaction",13,229.78,137.87,10.61,2024-12-11,master content release date,high,571,0.02,0.24,2026-07-04,mapped,5,9,161.85,97.11,0,0.0,0.0,4,67.93,40.76,0,0.0,0.0,0,0.0,0.0,Ranks reviewed mapped videos and exact-title auto matches with sales/detail rows inside this period; platform totals remain canonical. C4S uses the latest matching YTD Sales Summary by Title snapshot.
ytd,2026 YTD,2026-01-01,2026-07-04,38,Video 0225,Squirting on the First Date,Video,"Clips4Sale, ManyVids","C4S title snapshot, ManyVids transaction",9,227.85,136.71,15.19,2024-04-10,master content release date,high,816,0.01,0.17,2026-07-04,mapped,4,6,161.9,97.14,0,0.0,0.0,3,65.95,39.57,0,0.0,0.0,0,0.0,0.0,Ranks reviewed mapped videos and exact-title auto matches with sales/detail rows inside this period; platform totals remain canonical. C4S uses the latest matching YTD Sales Summary by Title snapshot.
ytd,2026 YTD,2026-01-01,2026-07-04,39,Video 0274,Pantyhose Pussy Licking and Toe Sucking,Video,"Clips4Sale, ManyVids","C4S title snapshot, ManyVids transaction",10,219.84,131.9,13.19,2025-08-16,master content release date,high,323,0.03,0.41,2026-07-04,mapped,3,8,175.87,105.52,0,0.0,0.0,2,43.97,26.38,0,0.0,0.0,0,0.0,0.0,Ranks reviewed mapped videos and exact-title auto matches with sales/detail rows inside this period; platform totals remain canonical. C4S uses the latest matching YTD Sales Summary by Title snapshot.
ytd,2026 YTD,2026-01-01,2026-07-04,40,Video 0248,SSBBW Girlfriend Grows into 14-foot Giantess,Video,Clips4Sale,C4S title snapshot,10,219.83,131.9,13.19,2024-10-25,master content release date,high,618,0.02,0.21,2026-07-04,mapped,1,10,219.83,131.9,0,0.0,0.0,0,0.0,0.0,0,0.0,0.0,0,0.0,0.0,Ranks reviewed mapped videos and exact-title auto matches with sales/detail rows inside this period; platform totals remain canonical. C4S uses the latest matching YTD Sales Summary by Title snapshot.
ytd,2026 YTD,2026-01-01,2026-07-04,41,Video 0247,Anniversary Fuck POV,Video,"Clips4Sale, ManyVids","C4S title snapshot, ManyVids transaction",11,219.82,131.89,11.99,2024-07-25,master content release date,high,710,0.02,0.19,2026-07-04,mapped,6,6,119.9,71.94,0,0.0,0.0,5,99.92,59.95,0,0.0,0.0,0,0.0,0.0,Ranks reviewed mapped videos and exact-title auto matches with sales/detail rows inside this period; platform totals remain canonical. C4S uses the latest matching YTD Sales Summary by Title snapshot.
ytd,2026 YTD,2026-01-01,2026-07-04,42,Video 0186,Chair Breaking Under Huge SSBBW,Video,Clips4Sale,C4S title snapshot,8,199.87,119.92,14.99,2023-06-21,master content release date,high,1110,0.01,0.11,2026-07-04,mapped,1,8,199.87,119.92,0,0.0,0.0,0,0.0,0.0,0,0.0,0.0,0,0.0,0.0,Ranks reviewed mapped videos and exact-title auto matches with sales/detail rows inside this period; platform totals remain canonical. C4S uses the latest matching YTD Sales Summary by Title snapshot.
ytd,2026 YTD,2026-01-01,2026-07-04,43,Video 0232,Your Wife Accidentally Gains,Video,"Clips4Sale, ManyVids","C4S title snapshot, ManyVids transaction",8,196.86,118.12,14.77,2024-05-06,master content release date,high,790,0.01,0.15,2026-07-04,mapped,2,7,174.88,104.93,0,0.0,0.0,1,21.98,13.19,0,0.0,0.0,0,0.0,0.0,Ranks reviewed mapped videos and exact-title auto matches with sales/detail rows inside this period; platform totals remain canonical. C4S uses the latest matching YTD Sales Summary by Title snapshot.
ytd,2026 YTD,2026-01-01,2026-07-04,44,Video 0258,Measurements and Weigh-In,Video,"Clips4Sale, Curvage","C4S title snapshot, Curvage title-count allocation",4,162.29,115.41,28.85,2024-12-18,master content release date,high,564,0.01,0.2,2026-07-04,mapped,4,1,34.98,20.99,3,127.31,94.42,0,0.0,0.0,0,0.0,0.0,0,0.0,0.0,Ranks reviewed mapped videos and exact-title auto matches with sales/detail rows inside this period; platform totals remain canonical. C4S uses the latest matching YTD Sales Summary by Title snapshot.
ytd,2026 YTD,2026-01-01,2026-07-04,45,Video 0177,Fat Dom GF Makes you Clean Sweaty Ass and Pussy,Video,"Clips4Sale, ManyVids, ModelCentro","C4S title snapshot, ManyVids transaction, ModelCentro transaction",12,187.8,113.58,9.47,2023-05-03,master content release date,high,1159,0.01,0.1,2026-07-04,mapped,3,10,159.83,95.9,0,0.0,0.0,1,15.98,9.59,0,0.0,0.0,1,11.99,8.09,Ranks reviewed mapped videos and exact-title auto matches with sales/detail rows inside this period; platform totals remain canonical. C4S uses the latest matching YTD Sales Summary by Title snapshot.
ytd,2026 YTD,2026-01-01,2026-07-04,46,Video 0265,Dripping Wet Strip Tease,Video,Clips4Sale,C4S title snapshot,8,175.87,105.52,13.19,2025-03-14,master content release date,high,478,0.02,0.22,2026-07-04,mapped,1,8,175.87,105.52,0,0.0,0.0,0,0.0,0.0,0,0.0,0.0,0,0.0,0.0,Ranks reviewed mapped videos and exact-title auto matches with sales/detail rows inside this period; platform totals remain canonical. C4S uses the latest matching YTD Sales Summary by Title snapshot.
ytd,2026 YTD,2026-01-01,2026-07-04,47,Video 0216,Horny SSBBW Succubus Grows for Your Cum POV,Video,"Clips4Sale, Curvage","C4S title snapshot, Curvage title-count allocation",8,156.2,105.02,13.13,2024-03-10,master content release date,high,847,0.01,0.12,2026-07-04,mapped,5,4,75.93,45.56,4,80.27,59.46,0,0.0,0.0,0,0.0,0.0,0,0.0,0.0,Ranks reviewed mapped videos and exact-title auto matches with sales/detail rows inside this period; platform totals remain canonical. C4S uses the latest matching YTD Sales Summary by Title snapshot.
ytd,2026 YTD,2026-01-01,2026-07-04,48,Video 0235,Your Therapist Turns You Into a Feeder Part 1,Video,Clips4Sale,C4S title snapshot,7,174.88,104.93,14.99,2024-05-16,master content release date,high,780,0.01,0.13,2026-07-04,mapped,1,7,174.88,104.93,0,0.0,0.0,0,0.0,0.0,0,0.0,0.0,0,0.0,0.0,Ranks reviewed mapped videos and exact-title auto matches with sales/detail rows inside this period; platform totals remain canonical. C4S uses the latest matching YTD Sales Summary by Title snapshot.
ytd,2026 YTD,2026-01-01,2026-07-04,49,Video 0272,Smoking a cigarette in an outgrown shirt,Video,Clips4Sale,C4S title snapshot,9,170.85,102.51,11.39,2025-07-27,master content release date,high,343,0.03,0.3,2026-07-04,mapped,1,9,170.85,102.51,0,0.0,0.0,0,0.0,0.0,0,0.0,0.0,0,0.0,0.0,Ranks reviewed mapped videos and exact-title auto matches with sales/detail rows inside this period; platform totals remain canonical. C4S uses the latest matching YTD Sales Summary by Title snapshot.
ytd,2026 YTD,2026-01-01,2026-07-04,50,Video 0244,Impregnation Fantasy Chat,Video,"Clips4Sale, Curvage","C4S title snapshot, Curvage title-count allocation",10,152.35,98.09,9.81,2024-07-11,master content release date,high,724,0.01,0.14,2026-07-04,mapped,4,7,104.88,62.93,3,47.47,35.16,0,0.0,0.0,0,0.0,0.0,0,0.0,0.0,Ranks reviewed mapped videos and exact-title auto matches with sales/detail rows inside this period; platform totals remain canonical. C4S uses the latest matching YTD Sales Summary by Title snapshot.
ytd,2026 YTD,2026-01-01,2026-07-04,51,Video 0218,Seducing You Into Impregnation,Video,"Clips4Sale, ManyVids","C4S title snapshot, ManyVids transaction",9,152.85,91.71,10.19,2024-03-15,master content release date,high,842,0.01,0.11,2026-07-04,mapped,4,6,101.9,61.14,0,0.0,0.0,3,50.95,30.57,0,0.0,0.0,0,0.0,0.0,Ranks reviewed mapped videos and exact-title auto matches with sales/detail rows inside this period; platform totals remain canonical. C4S uses the latest matching YTD Sales Summary by Title snapshot.
ytd,2026 YTD,2026-01-01,2026-07-04,52,Video 0252,Resist Temptation or Get Swallowed,Video,"Clips4Sale, ManyVids","C4S title snapshot, ManyVids transaction",6,149.9,89.94,14.99,2024-11-16,master content release date,high,596,0.01,0.15,2026-07-04,mapped,2,5,124.92,74.95,0,0.0,0.0,1,24.98,14.99,0,0.0,0.0,0,0.0,0.0,Ranks reviewed mapped videos and exact-title auto matches with sales/detail rows inside this period; platform totals remain canonical. C4S uses the latest matching YTD Sales Summary by Title snapshot.
ytd,2026 YTD,2026-01-01,2026-07-04,53,Video 0262,Voyeur Watches Me Get Ready,Video,"Clips4Sale, ManyVids","C4S title snapshot, ManyVids transaction",7,147.88,88.73,12.68,2025-02-28,master content release date,high,492,0.01,0.18,2026-07-04,mapped,2,6,125.9,75.54,0,0.0,0.0,1,21.98,13.19,0,0.0,0.0,0,0.0,0.0,Ranks reviewed mapped videos and exact-title auto matches with sales/detail rows inside this period; platform totals remain canonical. C4S uses the latest matching YTD Sales Summary by Title snapshot.
ytd,2026 YTD,2026-01-01,2026-07-04,54,Video 0194,SSBBW Car Struggles and Topless Driving,Video,Clips4Sale,C4S title snapshot,7,146.88,88.13,12.59,2023-08-31,master content release date,high,1039,0.01,0.08,2026-07-04,mapped,1,7,146.88,88.13,0,0.0,0.0,0,0.0,0.0,0,0.0,0.0,0,0.0,0.0,Ranks reviewed mapped videos and exact-title auto matches with sales/detail rows inside this period; platform totals remain canonical. C4S uses the latest matching YTD Sales Summary by Title snapshot.
ytd,2026 YTD,2026-01-01,2026-07-04,55,Video 0153,Fat Party Girl Gets the Wrong Room,Video,"Clips4Sale, ManyVids, ModelCentro","C4S title snapshot, ManyVids transaction, ModelCentro transaction",16,131.43,80.65,5.04,2021-11-14,master content release date,high,1694,0.01,0.05,2026-07-04,mapped,6,11,71.5,42.9,0,0.0,0.0,3,35.95,21.57,0,0.0,0.0,2,23.98,16.18,Ranks reviewed mapped videos and exact-title auto matches with sales/detail rows inside this period; platform totals remain canonical. C4S uses the latest matching YTD Sales Summary by Title snapshot.
ytd,2026 YTD,2026-01-01,2026-07-04,56,Video 0253,Fresh Squeezed Fruit Crush,Video,Clips4Sale,C4S title snapshot,6,131.9,79.14,13.19,2024-11-20,master content release date,high,592,0.01,0.13,2026-07-04,mapped,1,6,131.9,79.14,0,0.0,0.0,0,0.0,0.0,0,0.0,0.0,0,0.0,0.0,Ranks reviewed mapped videos and exact-title auto matches with sales/detail rows inside this period; platform totals remain canonical. C4S uses the latest matching YTD Sales Summary by Title snapshot.
ytd,2026 YTD,2026-01-01,2026-07-04,57,Video 0260,Gaining for Daddy,Video,Clips4Sale,C4S title snapshot,5,119.92,71.95,14.39,2025-02-17,master content release date,high,503,0.01,0.14,2026-07-04,mapped,1,5,119.92,71.95,0,0.0,0.0,0,0.0,0.0,0,0.0,0.0,0,0.0,0.0,Ranks reviewed mapped videos and exact-title auto matches with sales/detail rows inside this period; platform totals remain canonical. C4S uses the latest matching YTD Sales Summary by Title snapshot.
ytd,2026 YTD,2026-01-01,2026-07-04,58,Video 0209,Morning SSBBW Fuck POV Solo,Video,"Clips4Sale, ManyVids","C4S title snapshot, ManyVids transaction",7,118.88,71.33,10.19,2023-12-29,master content release date,high,919,0.01,0.08,2026-07-04,mapped,2,6,101.9,61.14,0,0.0,0.0,1,16.98,10.19,0,0.0,0.0,0,0.0,0.0,Ranks reviewed mapped videos and exact-title auto matches with sales/detail rows inside this period; platform totals remain canonical. C4S uses the latest matching YTD Sales Summary by Title snapshot.
ytd,2026 YTD,2026-01-01,2026-07-04,59,Video 0251,Cum for My Fat,Video,Clips4Sale,C4S title snapshot,7,118.88,71.33,10.19,2024-11-13,master content release date,high,599,0.01,0.12,2026-07-04,mapped,1,7,118.88,71.33,0,0.0,0.0,0,0.0,0.0,0,0.0,0.0,0,0.0,0.0,Ranks reviewed mapped videos and exact-title auto matches with sales/detail rows inside this period; platform totals remain canonical. C4S uses the latest matching YTD Sales Summary by Title snapshot.
ytd,2026 YTD,2026-01-01,2026-07-04,60,Video 0245,Belly Worship to Keep Your Job,Video,"Clips4Sale, ManyVids","C4S title snapshot, ManyVids transaction",7,111.89,67.13,9.59,2024-07-18,master content release date,high,717,0.01,0.09,2026-07-04,mapped,3,5,79.92,47.95,0,0.0,0.0,2,31.97,19.18,0,0.0,0.0,0,0.0,0.0,Ranks reviewed mapped videos and exact-title auto matches with sales/detail rows inside this period; platform totals remain canonical. C4S uses the latest matching YTD Sales Summary by Title snapshot.
ytd,2026 YTD,2026-01-01,2026-07-04,61,Video 0237,Horny SSBBW Jiggles for Your Cum,Video,Clips4Sale,C4S title snapshot,6,107.9,64.74,10.79,2024-06-14,master content release date,high,751,0.01,0.09,2026-07-04,mapped,1,6,107.9,64.74,0,0.0,0.0,0,0.0,0.0,0,0.0,0.0,0,0.0,0.0,Ranks reviewed mapped videos and exact-title auto matches with sales/detail rows inside this period; platform totals remain canonical. C4S uses the latest matching YTD Sales Summary by Title snapshot.
ytd,2026 YTD,2026-01-01,2026-07-04,62,Video 0250,Soda Chug and Burping,Video,Curvage,Curvage title-count allocation,3,85.6,63.39,21.13,2024-10-30,master content release date,high,613,0.0,0.1,2026-06-19,mapped,3,0,0.0,0.0,3,85.6,63.39,0,0.0,0.0,0,0.0,0.0,0,0.0,0.0,Ranks reviewed mapped videos and exact-title auto matches with sales/detail rows inside this period; platform totals remain canonical. C4S uses the latest matching YTD Sales Summary by Title snapshot.
ytd,2026 YTD,2026-01-01,2026-07-04,63,Video 0239,SSBBW Giantess Rubs Pussy on You,Video,"Clips4Sale, ManyVids","C4S title snapshot, ManyVids transaction",7,104.88,62.93,8.99,2024-06-21,master content release date,high,744,0.01,0.08,2026-07-04,mapped,2,6,89.9,53.94,0,0.0,0.0,1,14.98,8.99,0,0.0,0.0,0,0.0,0.0,Ranks reviewed mapped videos and exact-title auto matches with sales/detail rows inside this period; platform totals remain canonical. C4S uses the latest matching YTD Sales Summary by Title snapshot.
ytd,2026 YTD,2026-01-01,2026-07-04,64,Video 0269,Therapist Turns You Into a Feeder Part 2,Video,Clips4Sale,C4S title snapshot,4,99.93,59.96,14.99,2025-04-27,master content release date,high,434,0.01,0.14,2026-07-04,mapped,1,4,99.93,59.96,0,0.0,0.0,0,0.0,0.0,0,0.0,0.0,0,0.0,0.0,Ranks reviewed mapped videos and exact-title auto matches with sales/detail rows inside this period; platform totals remain canonical. C4S uses the latest matching YTD Sales Summary by Title snapshot.
ytd,2026 YTD,2026-01-01,2026-07-04,65,Video 0199,Vibe Until I Cum,Video,"Clips4Sale, ManyVids, ModelCentro","C4S title snapshot, ManyVids transaction, ModelCentro transaction",7,96.89,59.1,8.44,2023-10-05,master content release date,high,1004,0.01,0.06,2026-07-04,mapped,3,5,69.92,41.95,0,0.0,0.0,1,13.98,8.39,0,0.0,0.0,1,12.99,8.76,Ranks reviewed mapped videos and exact-title auto matches with sales/detail rows inside this period; platform totals remain canonical. C4S uses the latest matching YTD Sales Summary by Title snapshot.
ytd,2026 YTD,2026-01-01,2026-07-04,66,Video 0234,Fucking My Creamy Fat Pussy,Video,ManyVids,ManyVids transaction,8,95.87,57.52,7.19,2024-05-13,master content release date,high,783,0.01,0.07,2026-06-27,mapped,8,0,0.0,0.0,0,0.0,0.0,8,95.87,57.52,0,0.0,0.0,0,0.0,0.0,Ranks reviewed mapped videos and exact-title auto matches with sales/detail rows inside this period; platform totals remain canonical. C4S uses the latest matching YTD Sales Summary by Title snapshot.
ytd,2026 YTD,2026-01-01,2026-07-04,67,Video 0187,Fat Girl Walks in Sexy Black Bodystocking,Video,"Clips4Sale, ManyVids","C4S title snapshot, ManyVids transaction",5,90.91,54.55,10.91,2023-07-07,master content release date,high,1094,0.0,0.05,2026-07-04,mapped,2,4,75.93,45.56,0,0.0,0.0,1,14.98,8.99,0,0.0,0.0,0,0.0,0.0,Ranks reviewed mapped videos and exact-title auto matches with sales/detail rows inside this period; platform totals remain canonical. C4S uses the latest matching YTD Sales Summary by Title snapshot.
ytd,2026 YTD,2026-01-01,2026-07-04,68,Video 0233,Your Fave Hookup Got Fat,Video,Clips4Sale,C4S title snapshot,4,83.93,50.36,12.59,2024-05-10,master content release date,high,786,0.01,0.06,2026-07-04,mapped,1,4,83.93,50.36,0,0.0,0.0,0,0.0,0.0,0,0.0,0.0,0,0.0,0.0,Ranks reviewed mapped videos and exact-title auto matches with sales/detail rows inside this period; platform totals remain canonical. C4S uses the latest matching YTD Sales Summary by Title snapshot.
ytd,2026 YTD,2026-01-01,2026-07-04,69,Video 0215,Heavy Hanging Belly,Video,"Clips4Sale, ManyVids","C4S title snapshot, ManyVids transaction",6,83.9,50.34,8.39,2024-03-09,master content release date,high,848,0.01,0.06,2026-07-04,mapped,4,3,41.95,25.17,0,0.0,0.0,3,41.95,25.17,0,0.0,0.0,0,0.0,0.0,Ranks reviewed mapped videos and exact-title auto matches with sales/detail rows inside this period; platform totals remain canonical. C4S uses the latest matching YTD Sales Summary by Title snapshot.
ytd,2026 YTD,2026-01-01,2026-07-04,70,Video 0191,Tight Clothes Make Growing SSBBW Horny,Video,"Clips4Sale, ModelCentro","C4S title snapshot, ModelCentro transaction",5,75.93,47.65,9.53,2023-07-31,master content release date,high,1070,0.0,0.04,2026-07-04,mapped,3,3,47.95,28.77,0,0.0,0.0,0,0.0,0.0,0,0.0,0.0,2,27.98,18.88,Ranks reviewed mapped videos and exact-title auto matches with sales/detail rows inside this period; platform totals remain canonical. C4S uses the latest matching YTD Sales Summary by Title snapshot.
ytd,2026 YTD,2026-01-01,2026-07-04,71,Video 0171,Milkshake and Soda Bloated Belly Belching,Video,"Clips4Sale, Curvage","C4S title snapshot, Curvage title-count allocation",7,68.04,46.74,6.68,2023-01-17,master content release date,high,1265,0.01,0.04,2026-07-04,mapped,4,4,26.0,15.6,3,42.04,31.14,0,0.0,0.0,0,0.0,0.0,0,0.0,0.0,Ranks reviewed mapped videos and exact-title auto matches with sales/detail rows inside this period; platform totals remain canonical. C4S uses the latest matching YTD Sales Summary by Title snapshot.
ytd,2026 YTD,2026-01-01,2026-07-04,72,Video 0242,Crawling Back to Your Fat Mistress,Video,"Clips4Sale, ManyVids","C4S title snapshot, ManyVids transaction",6,77.9,46.74,7.79,2024-07-04,master content release date,high,731,0.01,0.06,2026-07-04,mapped,3,4,51.93,31.16,0,0.0,0.0,2,25.97,15.58,0,0.0,0.0,0,0.0,0.0,Ranks reviewed mapped videos and exact-title auto matches with sales/detail rows inside this period; platform totals remain canonical. C4S uses the latest matching YTD Sales Summary by Title snapshot.
ytd,2026 YTD,2026-01-01,2026-07-04,73,Video 0163,Kneel and Eat My Fat Pussy,Video,"Clips4Sale, ManyVids, ModelCentro","C4S title snapshot, ManyVids transaction, ModelCentro transaction",6,75.46,46.47,7.75,2022-05-07,master content release date,high,1520,0.0,0.03,2026-07-04,mapped,4,3,25.5,15.3,0,0.0,0.0,2,33.97,20.38,0,0.0,0.0,1,15.99,10.79,Ranks reviewed mapped videos and exact-title auto matches with sales/detail rows inside this period; platform totals remain canonical. C4S uses the latest matching YTD Sales Summary by Title snapshot.
ytd,2026 YTD,2026-01-01,2026-07-04,74,Video 0162,POV Morning Sex,Video,"Clips4Sale, ManyVids, ModelCentro","C4S title snapshot, ManyVids transaction, ModelCentro transaction",9,75.96,46.39,5.15,2022-03-29,master content release date,high,1559,0.01,0.03,2026-07-04,mapped,4,6,39.0,23.4,0,0.0,0.0,2,25.97,15.58,0,0.0,0.0,1,10.99,7.41,Ranks reviewed mapped videos and exact-title auto matches with sales/detail rows inside this period; platform totals remain canonical. C4S uses the latest matching YTD Sales Summary by Title snapshot.
ytd,2026 YTD,2026-01-01,2026-07-04,75,Video 0223,Growing SSBBW Stuffs 5000 Calories While Sitting on You POV 🤤🌮,Video,Clips4Sale,C4S title snapshot,3,74.95,44.97,14.99,2024-04-01,master content release date,high,825,0.0,0.05,2026-07-04,mapped,1,3,74.95,44.97,0,0.0,0.0,0,0.0,0.0,0,0.0,0.0,0,0.0,0.0,Ranks reviewed mapped videos and exact-title auto matches with sales/detail rows inside this period; platform totals remain canonical. C4S uses the latest matching YTD Sales Summary by Title snapshot.
ytd,2026 YTD,2026-01-01,2026-07-04,76,Video 0231,Large Pizza and Fat Pussy,Video,Clips4Sale,C4S title snapshot,3,74.95,44.97,14.99,2024-05-02,master content release date,high,794,0.0,0.06,2026-07-04,mapped,1,3,74.95,44.97,0,0.0,0.0,0,0.0,0.0,0,0.0,0.0,0,0.0,0.0,Ranks reviewed mapped videos and exact-title auto matches with sales/detail rows inside this period; platform totals remain canonical. C4S uses the latest matching YTD Sales Summary by Title snapshot.
ytd,2026 YTD,2026-01-01,2026-07-04,77,Video 0195,SSBBW Loves Being Bigger Than You,Video,Clips4Sale,C4S title snapshot,4,71.93,43.16,10.79,2023-09-03,master content release date,high,1036,0.0,0.04,2026-07-04,mapped,1,4,71.93,43.16,0,0.0,0.0,0,0.0,0.0,0,0.0,0.0,0,0.0,0.0,Ranks reviewed mapped videos and exact-title auto matches with sales/detail rows inside this period; platform totals remain canonical. C4S uses the latest matching YTD Sales Summary by Title snapshot.
ytd,2026 YTD,2026-01-01,2026-07-04,78,Video 0119,Your Cum Makes Me Gain,Video,"Clips4Sale, ManyVids","C4S title snapshot, ManyVids transaction",6,71.9,43.14,7.19,2021-01-03,master content release date,high,2009,0.0,0.02,2026-07-04,mapped,3,4,47.93,28.76,0,0.0,0.0,2,23.97,14.38,0,0.0,0.0,0,0.0,0.0,Ranks reviewed mapped videos and exact-title auto matches with sales/detail rows inside this period; platform totals remain canonical. C4S uses the latest matching YTD Sales Summary by Title snapshot.
ytd,2026 YTD,2026-01-01,2026-07-04,79,exact-title:chargeback-forgiveness-106266925,Chargeback Forgiveness 106266925,Video,Clips4Sale,C4S title snapshot,3,69.95,41.97,13.99,2025-12-27,C4S date added,medium,190,0.02,0.22,2026-07-04,auto exact-title,1,3,69.95,41.97,0,0.0,0.0,0,0.0,0.0,0,0.0,0.0,0,0.0,0.0,Ranks reviewed mapped videos and exact-title auto matches with sales/detail rows inside this period; platform totals remain canonical. C4S uses the latest matching YTD Sales Summary by Title snapshot.
ytd,2026 YTD,2026-01-01,2026-07-04,80,Video 0208,SSBBW Mrs Claus Lets You Eat Ass and Pussy,Video,"Clips4Sale, ManyVids","C4S title snapshot, ManyVids transaction",5,69.92,41.95,8.39,2023-12-27,master content release date,high,921,0.01,0.05,2026-07-04,mapped,3,3,41.95,25.17,0,0.0,0.0,2,27.97,16.78,0,0.0,0.0,0,0.0,0.0,Ranks reviewed mapped videos and exact-title auto matches with sales/detail rows inside this period; platform totals remain canonical. C4S uses the latest matching YTD Sales Summary by Title snapshot.
ytd,2026 YTD,2026-01-01,2026-07-04,81,Video 0206,Bigger Than You Tease Part 2,Video,"Clips4Sale, ManyVids","C4S title snapshot, ManyVids transaction",4,67.93,40.76,10.19,2023-12-11,master content release date,high,937,0.0,0.04,2026-07-04,mapped,2,3,50.95,30.57,0,0.0,0.0,1,16.98,10.19,0,0.0,0.0,0,0.0,0.0,Ranks reviewed mapped videos and exact-title auto matches with sales/detail rows inside this period; platform totals remain canonical. C4S uses the latest matching YTD Sales Summary by Title snapshot.
ytd,2026 YTD,2026-01-01,2026-07-04,82,Video 0207,SSBBW Gets Stuck in the Doorway,Video,Clips4Sale,C4S title snapshot,4,67.93,40.76,10.19,2023-12-17,master content release date,high,931,0.0,0.04,2026-07-04,mapped,1,4,67.93,40.76,0,0.0,0.0,0,0.0,0.0,0,0.0,0.0,0,0.0,0.0,Ranks reviewed mapped videos and exact-title auto matches with sales/detail rows inside this period; platform totals remain canonical. C4S uses the latest matching YTD Sales Summary by Title snapshot.
ytd,2026 YTD,2026-01-01,2026-07-04,83,Video 0201,Witch's Brew,Video,"Clips4Sale, ManyVids","C4S title snapshot, ManyVids transaction",4,63.94,38.36,9.59,2023-10-18,master content release date,high,991,0.0,0.04,2026-07-04,mapped,3,2,31.97,19.18,0,0.0,0.0,2,31.97,19.18,0,0.0,0.0,0,0.0,0.0,Ranks reviewed mapped videos and exact-title auto matches with sales/detail rows inside this period; platform totals remain canonical. C4S uses the latest matching YTD Sales Summary by Title snapshot.
ytd,2026 YTD,2026-01-01,2026-07-04,84,Video 0227,Cuckolded By Your Feedee Girlfriend,Video,Clips4Sale,C4S title snapshot,4,63.93,38.36,9.59,2024-04-20,master content release date,high,806,0.0,0.05,2026-07-04,mapped,1,4,63.93,38.36,0,0.0,0.0,0,0.0,0.0,0,0.0,0.0,0,0.0,0.0,Ranks reviewed mapped videos and exact-title auto matches with sales/detail rows inside this period; platform totals remain canonical. C4S uses the latest matching YTD Sales Summary by Title snapshot.
ytd,2026 YTD,2026-01-01,2026-07-04,85,Video 0143,Stripper Lets You Fuck in VIP - POV solo,Video,"Clips4Sale, ManyVids, ModelCentro","C4S title snapshot, ManyVids transaction, ModelCentro transaction",6,58.95,37.82,6.3,2021-09-03,master content release date,high,1766,0.0,0.02,2026-07-04,mapped,5,2,13.0,7.8,0,0.0,0.0,1,12.98,7.79,0,0.0,0.0,3,32.97,22.23,Ranks reviewed mapped videos and exact-title auto matches with sales/detail rows inside this period; platform totals remain canonical. C4S uses the latest matching YTD Sales Summary by Title snapshot.
ytd,2026 YTD,2026-01-01,2026-07-04,86,Video 0238,SSBBW Oiled Up Jiggling and Bouncing,Video,"Clips4Sale, ManyVids","C4S title snapshot, ManyVids transaction",3,60.95,36.57,12.19,2024-06-14,master content release date,high,751,0.0,0.05,2026-07-04,mapped,3,1,20.98,12.59,0,0.0,0.0,2,39.97,23.98,0,0.0,0.0,0,0.0,0.0,Ranks reviewed mapped videos and exact-title auto matches with sales/detail rows inside this period; platform totals remain canonical. C4S uses the latest matching YTD Sales Summary by Title snapshot.
ytd,2026 YTD,2026-01-01,2026-07-04,87,Video 0240,Gaining SSBBW Makes Her Buttons Pop,Video,"Clips4Sale, ManyVids","C4S title snapshot, ManyVids transaction",4,59.93,35.96,8.99,2024-06-25,master content release date,high,740,0.01,0.05,2026-07-04,mapped,2,3,44.95,26.97,0,0.0,0.0,1,14.98,8.99,0,0.0,0.0,0,0.0,0.0,Ranks reviewed mapped videos and exact-title auto matches with sales/detail rows inside this period; platform totals remain canonical. C4S uses the latest matching YTD Sales Summary by Title snapshot.
ytd,2026 YTD,2026-01-01,2026-07-04,88,Video 0246,Secretly Watching Masturbation,Video,Clips4Sale,C4S title snapshot,4,59.93,35.96,8.99,2024-07-22,master content release date,high,713,0.01,0.05,2026-07-04,mapped,1,4,59.93,35.96,0,0.0,0.0,0,0.0,0.0,0,0.0,0.0,0,0.0,0.0,Ranks reviewed mapped videos and exact-title auto matches with sales/detail rows inside this period; platform totals remain canonical. C4S uses the latest matching YTD Sales Summary by Title snapshot.
ytd,2026 YTD,2026-01-01,2026-07-04,89,exact-title:1-month-club-renewal,1 Month Club Renewal,Video,ManyVids,ManyVids transaction,4,39.95,31.96,7.99,2026-02-28,sale date,low,127,0.03,0.25,2026-05-14,auto exact-title,4,0,0.0,0.0,0,0.0,0.0,4,39.95,31.96,0,0.0,0.0,0,0.0,0.0,Ranks reviewed mapped videos and exact-title auto matches with sales/detail rows inside this period; platform totals remain canonical. C4S uses the latest matching YTD Sales Summary by Title snapshot.
ytd,2026 YTD,2026-01-01,2026-07-04,90,Video 0222,Fatter Than the Pictures,Video,Clips4Sale,C4S title snapshot,3,50.95,30.57,10.19,2024-04-01,master content release date,high,825,0.0,0.04,2026-07-04,mapped,1,3,50.95,30.57,0,0.0,0.0,0,0.0,0.0,0,0.0,0.0,0,0.0,0.0,Ranks reviewed mapped videos and exact-title auto matches with sales/detail rows inside this period; platform totals remain canonical. C4S uses the latest matching YTD Sales Summary by Title snapshot.
ytd,2026 YTD,2026-01-01,2026-07-04,91,Video 0126,Creampie My Pussy,Video,"ManyVids, ModelCentro","ManyVids transaction, ModelCentro transaction",3,48.96,30.49,10.16,2021-03-25,master content release date,high,1928,0.0,0.02,2026-06-04,mapped,3,0,0.0,0.0,0,0.0,0.0,2,33.97,20.38,0,0.0,0.0,1,14.99,10.11,Ranks reviewed mapped videos and exact-title auto matches with sales/detail rows inside this period; platform totals remain canonical. C4S uses the latest matching YTD Sales Summary by Title snapshot.
ytd,2026 YTD,2026-01-01,2026-07-04,92,Video 0098,Cover You In Cum POV,Video,Clips4Sale,C4S title snapshot,5,49.92,29.95,5.99,2020-08-02,master content release date,high,2163,0.0,0.01,2026-07-04,mapped,1,5,49.92,29.95,0,0.0,0.0,0,0.0,0.0,0,0.0,0.0,0,0.0,0.0,Ranks reviewed mapped videos and exact-title auto matches with sales/detail rows inside this period; platform totals remain canonical. C4S uses the latest matching YTD Sales Summary by Title snapshot.
ytd,2026 YTD,2026-01-01,2026-07-04,93,Video 0174,Bouncing on Your Cock,Video,"Clips4Sale, ManyVids","C4S title snapshot, ManyVids transaction",6,48.98,29.39,4.9,2023-03-15,master content release date,high,1208,0.0,0.02,2026-07-04,mapped,2,5,35.0,21.0,0,0.0,0.0,1,13.98,8.39,0,0.0,0.0,0,0.0,0.0,Ranks reviewed mapped videos and exact-title auto matches with sales/detail rows inside this period; platform totals remain canonical. C4S uses the latest matching YTD Sales Summary by Title snapshot.
ytd,2026 YTD,2026-01-01,2026-07-04,94,Video 0079,Horny Pillow Grinding,Video,"Clips4Sale, ManyVids","C4S title snapshot, ManyVids transaction",5,48.91,29.35,5.87,2020-04-11,master content release date,high,2276,0.0,0.01,2026-07-04,mapped,2,4,39.93,23.96,0,0.0,0.0,1,8.98,5.39,0,0.0,0.0,0,0.0,0.0,Ranks reviewed mapped videos and exact-title auto matches with sales/detail rows inside this period; platform totals remain canonical. C4S uses the latest matching YTD Sales Summary by Title snapshot.
ytd,2026 YTD,2026-01-01,2026-07-04,95,exact-title:ssbbw-stuffs-burgers-pov-vision-pro,SSBBW Stuffs Burgers POV (VISION PRO),Video,Clips4Sale,C4S title snapshot,2,47.97,28.78,14.39,2024-04-12,C4S date added,medium,814,0.0,0.04,2026-07-04,auto exact-title,1,2,47.97,28.78,0,0.0,0.0,0,0.0,0.0,0,0.0,0.0,0,0.0,0.0,Ranks reviewed mapped videos and exact-title auto matches with sales/detail rows inside this period; platform totals remain canonical. C4S uses the latest matching YTD Sales Summary by Title snapshot.
ytd,2026 YTD,2026-01-01,2026-07-04,96,Video 0214,SSBBW Jiggles Fat Thighs and Ass,Video,Clips4Sale,C4S title snapshot,3,47.95,28.77,9.59,2024-02-22,master content release date,high,864,0.0,0.03,2026-07-04,mapped,1,3,47.95,28.77,0,0.0,0.0,0,0.0,0.0,0,0.0,0.0,0,0.0,0.0,Ranks reviewed mapped videos and exact-title auto matches with sales/detail rows inside this period; platform totals remain canonical. C4S uses the latest matching YTD Sales Summary by Title snapshot.
ytd,2026 YTD,2026-01-01,2026-07-04,97,Video 0145,Spread and Begging for Anal,Video,"Clips4Sale, ManyVids, ModelCentro","C4S title snapshot, ManyVids transaction, ModelCentro transaction",5,45.97,28.4,5.68,2021-09-17,master content release date,high,1752,0.0,0.02,2026-07-04,mapped,3,3,21.0,12.6,0,0.0,0.0,1,13.98,8.39,0,0.0,0.0,1,10.99,7.41,Ranks reviewed mapped videos and exact-title auto matches with sales/detail rows inside this period; platform totals remain canonical. C4S uses the latest matching YTD Sales Summary by Title snapshot.
ytd,2026 YTD,2026-01-01,2026-07-04,98,Video 0224,Jiggling SSBBW Working Out in Lingerie,Video,Curvage,Curvage title-count allocation,2,37.46,27.78,13.89,2024-04-10,master content release date,high,816,0.0,0.03,2026-07-04,mapped,2,0,0.0,0.0,2,37.46,27.78,0,0.0,0.0,0,0.0,0.0,0,0.0,0.0,Ranks reviewed mapped videos and exact-title auto matches with sales/detail rows inside this period; platform totals remain canonical. C4S uses the latest matching YTD Sales Summary by Title snapshot.
ytd,2026 YTD,2026-01-01,2026-07-04,99,Video 0160,Side-view Sucking and Riding,Video,"Clips4Sale, ManyVids","C4S title snapshot, ManyVids transaction",6,45.48,27.29,4.55,2022-02-16,master content release date,high,1600,0.0,0.02,2026-07-04,mapped,2,5,32.5,19.5,0,0.0,0.0,1,12.98,7.79,0,0.0,0.0,0,0.0,0.0,Ranks reviewed mapped videos and exact-title auto matches with sales/detail rows inside this period; platform totals remain canonical. C4S uses the latest matching YTD Sales Summary by Title snapshot.
ytd,2026 YTD,2026-01-01,2026-07-04,100,Video 0078,Fat Stripper Gives You a Lapdance,Video,"Clips4Sale, ManyVids","C4S title snapshot, ManyVids transaction",4,43.93,26.36,6.59,2020-04-05,master content release date,high,2282,0.0,0.01,2026-07-04,mapped,4,1,10.98,6.59,0,0.0,0.0,3,32.95,19.77,0,0.0,0.0,0,0.0,0.0,Ranks reviewed mapped videos and exact-title auto matches with sales/detail rows inside this period; platform totals remain canonical. C4S uses the latest matching YTD Sales Summary by Title snapshot.
ytd,2026 YTD,2026-01-01,2026-07-04,101,Video 0125,Underwater Body Jiggle,Video,"ManyVids, ModelCentro","ManyVids transaction, ModelCentro transaction",3,40.96,25.54,8.51,2021-03-14,master content release date,high,1939,0.0,0.01,2026-06-16,mapped,3,0,0.0,0.0,0,0.0,0.0,2,27.97,16.78,0,0.0,0.0,1,12.99,8.76,Ranks reviewed mapped videos and exact-title auto matches with sales/detail rows inside this period; platform totals remain canonical. C4S uses the latest matching YTD Sales Summary by Title snapshot.
ytd,2026 YTD,2026-01-01,2026-07-04,102,Video 0167,SSBBW Giantess GFE,Video,Clips4Sale,C4S title snapshot,5,42.5,25.5,5.1,2022-12-16,master content release date,high,1297,0.0,0.02,2026-07-04,mapped,1,5,42.5,25.5,0,0.0,0.0,0,0.0,0.0,0,0.0,0.0,0,0.0,0.0,Ranks reviewed mapped videos and exact-title auto matches with sales/detail rows inside this period; platform totals remain canonical. C4S uses the latest matching YTD Sales Summary by Title snapshot.
ytd,2026 YTD,2026-01-01,2026-07-04,103,Video 0150,Fat Naked Yoga,Video,"Clips4Sale, ManyVids","C4S title snapshot, ManyVids transaction",5,40.98,24.59,4.92,2021-10-19,master content release date,high,1720,0.0,0.01,2026-07-04,mapped,2,4,28.0,16.8,0,0.0,0.0,1,12.98,7.79,0,0.0,0.0,0,0.0,0.0,Ranks reviewed mapped videos and exact-title auto matches with sales/detail rows inside this period; platform totals remain canonical. C4S uses the latest matching YTD Sales Summary by Title snapshot.
ytd,2026 YTD,2026-01-01,2026-07-04,104,Video 0094,Smoking and Sensual Rubbing,Video,Clips4Sale,C4S title snapshot,4,39.93,23.96,5.99,2020-07-05,master content release date,high,2191,0.0,0.01,2026-07-04,mapped,1,4,39.93,23.96,0,0.0,0.0,0,0.0,0.0,0,0.0,0.0,0,0.0,0.0,Ranks reviewed mapped videos and exact-title auto matches with sales/detail rows inside this period; platform totals remain canonical. C4S uses the latest matching YTD Sales Summary by Title snapshot.
ytd,2026 YTD,2026-01-01,2026-07-04,105,Video 0157,Jumping on the Squeaky Bed,Video,Clips4Sale,C4S title snapshot,6,39.0,23.4,3.9,2021-12-21,master content release date,high,1657,0.0,0.01,2026-07-04,mapped,1,6,39.0,23.4,0,0.0,0.0,0,0.0,0.0,0,0.0,0.0,0,0.0,0.0,Ranks reviewed mapped videos and exact-title auto matches with sales/detail rows inside this period; platform totals remain canonical. C4S uses the latest matching YTD Sales Summary by Title snapshot.
ytd,2026 YTD,2026-01-01,2026-07-04,106,Video 0133,Squirting Dildo Riding and Facial Cumshot,Video,ManyVids,ManyVids transaction,3,38.95,23.37,7.79,2021-05-24,master content release date,high,1868,0.0,0.01,2026-05-16,mapped,3,0,0.0,0.0,0,0.0,0.0,3,38.95,23.37,0,0.0,0.0,0,0.0,0.0,Ranks reviewed mapped videos and exact-title auto matches with sales/detail rows inside this period; platform totals remain canonical. C4S uses the latest matching YTD Sales Summary by Title snapshot.
ytd,2026 YTD,2026-01-01,2026-07-04,107,Video 0159,Jean Shorts Face-Sitting,Video,"Clips4Sale, ManyVids","C4S title snapshot, ManyVids transaction",6,38.48,23.09,3.85,2022-01-28,master content release date,high,1619,0.0,0.01,2026-07-04,mapped,2,5,27.5,16.5,0,0.0,0.0,1,10.98,6.59,0,0.0,0.0,0,0.0,0.0,Ranks reviewed mapped videos and exact-title auto matches with sales/detail rows inside this period; platform totals remain canonical. C4S uses the latest matching YTD Sales Summary by Title snapshot.
ytd,2026 YTD,2026-01-01,2026-07-04,108,Video 0053,Weight on Your Chest,Video,Clips4Sale,C4S title snapshot,3,35.95,21.57,7.19,2019-09-13,master content release date,high,2487,0.0,0.01,2026-07-04,mapped,1,3,35.95,21.57,0,0.0,0.0,0,0.0,0.0,0,0.0,0.0,0,0.0,0.0,Ranks reviewed mapped videos and exact-title auto matches with sales/detail rows inside this period; platform totals remain canonical. C4S uses the latest matching YTD Sales Summary by Title snapshot.
ytd,2026 YTD,2026-01-01,2026-07-04,109,Video 0170,SSBBW No Hands Cake Stuffing,Video,Clips4Sale,C4S title snapshot,5,35.0,21.0,4.2,2023-01-06,master content release date,high,1276,0.0,0.02,2026-07-04,mapped,1,5,35.0,21.0,0,0.0,0.0,0,0.0,0.0,0,0.0,0.0,0,0.0,0.0,Ranks reviewed mapped videos and exact-title auto matches with sales/detail rows inside this period; platform totals remain canonical. C4S uses the latest matching YTD Sales Summary by Title snapshot.
ytd,2026 YTD,2026-01-01,2026-07-04,110,Video 0116,Red Satin Shorts Fat Booty Worship,Video,Clips4Sale,C4S title snapshot,5,34.92,20.95,4.19,2020-11-29,master content release date,high,2044,0.0,0.01,2026-07-04,mapped,1,5,34.92,20.95,0,0.0,0.0,0,0.0,0.0,0,0.0,0.0,0,0.0,0.0,Ranks reviewed mapped videos and exact-title auto matches with sales/detail rows inside this period; platform totals remain canonical. C4S uses the latest matching YTD Sales Summary by Title snapshot.
ytd,2026 YTD,2026-01-01,2026-07-04,111,Video 0146,Feedee BBW Wants to Stop Gaining POV,Video,"Clips4Sale, ManyVids","C4S title snapshot, ManyVids transaction",3,33.98,20.39,6.8,2021-09-23,master content release date,high,1746,0.0,0.01,2026-07-04,mapped,2,2,18.0,10.8,0,0.0,0.0,1,15.98,9.59,0,0.0,0.0,0,0.0,0.0,Ranks reviewed mapped videos and exact-title auto matches with sales/detail rows inside this period; platform totals remain canonical. C4S uses the latest matching YTD Sales Summary by Title snapshot.
ytd,2026 YTD,2026-01-01,2026-07-04,112,Video 0229,Unaware SSBBW Smokes and Outgrows Clothes,Video,Clips4Sale,C4S title snapshot,2,33.97,20.38,10.19,2024-04-24,master content release date,high,802,0.0,0.03,2026-07-04,mapped,1,2,33.97,20.38,0,0.0,0.0,0,0.0,0.0,0,0.0,0.0,0,0.0,0.0,Ranks reviewed mapped videos and exact-title auto matches with sales/detail rows inside this period; platform totals remain canonical. C4S uses the latest matching YTD Sales Summary by Title snapshot.
ytd,2026 YTD,2026-01-01,2026-07-04,113,Video 0182,SSBBW Lingerie Tease and JOI w Countdown,Video,"Clips4Sale, ManyVids","C4S title snapshot, ManyVids transaction",2,31.96,19.18,9.59,2023-05-31,master content release date,high,1131,0.0,0.02,2026-07-04,mapped,2,1,16.98,10.19,0,0.0,0.0,1,14.98,8.99,0,0.0,0.0,0,0.0,0.0,Ranks reviewed mapped videos and exact-title auto matches with sales/detail rows inside this period; platform totals remain canonical. C4S uses the latest matching YTD Sales Summary by Title snapshot.
ytd,2026 YTD,2026-01-01,2026-07-04,114,Video 0220,Bouncing My Oiled-Up Fat,Video,Clips4Sale,C4S title snapshot,2,31.97,19.18,9.59,2024-03-23,master content release date,high,834,0.0,0.02,2026-07-04,mapped,1,2,31.97,19.18,0,0.0,0.0,0,0.0,0.0,0,0.0,0.0,0,0.0,0.0,Ranks reviewed mapped videos and exact-title auto matches with sales/detail rows inside this period; platform totals remain canonical. C4S uses the latest matching YTD Sales Summary by Title snapshot.
ytd,2026 YTD,2026-01-01,2026-07-04,115,Video 0097,Tight Dress Belly Bouncing,Video,"Clips4Sale, ManyVids","C4S title snapshot, ManyVids transaction",5,29.92,17.95,3.59,2020-07-26,master content release date,high,2170,0.0,0.01,2026-07-04,mapped,3,3,17.95,10.77,0,0.0,0.0,2,11.97,7.18,0,0.0,0.0,0,0.0,0.0,Ranks reviewed mapped videos and exact-title auto matches with sales/detail rows inside this period; platform totals remain canonical. C4S uses the latest matching YTD Sales Summary by Title snapshot.
ytd,2026 YTD,2026-01-01,2026-07-04,116,Video 0035,Big Horny Housewife,Video,ManyVids,ManyVids transaction,6,29.9,17.94,2.99,2018-10-11,master content release date,high,2824,0.0,0.01,2026-06-16,mapped,6,0,0.0,0.0,0,0.0,0.0,6,29.9,17.94,0,0.0,0.0,0,0.0,0.0,Ranks reviewed mapped videos and exact-title auto matches with sales/detail rows inside this period; platform totals remain canonical. C4S uses the latest matching YTD Sales Summary by Title snapshot.
ytd,2026 YTD,2026-01-01,2026-07-04,117,Video 0077,BBW Twerks and Fucks With Toy,Video,ModelCentro,ModelCentro transaction,2,25.98,17.52,8.76,2020-04-01,master content release date,high,2286,0.0,0.01,2026-03-19,mapped,2,0,0.0,0.0,0,0.0,0.0,0,0.0,0.0,0,0.0,0.0,2,25.98,17.52,Ranks reviewed mapped videos and exact-title auto matches with sales/detail rows inside this period; platform totals remain canonical. C4S uses the latest matching YTD Sales Summary by Title snapshot.
ytd,2026 YTD,2026-01-01,2026-07-04,118,Video 0176,Stuffing My Face with Fast Food,Video,Clips4Sale,C4S title snapshot,3,28.5,17.1,5.7,2023-04-25,master content release date,high,1167,0.0,0.01,2026-07-04,mapped,1,3,28.5,17.1,0,0.0,0.0,0,0.0,0.0,0,0.0,0.0,0,0.0,0.0,Ranks reviewed mapped videos and exact-title auto matches with sales/detail rows inside this period; platform totals remain canonical. C4S uses the latest matching YTD Sales Summary by Title snapshot.
ytd,2026 YTD,2026-01-01,2026-07-04,119,Video 0149,Dripping On Your Face,Video,"Clips4Sale, ManyVids","C4S title snapshot, ManyVids transaction",3,27.98,16.79,5.6,2021-10-09,master content release date,high,1730,0.0,0.01,2026-07-04,mapped,2,2,14.0,8.4,0,0.0,0.0,1,13.98,8.39,0,0.0,0.0,0,0.0,0.0,Ranks reviewed mapped videos and exact-title auto matches with sales/detail rows inside this period; platform totals remain canonical. C4S uses the latest matching YTD Sales Summary by Title snapshot.
ytd,2026 YTD,2026-01-01,2026-07-04,120,Video 0158,Hiding from the Holiday Party,Video,"Clips4Sale, ManyVids","C4S title snapshot, ManyVids transaction",3,27.98,16.79,5.6,2021-12-26,master content release date,high,1652,0.0,0.01,2026-07-04,mapped,2,2,14.0,8.4,0,0.0,0.0,1,13.98,8.39,0,0.0,0.0,0,0.0,0.0,Ranks reviewed mapped videos and exact-title auto matches with sales/detail rows inside this period; platform totals remain canonical. C4S uses the latest matching YTD Sales Summary by Title snapshot.
ytd,2026 YTD,2026-01-01,2026-07-04,121,exact-title:chargeback-forgiveness-106267173,Chargeback Forgiveness 106267173,Video,Clips4Sale,C4S title snapshot,1,27.98,16.79,16.79,2025-07-21,C4S date added,medium,349,0.0,0.05,2026-07-04,auto exact-title,1,1,27.98,16.79,0,0.0,0.0,0,0.0,0.0,0,0.0,0.0,0,0.0,0.0,Ranks reviewed mapped videos and exact-title auto matches with sales/detail rows inside this period; platform totals remain canonical. C4S uses the latest matching YTD Sales Summary by Title snapshot.
ytd,2026 YTD,2026-01-01,2026-07-04,122,Video 0192,Fatty Chugs Three Large Milkshakes,Video,Clips4Sale,C4S title snapshot,1,26.98,16.19,16.19,2023-08-24,master content release date,high,1046,0.0,0.02,2026-07-04,mapped,1,1,26.98,16.19,0,0.0,0.0,0,0.0,0.0,0,0.0,0.0,0,0.0,0.0,Ranks reviewed mapped videos and exact-title auto matches with sales/detail rows inside this period; platform totals remain canonical. C4S uses the latest matching YTD Sales Summary by Title snapshot.
ytd,2026 YTD,2026-01-01,2026-07-04,123,Video 0130,Riding Your Face and Your Cock POV,Video,"ManyVids, ModelCentro","ManyVids transaction, ModelCentro transaction",2,24.97,15.8,7.9,2021-04-29,master content release date,high,1893,0.0,0.01,2026-05-22,mapped,2,0,0.0,0.0,0,0.0,0.0,1,13.98,8.39,0,0.0,0.0,1,10.99,7.41,Ranks reviewed mapped videos and exact-title auto matches with sales/detail rows inside this period; platform totals remain canonical. C4S uses the latest matching YTD Sales Summary by Title snapshot.
ytd,2026 YTD,2026-01-01,2026-07-04,124,Video 0165,BBW Catwalk Bounce and Tease in Heels,Video,"Clips4Sale, ManyVids","C4S title snapshot, ManyVids transaction",2,25.98,15.59,7.79,2022-11-29,master content release date,high,1314,0.0,0.01,2026-07-04,mapped,2,1,9.0,5.4,0,0.0,0.0,1,16.98,10.19,0,0.0,0.0,0,0.0,0.0,Ranks reviewed mapped videos and exact-title auto matches with sales/detail rows inside this period; platform totals remain canonical. C4S uses the latest matching YTD Sales Summary by Title snapshot.
ytd,2026 YTD,2026-01-01,2026-07-04,125,Video 0124,Stroke and Cum Together,Video,Clips4Sale,C4S title snapshot,2,25.97,15.58,7.79,2021-03-04,master content release date,high,1949,0.0,0.01,2026-07-04,mapped,1,2,25.97,15.58,0,0.0,0.0,0,0.0,0.0,0,0.0,0.0,0,0.0,0.0,Ranks reviewed mapped videos and exact-title auto matches with sales/detail rows inside this period; platform totals remain canonical. C4S uses the latest matching YTD Sales Summary by Title snapshot.
ytd,2026 YTD,2026-01-01,2026-07-04,126,Video 0128,BBW Striptease and Lapdance POV,Video,Clips4Sale,C4S title snapshot,2,25.97,15.58,7.79,2021-04-04,master content release date,high,1918,0.0,0.01,2026-07-04,mapped,1,2,25.97,15.58,0,0.0,0.0,0,0.0,0.0,0,0.0,0.0,0,0.0,0.0,Ranks reviewed mapped videos and exact-title auto matches with sales/detail rows inside this period; platform totals remain canonical. C4S uses the latest matching YTD Sales Summary by Title snapshot.
ytd,2026 YTD,2026-01-01,2026-07-04,127,Video 0121,Smoky BJ and Pussy Vibe,Video,Clips4Sale,C4S title snapshot,2,25.97,15.58,7.79,2021-01-27,master content release date,high,1985,0.0,0.01,2026-07-04,mapped,1,2,25.97,15.58,0,0.0,0.0,0,0.0,0.0,0,0.0,0.0,0,0.0,0.0,Ranks reviewed mapped videos and exact-title auto matches with sales/detail rows inside this period; platform totals remain canonical. C4S uses the latest matching YTD Sales Summary by Title snapshot.
ytd,2026 YTD,2026-01-01,2026-07-04,128,Video 0148,Masturbating Together,Video,Clips4Sale,C4S title snapshot,3,25.5,15.3,5.1,2021-10-02,master content release date,high,1737,0.0,0.01,2026-07-04,mapped,1,3,25.5,15.3,0,0.0,0.0,0,0.0,0.0,0,0.0,0.0,0,0.0,0.0,Ranks reviewed mapped videos and exact-title auto matches with sales/detail rows inside this period; platform totals remain canonical. C4S uses the latest matching YTD Sales Summary by Title snapshot.
ytd,2026 YTD,2026-01-01,2026-07-04,129,Video 0142,Cumming is the Best Exercise,Video,"Clips4Sale, ModelCentro","C4S title snapshot, ModelCentro transaction",3,23.99,15.21,5.07,2021-08-29,master content release date,high,1771,0.0,0.01,2026-07-04,mapped,2,2,13.0,7.8,0,0.0,0.0,0,0.0,0.0,0,0.0,0.0,1,10.99,7.41,Ranks reviewed mapped videos and exact-title auto matches with sales/detail rows inside this period; platform totals remain canonical. C4S uses the latest matching YTD Sales Summary by Title snapshot.
ytd,2026 YTD,2026-01-01,2026-07-04,130,Video 0236,Teasing You in My Mini Skirt,Video,"Clips4Sale, ManyVids","C4S title snapshot, ManyVids transaction",2,24.96,14.98,7.49,2024-06-07,master content release date,high,758,0.0,0.02,2026-07-04,mapped,2,1,13.98,8.39,0,0.0,0.0,1,10.98,6.59,0,0.0,0.0,0,0.0,0.0,Ranks reviewed mapped videos and exact-title auto matches with sales/detail rows inside this period; platform totals remain canonical. C4S uses the latest matching YTD Sales Summary by Title snapshot.
ytd,2026 YTD,2026-01-01,2026-07-04,131,Video 0059,Not in Kansas,Video,ManyVids,ManyVids transaction,5,24.92,14.95,2.99,2019-11-01,master content release date,high,2438,0.0,0.01,2026-06-28,mapped,5,0,0.0,0.0,0,0.0,0.0,5,24.92,14.95,0,0.0,0.0,0,0.0,0.0,Ranks reviewed mapped videos and exact-title auto matches with sales/detail rows inside this period; platform totals remain canonical. C4S uses the latest matching YTD Sales Summary by Title snapshot.
ytd,2026 YTD,2026-01-01,2026-07-04,132,Video 0183,Hot Fatty Stuffs a Dozen Ice Cream Sandwiches,Video,Curvage,Curvage title-count allocation,2,19.73,14.61,7.3,2023-06-07,master content release date,high,1124,0.0,0.01,2026-06-19,mapped,2,0,0.0,0.0,2,19.73,14.61,0,0.0,0.0,0,0.0,0.0,0,0.0,0.0,Ranks reviewed mapped videos and exact-title auto matches with sales/detail rows inside this period; platform totals remain canonical. C4S uses the latest matching YTD Sales Summary by Title snapshot.
ytd,2026 YTD,2026-01-01,2026-07-04,133,Video 0204,SSBBW Babe Gobbles Entire Pie,Video,Clips4Sale,C4S title snapshot,1,23.98,14.39,14.39,2023-11-27,master content release date,high,951,0.0,0.02,2026-07-04,mapped,1,1,23.98,14.39,0,0.0,0.0,0,0.0,0.0,0,0.0,0.0,0,0.0,0.0,Ranks reviewed mapped videos and exact-title auto matches with sales/detail rows inside this period; platform totals remain canonical. C4S uses the latest matching YTD Sales Summary by Title snapshot.
ytd,2026 YTD,2026-01-01,2026-07-04,134,Video 0123,Getting Naughty at the Airbnb,Video,ManyVids,ManyVids transaction,2,23.97,14.38,7.19,2021-02-19,master content release date,high,1962,0.0,0.01,2026-05-28,mapped,2,0,0.0,0.0,0,0.0,0.0,2,23.97,14.38,0,0.0,0.0,0,0.0,0.0,Ranks reviewed mapped videos and exact-title auto matches with sales/detail rows inside this period; platform totals remain canonical. C4S uses the latest matching YTD Sales Summary by Title snapshot.
ytd,2026 YTD,2026-01-01,2026-07-04,135,Video 0092,POV Fucking and Sucking,Video,ManyVids,ManyVids transaction,2,23.97,14.38,7.19,2020-06-14,master content release date,high,2212,0.0,0.01,2026-05-23,mapped,2,0,0.0,0.0,0,0.0,0.0,2,23.97,14.38,0,0.0,0.0,0,0.0,0.0,Ranks reviewed mapped videos and exact-title auto matches with sales/detail rows inside this period; platform totals remain canonical. C4S uses the latest matching YTD Sales Summary by Title snapshot.
ytd,2026 YTD,2026-01-01,2026-07-04,136,Video 0064,Oiled-Up Bouncing,Video,Clips4Sale,C4S title snapshot,2,23.97,14.38,7.19,2019-11-29,master content release date,high,2410,0.0,0.01,2026-07-04,mapped,1,2,23.97,14.38,0,0.0,0.0,0,0.0,0.0,0,0.0,0.0,0,0.0,0.0,Ranks reviewed mapped videos and exact-title auto matches with sales/detail rows inside this period; platform totals remain canonical. C4S uses the latest matching YTD Sales Summary by Title snapshot.
ytd,2026 YTD,2026-01-01,2026-07-04,137,Video 0102,Hot Pink Catwalk and Fat Bouncing,Video,"Clips4Sale, ManyVids","C4S title snapshot, ManyVids transaction",3,23.95,14.37,4.79,2020-08-23,master content release date,high,2142,0.0,0.01,2026-07-04,mapped,3,1,7.98,4.79,0,0.0,0.0,2,15.97,9.58,0,0.0,0.0,0,0.0,0.0,Ranks reviewed mapped videos and exact-title auto matches with sales/detail rows inside this period; platform totals remain canonical. C4S uses the latest matching YTD Sales Summary by Title snapshot.
ytd,2026 YTD,2026-01-01,2026-07-04,138,Video 0197,Worship My Fat SSBBW Body,Video,Clips4Sale,C4S title snapshot,1,22.98,13.79,13.79,2023-09-20,master content release date,high,1019,0.0,0.01,2026-07-04,mapped,1,1,22.98,13.79,0,0.0,0.0,0,0.0,0.0,0,0.0,0.0,0,0.0,0.0,Ranks reviewed mapped videos and exact-title auto matches with sales/detail rows inside this period; platform totals remain canonical. C4S uses the latest matching YTD Sales Summary by Title snapshot.
ytd,2026 YTD,2026-01-01,2026-07-04,139,Video 0135,Fat Jiggly Ass,Video,"ManyVids, ModelCentro","ManyVids transaction, ModelCentro transaction",2,20.97,13.33,6.67,2021-06-12,master content release date,high,1849,0.0,0.01,2026-02-25,mapped,2,0,0.0,0.0,0,0.0,0.0,1,10.98,6.59,0,0.0,0.0,1,9.99,6.74,Ranks reviewed mapped videos and exact-title auto matches with sales/detail rows inside this period; platform totals remain canonical. C4S uses the latest matching YTD Sales Summary by Title snapshot.
ytd,2026 YTD,2026-01-01,2026-07-04,140,exact-title:chargeback-forgiveness-109127975,Chargeback Forgiveness 109127975,Video,Clips4Sale,C4S title snapshot,1,21.98,13.19,13.19,2025-02-24,C4S date added,medium,496,0.0,0.03,2026-07-04,auto exact-title,1,1,21.98,13.19,0,0.0,0.0,0,0.0,0.0,0,0.0,0.0,0,0.0,0.0,Ranks reviewed mapped videos and exact-title auto matches with sales/detail rows inside this period; platform totals remain canonical. C4S uses the latest matching YTD Sales Summary by Title snapshot.
ytd,2026 YTD,2026-01-01,2026-07-04,141,exact-title:chargeback-forgiveness-106266719,Chargeback Forgiveness 106266719,Video,Clips4Sale,C4S title snapshot,1,21.98,13.19,13.19,2024-10-25,C4S date added,medium,618,0.0,0.02,2026-07-04,auto exact-title,1,1,21.98,13.19,0,0.0,0.0,0,0.0,0.0,0,0.0,0.0,0,0.0,0.0,Ranks reviewed mapped videos and exact-title auto matches with sales/detail rows inside this period; platform totals remain canonical. C4S uses the latest matching YTD Sales Summary by Title snapshot.
ytd,2026 YTD,2026-01-01,2026-07-04,142,Video 0110,Solo Shower Sex,Video,"Clips4Sale, ManyVids","C4S title snapshot, ManyVids transaction",2,21.96,13.18,6.59,2020-10-18,master content release date,high,2086,0.0,0.01,2026-07-04,mapped,2,1,10.98,6.59,0,0.0,0.0,1,10.98,6.59,0,0.0,0.0,0,0.0,0.0,Ranks reviewed mapped videos and exact-title auto matches with sales/detail rows inside this period; platform totals remain canonical. C4S uses the latest matching YTD Sales Summary by Title snapshot.
ytd,2026 YTD,2026-01-01,2026-07-04,143,Video 0061,Fuck Me POV,Video,"ManyVids, ModelCentro","ManyVids transaction, ModelCentro transaction",2,19.97,13.1,6.55,2019-11-13,master content release date,high,2426,0.0,0.01,2026-06-14,mapped,2,0,0.0,0.0,0,0.0,0.0,1,4.98,2.99,0,0.0,0.0,1,14.99,10.11,Ranks reviewed mapped videos and exact-title auto matches with sales/detail rows inside this period; platform totals remain canonical. C4S uses the latest matching YTD Sales Summary by Title snapshot.
ytd,2026 YTD,2026-01-01,2026-07-04,144,Video 0151,Fat Tease and Fucking,Video,"Clips4Sale, ManyVids","C4S title snapshot, ManyVids transaction",2,20.98,12.59,6.29,2021-10-25,master content release date,high,1714,0.0,0.01,2026-07-04,mapped,2,1,7.0,4.2,0,0.0,0.0,1,13.98,8.39,0,0.0,0.0,0,0.0,0.0,Ranks reviewed mapped videos and exact-title auto matches with sales/detail rows inside this period; platform totals remain canonical. C4S uses the latest matching YTD Sales Summary by Title snapshot.
ytd,2026 YTD,2026-01-01,2026-07-04,145,Video 0057,Touring My Fat Jiggly Body,Video,"Clips4Sale, ManyVids","C4S title snapshot, ManyVids transaction",3,20.95,12.57,4.19,2019-10-23,master content release date,high,2447,0.0,0.01,2026-07-04,mapped,3,1,10.98,6.59,0,0.0,0.0,2,9.97,5.98,0,0.0,0.0,0,0.0,0.0,Ranks reviewed mapped videos and exact-title auto matches with sales/detail rows inside this period; platform totals remain canonical. C4S uses the latest matching YTD Sales Summary by Title snapshot.
ytd,2026 YTD,2026-01-01,2026-07-04,146,Video 0147,Donut Stuffing and Glass Dildo Riding,Video,"Clips4Sale, ModelCentro","C4S title snapshot, ModelCentro transaction",2,18.99,12.29,6.14,2021-09-26,master content release date,high,1743,0.0,0.01,2026-07-04,mapped,2,1,7.0,4.2,0,0.0,0.0,0,0.0,0.0,0,0.0,0.0,1,11.99,8.09,Ranks reviewed mapped videos and exact-title auto matches with sales/detail rows inside this period; platform totals remain canonical. C4S uses the latest matching YTD Sales Summary by Title snapshot.
ytd,2026 YTD,2026-01-01,2026-07-04,147,Video 0200,Gaining Cheerleader Girlfriend,Video,ModelCentro,ModelCentro transaction,1,17.99,12.14,12.14,2023-10-16,master content release date,high,993,0.0,0.01,2026-07-02,mapped,1,0,0.0,0.0,0,0.0,0.0,0,0.0,0.0,0,0.0,0.0,1,17.99,12.14,Ranks reviewed mapped videos and exact-title auto matches with sales/detail rows inside this period; platform totals remain canonical. C4S uses the latest matching YTD Sales Summary by Title snapshot.
ytd,2026 YTD,2026-01-01,2026-07-04,148,Video 0099,Fattened Up For Master Part II,Video,ManyVids,ManyVids transaction,1,19.98,11.99,11.99,2020-08-05,master content release date,high,2160,0.0,0.01,2026-06-04,mapped,1,0,0.0,0.0,0,0.0,0.0,1,19.98,11.99,0,0.0,0.0,0,0.0,0.0,Ranks reviewed mapped videos and exact-title auto matches with sales/detail rows inside this period; platform totals remain canonical. C4S uses the latest matching YTD Sales Summary by Title snapshot.
ytd,2026 YTD,2026-01-01,2026-07-04,149,Video 0069,Fatty in the Shower,Video,"Clips4Sale, ManyVids","C4S title snapshot, ManyVids transaction",2,19.96,11.98,5.99,2020-01-14,master content release date,high,2364,0.0,0.01,2026-07-04,mapped,2,1,9.98,5.99,0,0.0,0.0,1,9.98,5.99,0,0.0,0.0,0,0.0,0.0,Ranks reviewed mapped videos and exact-title auto matches with sales/detail rows inside this period; platform totals remain canonical. C4S uses the latest matching YTD Sales Summary by Title snapshot.
ytd,2026 YTD,2026-01-01,2026-07-04,150,Video 0056,Chubby Squirting Pussy,Video,ManyVids,ManyVids transaction,4,19.93,11.96,2.99,2019-10-05,master content release date,high,2465,0.0,0.0,2026-04-30,mapped,4,0,0.0,0.0,0,0.0,0.0,4,19.93,11.96,0,0.0,0.0,0,0.0,0.0,Ranks reviewed mapped videos and exact-title auto matches with sales/detail rows inside this period; platform totals remain canonical. C4S uses the latest matching YTD Sales Summary by Title snapshot.
ytd,2026 YTD,2026-01-01,2026-07-04,151,Video 0173,Fatty Catwalks in Blue Lace and Heels,Video,Clips4Sale,C4S title snapshot,2,19.0,11.4,5.7,2023-03-09,master content release date,high,1214,0.0,0.01,2026-07-04,mapped,1,2,19.0,11.4,0,0.0,0.0,0,0.0,0.0,0,0.0,0.0,0,0.0,0.0,Ranks reviewed mapped videos and exact-title auto matches with sales/detail rows inside this period; platform totals remain canonical. C4S uses the latest matching YTD Sales Summary by Title snapshot.
ytd,2026 YTD,2026-01-01,2026-07-04,152,Video 0213,Jiggly Fatty Struts for You,Video,Clips4Sale,C4S title snapshot,1,18.98,11.39,11.39,2024-02-09,master content release date,high,877,0.0,0.01,2026-07-04,mapped,1,1,18.98,11.39,0,0.0,0.0,0,0.0,0.0,0,0.0,0.0,0,0.0,0.0,Ranks reviewed mapped videos and exact-title auto matches with sales/detail rows inside this period; platform totals remain canonical. C4S uses the latest matching YTD Sales Summary by Title snapshot.
ytd,2026 YTD,2026-01-01,2026-07-04,153,Video 0181,SSBBW Ass Worship in Thong and Tights,Video,ModelCentro,ModelCentro transaction,1,15.99,10.79,10.79,2023-05-30,master content release date,high,1132,0.0,0.01,2026-07-04,mapped,1,0,0.0,0.0,0,0.0,0.0,0,0.0,0.0,0,0.0,0.0,1,15.99,10.79,Ranks reviewed mapped videos and exact-title auto matches with sales/detail rows inside this period; platform totals remain canonical. C4S uses the latest matching YTD Sales Summary by Title snapshot.
ytd,2026 YTD,2026-01-01,2026-07-04,154,Video 0198,Naked Fatty Tells You How to Stroke,Video,Clips4Sale,C4S title snapshot,1,17.98,10.79,10.79,2023-10-05,master content release date,high,1004,0.0,0.01,2026-07-04,mapped,1,1,17.98,10.79,0,0.0,0.0,0,0.0,0.0,0,0.0,0.0,0,0.0,0.0,Ranks reviewed mapped videos and exact-title auto matches with sales/detail rows inside this period; platform totals remain canonical. C4S uses the latest matching YTD Sales Summary by Title snapshot.
ytd,2026 YTD,2026-01-01,2026-07-04,155,Video 0072,Jiggly Catwalk,Video,Clips4Sale,C4S title snapshot,2,17.97,10.78,5.39,2020-02-16,master content release date,high,2331,0.0,0.0,2026-07-04,mapped,1,2,17.97,10.78,0,0.0,0.0,0,0.0,0.0,0,0.0,0.0,0,0.0,0.0,Ranks reviewed mapped videos and exact-title auto matches with sales/detail rows inside this period; platform totals remain canonical. C4S uses the latest matching YTD Sales Summary by Title snapshot.
ytd,2026 YTD,2026-01-01,2026-07-04,156,Video 0080,Cum in My Hairy Pussy,Video,"ManyVids, ModelCentro","ManyVids transaction, ModelCentro transaction",2,15.97,10.33,5.17,2020-04-19,master content release date,high,2268,0.0,0.0,2026-04-22,mapped,2,0,0.0,0.0,0,0.0,0.0,1,5.98,3.59,0,0.0,0.0,1,9.99,6.74,Ranks reviewed mapped videos and exact-title auto matches with sales/detail rows inside this period; platform totals remain canonical. C4S uses the latest matching YTD Sales Summary by Title snapshot.
ytd,2026 YTD,2026-01-01,2026-07-04,157,Video 0152,Feeling Myself in the Mirror,Video,Clips4Sale,C4S title snapshot,2,17.0,10.2,5.1,2021-11-08,master content release date,high,1700,0.0,0.01,2026-07-04,mapped,1,2,17.0,10.2,0,0.0,0.0,0,0.0,0.0,0,0.0,0.0,0,0.0,0.0,Ranks reviewed mapped videos and exact-title auto matches with sales/detail rows inside this period; platform totals remain canonical. C4S uses the latest matching YTD Sales Summary by Title snapshot.
ytd,2026 YTD,2026-01-01,2026-07-04,158,Video 0184,SSBBW Shiny Slippery Oil Play,Video,ManyVids,ManyVids transaction,1,16.98,10.19,10.19,2023-06-13,master content release date,high,1118,0.0,0.01,2026-06-08,mapped,1,0,0.0,0.0,0,0.0,0.0,1,16.98,10.19,0,0.0,0.0,0,0.0,0.0,Ranks reviewed mapped videos and exact-title auto matches with sales/detail rows inside this period; platform totals remain canonical. C4S uses the latest matching YTD Sales Summary by Title snapshot.
ytd,2026 YTD,2026-01-01,2026-07-04,159,Video 0139,Oiling Up My Fat,Video,ManyVids,ManyVids transaction,1,16.98,10.19,10.19,2021-07-12,master content release date,high,1819,0.0,0.01,2026-04-06,mapped,1,0,0.0,0.0,0,0.0,0.0,1,16.98,10.19,0,0.0,0.0,0,0.0,0.0,Ranks reviewed mapped videos and exact-title auto matches with sales/detail rows inside this period; platform totals remain canonical. C4S uses the latest matching YTD Sales Summary by Title snapshot.
ytd,2026 YTD,2026-01-01,2026-07-04,160,Video 0219,Messy Whipped Cream Tits,Video,Clips4Sale,C4S title snapshot,1,16.98,10.19,10.19,2024-03-18,master content release date,high,839,0.0,0.01,2026-07-04,mapped,1,1,16.98,10.19,0,0.0,0.0,0,0.0,0.0,0,0.0,0.0,0,0.0,0.0,Ranks reviewed mapped videos and exact-title auto matches with sales/detail rows inside this period; platform totals remain canonical. C4S uses the latest matching YTD Sales Summary by Title snapshot.
ytd,2026 YTD,2026-01-01,2026-07-04,161,exact-title:chargeback-forgiveness-106573449,Chargeback Forgiveness 106573449,Video,Clips4Sale,C4S title snapshot,1,16.98,10.19,10.19,2024-05-01,C4S date added,medium,795,0.0,0.01,2026-07-04,auto exact-title,1,1,16.98,10.19,0,0.0,0.0,0,0.0,0.0,0,0.0,0.0,0,0.0,0.0,Ranks reviewed mapped videos and exact-title auto matches with sales/detail rows inside this period; platform totals remain canonical. C4S uses the latest matching YTD Sales Summary by Title snapshot.
ytd,2026 YTD,2026-01-01,2026-07-04,162,Video 0140,Dildo Fucking My Wet and Drippy Pussy,Video,Clips4Sale,C4S title snapshot,1,16.98,10.19,10.19,2021-08-08,master content release date,high,1792,0.0,0.01,2026-07-04,mapped,1,1,16.98,10.19,0,0.0,0.0,0,0.0,0.0,0,0.0,0.0,0,0.0,0.0,Ranks reviewed mapped videos and exact-title auto matches with sales/detail rows inside this period; platform totals remain canonical. C4S uses the latest matching YTD Sales Summary by Title snapshot.
ytd,2026 YTD,2026-01-01,2026-07-04,163,Video 0144,Sweaty Fatty Makes You Lick Her Crevices,Video,ModelCentro,ModelCentro transaction,1,14.99,10.11,10.11,2021-09-06,master content release date,high,1763,0.0,0.01,2026-01-01,mapped,1,0,0.0,0.0,0,0.0,0.0,0,0.0,0.0,0,0.0,0.0,1,14.99,10.11,Ranks reviewed mapped videos and exact-title auto matches with sales/detail rows inside this period; platform totals remain canonical. C4S uses the latest matching YTD Sales Summary by Title snapshot.
ytd,2026 YTD,2026-01-01,2026-07-04,164,Video 0202,BBW Struts and Jiggles Out of My Jeans,Video,ModelCentro,ModelCentro transaction,1,14.99,10.11,10.11,2023-11-10,master content release date,high,968,0.0,0.01,2026-07-04,mapped,1,0,0.0,0.0,0,0.0,0.0,0,0.0,0.0,0,0.0,0.0,1,14.99,10.11,Ranks reviewed mapped videos and exact-title auto matches with sales/detail rows inside this period; platform totals remain canonical. C4S uses the latest matching YTD Sales Summary by Title snapshot.
ytd,2026 YTD,2026-01-01,2026-07-04,165,Video 0168,SSBBW Black Bikini Catwalk in Heels,Video,Clips4Sale,C4S title snapshot,2,16.0,9.6,4.8,2022-12-17,master content release date,high,1296,0.0,0.01,2026-07-04,mapped,1,2,16.0,9.6,0,0.0,0.0,0,0.0,0.0,0,0.0,0.0,0,0.0,0.0,Ranks reviewed mapped videos and exact-title auto matches with sales/detail rows inside this period; platform totals remain canonical. C4S uses the latest matching YTD Sales Summary by Title snapshot.
ytd,2026 YTD,2026-01-01,2026-07-04,166,Video 0122,Persimmon Season - Ripe Series vol. 1,Video,ManyVids,ManyVids transaction,1,15.98,9.59,9.59,2021-01-31,master content release date,high,1981,0.0,0.0,2026-06-13,mapped,1,0,0.0,0.0,0,0.0,0.0,1,15.98,9.59,0,0.0,0.0,0,0.0,0.0,Ranks reviewed mapped videos and exact-title auto matches with sales/detail rows inside this period; platform totals remain canonical. C4S uses the latest matching YTD Sales Summary by Title snapshot.
ytd,2026 YTD,2026-01-01,2026-07-04,167,Video 0091,Snack Cake Stuffing,Video,Clips4Sale,C4S title snapshot,1,15.98,9.59,9.59,2020-06-07,master content release date,high,2219,0.0,0.0,2026-07-04,mapped,1,1,15.98,9.59,0,0.0,0.0,0,0.0,0.0,0,0.0,0.0,0,0.0,0.0,Ranks reviewed mapped videos and exact-title auto matches with sales/detail rows inside this period; platform totals remain canonical. C4S uses the latest matching YTD Sales Summary by Title snapshot.
ytd,2026 YTD,2026-01-01,2026-07-04,168,exact-title:bbw-covered-in-oil-full-nude-version,BBW Covered in Oil - Full Nude Version,Video,ManyVids,ManyVids transaction,2,15.97,9.58,4.79,2026-04-17,sale date,low,79,0.03,0.12,2026-06-04,auto exact-title,2,0,0.0,0.0,0,0.0,0.0,2,15.97,9.58,0,0.0,0.0,0,0.0,0.0,Ranks reviewed mapped videos and exact-title auto matches with sales/detail rows inside this period; platform totals remain canonical. C4S uses the latest matching YTD Sales Summary by Title snapshot.
ytd,2026 YTD,2026-01-01,2026-07-04,169,Video 0082,Flopping My Fat Around,Video,"Clips4Sale, ManyVids","C4S title snapshot, ManyVids transaction",2,15.96,9.58,4.79,2020-04-25,master content release date,high,2262,0.0,0.0,2026-07-04,mapped,2,1,7.98,4.79,0,0.0,0.0,1,7.98,4.79,0,0.0,0.0,0,0.0,0.0,Ranks reviewed mapped videos and exact-title auto matches with sales/detail rows inside this period; platform totals remain canonical. C4S uses the latest matching YTD Sales Summary by Title snapshot.
ytd,2026 YTD,2026-01-01,2026-07-04,170,Video 0111,Stuffing My Face With Pizza,Video,ManyVids,ManyVids transaction,1,14.98,8.99,8.99,2020-10-24,master content release date,high,2080,0.0,0.0,2026-03-22,mapped,1,0,0.0,0.0,0,0.0,0.0,1,14.98,8.99,0,0.0,0.0,0,0.0,0.0,Ranks reviewed mapped videos and exact-title auto matches with sales/detail rows inside this period; platform totals remain canonical. C4S uses the latest matching YTD Sales Summary by Title snapshot.
ytd,2026 YTD,2026-01-01,2026-07-04,171,Video 0120,Fat Nut on My Tits,Video,Clips4Sale,C4S title snapshot,1,14.98,8.99,8.99,2021-01-10,master content release date,high,2002,0.0,0.0,2026-07-04,mapped,1,1,14.98,8.99,0,0.0,0.0,0,0.0,0.0,0,0.0,0.0,0,0.0,0.0,Ranks reviewed mapped videos and exact-title auto matches with sales/detail rows inside this period; platform totals remain canonical. C4S uses the latest matching YTD Sales Summary by Title snapshot.
ytd,2026 YTD,2026-01-01,2026-07-04,172,Video 0042,Lady in Black,Video,ManyVids,ManyVids transaction,3,14.95,8.97,2.99,2019-03-21,master content release date,high,2663,0.0,0.0,2026-06-04,mapped,3,0,0.0,0.0,0,0.0,0.0,3,14.95,8.97,0,0.0,0.0,0,0.0,0.0,Ranks reviewed mapped videos and exact-title auto matches with sales/detail rows inside this period; platform totals remain canonical. C4S uses the latest matching YTD Sales Summary by Title snapshot.
ytd,2026 YTD,2026-01-01,2026-07-04,173,Video 0047,Fat Girl in Skimpy Lingerie,Video,ManyVids,ManyVids transaction,3,14.95,8.97,2.99,2019-05-28,master content release date,high,2595,0.0,0.0,2026-05-26,mapped,3,0,0.0,0.0,0,0.0,0.0,3,14.95,8.97,0,0.0,0.0,0,0.0,0.0,Ranks reviewed mapped videos and exact-title auto matches with sales/detail rows inside this period; platform totals remain canonical. C4S uses the latest matching YTD Sales Summary by Title snapshot.
ytd,2026 YTD,2026-01-01,2026-07-04,174,Video 0037,Fat Goddess Fucks Pussy,Video,ManyVids,ManyVids transaction,3,14.95,8.97,2.99,2018-11-19,master content release date,high,2785,0.0,0.0,2026-05-26,mapped,3,0,0.0,0.0,0,0.0,0.0,3,14.95,8.97,0,0.0,0.0,0,0.0,0.0,Ranks reviewed mapped videos and exact-title auto matches with sales/detail rows inside this period; platform totals remain canonical. C4S uses the latest matching YTD Sales Summary by Title snapshot.
ytd,2026 YTD,2026-01-01,2026-07-04,175,Video 0156,Fuck Me in the Window,Video,Clips4Sale,C4S title snapshot,2,14.0,8.4,4.2,2021-12-06,master content release date,high,1672,0.0,0.01,2026-07-04,mapped,1,2,14.0,8.4,0,0.0,0.0,0,0.0,0.0,0,0.0,0.0,0,0.0,0.0,Ranks reviewed mapped videos and exact-title auto matches with sales/detail rows inside this period; platform totals remain canonical. C4S uses the latest matching YTD Sales Summary by Title snapshot.
ytd,2026 YTD,2026-01-01,2026-07-04,176,Video 0188,SSBBW Solo POV BJ and Fuck,Video,ManyVids,ManyVids transaction,1,13.98,8.39,8.39,2023-07-21,master content release date,high,1080,0.0,0.01,2026-04-17,mapped,1,0,0.0,0.0,0,0.0,0.0,1,13.98,8.39,0,0.0,0.0,0,0.0,0.0,Ranks reviewed mapped videos and exact-title auto matches with sales/detail rows inside this period; platform totals remain canonical. C4S uses the latest matching YTD Sales Summary by Title snapshot.
ytd,2026 YTD,2026-01-01,2026-07-04,177,Video 0196,Fat Fitness Instructor Causes Shaking,Video,Clips4Sale,C4S title snapshot,1,13.98,8.39,8.39,2023-09-06,master content release date,high,1033,0.0,0.01,2026-07-04,mapped,1,1,13.98,8.39,0,0.0,0.0,0,0.0,0.0,0,0.0,0.0,0,0.0,0.0,Ranks reviewed mapped videos and exact-title auto matches with sales/detail rows inside this period; platform totals remain canonical. C4S uses the latest matching YTD Sales Summary by Title snapshot.
ytd,2026 YTD,2026-01-01,2026-07-04,178,exact-title:chargeback-forgiveness-106530597,Chargeback Forgiveness 106530597,Video,Clips4Sale,C4S title snapshot,1,13.98,8.39,8.39,2023-10-07,C4S date added,medium,1002,0.0,0.01,2026-07-04,auto exact-title,1,1,13.98,8.39,0,0.0,0.0,0,0.0,0.0,0,0.0,0.0,0,0.0,0.0,Ranks reviewed mapped videos and exact-title auto matches with sales/detail rows inside this period; platform totals remain canonical. C4S uses the latest matching YTD Sales Summary by Title snapshot.
ytd,2026 YTD,2026-01-01,2026-07-04,179,Video 0066,BBW Bubble Bath,Video,Clips4Sale,C4S title snapshot,1,13.98,8.39,8.39,2019-12-30,master content release date,high,2379,0.0,0.0,2026-07-04,mapped,1,1,13.98,8.39,0,0.0,0.0,0,0.0,0.0,0,0.0,0.0,0,0.0,0.0,Ranks reviewed mapped videos and exact-title auto matches with sales/detail rows inside this period; platform totals remain canonical. C4S uses the latest matching YTD Sales Summary by Title snapshot.
ytd,2026 YTD,2026-01-01,2026-07-04,180,Video 0154,Fat Bouncing in the Shower,Video,Clips4Sale,C4S title snapshot,2,13.0,7.8,3.9,2021-11-23,master content release date,high,1685,0.0,0.0,2026-07-04,mapped,1,2,13.0,7.8,0,0.0,0.0,0,0.0,0.0,0,0.0,0.0,0,0.0,0.0,Ranks reviewed mapped videos and exact-title auto matches with sales/detail rows inside this period; platform totals remain canonical. C4S uses the latest matching YTD Sales Summary by Title snapshot.
ytd,2026 YTD,2026-01-01,2026-07-04,181,exact-title:horny-ssbbw-teases-fat-pussy-vision-pro-spatial-video,Horny SSBBW Teases Fat Pussy VISION PRO (Spatial Video),Video,Clips4Sale,C4S title snapshot,1,12.98,7.79,7.79,2024-03-14,C4S date added,medium,843,0.0,0.01,2026-07-04,auto exact-title,1,1,12.98,7.79,0,0.0,0.0,0,0.0,0.0,0,0.0,0.0,0,0.0,0.0,Ranks reviewed mapped videos and exact-title auto matches with sales/detail rows inside this period; platform totals remain canonical. C4S uses the latest matching YTD Sales Summary by Title snapshot.
ytd,2026 YTD,2026-01-01,2026-07-04,182,Video 0074,Big Ass in Blue Jeans,Video,Clips4Sale,C4S title snapshot,1,12.98,7.79,7.79,2020-03-15,master content release date,high,2303,0.0,0.0,2026-07-04,mapped,1,1,12.98,7.79,0,0.0,0.0,0,0.0,0.0,0,0.0,0.0,0,0.0,0.0,Ranks reviewed mapped videos and exact-title auto matches with sales/detail rows inside this period; platform totals remain canonical. C4S uses the latest matching YTD Sales Summary by Title snapshot.
ytd,2026 YTD,2026-01-01,2026-07-04,183,exact-title:bbw-shower,BBW Shower,Video,Clips4Sale,C4S title snapshot,1,12.98,7.79,7.79,2020-11-17,C4S date added,medium,2056,0.0,0.0,2026-07-04,auto exact-title,1,1,12.98,7.79,0,0.0,0.0,0,0.0,0.0,0,0.0,0.0,0,0.0,0.0,Ranks reviewed mapped videos and exact-title auto matches with sales/detail rows inside this period; platform totals remain canonical. C4S uses the latest matching YTD Sales Summary by Title snapshot.
ytd,2026 YTD,2026-01-01,2026-07-04,184,Video 0095,Huge Twerking Ass and Dripping Chubby Pussy,Video,ManyVids,ManyVids transaction,1,11.98,7.19,7.19,2020-07-13,master content release date,high,2183,0.0,0.0,2026-06-27,mapped,1,0,0.0,0.0,0,0.0,0.0,1,11.98,7.19,0,0.0,0.0,0,0.0,0.0,Ranks reviewed mapped videos and exact-title auto matches with sales/detail rows inside this period; platform totals remain canonical. C4S uses the latest matching YTD Sales Summary by Title snapshot.
ytd,2026 YTD,2026-01-01,2026-07-04,185,Video 0105,Spying on Your Hot Roommate,Video,ManyVids,ManyVids transaction,1,10.98,6.59,6.59,2020-09-14,master content release date,high,2120,0.0,0.0,2026-05-31,mapped,1,0,0.0,0.0,0,0.0,0.0,1,10.98,6.59,0,0.0,0.0,0,0.0,0.0,Ranks reviewed mapped videos and exact-title auto matches with sales/detail rows inside this period; platform totals remain canonical. C4S uses the latest matching YTD Sales Summary by Title snapshot.
ytd,2026 YTD,2026-01-01,2026-07-04,186,Video 0114,Ass Clapping and Dildo Riding,Video,ManyVids,ManyVids transaction,1,10.98,6.59,6.59,2020-11-17,master content release date,high,2056,0.0,0.0,2026-05-16,mapped,1,0,0.0,0.0,0,0.0,0.0,1,10.98,6.59,0,0.0,0.0,0,0.0,0.0,Ranks reviewed mapped videos and exact-title auto matches with sales/detail rows inside this period; platform totals remain canonical. C4S uses the latest matching YTD Sales Summary by Title snapshot.
ytd,2026 YTD,2026-01-01,2026-07-04,187,Video 0104,Oiled BBW Slides Naked on Air Mattress,Video,ManyVids,ManyVids transaction,1,10.98,6.59,6.59,2020-09-14,master content release date,high,2120,0.0,0.0,2026-04-06,mapped,1,0,0.0,0.0,0,0.0,0.0,1,10.98,6.59,0,0.0,0.0,0,0.0,0.0,Ranks reviewed mapped videos and exact-title auto matches with sales/detail rows inside this period; platform totals remain canonical. C4S uses the latest matching YTD Sales Summary by Title snapshot.
ytd,2026 YTD,2026-01-01,2026-07-04,188,Video 0137,Struggling to Stand,Video,Clips4Sale,C4S title snapshot,1,10.98,6.59,6.59,2021-06-24,master content release date,high,1837,0.0,0.0,2026-07-04,mapped,1,1,10.98,6.59,0,0.0,0.0,0,0.0,0.0,0,0.0,0.0,0,0.0,0.0,Ranks reviewed mapped videos and exact-title auto matches with sales/detail rows inside this period; platform totals remain canonical. C4S uses the latest matching YTD Sales Summary by Title snapshot.
ytd,2026 YTD,2026-01-01,2026-07-04,189,Video 0100,Ass Worship in Tights and Heels,Video,Clips4Sale,C4S title snapshot,1,10.98,6.59,6.59,2020-08-09,master content release date,high,2156,0.0,0.0,2026-07-04,mapped,1,1,10.98,6.59,0,0.0,0.0,0,0.0,0.0,0,0.0,0.0,0,0.0,0.0,Ranks reviewed mapped videos and exact-title auto matches with sales/detail rows inside this period; platform totals remain canonical. C4S uses the latest matching YTD Sales Summary by Title snapshot.
ytd,2026 YTD,2026-01-01,2026-07-04,190,Video 0113,Sexy Body Bouncing and Jiggling,Video,Clips4Sale,C4S title snapshot,1,9.98,5.99,5.99,2020-11-08,master content release date,high,2065,0.0,0.0,2026-07-04,mapped,1,1,9.98,5.99,0,0.0,0.0,0,0.0,0.0,0,0.0,0.0,0,0.0,0.0,Ranks reviewed mapped videos and exact-title auto matches with sales/detail rows inside this period; platform totals remain canonical. C4S uses the latest matching YTD Sales Summary by Title snapshot.
ytd,2026 YTD,2026-01-01,2026-07-04,191,Video 0055,65 Inch Ass Worship,Video,Clips4Sale,C4S title snapshot,1,9.98,5.99,5.99,2019-10-05,master content release date,high,2465,0.0,0.0,2026-07-04,mapped,1,1,9.98,5.99,0,0.0,0.0,0,0.0,0.0,0,0.0,0.0,0,0.0,0.0,Ranks reviewed mapped videos and exact-title auto matches with sales/detail rows inside this period; platform totals remain canonical. C4S uses the latest matching YTD Sales Summary by Title snapshot.
ytd,2026 YTD,2026-01-01,2026-07-04,192,Video 0041,I Need V-day Dick,Video,ManyVids,ManyVids transaction,2,9.97,5.98,2.99,2019-02-18,master content release date,high,2694,0.0,0.0,2026-06-04,mapped,2,0,0.0,0.0,0,0.0,0.0,2,9.97,5.98,0,0.0,0.0,0,0.0,0.0,Ranks reviewed mapped videos and exact-title auto matches with sales/detail rows inside this period; platform totals remain canonical. C4S uses the latest matching YTD Sales Summary by Title snapshot.
ytd,2026 YTD,2026-01-01,2026-07-04,193,Video 0049,Sexy Soft Curves,Video,ManyVids,ManyVids transaction,2,9.97,5.98,2.99,2019-07-26,master content release date,high,2536,0.0,0.0,2026-06-04,mapped,2,0,0.0,0.0,0,0.0,0.0,2,9.97,5.98,0,0.0,0.0,0,0.0,0.0,Ranks reviewed mapped videos and exact-title auto matches with sales/detail rows inside this period; platform totals remain canonical. C4S uses the latest matching YTD Sales Summary by Title snapshot.
ytd,2026 YTD,2026-01-01,2026-07-04,194,Video 0031,Hitachi Makes Me Squirt,Video,ManyVids,ManyVids transaction,2,9.97,5.98,2.99,2018-06-20,master content release date,high,2937,0.0,0.0,2026-03-07,mapped,2,0,0.0,0.0,0,0.0,0.0,2,9.97,5.98,0,0.0,0.0,0,0.0,0.0,Ranks reviewed mapped videos and exact-title auto matches with sales/detail rows inside this period; platform totals remain canonical. C4S uses the latest matching YTD Sales Summary by Title snapshot.
ytd,2026 YTD,2026-01-01,2026-07-04,195,Video 0169,BBW Bra Changing JOI w/ Cum Countdown,Video,Clips4Sale,C4S title snapshot,1,9.5,5.7,5.7,2022-12-30,master content release date,high,1283,0.0,0.0,2026-07-04,mapped,1,1,9.5,5.7,0,0.0,0.0,0,0.0,0.0,0,0.0,0.0,0,0.0,0.0,Ranks reviewed mapped videos and exact-title auto matches with sales/detail rows inside this period; platform totals remain canonical. C4S uses the latest matching YTD Sales Summary by Title snapshot.
ytd,2026 YTD,2026-01-01,2026-07-04,196,Video 0172,Little Black Dress SSBBW Catwalk,Video,Clips4Sale,C4S title snapshot,1,9.0,5.4,5.4,2023-03-02,master content release date,high,1221,0.0,0.0,2026-07-04,mapped,1,1,9.0,5.4,0,0.0,0.0,0,0.0,0.0,0,0.0,0.0,0,0.0,0.0,Ranks reviewed mapped videos and exact-title auto matches with sales/detail rows inside this period; platform totals remain canonical. C4S uses the latest matching YTD Sales Summary by Title snapshot.
ytd,2026 YTD,2026-01-01,2026-07-04,197,Video 0161,Burrito Binge,Video,Clips4Sale,C4S title snapshot,1,9.0,5.4,5.4,2022-03-15,master content release date,high,1573,0.0,0.0,2026-07-04,mapped,1,1,9.0,5.4,0,0.0,0.0,0,0.0,0.0,0,0.0,0.0,0,0.0,0.0,Ranks reviewed mapped videos and exact-title auto matches with sales/detail rows inside this period; platform totals remain canonical. C4S uses the latest matching YTD Sales Summary by Title snapshot.
ytd,2026 YTD,2026-01-01,2026-07-04,198,Video 0107,Full Body Measurements,Video,Clips4Sale,C4S title snapshot,1,8.98,5.39,5.39,2020-09-27,master content release date,high,2107,0.0,0.0,2026-07-04,mapped,1,1,8.98,5.39,0,0.0,0.0,0,0.0,0.0,0,0.0,0.0,0,0.0,0.0,Ranks reviewed mapped videos and exact-title auto matches with sales/detail rows inside this period; platform totals remain canonical. C4S uses the latest matching YTD Sales Summary by Title snapshot.
ytd,2026 YTD,2026-01-01,2026-07-04,199,Video 0117,Cozy Winter Pussy Play,Video,ManyVids,ManyVids transaction,1,7.98,4.79,4.79,2020-12-13,master content release date,high,2030,0.0,0.0,2026-04-17,mapped,1,0,0.0,0.0,0,0.0,0.0,1,7.98,4.79,0,0.0,0.0,0,0.0,0.0,Ranks reviewed mapped videos and exact-title auto matches with sales/detail rows inside this period; platform totals remain canonical. C4S uses the latest matching YTD Sales Summary by Title snapshot.
ytd,2026 YTD,2026-01-01,2026-07-04,200,Video 0090,400lbs Bouncing on Your Cock,Video,ManyVids,ManyVids transaction,1,7.98,4.79,4.79,2020-06-07,master content release date,high,2219,0.0,0.0,2026-06-27,mapped,1,0,0.0,0.0,0,0.0,0.0,1,7.98,4.79,0,0.0,0.0,0,0.0,0.0,Ranks reviewed mapped videos and exact-title auto matches with sales/detail rows inside this period; platform totals remain canonical. C4S uses the latest matching YTD Sales Summary by Title snapshot.
all_time,All Available History,2013-01-01,2026-07-04,1,Video 0271,Co-workers' Revenge: Cake Stuffing and Rapid Growth,Video,"Clips4Sale, Curvage, ManyVids","C4S title snapshot, Curvage title-count allocation, ManyVids transaction",506,17683.11,12158.68,24.03,2025-07-21,master content release date,high,349,1.45,34.84,2026-07-04,mapped,116,234,6548.1,3928.86,269,11051.06,8179.45,3,83.95,50.37,0,0.0,0.0,0,0.0,0.0,"Ranks reviewed mapped videos and exact-title auto matches with sales/detail rows inside this period; platform totals remain canonical. All-time includes C4S historical Sales Summary by Title chunks, the Curvage all-history title-count matrix, and any imported historical titled rows from ModelCentro, ManyVids, and native OF supplemental stats."
all_time,All Available History,2013-01-01,2026-07-04,2,Video 0267,SSBBW Burps and Farts While Stuffing,Video,"Clips4Sale, Curvage, ManyVids","C4S title snapshot, Curvage title-count allocation, ManyVids transaction",246,10128.82,6652.23,27.04,2025-04-16,master content release date,high,445,0.55,14.95,2026-07-04,mapped,61,166,5807.23,3484.34,76,4181.66,3083.93,4,139.93,83.96,0,0.0,0.0,0,0.0,0.0,"Ranks reviewed mapped videos and exact-title auto matches with sales/detail rows inside this period; platform totals remain canonical. All-time includes C4S historical Sales Summary by Title chunks, the Curvage all-history title-count matrix, and any imported historical titled rows from ModelCentro, ManyVids, and native OF supplemental stats."
all_time,All Available History,2013-01-01,2026-07-04,3,Video 0279,Greedy SSBBW Stuffs Whole Thanksgiving Dinner,Video,"Clips4Sale, Curvage, ManyVids","C4S title snapshot, Curvage title-count allocation, ManyVids transaction",232,9414.22,6569.91,28.32,2025-12-01,master content release date,high,216,1.07,30.42,2026-07-04,mapped,63,84,2686.6,1611.96,146,6663.65,4919.57,2,63.97,38.38,0,0.0,0.0,0,0.0,0.0,"Ranks reviewed mapped videos and exact-title auto matches with sales/detail rows inside this period; platform totals remain canonical. All-time includes C4S historical Sales Summary by Title chunks, the Curvage all-history title-count matrix, and any imported historical titled rows from ModelCentro, ManyVids, and native OF supplemental stats."
all_time,All Available History,2013-01-01,2026-07-04,4,Video 0289,Best Friend's Mom Teases You,Video,"Clips4Sale, Curvage, ManyVids","C4S title snapshot, Curvage title-count allocation, ManyVids transaction",283,8133.8,4733.9,16.73,2026-05-21,master content release date,high,45,6.29,105.2,2026-07-04,mapped,62,155,4337.42,2602.45,98,2956.88,1627.75,30,839.5,503.7,0,0.0,0.0,0,0.0,0.0,"Ranks reviewed mapped videos and exact-title auto matches with sales/detail rows inside this period; platform totals remain canonical. All-time includes C4S historical Sales Summary by Title chunks, the Curvage all-history title-count matrix, and any imported historical titled rows from ModelCentro, ManyVids, and native OF supplemental stats."
all_time,All Available History,2013-01-01,2026-07-04,5,Video 0241,Stuffing and Makeout POV,Video,"Clips4Sale, Curvage","C4S title snapshot, Curvage title-count allocation",176,6398.12,4375.22,24.86,2024-07-01,master content release date,high,734,0.24,5.96,2026-07-04,mapped,60,102,2548.3,1528.98,74,3849.82,2846.24,0,0.0,0.0,0,0.0,0.0,0,0.0,0.0,"Ranks reviewed mapped videos and exact-title auto matches with sales/detail rows inside this period; platform totals remain canonical. All-time includes C4S historical Sales Summary by Title chunks, the Curvage all-history title-count matrix, and any imported historical titled rows from ModelCentro, ManyVids, and native OF supplemental stats."
all_time,All Available History,2013-01-01,2026-07-04,6,Video 0183,Hot Fatty Stuffs a Dozen Ice Cream Sandwiches,Video,"Clips4Sale, Curvage","C4S title snapshot, Curvage title-count allocation",124,5203.93,3830.71,30.89,2023-06-07,master content release date,high,1124,0.11,3.41,2026-07-04,mapped,79,12,191.8,115.08,112,5012.13,3715.63,0,0.0,0.0,0,0.0,0.0,0,0.0,0.0,"Ranks reviewed mapped videos and exact-title auto matches with sales/detail rows inside this period; platform totals remain canonical. All-time includes C4S historical Sales Summary by Title chunks, the Curvage all-history title-count matrix, and any imported historical titled rows from ModelCentro, ManyVids, and native OF supplemental stats."
all_time,All Available History,2013-01-01,2026-07-04,7,Video 0254,SSBBW Smokes After Thanksgiving Stuffing,Video,"Clips4Sale, Curvage","C4S title snapshot, Curvage title-count allocation",134,5100.77,3485.94,26.01,2024-11-29,master content release date,high,583,0.23,5.98,2026-07-04,mapped,43,66,1978.9,1187.34,68,3121.87,2298.6,0,0.0,0.0,0,0.0,0.0,0,0.0,0.0,"Ranks reviewed mapped videos and exact-title auto matches with sales/detail rows inside this period; platform totals remain canonical. All-time includes C4S historical Sales Summary by Title chunks, the Curvage all-history title-count matrix, and any imported historical titled rows from ModelCentro, ManyVids, and native OF supplemental stats."
all_time,All Available History,2013-01-01,2026-07-04,8,Video 0259,Boyfriend Gets Vored,Video,"Clips4Sale, Curvage, ManyVids","C4S title snapshot, Curvage title-count allocation, ManyVids transaction",188,5049.73,3418.17,18.18,2024-12-23,master content release date,high,559,0.34,6.11,2026-07-04,mapped,66,100,2198.33,1319.0,87,2829.42,2085.98,1,21.98,13.19,0,0.0,0.0,0,0.0,0.0,"Ranks reviewed mapped videos and exact-title auto matches with sales/detail rows inside this period; platform totals remain canonical. All-time includes C4S historical Sales Summary by Title chunks, the Curvage all-history title-count matrix, and any imported historical titled rows from ModelCentro, ManyVids, and native OF supplemental stats."
all_time,All Available History,2013-01-01,2026-07-04,9,Video 0258,Measurements and Weigh-In,Video,"Clips4Sale, Curvage","C4S title snapshot, Curvage title-count allocation",122,4907.67,3351.5,27.47,2024-12-18,master content release date,high,564,0.22,5.94,2026-07-04,mapped,36,58,2029.04,1217.42,64,2878.63,2134.08,0,0.0,0.0,0,0.0,0.0,0,0.0,0.0,"Ranks reviewed mapped videos and exact-title auto matches with sales/detail rows inside this period; platform totals remain canonical. All-time includes C4S historical Sales Summary by Title chunks, the Curvage all-history title-count matrix, and any imported historical titled rows from ModelCentro, ManyVids, and native OF supplemental stats."
all_time,All Available History,2013-01-01,2026-07-04,10,Video 0282,Diet Pills Gone Wrong,Video,"Clips4Sale, Curvage, ManyVids","C4S title snapshot, Curvage title-count allocation, ManyVids transaction",285,4764.44,3236.77,11.36,2026-02-22,master content release date,high,133,2.14,24.34,2026-07-04,mapped,72,106,1588.23,952.94,161,2906.51,2122.01,18,269.7,161.82,0,0.0,0.0,0,0.0,0.0,"Ranks reviewed mapped videos and exact-title auto matches with sales/detail rows inside this period; platform totals remain canonical. All-time includes C4S historical Sales Summary by Title chunks, the Curvage all-history title-count matrix, and any imported historical titled rows from ModelCentro, ManyVids, and native OF supplemental stats."
all_time,All Available History,2013-01-01,2026-07-04,11,Video 0266,Stuffing Until I'm Stuck,Video,"Clips4Sale, Curvage","C4S title snapshot, Curvage title-count allocation",137,4664.09,3170.86,23.14,2025-04-11,master content release date,high,450,0.3,7.05,2026-07-04,mapped,43,70,2028.83,1217.3,67,2635.26,1953.56,0,0.0,0.0,0,0.0,0.0,0,0.0,0.0,"Ranks reviewed mapped videos and exact-title auto matches with sales/detail rows inside this period; platform totals remain canonical. All-time includes C4S historical Sales Summary by Title chunks, the Curvage all-history title-count matrix, and any imported historical titled rows from ModelCentro, ManyVids, and native OF supplemental stats."
all_time,All Available History,2013-01-01,2026-07-04,12,Video 0284,Stuffed Girlfriend Gets Gassy,Video,"Clips4Sale, Curvage, ManyVids","C4S title snapshot, Curvage title-count allocation, ManyVids transaction",184,4059.57,2665.68,14.49,2026-03-11,master content release date,high,116,1.59,22.98,2026-07-04,mapped,39,95,1898.42,1139.05,83,2041.25,1454.69,6,119.9,71.94,0,0.0,0.0,0,0.0,0.0,"Ranks reviewed mapped videos and exact-title auto matches with sales/detail rows inside this period; platform totals remain canonical. All-time includes C4S historical Sales Summary by Title chunks, the Curvage all-history title-count matrix, and any imported historical titled rows from ModelCentro, ManyVids, and native OF supplemental stats."
all_time,All Available History,2013-01-01,2026-07-04,13,Video 0256,Mutual Gaining Fantasy,Video,"Clips4Sale, Curvage","C4S title snapshot, Curvage title-count allocation",115,3699.82,2506.26,21.79,2024-12-05,master content release date,high,577,0.2,4.34,2026-07-04,mapped,36,67,1673.89,1004.33,48,2025.93,1501.93,0,0.0,0.0,0,0.0,0.0,0,0.0,0.0,"Ranks reviewed mapped videos and exact-title auto matches with sales/detail rows inside this period; platform totals remain canonical. All-time includes C4S historical Sales Summary by Title chunks, the Curvage all-history title-count matrix, and any imported historical titled rows from ModelCentro, ManyVids, and native OF supplemental stats."
all_time,All Available History,2013-01-01,2026-07-04,14,Video 0264,After-Gym Stuffing,Video,"Clips4Sale, Curvage, ManyVids","C4S title snapshot, Curvage title-count allocation, ManyVids transaction",147,3486.41,2332.74,15.87,2025-03-10,master content release date,high,482,0.3,4.84,2026-07-04,mapped,46,86,1718.57,1031.14,60,1747.86,1289.61,1,19.98,11.99,0,0.0,0.0,0,0.0,0.0,"Ranks reviewed mapped videos and exact-title auto matches with sales/detail rows inside this period; platform totals remain canonical. All-time includes C4S historical Sales Summary by Title chunks, the Curvage all-history title-count matrix, and any imported historical titled rows from ModelCentro, ManyVids, and native OF supplemental stats."
all_time,All Available History,2013-01-01,2026-07-04,15,Video 0283,HR Fatty Makes You Her Feeder POV,Video,"Clips4Sale, Curvage, ManyVids","C4S title snapshot, Curvage title-count allocation, ManyVids transaction",198,3357.47,2277.25,11.5,2026-03-04,master content release date,high,123,1.61,18.51,2026-07-04,mapped,60,57,1139.05,683.43,130,1998.6,1461.93,11,219.82,131.89,0,0.0,0.0,0,0.0,0.0,"Ranks reviewed mapped videos and exact-title auto matches with sales/detail rows inside this period; platform totals remain canonical. All-time includes C4S historical Sales Summary by Title chunks, the Curvage all-history title-count matrix, and any imported historical titled rows from ModelCentro, ManyVids, and native OF supplemental stats."
all_time,All Available History,2013-01-01,2026-07-04,16,Video 0171,Milkshake and Soda Bloated Belly Belching,Video,"Clips4Sale, Curvage, ModelCentro","C4S title snapshot, Curvage title-count allocation, ModelCentro transaction",86,3039.99,2204.03,25.63,2023-01-17,master content release date,high,1265,0.07,1.74,2026-07-04,mapped,43,29,340.59,204.35,55,2677.42,1984.86,0,0.0,0.0,0,0.0,0.0,2,21.98,14.82,"Ranks reviewed mapped videos and exact-title auto matches with sales/detail rows inside this period; platform totals remain canonical. All-time includes C4S historical Sales Summary by Title chunks, the Curvage all-history title-count matrix, and any imported historical titled rows from ModelCentro, ManyVids, and native OF supplemental stats."
all_time,All Available History,2013-01-01,2026-07-04,17,Video 0186,Chair Breaking Under Huge SSBBW,Video,Clips4Sale,C4S title snapshot,138,3447.7,2068.62,14.99,2023-06-21,master content release date,high,1110,0.12,1.86,2026-07-04,mapped,2,138,3447.7,2068.62,0,0.0,0.0,0,0.0,0.0,0,0.0,0.0,0,0.0,0.0,"Ranks reviewed mapped videos and exact-title auto matches with sales/detail rows inside this period; platform totals remain canonical. All-time includes C4S historical Sales Summary by Title chunks, the Curvage all-history title-count matrix, and any imported historical titled rows from ModelCentro, ManyVids, and native OF supplemental stats."
all_time,All Available History,2013-01-01,2026-07-04,18,Video 0216,Horny SSBBW Succubus Grows for Your Cum POV,Video,"Clips4Sale, Curvage","C4S title snapshot, Curvage title-count allocation",108,2964.66,2050.22,18.98,2024-03-10,master content release date,high,847,0.13,2.42,2026-07-04,mapped,40,55,1044.08,626.45,53,1920.58,1423.77,0,0.0,0.0,0,0.0,0.0,0,0.0,0.0,"Ranks reviewed mapped videos and exact-title auto matches with sales/detail rows inside this period; platform totals remain canonical. All-time includes C4S historical Sales Summary by Title chunks, the Curvage all-history title-count matrix, and any imported historical titled rows from ModelCentro, ManyVids, and native OF supplemental stats."
all_time,All Available History,2013-01-01,2026-07-04,19,Video 0261,Wife Wants to Stop Gaining the Reboot,Video,"Clips4Sale, ManyVids","C4S title snapshot, ManyVids transaction",152,3341.47,2004.88,13.19,2025-02-20,master content release date,high,500,0.3,4.01,2026-07-04,mapped,5,149,3275.52,1965.31,0,0.0,0.0,3,65.95,39.57,0,0.0,0.0,0,0.0,0.0,"Ranks reviewed mapped videos and exact-title auto matches with sales/detail rows inside this period; platform totals remain canonical. All-time includes C4S historical Sales Summary by Title chunks, the Curvage all-history title-count matrix, and any imported historical titled rows from ModelCentro, ManyVids, and native OF supplemental stats."
all_time,All Available History,2013-01-01,2026-07-04,20,Video 0221,Magical Belly Growth and Riding POV,Video,"Clips4Sale, ManyVids","C4S title snapshot, ManyVids transaction",150,3337.51,2002.5,13.35,2024-03-31,master content release date,high,826,0.18,2.42,2026-07-04,mapped,4,148,3291.54,1974.92,0,0.0,0.0,2,45.97,27.58,0,0.0,0.0,0,0.0,0.0,"Ranks reviewed mapped videos and exact-title auto matches with sales/detail rows inside this period; platform totals remain canonical. All-time includes C4S historical Sales Summary by Title chunks, the Curvage all-history title-count matrix, and any imported historical titled rows from ModelCentro, ManyVids, and native OF supplemental stats."
all_time,All Available History,2013-01-01,2026-07-04,21,Video 0288,Gaining SSBBW Wants to Reach 600lbs,Video,"Clips4Sale, Curvage, ManyVids","C4S title snapshot, Curvage title-count allocation, ManyVids transaction",124,3060.32,1998.02,16.11,2026-05-04,master content release date,high,62,2.0,32.23,2026-07-04,mapped,42,43,859.28,515.57,68,1941.26,1326.58,13,259.78,155.87,0,0.0,0.0,0,0.0,0.0,"Ranks reviewed mapped videos and exact-title auto matches with sales/detail rows inside this period; platform totals remain canonical. All-time includes C4S historical Sales Summary by Title chunks, the Curvage all-history title-count matrix, and any imported historical titled rows from ModelCentro, ManyVids, and native OF supplemental stats."
all_time,All Available History,2013-01-01,2026-07-04,22,Video 0291,Greedy SSBBW Devours Roommates Leftovers,Video,"Clips4Sale, Curvage, ManyVids","C4S title snapshot, Curvage title-count allocation, ManyVids transaction",81,3695.17,1993.99,24.62,2026-06-27,master content release date,high,8,10.12,249.25,2026-07-04,mapped,11,41,1516.32,909.79,37,2067.9,1017.63,3,110.95,66.57,0,0.0,0.0,0,0.0,0.0,"Ranks reviewed mapped videos and exact-title auto matches with sales/detail rows inside this period; platform totals remain canonical. All-time includes C4S historical Sales Summary by Title chunks, the Curvage all-history title-count matrix, and any imported historical titled rows from ModelCentro, ManyVids, and native OF supplemental stats."
all_time,All Available History,2013-01-01,2026-07-04,23,Video 0285,Exercise After Gaining,Video,"Clips4Sale, Curvage, ManyVids","C4S title snapshot, Curvage title-count allocation, ManyVids transaction",88,2974.79,1986.04,22.57,2026-04-06,master content release date,high,90,0.98,22.07,2026-07-04,mapped,35,26,727.57,436.54,55,2051.34,1431.97,7,195.88,117.53,0,0.0,0.0,0,0.0,0.0,"Ranks reviewed mapped videos and exact-title auto matches with sales/detail rows inside this period; platform totals remain canonical. All-time includes C4S historical Sales Summary by Title chunks, the Curvage all-history title-count matrix, and any imported historical titled rows from ModelCentro, ManyVids, and native OF supplemental stats."
all_time,All Available History,2013-01-01,2026-07-04,24,Video 0281,Gassy Giantess Gobbles You Up,Video,"Clips4Sale, Curvage, ManyVids","C4S title snapshot, Curvage title-count allocation, ManyVids transaction",112,3018.36,1944.54,17.36,2026-01-30,master content release date,high,156,0.72,12.46,2026-07-04,mapped,23,77,1923.72,1154.23,29,944.74,700.37,6,149.9,89.94,0,0.0,0.0,0,0.0,0.0,"Ranks reviewed mapped videos and exact-title auto matches with sales/detail rows inside this period; platform totals remain canonical. All-time includes C4S historical Sales Summary by Title chunks, the Curvage all-history title-count matrix, and any imported historical titled rows from ModelCentro, ManyVids, and native OF supplemental stats."
all_time,All Available History,2013-01-01,2026-07-04,25,Video 0248,SSBBW Girlfriend Grows into 14-foot Giantess,Video,Clips4Sale,C4S title snapshot,126,2769.9,1661.94,13.19,2024-10-25,master content release date,high,618,0.2,2.69,2026-07-04,mapped,2,126,2769.9,1661.94,0,0.0,0.0,0,0.0,0.0,0,0.0,0.0,0,0.0,0.0,"Ranks reviewed mapped videos and exact-title auto matches with sales/detail rows inside this period; platform totals remain canonical. All-time includes C4S historical Sales Summary by Title chunks, the Curvage all-history title-count matrix, and any imported historical titled rows from ModelCentro, ManyVids, and native OF supplemental stats."
all_time,All Available History,2013-01-01,2026-07-04,26,Video 0244,Impregnation Fantasy Chat,Video,"Clips4Sale, Curvage","C4S title snapshot, Curvage title-count allocation",95,2363.13,1652.29,17.39,2024-07-11,master content release date,high,724,0.13,2.28,2026-07-04,mapped,35,51,704.15,422.49,44,1658.98,1229.8,0,0.0,0.0,0,0.0,0.0,0,0.0,0.0,"Ranks reviewed mapped videos and exact-title auto matches with sales/detail rows inside this period; platform totals remain canonical. All-time includes C4S historical Sales Summary by Title chunks, the Curvage all-history title-count matrix, and any imported historical titled rows from ModelCentro, ManyVids, and native OF supplemental stats."
all_time,All Available History,2013-01-01,2026-07-04,27,Video 0250,Soda Chug and Burping,Video,"Clips4Sale, Curvage","C4S title snapshot, Curvage title-count allocation",68,2364.97,1640.15,24.12,2024-10-30,master content release date,high,613,0.11,2.68,2026-07-04,mapped,27,32,799.46,479.68,36,1565.51,1160.47,0,0.0,0.0,0,0.0,0.0,0,0.0,0.0,"Ranks reviewed mapped videos and exact-title auto matches with sales/detail rows inside this period; platform totals remain canonical. All-time includes C4S historical Sales Summary by Title chunks, the Curvage all-history title-count matrix, and any imported historical titled rows from ModelCentro, ManyVids, and native OF supplemental stats."
all_time,All Available History,2013-01-01,2026-07-04,28,Video 0280,Ex GF Got Fat - Holiday Hookup,Video,"Clips4Sale, ManyVids","C4S title snapshot, ManyVids transaction",122,2681.97,1609.18,13.19,2025-12-26,master content release date,high,191,0.64,8.43,2026-07-04,mapped,12,111,2440.15,1464.09,0,0.0,0.0,11,241.82,145.09,0,0.0,0.0,0,0.0,0.0,"Ranks reviewed mapped videos and exact-title auto matches with sales/detail rows inside this period; platform totals remain canonical. All-time includes C4S historical Sales Summary by Title chunks, the Curvage all-history title-count matrix, and any imported historical titled rows from ModelCentro, ManyVids, and native OF supplemental stats."
all_time,All Available History,2013-01-01,2026-07-04,29,Video 0273,SSBBW Squashes You Under Ass and Feet,Video,"Clips4Sale, Curvage, ManyVids","C4S title snapshot, Curvage title-count allocation, ManyVids transaction",104,2463.54,1607.69,15.46,2025-08-09,master content release date,high,330,0.32,4.87,2026-07-04,mapped,20,84,1510.6,906.36,18,916.97,679.75,2,35.97,21.58,0,0.0,0.0,0,0.0,0.0,"Ranks reviewed mapped videos and exact-title auto matches with sales/detail rows inside this period; platform totals remain canonical. All-time includes C4S historical Sales Summary by Title chunks, the Curvage all-history title-count matrix, and any imported historical titled rows from ModelCentro, ManyVids, and native OF supplemental stats."
all_time,All Available History,2013-01-01,2026-07-04,30,Video 0146,Feedee BBW Wants to Stop Gaining POV,Video,"Clips4Sale, ManyVids, ModelCentro","C4S title snapshot, ManyVids transaction, ModelCentro transaction",149,2634.62,1590.34,10.67,2021-09-23,master content release date,high,1746,0.09,0.91,2026-07-04,mapped,11,140,2490.72,1494.43,0,0.0,0.0,1,15.98,9.59,0,0.0,0.0,8,127.92,86.32,"Ranks reviewed mapped videos and exact-title auto matches with sales/detail rows inside this period; platform totals remain canonical. All-time includes C4S historical Sales Summary by Title chunks, the Curvage all-history title-count matrix, and any imported historical titled rows from ModelCentro, ManyVids, and native OF supplemental stats."
all_time,All Available History,2013-01-01,2026-07-04,31,Video 0255,Worship My Sweaty Fat,Video,"Clips4Sale, ManyVids","C4S title snapshot, ManyVids transaction",104,2562.26,1537.36,14.78,2024-12-04,master content release date,high,578,0.18,2.66,2026-07-04,mapped,3,103,2537.28,1522.37,0,0.0,0.0,1,24.98,14.99,0,0.0,0.0,0,0.0,0.0,"Ranks reviewed mapped videos and exact-title auto matches with sales/detail rows inside this period; platform totals remain canonical. All-time includes C4S historical Sales Summary by Title chunks, the Curvage all-history title-count matrix, and any imported historical titled rows from ModelCentro, ManyVids, and native OF supplemental stats."
all_time,All Available History,2013-01-01,2026-07-04,32,Video 0243,Hotel Concierge Fucking POV,Video,"Clips4Sale, ManyVids","C4S title snapshot, ManyVids transaction",141,2535.65,1521.39,10.79,2024-07-10,master content release date,high,725,0.19,2.1,2026-07-04,mapped,7,136,2445.73,1467.44,0,0.0,0.0,5,89.92,53.95,0,0.0,0.0,0,0.0,0.0,"Ranks reviewed mapped videos and exact-title auto matches with sales/detail rows inside this period; platform totals remain canonical. All-time includes C4S historical Sales Summary by Title chunks, the Curvage all-history title-count matrix, and any imported historical titled rows from ModelCentro, ManyVids, and native OF supplemental stats."
all_time,All Available History,2013-01-01,2026-07-04,33,Video 0232,Your Wife Accidentally Gains,Video,"Clips4Sale, ManyVids","C4S title snapshot, ManyVids transaction",100,2495.33,1497.2,14.97,2024-05-06,master content release date,high,790,0.13,1.9,2026-07-04,mapped,3,99,2473.35,1484.01,0,0.0,0.0,1,21.98,13.19,0,0.0,0.0,0,0.0,0.0,"Ranks reviewed mapped videos and exact-title auto matches with sales/detail rows inside this period; platform totals remain canonical. All-time includes C4S historical Sales Summary by Title chunks, the Curvage all-history title-count matrix, and any imported historical titled rows from ModelCentro, ManyVids, and native OF supplemental stats."
all_time,All Available History,2013-01-01,2026-07-04,34,Video 0270,Neighbor Gets Bred,Video,"Clips4Sale, ManyVids","C4S title snapshot, ManyVids transaction",118,2476.03,1485.62,12.59,2025-06-10,master content release date,high,390,0.3,3.81,2026-07-04,mapped,7,112,2350.13,1410.08,0,0.0,0.0,6,125.9,75.54,0,0.0,0.0,0,0.0,0.0,"Ranks reviewed mapped videos and exact-title auto matches with sales/detail rows inside this period; platform totals remain canonical. All-time includes C4S historical Sales Summary by Title chunks, the Curvage all-history title-count matrix, and any imported historical titled rows from ModelCentro, ManyVids, and native OF supplemental stats."
all_time,All Available History,2013-01-01,2026-07-04,35,Video 0224,Jiggling SSBBW Working Out in Lingerie,Video,"Clips4Sale, Curvage","C4S title snapshot, Curvage title-count allocation",57,2011.56,1464.84,25.7,2024-04-10,master content release date,high,816,0.07,1.8,2026-07-04,mapped,29,11,186.82,112.09,46,1824.74,1352.75,0,0.0,0.0,0,0.0,0.0,0,0.0,0.0,"Ranks reviewed mapped videos and exact-title auto matches with sales/detail rows inside this period; platform totals remain canonical. All-time includes C4S historical Sales Summary by Title chunks, the Curvage all-history title-count matrix, and any imported historical titled rows from ModelCentro, ManyVids, and native OF supplemental stats."
all_time,All Available History,2013-01-01,2026-07-04,36,Video 0252,Resist Temptation or Get Swallowed,Video,"Clips4Sale, ManyVids","C4S title snapshot, ManyVids transaction",92,2278.46,1367.08,14.86,2024-11-16,master content release date,high,596,0.15,2.29,2026-07-04,mapped,3,91,2253.48,1352.09,0,0.0,0.0,1,24.98,14.99,0,0.0,0.0,0,0.0,0.0,"Ranks reviewed mapped videos and exact-title auto matches with sales/detail rows inside this period; platform totals remain canonical. All-time includes C4S historical Sales Summary by Title chunks, the Curvage all-history title-count matrix, and any imported historical titled rows from ModelCentro, ManyVids, and native OF supplemental stats."
all_time,All Available History,2013-01-01,2026-07-04,37,Video 0207,SSBBW Gets Stuck in the Doorway,Video,Clips4Sale,C4S title snapshot,133,2258.78,1355.27,10.19,2023-12-17,master content release date,high,931,0.14,1.46,2026-07-04,mapped,2,133,2258.78,1355.27,0,0.0,0.0,0,0.0,0.0,0,0.0,0.0,0,0.0,0.0,"Ranks reviewed mapped videos and exact-title auto matches with sales/detail rows inside this period; platform totals remain canonical. All-time includes C4S historical Sales Summary by Title chunks, the Curvage all-history title-count matrix, and any imported historical titled rows from ModelCentro, ManyVids, and native OF supplemental stats."
all_time,All Available History,2013-01-01,2026-07-04,38,Video 0286,Stuffed and Horny,Video,"Clips4Sale, ManyVids","C4S title snapshot, ManyVids transaction",57,2108.05,1264.83,22.19,2026-04-20,master content release date,high,76,0.75,16.64,2026-07-04,mapped,11,47,1738.22,1042.93,0,0.0,0.0,10,369.83,221.9,0,0.0,0.0,0,0.0,0.0,"Ranks reviewed mapped videos and exact-title auto matches with sales/detail rows inside this period; platform totals remain canonical. All-time includes C4S historical Sales Summary by Title chunks, the Curvage all-history title-count matrix, and any imported historical titled rows from ModelCentro, ManyVids, and native OF supplemental stats."
all_time,All Available History,2013-01-01,2026-07-04,39,Video 0203,Friends With Benefits,Video,"Clips4Sale, ManyVids, ModelCentro","C4S title snapshot, ManyVids transaction, ModelCentro transaction",129,2077.94,1261.27,9.78,2023-11-18,master content release date,high,960,0.13,1.31,2026-07-04,mapped,19,112,1815.14,1089.08,0,0.0,0.0,4,67.93,40.76,0,0.0,0.0,13,194.87,131.43,"Ranks reviewed mapped videos and exact-title auto matches with sales/detail rows inside this period; platform totals remain canonical. All-time includes C4S historical Sales Summary by Title chunks, the Curvage all-history title-count matrix, and any imported historical titled rows from ModelCentro, ManyVids, and native OF supplemental stats."
all_time,All Available History,2013-01-01,2026-07-04,40,Video 0177,Fat Dom GF Makes you Clean Sweaty Ass and Pussy,Video,"Clips4Sale, ManyVids, ModelCentro","C4S title snapshot, ManyVids transaction, ModelCentro transaction",150,2053.57,1242.0,8.28,2023-05-03,master content release date,high,1159,0.13,1.07,2026-07-04,mapped,14,138,1905.7,1143.42,0,0.0,0.0,1,15.98,9.59,0,0.0,0.0,11,131.89,88.99,"Ranks reviewed mapped videos and exact-title auto matches with sales/detail rows inside this period; platform totals remain canonical. All-time includes C4S historical Sales Summary by Title chunks, the Curvage all-history title-count matrix, and any imported historical titled rows from ModelCentro, ManyVids, and native OF supplemental stats."
all_time,All Available History,2013-01-01,2026-07-04,41,Video 0228,Worship My Sweaty Ass,Video,"Clips4Sale, ManyVids","C4S title snapshot, ManyVids transaction",99,2019.36,1211.61,12.24,2024-04-22,master content release date,high,804,0.12,1.51,2026-07-04,mapped,4,97,1977.39,1186.43,0,0.0,0.0,2,41.97,25.18,0,0.0,0.0,0,0.0,0.0,"Ranks reviewed mapped videos and exact-title auto matches with sales/detail rows inside this period; platform totals remain canonical. All-time includes C4S historical Sales Summary by Title chunks, the Curvage all-history title-count matrix, and any imported historical titled rows from ModelCentro, ManyVids, and native OF supplemental stats."
all_time,All Available History,2013-01-01,2026-07-04,42,Video 0253,Fresh Squeezed Fruit Crush,Video,Clips4Sale,C4S title snapshot,91,2000.49,1200.29,13.19,2024-11-20,master content release date,high,592,0.15,2.03,2026-07-04,mapped,2,91,2000.49,1200.29,0,0.0,0.0,0,0.0,0.0,0,0.0,0.0,0,0.0,0.0,"Ranks reviewed mapped videos and exact-title auto matches with sales/detail rows inside this period; platform totals remain canonical. All-time includes C4S historical Sales Summary by Title chunks, the Curvage all-history title-count matrix, and any imported historical titled rows from ModelCentro, ManyVids, and native OF supplemental stats."
all_time,All Available History,2013-01-01,2026-07-04,43,Video 0247,Anniversary Fuck POV,Video,"Clips4Sale, ManyVids","C4S title snapshot, ManyVids transaction",98,1958.37,1175.02,11.99,2024-07-25,master content release date,high,710,0.14,1.65,2026-07-04,mapped,7,93,1858.45,1115.07,0,0.0,0.0,5,99.92,59.95,0,0.0,0.0,0,0.0,0.0,"Ranks reviewed mapped videos and exact-title auto matches with sales/detail rows inside this period; platform totals remain canonical. All-time includes C4S historical Sales Summary by Title chunks, the Curvage all-history title-count matrix, and any imported historical titled rows from ModelCentro, ManyVids, and native OF supplemental stats."
all_time,All Available History,2013-01-01,2026-07-04,44,Video 0249,SSBBW Ex Wants to Get Pregnant,Video,"Clips4Sale, ManyVids","C4S title snapshot, ManyVids transaction",133,1859.78,1115.87,8.39,2024-10-27,master content release date,high,616,0.22,1.81,2026-07-04,mapped,9,126,1761.9,1057.14,0,0.0,0.0,7,97.88,58.73,0,0.0,0.0,0,0.0,0.0,"Ranks reviewed mapped videos and exact-title auto matches with sales/detail rows inside this period; platform totals remain canonical. All-time includes C4S historical Sales Summary by Title chunks, the Curvage all-history title-count matrix, and any imported historical titled rows from ModelCentro, ManyVids, and native OF supplemental stats."
all_time,All Available History,2013-01-01,2026-07-04,45,Video 0278,Therapist Turns You Into a Feeder Part 3,Video,Clips4Sale,C4S title snapshot,57,1709.05,1025.43,17.99,2025-11-19,master content release date,high,228,0.25,4.5,2026-07-04,mapped,1,57,1709.05,1025.43,0,0.0,0.0,0,0.0,0.0,0,0.0,0.0,0,0.0,0.0,"Ranks reviewed mapped videos and exact-title auto matches with sales/detail rows inside this period; platform totals remain canonical. All-time includes C4S historical Sales Summary by Title chunks, the Curvage all-history title-count matrix, and any imported historical titled rows from ModelCentro, ManyVids, and native OF supplemental stats."
all_time,All Available History,2013-01-01,2026-07-04,46,Video 0290,Fucking Your Stuffed SSBBW Girlfriend POV,Video,"Clips4Sale, ManyVids","C4S title snapshot, ManyVids transaction",79,1664.68,998.81,12.64,2026-06-11,master content release date,high,24,3.29,41.62,2026-07-04,mapped,16,64,1349.93,809.96,0,0.0,0.0,15,314.75,188.85,0,0.0,0.0,0,0.0,0.0,"Ranks reviewed mapped videos and exact-title auto matches with sales/detail rows inside this period; platform totals remain canonical. All-time includes C4S historical Sales Summary by Title chunks, the Curvage all-history title-count matrix, and any imported historical titled rows from ModelCentro, ManyVids, and native OF supplemental stats."
all_time,All Available History,2013-01-01,2026-07-04,47,Video 0225,Squirting on the First Date,Video,"Clips4Sale, ManyVids","C4S title snapshot, ManyVids transaction",62,1657.96,994.78,16.04,2024-04-10,master content release date,high,816,0.08,1.22,2026-07-04,mapped,5,59,1592.01,955.21,0,0.0,0.0,3,65.95,39.57,0,0.0,0.0,0,0.0,0.0,"Ranks reviewed mapped videos and exact-title auto matches with sales/detail rows inside this period; platform totals remain canonical. All-time includes C4S historical Sales Summary by Title chunks, the Curvage all-history title-count matrix, and any imported historical titled rows from ModelCentro, ManyVids, and native OF supplemental stats."
all_time,All Available History,2013-01-01,2026-07-04,48,Video 0194,SSBBW Car Struggles and Topless Driving,Video,Clips4Sale,C4S title snapshot,78,1634.7,980.82,12.57,2023-08-31,master content release date,high,1039,0.08,0.94,2026-07-04,mapped,2,78,1634.7,980.82,0,0.0,0.0,0,0.0,0.0,0,0.0,0.0,0,0.0,0.0,"Ranks reviewed mapped videos and exact-title auto matches with sales/detail rows inside this period; platform totals remain canonical. All-time includes C4S historical Sales Summary by Title chunks, the Curvage all-history title-count matrix, and any imported historical titled rows from ModelCentro, ManyVids, and native OF supplemental stats."
all_time,All Available History,2013-01-01,2026-07-04,49,Video 0245,Belly Worship to Keep Your Job,Video,"Clips4Sale, ManyVids","C4S title snapshot, ManyVids transaction",102,1630.31,978.18,9.59,2024-07-18,master content release date,high,717,0.14,1.36,2026-07-04,mapped,4,100,1598.34,959.0,0,0.0,0.0,2,31.97,19.18,0,0.0,0.0,0,0.0,0.0,"Ranks reviewed mapped videos and exact-title auto matches with sales/detail rows inside this period; platform totals remain canonical. All-time includes C4S historical Sales Summary by Title chunks, the Curvage all-history title-count matrix, and any imported historical titled rows from ModelCentro, ManyVids, and native OF supplemental stats."
all_time,All Available History,2013-01-01,2026-07-04,50,Video 0269,Therapist Turns You Into a Feeder Part 2,Video,Clips4Sale,C4S title snapshot,65,1623.92,974.35,14.99,2025-04-27,master content release date,high,434,0.15,2.25,2026-07-04,mapped,1,65,1623.92,974.35,0,0.0,0.0,0,0.0,0.0,0,0.0,0.0,0,0.0,0.0,"Ranks reviewed mapped videos and exact-title auto matches with sales/detail rows inside this period; platform totals remain canonical. All-time includes C4S historical Sales Summary by Title chunks, the Curvage all-history title-count matrix, and any imported historical titled rows from ModelCentro, ManyVids, and native OF supplemental stats."
all_time,All Available History,2013-01-01,2026-07-04,51,Video 0276,Hungry Girlfriend Ignores You,Video,"Clips4Sale, ManyVids","C4S title snapshot, ManyVids transaction",97,1550.38,930.23,9.59,2025-10-18,master content release date,high,260,0.37,3.58,2026-07-04,mapped,5,93,1486.45,891.87,0,0.0,0.0,4,63.93,38.36,0,0.0,0.0,0,0.0,0.0,"Ranks reviewed mapped videos and exact-title auto matches with sales/detail rows inside this period; platform totals remain canonical. All-time includes C4S historical Sales Summary by Title chunks, the Curvage all-history title-count matrix, and any imported historical titled rows from ModelCentro, ManyVids, and native OF supplemental stats."
all_time,All Available History,2013-01-01,2026-07-04,52,Video 0263,SSBBW Rips Leggings and Fucks Pussy,Video,"Clips4Sale, ManyVids","C4S title snapshot, ManyVids transaction",75,1498.75,899.25,11.99,2025-03-02,master content release date,high,490,0.15,1.84,2026-07-04,mapped,5,72,1438.8,863.28,0,0.0,0.0,3,59.95,35.97,0,0.0,0.0,0,0.0,0.0,"Ranks reviewed mapped videos and exact-title auto matches with sales/detail rows inside this period; platform totals remain canonical. All-time includes C4S historical Sales Summary by Title chunks, the Curvage all-history title-count matrix, and any imported historical titled rows from ModelCentro, ManyVids, and native OF supplemental stats."
all_time,All Available History,2013-01-01,2026-07-04,53,Video 0268,Work Meeting Masturbation,Video,"Clips4Sale, ManyVids","C4S title snapshot, ManyVids transaction",67,1472.89,883.73,13.19,2025-04-23,master content release date,high,438,0.15,2.02,2026-07-04,mapped,3,65,1428.92,857.35,0,0.0,0.0,2,43.97,26.38,0,0.0,0.0,0,0.0,0.0,"Ranks reviewed mapped videos and exact-title auto matches with sales/detail rows inside this period; platform totals remain canonical. All-time includes C4S historical Sales Summary by Title chunks, the Curvage all-history title-count matrix, and any imported historical titled rows from ModelCentro, ManyVids, and native OF supplemental stats."
all_time,All Available History,2013-01-01,2026-07-04,54,Video 0275,Fitting My Fat Body,Video,Clips4Sale,C4S title snapshot,52,1455.13,873.08,16.79,2025-09-14,master content release date,high,294,0.18,2.97,2026-07-04,mapped,1,52,1455.13,873.08,0,0.0,0.0,0,0.0,0.0,0,0.0,0.0,0,0.0,0.0,"Ranks reviewed mapped videos and exact-title auto matches with sales/detail rows inside this period; platform totals remain canonical. All-time includes C4S historical Sales Summary by Title chunks, the Curvage all-history title-count matrix, and any imported historical titled rows from ModelCentro, ManyVids, and native OF supplemental stats."
all_time,All Available History,2013-01-01,2026-07-04,55,Video 0235,Your Therapist Turns You Into a Feeder Part 1,Video,Clips4Sale,C4S title snapshot,58,1449.03,869.42,14.99,2024-05-16,master content release date,high,780,0.07,1.11,2026-07-04,mapped,2,58,1449.03,869.42,0,0.0,0.0,0,0.0,0.0,0,0.0,0.0,0,0.0,0.0,"Ranks reviewed mapped videos and exact-title auto matches with sales/detail rows inside this period; platform totals remain canonical. All-time includes C4S historical Sales Summary by Title chunks, the Curvage all-history title-count matrix, and any imported historical titled rows from ModelCentro, ManyVids, and native OF supplemental stats."
all_time,All Available History,2013-01-01,2026-07-04,56,Video 0239,SSBBW Giantess Rubs Pussy on You,Video,"Clips4Sale, ManyVids","C4S title snapshot, ManyVids transaction",107,1411.21,846.73,7.91,2024-06-21,master content release date,high,744,0.14,1.14,2026-07-04,mapped,3,106,1396.23,837.74,0,0.0,0.0,1,14.98,8.99,0,0.0,0.0,0,0.0,0.0,"Ranks reviewed mapped videos and exact-title auto matches with sales/detail rows inside this period; platform totals remain canonical. All-time includes C4S historical Sales Summary by Title chunks, the Curvage all-history title-count matrix, and any imported historical titled rows from ModelCentro, ManyVids, and native OF supplemental stats."
all_time,All Available History,2013-01-01,2026-07-04,57,Video 0218,Seducing You Into Impregnation,Video,"Clips4Sale, ManyVids","C4S title snapshot, ManyVids transaction",86,1401.57,840.94,9.78,2024-03-15,master content release date,high,842,0.1,1.0,2026-07-04,mapped,5,83,1350.62,810.37,0,0.0,0.0,3,50.95,30.57,0,0.0,0.0,0,0.0,0.0,"Ranks reviewed mapped videos and exact-title auto matches with sales/detail rows inside this period; platform totals remain canonical. All-time includes C4S historical Sales Summary by Title chunks, the Curvage all-history title-count matrix, and any imported historical titled rows from ModelCentro, ManyVids, and native OF supplemental stats."
all_time,All Available History,2013-01-01,2026-07-04,58,Video 0191,Tight Clothes Make Growing SSBBW Horny,Video,"Clips4Sale, ModelCentro","C4S title snapshot, ModelCentro transaction",98,1384.4,835.87,8.53,2023-07-31,master content release date,high,1070,0.09,0.78,2026-07-04,mapped,7,93,1314.45,788.67,0,0.0,0.0,0,0.0,0.0,0,0.0,0.0,5,69.95,47.2,"Ranks reviewed mapped videos and exact-title auto matches with sales/detail rows inside this period; platform totals remain canonical. All-time includes C4S historical Sales Summary by Title chunks, the Curvage all-history title-count matrix, and any imported historical titled rows from ModelCentro, ManyVids, and native OF supplemental stats."
all_time,All Available History,2013-01-01,2026-07-04,59,Video 0233,Your Fave Hookup Got Fat,Video,Clips4Sale,C4S title snapshot,64,1299.94,779.96,12.19,2024-05-10,master content release date,high,786,0.08,0.99,2026-07-04,mapped,2,64,1299.94,779.96,0,0.0,0.0,0,0.0,0.0,0,0.0,0.0,0,0.0,0.0,"Ranks reviewed mapped videos and exact-title auto matches with sales/detail rows inside this period; platform totals remain canonical. All-time includes C4S historical Sales Summary by Title chunks, the Curvage all-history title-count matrix, and any imported historical titled rows from ModelCentro, ManyVids, and native OF supplemental stats."
all_time,All Available History,2013-01-01,2026-07-04,60,Video 0277,Dorothy Returns to Oz POV,Video,"Clips4Sale, ManyVids","C4S title snapshot, ManyVids transaction",54,1295.1,777.06,14.39,2025-11-14,master content release date,high,233,0.23,3.34,2026-07-04,mapped,9,46,1103.23,661.94,0,0.0,0.0,8,191.87,115.12,0,0.0,0.0,0,0.0,0.0,"Ranks reviewed mapped videos and exact-title auto matches with sales/detail rows inside this period; platform totals remain canonical. All-time includes C4S historical Sales Summary by Title chunks, the Curvage all-history title-count matrix, and any imported historical titled rows from ModelCentro, ManyVids, and native OF supplemental stats."
all_time,All Available History,2013-01-01,2026-07-04,61,Video 0209,Morning SSBBW Fuck POV Solo,Video,"Clips4Sale, ManyVids","C4S title snapshot, ManyVids transaction",79,1279.68,767.81,9.72,2023-12-29,master content release date,high,919,0.09,0.84,2026-07-04,mapped,3,78,1262.7,757.62,0,0.0,0.0,1,16.98,10.19,0,0.0,0.0,0,0.0,0.0,"Ranks reviewed mapped videos and exact-title auto matches with sales/detail rows inside this period; platform totals remain canonical. All-time includes C4S historical Sales Summary by Title chunks, the Curvage all-history title-count matrix, and any imported historical titled rows from ModelCentro, ManyVids, and native OF supplemental stats."
all_time,All Available History,2013-01-01,2026-07-04,62,Video 0195,SSBBW Loves Being Bigger Than You,Video,Clips4Sale,C4S title snapshot,70,1276.83,766.1,10.94,2023-09-03,master content release date,high,1036,0.07,0.74,2026-07-04,mapped,2,70,1276.83,766.1,0,0.0,0.0,0,0.0,0.0,0,0.0,0.0,0,0.0,0.0,"Ranks reviewed mapped videos and exact-title auto matches with sales/detail rows inside this period; platform totals remain canonical. All-time includes C4S historical Sales Summary by Title chunks, the Curvage all-history title-count matrix, and any imported historical titled rows from ModelCentro, ManyVids, and native OF supplemental stats."
all_time,All Available History,2013-01-01,2026-07-04,63,Video 0262,Voyeur Watches Me Get Ready,Video,"Clips4Sale, ManyVids","C4S title snapshot, ManyVids transaction",59,1239.01,743.41,12.6,2025-02-28,master content release date,high,492,0.12,1.51,2026-07-04,mapped,3,58,1217.03,730.22,0,0.0,0.0,1,21.98,13.19,0,0.0,0.0,0,0.0,0.0,"Ranks reviewed mapped videos and exact-title auto matches with sales/detail rows inside this period; platform totals remain canonical. All-time includes C4S historical Sales Summary by Title chunks, the Curvage all-history title-count matrix, and any imported historical titled rows from ModelCentro, ManyVids, and native OF supplemental stats."
all_time,All Available History,2013-01-01,2026-07-04,64,Video 0189,Measuring and Weighing my Massive SSBBW Body,Video,"Clips4Sale, ModelCentro","C4S title snapshot, ModelCentro transaction",52,1186.15,716.18,13.77,2023-07-22,master content release date,high,1079,0.05,0.66,2026-07-04,mapped,5,49,1126.18,675.71,0,0.0,0.0,0,0.0,0.0,0,0.0,0.0,3,59.97,40.47,"Ranks reviewed mapped videos and exact-title auto matches with sales/detail rows inside this period; platform totals remain canonical. All-time includes C4S historical Sales Summary by Title chunks, the Curvage all-history title-count matrix, and any imported historical titled rows from ModelCentro, ManyVids, and native OF supplemental stats."
all_time,All Available History,2013-01-01,2026-07-04,65,Video 0251,Cum for My Fat,Video,Clips4Sale,C4S title snapshot,68,1154.86,692.92,10.19,2024-11-13,master content release date,high,599,0.11,1.16,2026-07-04,mapped,2,68,1154.86,692.92,0,0.0,0.0,0,0.0,0.0,0,0.0,0.0,0,0.0,0.0,"Ranks reviewed mapped videos and exact-title auto matches with sales/detail rows inside this period; platform totals remain canonical. All-time includes C4S historical Sales Summary by Title chunks, the Curvage all-history title-count matrix, and any imported historical titled rows from ModelCentro, ManyVids, and native OF supplemental stats."
all_time,All Available History,2013-01-01,2026-07-04,66,Video 0153,Fat Party Girl Gets the Wrong Room,Video,"Clips4Sale, ManyVids, ModelCentro","C4S title snapshot, ManyVids transaction, ModelCentro transaction",94,1140.15,691.09,7.35,2021-11-14,master content release date,high,1694,0.06,0.41,2026-07-04,mapped,11,85,1032.26,619.36,0,0.0,0.0,3,35.95,21.57,0,0.0,0.0,6,71.94,50.16,"Ranks reviewed mapped videos and exact-title auto matches with sales/detail rows inside this period; platform totals remain canonical. All-time includes C4S historical Sales Summary by Title chunks, the Curvage all-history title-count matrix, and any imported historical titled rows from ModelCentro, ManyVids, and native OF supplemental stats."
all_time,All Available History,2013-01-01,2026-07-04,67,Video 0192,Fatty Chugs Three Large Milkshakes,Video,"Clips4Sale, ModelCentro","C4S title snapshot, ModelCentro transaction",39,1123.35,675.28,17.31,2023-08-24,master content release date,high,1046,0.04,0.65,2026-07-04,mapped,3,38,1106.36,663.82,0,0.0,0.0,0,0.0,0.0,0,0.0,0.0,1,16.99,11.46,"Ranks reviewed mapped videos and exact-title auto matches with sales/detail rows inside this period; platform totals remain canonical. All-time includes C4S historical Sales Summary by Title chunks, the Curvage all-history title-count matrix, and any imported historical titled rows from ModelCentro, ManyVids, and native OF supplemental stats."
all_time,All Available History,2013-01-01,2026-07-04,68,Video 0166,My Weight Gain Makes Me Wet,Video,Clips4Sale,C4S title snapshot,79,1107.68,664.61,8.41,2022-11-29,master content release date,high,1314,0.06,0.51,2026-07-04,mapped,2,79,1107.68,664.61,0,0.0,0.0,0,0.0,0.0,0,0.0,0.0,0,0.0,0.0,"Ranks reviewed mapped videos and exact-title auto matches with sales/detail rows inside this period; platform totals remain canonical. All-time includes C4S historical Sales Summary by Title chunks, the Curvage all-history title-count matrix, and any imported historical titled rows from ModelCentro, ManyVids, and native OF supplemental stats."
all_time,All Available History,2013-01-01,2026-07-04,69,Video 0096,Fattened Up For Master,Video,"Clips4Sale, ModelCentro","C4S title snapshot, ModelCentro transaction",44,1005.28,606.16,13.78,2020-07-21,master content release date,high,2175,0.02,0.28,2026-07-04,mapped,4,42,965.3,579.18,0,0.0,0.0,0,0.0,0.0,0,0.0,0.0,2,39.98,26.98,"Ranks reviewed mapped videos and exact-title auto matches with sales/detail rows inside this period; platform totals remain canonical. All-time includes C4S historical Sales Summary by Title chunks, the Curvage all-history title-count matrix, and any imported historical titled rows from ModelCentro, ManyVids, and native OF supplemental stats."
all_time,All Available History,2013-01-01,2026-07-04,70,Video 0287,The Diet of a Gaining SSBBW,Video,"Clips4Sale, ManyVids","C4S title snapshot, ManyVids transaction",36,1007.4,604.44,16.79,2026-04-27,master content release date,high,69,0.52,8.76,2026-07-04,mapped,3,34,951.43,570.86,0,0.0,0.0,2,55.97,33.58,0,0.0,0.0,0,0.0,0.0,"Ranks reviewed mapped videos and exact-title auto matches with sales/detail rows inside this period; platform totals remain canonical. All-time includes C4S historical Sales Summary by Title chunks, the Curvage all-history title-count matrix, and any imported historical titled rows from ModelCentro, ManyVids, and native OF supplemental stats."
all_time,All Available History,2013-01-01,2026-07-04,71,Video 0265,Dripping Wet Strip Tease,Video,Clips4Sale,C4S title snapshot,45,989.25,593.55,13.19,2025-03-14,master content release date,high,478,0.09,1.24,2026-07-04,mapped,2,45,989.25,593.55,0,0.0,0.0,0,0.0,0.0,0,0.0,0.0,0,0.0,0.0,"Ranks reviewed mapped videos and exact-title auto matches with sales/detail rows inside this period; platform totals remain canonical. All-time includes C4S historical Sales Summary by Title chunks, the Curvage all-history title-count matrix, and any imported historical titled rows from ModelCentro, ManyVids, and native OF supplemental stats."
all_time,All Available History,2013-01-01,2026-07-04,72,Video 0181,SSBBW Ass Worship in Thong and Tights,Video,"Clips4Sale, ModelCentro","C4S title snapshot, ModelCentro transaction",43,939.29,564.77,13.13,2023-05-30,master content release date,high,1132,0.04,0.5,2026-07-04,mapped,3,42,923.3,553.98,0,0.0,0.0,0,0.0,0.0,0,0.0,0.0,1,15.99,10.79,"Ranks reviewed mapped videos and exact-title auto matches with sales/detail rows inside this period; platform totals remain canonical. All-time includes C4S historical Sales Summary by Title chunks, the Curvage all-history title-count matrix, and any imported historical titled rows from ModelCentro, ManyVids, and native OF supplemental stats."
all_time,All Available History,2013-01-01,2026-07-04,73,Video 0272,Smoking a cigarette in an outgrown shirt,Video,Clips4Sale,C4S title snapshot,47,892.22,535.33,11.39,2025-07-27,master content release date,high,343,0.14,1.56,2026-07-04,mapped,1,47,892.22,535.33,0,0.0,0.0,0,0.0,0.0,0,0.0,0.0,0,0.0,0.0,"Ranks reviewed mapped videos and exact-title auto matches with sales/detail rows inside this period; platform totals remain canonical. All-time includes C4S historical Sales Summary by Title chunks, the Curvage all-history title-count matrix, and any imported historical titled rows from ModelCentro, ManyVids, and native OF supplemental stats."
all_time,All Available History,2013-01-01,2026-07-04,74,Video 0260,Gaining for Daddy,Video,Clips4Sale,C4S title snapshot,37,887.38,532.43,14.39,2025-02-17,master content release date,high,503,0.07,1.06,2026-07-04,mapped,2,37,887.38,532.43,0,0.0,0.0,0,0.0,0.0,0,0.0,0.0,0,0.0,0.0,"Ranks reviewed mapped videos and exact-title auto matches with sales/detail rows inside this period; platform totals remain canonical. All-time includes C4S historical Sales Summary by Title chunks, the Curvage all-history title-count matrix, and any imported historical titled rows from ModelCentro, ManyVids, and native OF supplemental stats."
all_time,All Available History,2013-01-01,2026-07-04,75,Video 0257,Cum for My Fat Part 2,Video,"Clips4Sale, ManyVids","C4S title snapshot, ManyVids transaction",49,877.18,526.31,10.74,2024-12-11,master content release date,high,571,0.09,0.92,2026-07-04,mapped,6,45,809.25,485.55,0,0.0,0.0,4,67.93,40.76,0,0.0,0.0,0,0.0,0.0,"Ranks reviewed mapped videos and exact-title auto matches with sales/detail rows inside this period; platform totals remain canonical. All-time includes C4S historical Sales Summary by Title chunks, the Curvage all-history title-count matrix, and any imported historical titled rows from ModelCentro, ManyVids, and native OF supplemental stats."
all_time,All Available History,2013-01-01,2026-07-04,76,Video 0202,BBW Struts and Jiggles Out of My Jeans,Video,"Clips4Sale, ModelCentro","C4S title snapshot, ModelCentro transaction",45,838.28,507.43,11.28,2023-11-10,master content release date,high,968,0.05,0.52,2026-07-04,mapped,6,41,778.32,466.99,0,0.0,0.0,0,0.0,0.0,0,0.0,0.0,4,59.96,40.44,"Ranks reviewed mapped videos and exact-title auto matches with sales/detail rows inside this period; platform totals remain canonical. All-time includes C4S historical Sales Summary by Title chunks, the Curvage all-history title-count matrix, and any imported historical titled rows from ModelCentro, ManyVids, and native OF supplemental stats."
all_time,All Available History,2013-01-01,2026-07-04,77,Video 0206,Bigger Than You Tease Part 2,Video,"Clips4Sale, ManyVids","C4S title snapshot, ManyVids transaction",53,826.12,495.67,9.35,2023-12-11,master content release date,high,937,0.06,0.53,2026-07-04,mapped,3,52,809.14,485.48,0,0.0,0.0,1,16.98,10.19,0,0.0,0.0,0,0.0,0.0,"Ranks reviewed mapped videos and exact-title auto matches with sales/detail rows inside this period; platform totals remain canonical. All-time includes C4S historical Sales Summary by Title chunks, the Curvage all-history title-count matrix, and any imported historical titled rows from ModelCentro, ManyVids, and native OF supplemental stats."
all_time,All Available History,2013-01-01,2026-07-04,78,Video 0223,Growing SSBBW Stuffs 5000 Calories While Sitting on You POV 🤤🌮,Video,Clips4Sale,C4S title snapshot,33,824.45,494.67,14.99,2024-04-01,master content release date,high,825,0.04,0.6,2026-07-04,mapped,2,33,824.45,494.67,0,0.0,0.0,0,0.0,0.0,0,0.0,0.0,0,0.0,0.0,"Ranks reviewed mapped videos and exact-title auto matches with sales/detail rows inside this period; platform totals remain canonical. All-time includes C4S historical Sales Summary by Title chunks, the Curvage all-history title-count matrix, and any imported historical titled rows from ModelCentro, ManyVids, and native OF supplemental stats."
all_time,All Available History,2013-01-01,2026-07-04,79,Video 0238,SSBBW Oiled Up Jiggling and Bouncing,Video,"Clips4Sale, ManyVids","C4S title snapshot, ManyVids transaction",39,816.35,489.81,12.56,2024-06-14,master content release date,high,751,0.05,0.65,2026-07-04,mapped,4,37,776.38,465.83,0,0.0,0.0,2,39.97,23.98,0,0.0,0.0,0,0.0,0.0,"Ranks reviewed mapped videos and exact-title auto matches with sales/detail rows inside this period; platform totals remain canonical. All-time includes C4S historical Sales Summary by Title chunks, the Curvage all-history title-count matrix, and any imported historical titled rows from ModelCentro, ManyVids, and native OF supplemental stats."
all_time,All Available History,2013-01-01,2026-07-04,80,Video 0184,SSBBW Shiny Slippery Oil Play,Video,"Clips4Sale, ManyVids, ModelCentro","C4S title snapshot, ManyVids transaction, ModelCentro transaction",39,802.37,485.22,12.44,2023-06-13,master content release date,high,1118,0.03,0.43,2026-07-04,mapped,6,35,734.42,440.65,0,0.0,0.0,1,16.98,10.19,0,0.0,0.0,3,50.97,34.38,"Ranks reviewed mapped videos and exact-title auto matches with sales/detail rows inside this period; platform totals remain canonical. All-time includes C4S historical Sales Summary by Title chunks, the Curvage all-history title-count matrix, and any imported historical titled rows from ModelCentro, ManyVids, and native OF supplemental stats."
all_time,All Available History,2013-01-01,2026-07-04,81,Video 0162,POV Morning Sex,Video,"Clips4Sale, ManyVids, ModelCentro","C4S title snapshot, ManyVids transaction, ModelCentro transaction",73,794.45,482.38,6.61,2022-03-29,master content release date,high,1559,0.05,0.31,2026-07-04,mapped,11,64,691.55,414.93,0,0.0,0.0,2,25.97,15.58,0,0.0,0.0,7,76.93,51.87,"Ranks reviewed mapped videos and exact-title auto matches with sales/detail rows inside this period; platform totals remain canonical. All-time includes C4S historical Sales Summary by Title chunks, the Curvage all-history title-count matrix, and any imported historical titled rows from ModelCentro, ManyVids, and native OF supplemental stats."
all_time,All Available History,2013-01-01,2026-07-04,82,Video 0240,Gaining SSBBW Makes Her Buttons Pop,Video,"Clips4Sale, ManyVids","C4S title snapshot, ManyVids transaction",53,794.11,476.47,8.99,2024-06-25,master content release date,high,740,0.07,0.64,2026-07-04,mapped,3,52,779.13,467.48,0,0.0,0.0,1,14.98,8.99,0,0.0,0.0,0,0.0,0.0,"Ranks reviewed mapped videos and exact-title auto matches with sales/detail rows inside this period; platform totals remain canonical. All-time includes C4S historical Sales Summary by Title chunks, the Curvage all-history title-count matrix, and any imported historical titled rows from ModelCentro, ManyVids, and native OF supplemental stats."
all_time,All Available History,2013-01-01,2026-07-04,83,Video 0274,Pantyhose Pussy Licking and Toe Sucking,Video,"Clips4Sale, ManyVids","C4S title snapshot, ManyVids transaction",36,791.4,474.84,13.19,2025-08-16,master content release date,high,323,0.11,1.47,2026-07-04,mapped,3,34,747.43,448.46,0,0.0,0.0,2,43.97,26.38,0,0.0,0.0,0,0.0,0.0,"Ranks reviewed mapped videos and exact-title auto matches with sales/detail rows inside this period; platform totals remain canonical. All-time includes C4S historical Sales Summary by Title chunks, the Curvage all-history title-count matrix, and any imported historical titled rows from ModelCentro, ManyVids, and native OF supplemental stats."
all_time,All Available History,2013-01-01,2026-07-04,84,Video 0237,Horny SSBBW Jiggles for Your Cum,Video,Clips4Sale,C4S title snapshot,44,791.26,474.76,10.79,2024-06-14,master content release date,high,751,0.06,0.63,2026-07-04,mapped,2,44,791.26,474.76,0,0.0,0.0,0,0.0,0.0,0,0.0,0.0,0,0.0,0.0,"Ranks reviewed mapped videos and exact-title auto matches with sales/detail rows inside this period; platform totals remain canonical. All-time includes C4S historical Sales Summary by Title chunks, the Curvage all-history title-count matrix, and any imported historical titled rows from ModelCentro, ManyVids, and native OF supplemental stats."
all_time,All Available History,2013-01-01,2026-07-04,85,Video 0199,Vibe Until I Cum,Video,"Clips4Sale, ManyVids, ModelCentro","C4S title snapshot, ManyVids transaction, ModelCentro transaction",59,778.07,472.64,8.01,2023-10-05,master content release date,high,1004,0.06,0.47,2026-07-04,mapped,9,52,686.14,411.68,0,0.0,0.0,1,13.98,8.39,0,0.0,0.0,6,77.95,52.57,"Ranks reviewed mapped videos and exact-title auto matches with sales/detail rows inside this period; platform totals remain canonical. All-time includes C4S historical Sales Summary by Title chunks, the Curvage all-history title-count matrix, and any imported historical titled rows from ModelCentro, ManyVids, and native OF supplemental stats."
all_time,All Available History,2013-01-01,2026-07-04,86,Video 0201,Witch's Brew,Video,"Clips4Sale, ManyVids","C4S title snapshot, ManyVids transaction",57,779.05,467.43,8.2,2023-10-18,master content release date,high,991,0.06,0.47,2026-07-04,mapped,4,55,747.08,448.25,0,0.0,0.0,2,31.97,19.18,0,0.0,0.0,0,0.0,0.0,"Ranks reviewed mapped videos and exact-title auto matches with sales/detail rows inside this period; platform totals remain canonical. All-time includes C4S historical Sales Summary by Title chunks, the Curvage all-history title-count matrix, and any imported historical titled rows from ModelCentro, ManyVids, and native OF supplemental stats."
all_time,All Available History,2013-01-01,2026-07-04,87,Video 0197,Worship My Fat SSBBW Body,Video,"Clips4Sale, ModelCentro","C4S title snapshot, ModelCentro transaction",34,775.44,466.53,13.72,2023-09-20,master content release date,high,1019,0.03,0.46,2026-07-04,mapped,3,33,758.45,455.07,0,0.0,0.0,0,0.0,0.0,0,0.0,0.0,1,16.99,11.46,"Ranks reviewed mapped videos and exact-title auto matches with sales/detail rows inside this period; platform totals remain canonical. All-time includes C4S historical Sales Summary by Title chunks, the Curvage all-history title-count matrix, and any imported historical titled rows from ModelCentro, ManyVids, and native OF supplemental stats."
all_time,All Available History,2013-01-01,2026-07-04,88,Video 0167,SSBBW Giantess GFE,Video,Clips4Sale,C4S title snapshot,49,736.8,442.08,9.02,2022-12-16,master content release date,high,1297,0.04,0.34,2026-07-04,mapped,2,49,736.8,442.08,0,0.0,0.0,0,0.0,0.0,0,0.0,0.0,0,0.0,0.0,"Ranks reviewed mapped videos and exact-title auto matches with sales/detail rows inside this period; platform totals remain canonical. All-time includes C4S historical Sales Summary by Title chunks, the Curvage all-history title-count matrix, and any imported historical titled rows from ModelCentro, ManyVids, and native OF supplemental stats."
all_time,All Available History,2013-01-01,2026-07-04,89,Video 0170,SSBBW No Hands Cake Stuffing,Video,Clips4Sale,C4S title snapshot,57,732.14,439.28,7.71,2023-01-06,master content release date,high,1276,0.04,0.34,2026-07-04,mapped,2,57,732.14,439.28,0,0.0,0.0,0,0.0,0.0,0,0.0,0.0,0,0.0,0.0,"Ranks reviewed mapped videos and exact-title auto matches with sales/detail rows inside this period; platform totals remain canonical. All-time includes C4S historical Sales Summary by Title chunks, the Curvage all-history title-count matrix, and any imported historical titled rows from ModelCentro, ManyVids, and native OF supplemental stats."
all_time,All Available History,2013-01-01,2026-07-04,90,Video 0229,Unaware SSBBW Smokes and Outgrows Clothes,Video,Clips4Sale,C4S title snapshot,45,730.25,438.15,9.74,2024-04-24,master content release date,high,802,0.06,0.55,2026-07-04,mapped,2,45,730.25,438.15,0,0.0,0.0,0,0.0,0.0,0,0.0,0.0,0,0.0,0.0,"Ranks reviewed mapped videos and exact-title auto matches with sales/detail rows inside this period; platform totals remain canonical. All-time includes C4S historical Sales Summary by Title chunks, the Curvage all-history title-count matrix, and any imported historical titled rows from ModelCentro, ManyVids, and native OF supplemental stats."
all_time,All Available History,2013-01-01,2026-07-04,91,Video 0211,Room Service Stuffing,Video,Clips4Sale,C4S title snapshot,27,728.55,437.13,16.19,2024-01-17,master content release date,high,900,0.03,0.49,2026-07-04,mapped,2,27,728.55,437.13,0,0.0,0.0,0,0.0,0.0,0,0.0,0.0,0,0.0,0.0,"Ranks reviewed mapped videos and exact-title auto matches with sales/detail rows inside this period; platform totals remain canonical. All-time includes C4S historical Sales Summary by Title chunks, the Curvage all-history title-count matrix, and any imported historical titled rows from ModelCentro, ManyVids, and native OF supplemental stats."
all_time,All Available History,2013-01-01,2026-07-04,92,Video 0127,Fat Chat Gets Me Hot,Video,"Clips4Sale, ModelCentro","C4S title snapshot, ModelCentro transaction",72,718.84,435.78,6.05,2021-03-30,master content release date,high,1923,0.04,0.23,2025-05-03,mapped,7,66,658.9,395.34,0,0.0,0.0,0,0.0,0.0,0,0.0,0.0,6,59.94,40.44,"Ranks reviewed mapped videos and exact-title auto matches with sales/detail rows inside this period; platform totals remain canonical. All-time includes C4S historical Sales Summary by Title chunks, the Curvage all-history title-count matrix, and any imported historical titled rows from ModelCentro, ManyVids, and native OF supplemental stats."
all_time,All Available History,2013-01-01,2026-07-04,93,Video 0198,Naked Fatty Tells You How to Stroke,Video,Clips4Sale,C4S title snapshot,40,719.34,431.6,10.79,2023-10-05,master content release date,high,1004,0.04,0.43,2026-07-04,mapped,2,40,719.34,431.6,0,0.0,0.0,0,0.0,0.0,0,0.0,0.0,0,0.0,0.0,"Ranks reviewed mapped videos and exact-title auto matches with sales/detail rows inside this period; platform totals remain canonical. All-time includes C4S historical Sales Summary by Title chunks, the Curvage all-history title-count matrix, and any imported historical titled rows from ModelCentro, ManyVids, and native OF supplemental stats."
all_time,All Available History,2013-01-01,2026-07-04,94,Video 0187,Fat Girl Walks in Sexy Black Bodystocking,Video,"Clips4Sale, ManyVids, ModelCentro","C4S title snapshot, ManyVids transaction, ModelCentro transaction",37,705.4,426.59,11.53,2023-07-07,master content release date,high,1094,0.03,0.39,2026-07-04,mapped,6,33,645.45,387.27,0,0.0,0.0,1,14.98,8.99,0,0.0,0.0,3,44.97,30.33,"Ranks reviewed mapped videos and exact-title auto matches with sales/detail rows inside this period; platform totals remain canonical. All-time includes C4S historical Sales Summary by Title chunks, the Curvage all-history title-count matrix, and any imported historical titled rows from ModelCentro, ManyVids, and native OF supplemental stats."
all_time,All Available History,2013-01-01,2026-07-04,95,Video 0214,SSBBW Jiggles Fat Thighs and Ass,Video,Clips4Sale,C4S title snapshot,49,705.19,423.11,8.63,2024-02-22,master content release date,high,864,0.06,0.49,2026-07-04,mapped,2,49,705.19,423.11,0,0.0,0.0,0,0.0,0.0,0,0.0,0.0,0,0.0,0.0,"Ranks reviewed mapped videos and exact-title auto matches with sales/detail rows inside this period; platform totals remain canonical. All-time includes C4S historical Sales Summary by Title chunks, the Curvage all-history title-count matrix, and any imported historical titled rows from ModelCentro, ManyVids, and native OF supplemental stats."
all_time,All Available History,2013-01-01,2026-07-04,96,Video 0208,SSBBW Mrs Claus Lets You Eat Ass and Pussy,Video,"Clips4Sale, ManyVids","C4S title snapshot, ManyVids transaction",59,702.02,421.21,7.14,2023-12-27,master content release date,high,921,0.06,0.46,2026-07-04,mapped,4,57,674.05,404.43,0,0.0,0.0,2,27.97,16.78,0,0.0,0.0,0,0.0,0.0,"Ranks reviewed mapped videos and exact-title auto matches with sales/detail rows inside this period; platform totals remain canonical. All-time includes C4S historical Sales Summary by Title chunks, the Curvage all-history title-count matrix, and any imported historical titled rows from ModelCentro, ManyVids, and native OF supplemental stats."
all_time,All Available History,2013-01-01,2026-07-04,97,Video 0119,Your Cum Makes Me Gain,Video,"Clips4Sale, ManyVids, ModelCentro","C4S title snapshot, ManyVids transaction, ModelCentro transaction",58,695.05,418.82,7.22,2021-01-03,master content release date,high,2009,0.03,0.21,2026-07-04,mapped,6,54,647.1,388.26,0,0.0,0.0,2,23.97,14.38,0,0.0,0.0,2,23.98,16.18,"Ranks reviewed mapped videos and exact-title auto matches with sales/detail rows inside this period; platform totals remain canonical. All-time includes C4S historical Sales Summary by Title chunks, the Curvage all-history title-count matrix, and any imported historical titled rows from ModelCentro, ManyVids, and native OF supplemental stats."
all_time,All Available History,2013-01-01,2026-07-04,98,Video 0222,Fatter Than the Pictures,Video,Clips4Sale,C4S title snapshot,41,696.31,417.79,10.19,2024-04-01,master content release date,high,825,0.05,0.51,2026-07-04,mapped,2,41,696.31,417.79,0,0.0,0.0,0,0.0,0.0,0,0.0,0.0,0,0.0,0.0,"Ranks reviewed mapped videos and exact-title auto matches with sales/detail rows inside this period; platform totals remain canonical. All-time includes C4S historical Sales Summary by Title chunks, the Curvage all-history title-count matrix, and any imported historical titled rows from ModelCentro, ManyVids, and native OF supplemental stats."
all_time,All Available History,2013-01-01,2026-07-04,99,Video 0220,Bouncing My Oiled-Up Fat,Video,Clips4Sale,C4S title snapshot,43,687.29,412.37,9.59,2024-03-23,master content release date,high,834,0.05,0.49,2026-07-04,mapped,2,43,687.29,412.37,0,0.0,0.0,0,0.0,0.0,0,0.0,0.0,0,0.0,0.0,"Ranks reviewed mapped videos and exact-title auto matches with sales/detail rows inside this period; platform totals remain canonical. All-time includes C4S historical Sales Summary by Title chunks, the Curvage all-history title-count matrix, and any imported historical titled rows from ModelCentro, ManyVids, and native OF supplemental stats."
all_time,All Available History,2013-01-01,2026-07-04,100,Video 0098,Cover You In Cum POV,Video,"Clips4Sale, ModelCentro","C4S title snapshot, ModelCentro transaction",68,677.88,407.39,5.99,2020-08-02,master content release date,high,2163,0.03,0.19,2026-07-04,mapped,3,67,668.89,401.33,0,0.0,0.0,0,0.0,0.0,0,0.0,0.0,1,8.99,6.06,"Ranks reviewed mapped videos and exact-title auto matches with sales/detail rows inside this period; platform totals remain canonical. All-time includes C4S historical Sales Summary by Title chunks, the Curvage all-history title-count matrix, and any imported historical titled rows from ModelCentro, ManyVids, and native OF supplemental stats."
all_time,All Available History,2013-01-01,2026-07-04,101,Video 0200,Gaining Cheerleader Girlfriend,Video,"Clips4Sale, ModelCentro","C4S title snapshot, ModelCentro transaction",32,662.48,401.53,12.55,2023-10-16,master content release date,high,993,0.03,0.4,2026-07-04,mapped,5,29,608.51,365.11,0,0.0,0.0,0,0.0,0.0,0,0.0,0.0,3,53.97,36.42,"Ranks reviewed mapped videos and exact-title auto matches with sales/detail rows inside this period; platform totals remain canonical. All-time includes C4S historical Sales Summary by Title chunks, the Curvage all-history title-count matrix, and any imported historical titled rows from ModelCentro, ManyVids, and native OF supplemental stats."
all_time,All Available History,2013-01-01,2026-07-04,102,Video 0246,Secretly Watching Masturbation,Video,Clips4Sale,C4S title snapshot,44,659.26,395.56,8.99,2024-07-22,master content release date,high,713,0.06,0.55,2026-07-04,mapped,2,44,659.26,395.56,0,0.0,0.0,0,0.0,0.0,0,0.0,0.0,0,0.0,0.0,"Ranks reviewed mapped videos and exact-title auto matches with sales/detail rows inside this period; platform totals remain canonical. All-time includes C4S historical Sales Summary by Title chunks, the Curvage all-history title-count matrix, and any imported historical titled rows from ModelCentro, ManyVids, and native OF supplemental stats."
all_time,All Available History,2013-01-01,2026-07-04,103,Video 0227,Cuckolded By Your Feedee Girlfriend,Video,Clips4Sale,C4S title snapshot,47,655.22,393.13,8.36,2024-04-20,master content release date,high,806,0.06,0.49,2026-07-04,mapped,2,47,655.22,393.13,0,0.0,0.0,0,0.0,0.0,0,0.0,0.0,0,0.0,0.0,"Ranks reviewed mapped videos and exact-title auto matches with sales/detail rows inside this period; platform totals remain canonical. All-time includes C4S historical Sales Summary by Title chunks, the Curvage all-history title-count matrix, and any imported historical titled rows from ModelCentro, ManyVids, and native OF supplemental stats."
all_time,All Available History,2013-01-01,2026-07-04,104,Video 0144,Sweaty Fatty Makes You Lick Her Crevices,Video,"Clips4Sale, ModelCentro","C4S title snapshot, ModelCentro transaction",43,644.32,392.85,9.14,2021-09-06,master content release date,high,1763,0.02,0.22,2026-01-01,mapped,6,38,569.37,341.62,0,0.0,0.0,0,0.0,0.0,0,0.0,0.0,5,74.95,51.23,"Ranks reviewed mapped videos and exact-title auto matches with sales/detail rows inside this period; platform totals remain canonical. All-time includes C4S historical Sales Summary by Title chunks, the Curvage all-history title-count matrix, and any imported historical titled rows from ModelCentro, ManyVids, and native OF supplemental stats."
all_time,All Available History,2013-01-01,2026-07-04,105,Video 0174,Bouncing on Your Cock,Video,"Clips4Sale, ManyVids, ModelCentro","C4S title snapshot, ManyVids transaction, ModelCentro transaction",59,639.13,385.11,6.53,2023-03-15,master content release date,high,1208,0.05,0.32,2026-07-04,mapped,5,56,603.17,361.9,0,0.0,0.0,1,13.98,8.39,0,0.0,0.0,2,21.98,14.82,"Ranks reviewed mapped videos and exact-title auto matches with sales/detail rows inside this period; platform totals remain canonical. All-time includes C4S historical Sales Summary by Title chunks, the Curvage all-history title-count matrix, and any imported historical titled rows from ModelCentro, ManyVids, and native OF supplemental stats."
all_time,All Available History,2013-01-01,2026-07-04,106,Video 0130,Riding Your Face and Your Cock POV,Video,"Clips4Sale, ManyVids, ModelCentro","C4S title snapshot, ManyVids transaction, ModelCentro transaction",55,607.11,368.03,6.69,2021-04-29,master content release date,high,1893,0.03,0.19,2026-05-22,mapped,6,50,549.17,329.5,0,0.0,0.0,1,13.98,8.39,0,0.0,0.0,4,43.96,30.14,"Ranks reviewed mapped videos and exact-title auto matches with sales/detail rows inside this period; platform totals remain canonical. All-time includes C4S historical Sales Summary by Title chunks, the Curvage all-history title-count matrix, and any imported historical titled rows from ModelCentro, ManyVids, and native OF supplemental stats."
all_time,All Available History,2013-01-01,2026-07-04,107,Video 0182,SSBBW Lingerie Tease and JOI w Countdown,Video,"Clips4Sale, ManyVids, ModelCentro","C4S title snapshot, ManyVids transaction, ModelCentro transaction",36,597.44,365.16,10.14,2023-05-31,master content release date,high,1131,0.03,0.32,2026-07-04,mapped,9,29,492.52,295.51,0,0.0,0.0,1,14.98,8.99,0,0.0,0.0,6,89.94,60.66,"Ranks reviewed mapped videos and exact-title auto matches with sales/detail rows inside this period; platform totals remain canonical. All-time includes C4S historical Sales Summary by Title chunks, the Curvage all-history title-count matrix, and any imported historical titled rows from ModelCentro, ManyVids, and native OF supplemental stats."
all_time,All Available History,2013-01-01,2026-07-04,108,Video 0165,BBW Catwalk Bounce and Tease in Heels,Video,"Clips4Sale, ManyVids","C4S title snapshot, ManyVids transaction",33,583.46,350.08,10.61,2022-11-29,master content release date,high,1314,0.03,0.27,2026-07-04,mapped,3,32,566.48,339.89,0,0.0,0.0,1,16.98,10.19,0,0.0,0.0,0,0.0,0.0,"Ranks reviewed mapped videos and exact-title auto matches with sales/detail rows inside this period; platform totals remain canonical. All-time includes C4S historical Sales Summary by Title chunks, the Curvage all-history title-count matrix, and any imported historical titled rows from ModelCentro, ManyVids, and native OF supplemental stats."
all_time,All Available History,2013-01-01,2026-07-04,109,Video 0188,SSBBW Solo POV BJ and Fuck,Video,"Clips4Sale, ManyVids, ModelCentro","C4S title snapshot, ManyVids transaction, ModelCentro transaction",33,565.46,342.42,10.38,2023-07-21,master content release date,high,1080,0.03,0.32,2026-07-04,mapped,6,29,509.51,305.71,0,0.0,0.0,1,13.98,8.39,0,0.0,0.0,3,41.97,28.32,"Ranks reviewed mapped videos and exact-title auto matches with sales/detail rows inside this period; platform totals remain canonical. All-time includes C4S historical Sales Summary by Title chunks, the Curvage all-history title-count matrix, and any imported historical titled rows from ModelCentro, ManyVids, and native OF supplemental stats."
all_time,All Available History,2013-01-01,2026-07-04,110,Video 0213,Jiggly Fatty Struts for You,Video,Clips4Sale,C4S title snapshot,30,569.5,341.7,11.39,2024-02-09,master content release date,high,877,0.03,0.39,2026-07-04,mapped,2,30,569.5,341.7,0,0.0,0.0,0,0.0,0.0,0,0.0,0.0,0,0.0,0.0,"Ranks reviewed mapped videos and exact-title auto matches with sales/detail rows inside this period; platform totals remain canonical. All-time includes C4S historical Sales Summary by Title chunks, the Curvage all-history title-count matrix, and any imported historical titled rows from ModelCentro, ManyVids, and native OF supplemental stats."
all_time,All Available History,2013-01-01,2026-07-04,111,Video 0104,Oiled BBW Slides Naked on Air Mattress,Video,"Clips4Sale, ManyVids, ModelCentro","C4S title snapshot, ManyVids transaction, ModelCentro transaction",47,558.24,338.71,7.21,2020-09-14,master content release date,high,2120,0.02,0.16,2026-07-04,mapped,7,42,503.3,301.98,0,0.0,0.0,1,10.98,6.59,0,0.0,0.0,4,43.96,30.14,"Ranks reviewed mapped videos and exact-title auto matches with sales/detail rows inside this period; platform totals remain canonical. All-time includes C4S historical Sales Summary by Title chunks, the Curvage all-history title-count matrix, and any imported historical titled rows from ModelCentro, ManyVids, and native OF supplemental stats."
all_time,All Available History,2013-01-01,2026-07-04,112,Video 0176,Stuffing My Face with Fast Food,Video,Clips4Sale,C4S title snapshot,30,560.05,336.03,11.2,2023-04-25,master content release date,high,1167,0.03,0.29,2026-07-04,mapped,2,30,560.05,336.03,0,0.0,0.0,0,0.0,0.0,0,0.0,0.0,0,0.0,0.0,"Ranks reviewed mapped videos and exact-title auto matches with sales/detail rows inside this period; platform totals remain canonical. All-time includes C4S historical Sales Summary by Title chunks, the Curvage all-history title-count matrix, and any imported historical titled rows from ModelCentro, ManyVids, and native OF supplemental stats."
all_time,All Available History,2013-01-01,2026-07-04,113,Video 0085,Trying On My Too-Small Clothes,Video,"Clips4Sale, ModelCentro","C4S title snapshot, ModelCentro transaction",25,554.59,334.69,13.39,2020-05-09,master content release date,high,2248,0.01,0.15,2026-07-04,mapped,4,23,528.61,317.17,0,0.0,0.0,0,0.0,0.0,0,0.0,0.0,2,25.98,17.52,"Ranks reviewed mapped videos and exact-title auto matches with sales/detail rows inside this period; platform totals remain canonical. All-time includes C4S historical Sales Summary by Title chunks, the Curvage all-history title-count matrix, and any imported historical titled rows from ModelCentro, ManyVids, and native OF supplemental stats."
all_time,All Available History,2013-01-01,2026-07-04,114,Video 0205,Jiggly Bodystocking Workout,Video,"Clips4Sale, ModelCentro","C4S title snapshot, ModelCentro transaction",35,549.44,333.53,9.53,2023-12-03,master content release date,high,945,0.04,0.35,2025-08-06,mapped,5,31,497.48,298.49,0,0.0,0.0,0,0.0,0.0,0,0.0,0.0,4,51.96,35.04,"Ranks reviewed mapped videos and exact-title auto matches with sales/detail rows inside this period; platform totals remain canonical. All-time includes C4S historical Sales Summary by Title chunks, the Curvage all-history title-count matrix, and any imported historical titled rows from ModelCentro, ManyVids, and native OF supplemental stats."
all_time,All Available History,2013-01-01,2026-07-04,115,Video 0242,Crawling Back to Your Fat Mistress,Video,"Clips4Sale, ManyVids","C4S title snapshot, ManyVids transaction",47,546.22,327.73,6.97,2024-07-04,master content release date,high,731,0.06,0.45,2026-07-04,mapped,4,45,520.25,312.15,0,0.0,0.0,2,25.97,15.58,0,0.0,0.0,0,0.0,0.0,"Ranks reviewed mapped videos and exact-title auto matches with sales/detail rows inside this period; platform totals remain canonical. All-time includes C4S historical Sales Summary by Title chunks, the Curvage all-history title-count matrix, and any imported historical titled rows from ModelCentro, ManyVids, and native OF supplemental stats."
all_time,All Available History,2013-01-01,2026-07-04,116,Video 0157,Jumping on the Squeaky Bed,Video,"Clips4Sale, ModelCentro","C4S title snapshot, ModelCentro transaction",51,532.79,323.11,6.34,2021-12-21,master content release date,high,1657,0.03,0.19,2026-07-04,mapped,6,47,492.83,295.7,0,0.0,0.0,0,0.0,0.0,0,0.0,0.0,4,39.96,27.41,"Ranks reviewed mapped videos and exact-title auto matches with sales/detail rows inside this period; platform totals remain canonical. All-time includes C4S historical Sales Summary by Title chunks, the Curvage all-history title-count matrix, and any imported historical titled rows from ModelCentro, ManyVids, and native OF supplemental stats."
all_time,All Available History,2013-01-01,2026-07-04,117,Video 0053,Weight on Your Chest,Video,"Clips4Sale, ModelCentro","C4S title snapshot, ModelCentro transaction",43,514.29,309.39,7.2,2019-09-13,master content release date,high,2487,0.02,0.12,2026-07-04,mapped,3,42,503.3,301.98,0,0.0,0.0,0,0.0,0.0,0,0.0,0.0,1,10.99,7.41,"Ranks reviewed mapped videos and exact-title auto matches with sales/detail rows inside this period; platform totals remain canonical. All-time includes C4S historical Sales Summary by Title chunks, the Curvage all-history title-count matrix, and any imported historical titled rows from ModelCentro, ManyVids, and native OF supplemental stats."
all_time,All Available History,2013-01-01,2026-07-04,118,exact-title:fattened-up-for-master-pt-2,Fattened Up for Master pt 2,Video,Clips4Sale,C4S title snapshot,22,505.63,303.38,13.79,2021-09-26,C4S date added,medium,1743,0.01,0.17,2025-04-16,auto exact-title,1,22,505.63,303.38,0,0.0,0.0,0,0.0,0.0,0,0.0,0.0,0,0.0,0.0,"Ranks reviewed mapped videos and exact-title auto matches with sales/detail rows inside this period; platform totals remain canonical. All-time includes C4S historical Sales Summary by Title chunks, the Curvage all-history title-count matrix, and any imported historical titled rows from ModelCentro, ManyVids, and native OF supplemental stats."
all_time,All Available History,2013-01-01,2026-07-04,119,Video 0196,Fat Fitness Instructor Causes Shaking,Video,Clips4Sale,C4S title snapshot,41,474.32,284.59,6.94,2023-09-06,master content release date,high,1033,0.04,0.28,2026-07-04,mapped,2,41,474.32,284.59,0,0.0,0.0,0,0.0,0.0,0,0.0,0.0,0,0.0,0.0,"Ranks reviewed mapped videos and exact-title auto matches with sales/detail rows inside this period; platform totals remain canonical. All-time includes C4S historical Sales Summary by Title chunks, the Curvage all-history title-count matrix, and any imported historical titled rows from ModelCentro, ManyVids, and native OF supplemental stats."
all_time,All Available History,2013-01-01,2026-07-04,120,Video 0161,Burrito Binge,Video,"Clips4Sale, ModelCentro","C4S title snapshot, ModelCentro transaction",26,458.59,276.5,10.63,2022-03-15,master content release date,high,1573,0.02,0.18,2026-07-04,mapped,3,25,440.6,264.36,0,0.0,0.0,0,0.0,0.0,0,0.0,0.0,1,17.99,12.14,"Ranks reviewed mapped videos and exact-title auto matches with sales/detail rows inside this period; platform totals remain canonical. All-time includes C4S historical Sales Summary by Title chunks, the Curvage all-history title-count matrix, and any imported historical titled rows from ModelCentro, ManyVids, and native OF supplemental stats."
all_time,All Available History,2013-01-01,2026-07-04,121,Video 0172,Little Black Dress SSBBW Catwalk,Video,Clips4Sale,C4S title snapshot,26,458.58,275.15,10.58,2023-03-02,master content release date,high,1221,0.02,0.23,2026-07-04,mapped,2,26,458.58,275.15,0,0.0,0.0,0,0.0,0.0,0,0.0,0.0,0,0.0,0.0,"Ranks reviewed mapped videos and exact-title auto matches with sales/detail rows inside this period; platform totals remain canonical. All-time includes C4S historical Sales Summary by Title chunks, the Curvage all-history title-count matrix, and any imported historical titled rows from ModelCentro, ManyVids, and native OF supplemental stats."
all_time,All Available History,2013-01-01,2026-07-04,122,Video 0163,Kneel and Eat My Fat Pussy,Video,"Clips4Sale, ManyVids, ModelCentro","C4S title snapshot, ManyVids transaction, ModelCentro transaction",30,456.58,275.14,9.17,2022-05-07,master content release date,high,1520,0.02,0.18,2026-07-04,mapped,5,27,406.62,243.97,0,0.0,0.0,2,33.97,20.38,0,0.0,0.0,1,15.99,10.79,"Ranks reviewed mapped videos and exact-title auto matches with sales/detail rows inside this period; platform totals remain canonical. All-time includes C4S historical Sales Summary by Title chunks, the Curvage all-history title-count matrix, and any imported historical titled rows from ModelCentro, ManyVids, and native OF supplemental stats."
all_time,All Available History,2013-01-01,2026-07-04,123,Video 0137,Struggling to Stand,Video,"Clips4Sale, ModelCentro","C4S title snapshot, ModelCentro transaction",41,450.34,272.65,6.65,2021-06-24,master content release date,high,1837,0.02,0.15,2026-07-04,mapped,5,38,417.37,250.42,0,0.0,0.0,0,0.0,0.0,0,0.0,0.0,3,32.97,22.23,"Ranks reviewed mapped videos and exact-title auto matches with sales/detail rows inside this period; platform totals remain canonical. All-time includes C4S historical Sales Summary by Title chunks, the Curvage all-history title-count matrix, and any imported historical titled rows from ModelCentro, ManyVids, and native OF supplemental stats."
all_time,All Available History,2013-01-01,2026-07-04,124,Video 0055,65 Inch Ass Worship,Video,"Clips4Sale, ModelCentro","C4S title snapshot, ModelCentro transaction",45,449.26,270.3,6.01,2019-10-05,master content release date,high,2465,0.02,0.11,2026-07-04,mapped,3,44,439.27,263.56,0,0.0,0.0,0,0.0,0.0,0,0.0,0.0,1,9.99,6.74,"Ranks reviewed mapped videos and exact-title auto matches with sales/detail rows inside this period; platform totals remain canonical. All-time includes C4S historical Sales Summary by Title chunks, the Curvage all-history title-count matrix, and any imported historical titled rows from ModelCentro, ManyVids, and native OF supplemental stats."
all_time,All Available History,2013-01-01,2026-07-04,125,Video 0231,Large Pizza and Fat Pussy,Video,Clips4Sale,C4S title snapshot,18,449.7,269.82,14.99,2024-05-02,master content release date,high,794,0.02,0.34,2026-07-04,mapped,2,18,449.7,269.82,0,0.0,0.0,0,0.0,0.0,0,0.0,0.0,0,0.0,0.0,"Ranks reviewed mapped videos and exact-title auto matches with sales/detail rows inside this period; platform totals remain canonical. All-time includes C4S historical Sales Summary by Title chunks, the Curvage all-history title-count matrix, and any imported historical titled rows from ModelCentro, ManyVids, and native OF supplemental stats."
all_time,All Available History,2013-01-01,2026-07-04,126,Video 0178,Greedy pig devours KFC!,Video,Clips4Sale,C4S title snapshot,25,444.58,266.75,10.67,2023-05-03,master content release date,high,1159,0.02,0.23,2026-07-04,mapped,2,25,444.58,266.75,0,0.0,0.0,0,0.0,0.0,0,0.0,0.0,0,0.0,0.0,"Ranks reviewed mapped videos and exact-title auto matches with sales/detail rows inside this period; platform totals remain canonical. All-time includes C4S historical Sales Summary by Title chunks, the Curvage all-history title-count matrix, and any imported historical titled rows from ModelCentro, ManyVids, and native OF supplemental stats."
all_time,All Available History,2013-01-01,2026-07-04,127,Video 0234,Fucking My Creamy Fat Pussy,Video,"Clips4Sale, ManyVids","C4S title snapshot, ManyVids transaction",36,443.4,266.04,7.39,2024-05-13,master content release date,high,783,0.05,0.34,2026-06-27,mapped,9,28,347.53,208.52,0,0.0,0.0,8,95.87,57.52,0,0.0,0.0,0,0.0,0.0,"Ranks reviewed mapped videos and exact-title auto matches with sales/detail rows inside this period; platform totals remain canonical. All-time includes C4S historical Sales Summary by Title chunks, the Curvage all-history title-count matrix, and any imported historical titled rows from ModelCentro, ManyVids, and native OF supplemental stats."
all_time,All Available History,2013-01-01,2026-07-04,128,Video 0215,Heavy Hanging Belly,Video,"Clips4Sale, ManyVids","C4S title snapshot, ManyVids transaction",34,433.43,260.06,7.65,2024-03-09,master content release date,high,848,0.04,0.31,2026-07-04,mapped,5,31,391.48,234.89,0,0.0,0.0,3,41.95,25.17,0,0.0,0.0,0,0.0,0.0,"Ranks reviewed mapped videos and exact-title auto matches with sales/detail rows inside this period; platform totals remain canonical. All-time includes C4S historical Sales Summary by Title chunks, the Curvage all-history title-count matrix, and any imported historical titled rows from ModelCentro, ManyVids, and native OF supplemental stats."
all_time,All Available History,2013-01-01,2026-07-04,129,Video 0173,Fatty Catwalks in Blue Lace and Heels,Video,"Clips4Sale, ModelCentro","C4S title snapshot, ModelCentro transaction",22,415.67,250.67,11.39,2023-03-09,master content release date,high,1214,0.02,0.21,2026-07-04,mapped,3,21,398.68,239.21,0,0.0,0.0,0,0.0,0.0,0,0.0,0.0,1,16.99,11.46,"Ranks reviewed mapped videos and exact-title auto matches with sales/detail rows inside this period; platform totals remain canonical. All-time includes C4S historical Sales Summary by Title chunks, the Curvage all-history title-count matrix, and any imported historical titled rows from ModelCentro, ManyVids, and native OF supplemental stats."
all_time,All Available History,2013-01-01,2026-07-04,130,Video 0180,SSBBW Stuffing Donuts Pussy Play and JOI,Video,"Clips4Sale, ModelCentro","C4S title snapshot, ModelCentro transaction",21,414.66,249.99,11.9,2023-05-14,master content release date,high,1148,0.02,0.22,2026-07-04,mapped,3,20,398.67,239.2,0,0.0,0.0,0,0.0,0.0,0,0.0,0.0,1,15.99,10.79,"Ranks reviewed mapped videos and exact-title auto matches with sales/detail rows inside this period; platform totals remain canonical. All-time includes C4S historical Sales Summary by Title chunks, the Curvage all-history title-count matrix, and any imported historical titled rows from ModelCentro, ManyVids, and native OF supplemental stats."
all_time,All Available History,2013-01-01,2026-07-04,131,Video 0236,Teasing You in My Mini Skirt,Video,"Clips4Sale, ManyVids","C4S title snapshot, ManyVids transaction",34,397.43,238.46,7.01,2024-06-07,master content release date,high,758,0.04,0.31,2026-07-04,mapped,3,33,386.45,231.87,0,0.0,0.0,1,10.98,6.59,0,0.0,0.0,0,0.0,0.0,"Ranks reviewed mapped videos and exact-title auto matches with sales/detail rows inside this period; platform totals remain canonical. All-time includes C4S historical Sales Summary by Title chunks, the Curvage all-history title-count matrix, and any imported historical titled rows from ModelCentro, ManyVids, and native OF supplemental stats."
all_time,All Available History,2013-01-01,2026-07-04,132,Video 0106,Two Dicks One Pussy,Video,"Clips4Sale, ModelCentro","C4S title snapshot, ModelCentro transaction",26,389.58,234.86,9.03,2020-09-20,master content release date,high,2114,0.01,0.11,2026-07-04,mapped,3,25,374.59,224.75,0,0.0,0.0,0,0.0,0.0,0,0.0,0.0,1,14.99,10.11,"Ranks reviewed mapped videos and exact-title auto matches with sales/detail rows inside this period; platform totals remain canonical. All-time includes C4S historical Sales Summary by Title chunks, the Curvage all-history title-count matrix, and any imported historical titled rows from ModelCentro, ManyVids, and native OF supplemental stats."
all_time,All Available History,2013-01-01,2026-07-04,133,Video 0230,Fat Ass in Shiny Pants,Video,Clips4Sale,C4S title snapshot,34,387.44,232.46,6.84,2024-04-25,master content release date,high,801,0.04,0.29,2026-07-04,mapped,2,34,387.44,232.46,0,0.0,0.0,0,0.0,0.0,0,0.0,0.0,0,0.0,0.0,"Ranks reviewed mapped videos and exact-title auto matches with sales/detail rows inside this period; platform totals remain canonical. All-time includes C4S historical Sales Summary by Title chunks, the Curvage all-history title-count matrix, and any imported historical titled rows from ModelCentro, ManyVids, and native OF supplemental stats."
all_time,All Available History,2013-01-01,2026-07-04,134,Video 0190,Oiled Up Fatty Does Naked Workout,Video,"Clips4Sale, ModelCentro","C4S title snapshot, ModelCentro transaction",23,375.65,230.62,10.03,2023-07-26,master content release date,high,1075,0.02,0.21,2026-07-04,mapped,7,18,305.7,183.42,0,0.0,0.0,0,0.0,0.0,0,0.0,0.0,5,69.95,47.2,"Ranks reviewed mapped videos and exact-title auto matches with sales/detail rows inside this period; platform totals remain canonical. All-time includes C4S historical Sales Summary by Title chunks, the Curvage all-history title-count matrix, and any imported historical titled rows from ModelCentro, ManyVids, and native OF supplemental stats."
all_time,All Available History,2013-01-01,2026-07-04,135,Video 0168,SSBBW Black Bikini Catwalk in Heels,Video,Clips4Sale,C4S title snapshot,25,383.62,230.17,9.21,2022-12-17,master content release date,high,1296,0.02,0.18,2026-07-04,mapped,2,25,383.62,230.17,0,0.0,0.0,0,0.0,0.0,0,0.0,0.0,0,0.0,0.0,"Ranks reviewed mapped videos and exact-title auto matches with sales/detail rows inside this period; platform totals remain canonical. All-time includes C4S historical Sales Summary by Title chunks, the Curvage all-history title-count matrix, and any imported historical titled rows from ModelCentro, ManyVids, and native OF supplemental stats."
all_time,All Available History,2013-01-01,2026-07-04,136,Video 0160,Side-view Sucking and Riding,Video,"Clips4Sale, ManyVids, ModelCentro","C4S title snapshot, ManyVids transaction, ModelCentro transaction",42,374.41,225.98,5.38,2022-02-16,master content release date,high,1600,0.03,0.14,2026-07-04,mapped,5,39,343.45,206.07,0,0.0,0.0,1,12.98,7.79,0,0.0,0.0,2,17.98,12.12,"Ranks reviewed mapped videos and exact-title auto matches with sales/detail rows inside this period; platform totals remain canonical. All-time includes C4S historical Sales Summary by Title chunks, the Curvage all-history title-count matrix, and any imported historical titled rows from ModelCentro, ManyVids, and native OF supplemental stats."
all_time,All Available History,2013-01-01,2026-07-04,137,Video 0148,Masturbating Together,Video,"Clips4Sale, ModelCentro","C4S title snapshot, ModelCentro transaction",25,359.15,219.52,8.78,2021-10-02,master content release date,high,1737,0.01,0.13,2026-07-04,mapped,5,22,314.18,188.51,0,0.0,0.0,0,0.0,0.0,0,0.0,0.0,3,44.97,31.01,"Ranks reviewed mapped videos and exact-title auto matches with sales/detail rows inside this period; platform totals remain canonical. All-time includes C4S historical Sales Summary by Title chunks, the Curvage all-history title-count matrix, and any imported historical titled rows from ModelCentro, ManyVids, and native OF supplemental stats."
all_time,All Available History,2013-01-01,2026-07-04,138,Video 0143,Stripper Lets You Fuck in VIP - POV solo,Video,"Clips4Sale, ManyVids, ModelCentro","C4S title snapshot, ManyVids transaction, ModelCentro transaction",31,354.06,217.52,7.02,2021-09-03,master content release date,high,1766,0.02,0.12,2026-07-04,mapped,8,25,286.13,171.68,0,0.0,0.0,1,12.98,7.79,0,0.0,0.0,5,54.95,38.05,"Ranks reviewed mapped videos and exact-title auto matches with sales/detail rows inside this period; platform totals remain canonical. All-time includes C4S historical Sales Summary by Title chunks, the Curvage all-history title-count matrix, and any imported historical titled rows from ModelCentro, ManyVids, and native OF supplemental stats."
all_time,All Available History,2013-01-01,2026-07-04,139,Video 0204,SSBBW Babe Gobbles Entire Pie,Video,Clips4Sale,C4S title snapshot,17,359.71,215.83,12.7,2023-11-27,master content release date,high,951,0.02,0.23,2026-07-04,mapped,2,17,359.71,215.83,0,0.0,0.0,0,0.0,0.0,0,0.0,0.0,0,0.0,0.0,"Ranks reviewed mapped videos and exact-title auto matches with sales/detail rows inside this period; platform totals remain canonical. All-time includes C4S historical Sales Summary by Title chunks, the Curvage all-history title-count matrix, and any imported historical titled rows from ModelCentro, ManyVids, and native OF supplemental stats."
all_time,All Available History,2013-01-01,2026-07-04,140,Video 0185,Fatty Catwalks in Black Skinny Jeans,Video,Clips4Sale,C4S title snapshot,18,341.7,205.02,11.39,2023-06-14,master content release date,high,1117,0.02,0.18,2025-04-16,mapped,1,18,341.7,205.02,0,0.0,0.0,0,0.0,0.0,0,0.0,0.0,0,0.0,0.0,"Ranks reviewed mapped videos and exact-title auto matches with sales/detail rows inside this period; platform totals remain canonical. All-time includes C4S historical Sales Summary by Title chunks, the Curvage all-history title-count matrix, and any imported historical titled rows from ModelCentro, ManyVids, and native OF supplemental stats."
all_time,All Available History,2013-01-01,2026-07-04,141,Video 0116,Red Satin Shorts Fat Booty Worship,Video,"Clips4Sale, ModelCentro","C4S title snapshot, ModelCentro transaction",48,335.22,202.68,4.22,2020-11-29,master content release date,high,2044,0.02,0.1,2026-07-04,mapped,5,45,314.25,188.55,0,0.0,0.0,0,0.0,0.0,0,0.0,0.0,3,20.97,14.13,"Ranks reviewed mapped videos and exact-title auto matches with sales/detail rows inside this period; platform totals remain canonical. All-time includes C4S historical Sales Summary by Title chunks, the Curvage all-history title-count matrix, and any imported historical titled rows from ModelCentro, ManyVids, and native OF supplemental stats."
all_time,All Available History,2013-01-01,2026-07-04,142,Video 0142,Cumming is the Best Exercise,Video,"Clips4Sale, ModelCentro","C4S title snapshot, ModelCentro transaction",27,308.62,189.75,7.03,2021-08-29,master content release date,high,1771,0.02,0.11,2026-07-04,mapped,7,22,253.67,152.2,0,0.0,0.0,0,0.0,0.0,0,0.0,0.0,5,54.95,37.55,"Ranks reviewed mapped videos and exact-title auto matches with sales/detail rows inside this period; platform totals remain canonical. All-time includes C4S historical Sales Summary by Title chunks, the Curvage all-history title-count matrix, and any imported historical titled rows from ModelCentro, ManyVids, and native OF supplemental stats."
all_time,All Available History,2013-01-01,2026-07-04,143,Video 0057,Touring My Fat Jiggly Body,Video,"Clips4Sale, ManyVids, ModelCentro","C4S title snapshot, ManyVids transaction, ModelCentro transaction",29,306.54,186.37,6.43,2019-10-23,master content release date,high,2447,0.01,0.08,2026-07-04,mapped,7,24,263.6,158.16,0,0.0,0.0,2,9.97,5.98,0,0.0,0.0,3,32.97,22.23,"Ranks reviewed mapped videos and exact-title auto matches with sales/detail rows inside this period; platform totals remain canonical. All-time includes C4S historical Sales Summary by Title chunks, the Curvage all-history title-count matrix, and any imported historical titled rows from ModelCentro, ManyVids, and native OF supplemental stats."
all_time,All Available History,2013-01-01,2026-07-04,144,Video 0145,Spread and Begging for Anal,Video,"Clips4Sale, ManyVids, ModelCentro","C4S title snapshot, ManyVids transaction, ModelCentro transaction",28,305.62,185.01,6.61,2021-09-17,master content release date,high,1752,0.02,0.11,2026-07-04,mapped,5,25,269.66,161.8,0,0.0,0.0,1,13.98,8.39,0,0.0,0.0,2,21.98,14.82,"Ranks reviewed mapped videos and exact-title auto matches with sales/detail rows inside this period; platform totals remain canonical. All-time includes C4S historical Sales Summary by Title chunks, the Curvage all-history title-count matrix, and any imported historical titled rows from ModelCentro, ManyVids, and native OF supplemental stats."
all_time,All Available History,2013-01-01,2026-07-04,145,Video 0147,Donut Stuffing and Glass Dildo Riding,Video,"Clips4Sale, ModelCentro","C4S title snapshot, ModelCentro transaction",24,304.62,183.67,7.65,2021-09-26,master content release date,high,1743,0.01,0.11,2026-07-04,mapped,3,23,292.63,175.58,0,0.0,0.0,0,0.0,0.0,0,0.0,0.0,1,11.99,8.09,"Ranks reviewed mapped videos and exact-title auto matches with sales/detail rows inside this period; platform totals remain canonical. All-time includes C4S historical Sales Summary by Title chunks, the Curvage all-history title-count matrix, and any imported historical titled rows from ModelCentro, ManyVids, and native OF supplemental stats."
all_time,All Available History,2013-01-01,2026-07-04,146,Video 0193,Fat Girl Struts in Black Lace Romper,Video,Clips4Sale,C4S title snapshot,17,305.71,183.43,10.79,2023-08-25,master content release date,high,1045,0.02,0.18,2026-07-04,mapped,2,17,305.71,183.43,0,0.0,0.0,0,0.0,0.0,0,0.0,0.0,0,0.0,0.0,"Ranks reviewed mapped videos and exact-title auto matches with sales/detail rows inside this period; platform totals remain canonical. All-time includes C4S historical Sales Summary by Title chunks, the Curvage all-history title-count matrix, and any imported historical titled rows from ModelCentro, ManyVids, and native OF supplemental stats."
all_time,All Available History,2013-01-01,2026-07-04,147,Video 0159,Jean Shorts Face-Sitting,Video,"Clips4Sale, ManyVids, ModelCentro","C4S title snapshot, ManyVids transaction, ModelCentro transaction",37,296.01,178.8,4.83,2022-01-28,master content release date,high,1619,0.02,0.11,2026-07-04,mapped,5,34,269.05,161.43,0,0.0,0.0,1,10.98,6.59,0,0.0,0.0,2,15.98,10.78,"Ranks reviewed mapped videos and exact-title auto matches with sales/detail rows inside this period; platform totals remain canonical. All-time includes C4S historical Sales Summary by Title chunks, the Curvage all-history title-count matrix, and any imported historical titled rows from ModelCentro, ManyVids, and native OF supplemental stats."
all_time,All Available History,2013-01-01,2026-07-04,148,exact-title:ssbbw-stuffs-burgers-pov-vision-pro,SSBBW Stuffs Burgers POV (VISION PRO),Video,Clips4Sale,C4S title snapshot,12,287.8,172.68,14.39,2024-04-12,C4S date added,medium,814,0.01,0.21,2026-07-04,auto exact-title,2,12,287.8,172.68,0,0.0,0.0,0,0.0,0.0,0,0.0,0.0,0,0.0,0.0,"Ranks reviewed mapped videos and exact-title auto matches with sales/detail rows inside this period; platform totals remain canonical. All-time includes C4S historical Sales Summary by Title chunks, the Curvage all-history title-count matrix, and any imported historical titled rows from ModelCentro, ManyVids, and native OF supplemental stats."
all_time,All Available History,2013-01-01,2026-07-04,149,Video 0124,Stroke and Cum Together,Video,"Clips4Sale, ModelCentro","C4S title snapshot, ModelCentro transaction",22,284.64,171.68,7.8,2021-03-04,master content release date,high,1949,0.01,0.09,2026-07-04,mapped,3,21,272.65,163.59,0,0.0,0.0,0,0.0,0.0,0,0.0,0.0,1,11.99,8.09,"Ranks reviewed mapped videos and exact-title auto matches with sales/detail rows inside this period; platform totals remain canonical. All-time includes C4S historical Sales Summary by Title chunks, the Curvage all-history title-count matrix, and any imported historical titled rows from ModelCentro, ManyVids, and native OF supplemental stats."
all_time,All Available History,2013-01-01,2026-07-04,150,Video 0149,Dripping On Your Face,Video,"Clips4Sale, ManyVids, ModelCentro","C4S title snapshot, ManyVids transaction, ModelCentro transaction",25,281.62,169.79,6.79,2021-10-09,master content release date,high,1730,0.01,0.1,2026-07-04,mapped,4,23,256.65,153.99,0,0.0,0.0,1,13.98,8.39,0,0.0,0.0,1,10.99,7.41,"Ranks reviewed mapped videos and exact-title auto matches with sales/detail rows inside this period; platform totals remain canonical. All-time includes C4S historical Sales Summary by Title chunks, the Curvage all-history title-count matrix, and any imported historical titled rows from ModelCentro, ManyVids, and native OF supplemental stats."
all_time,All Available History,2013-01-01,2026-07-04,151,Video 0062,50 Wing Binge,Video,"Clips4Sale, ManyVids","C4S title snapshot, ManyVids transaction",12,279.8,167.88,13.99,2019-11-19,master content release date,high,2420,0.0,0.07,2026-05-26,mapped,2,11,274.82,164.89,0,0.0,0.0,1,4.98,2.99,0,0.0,0.0,0,0.0,0.0,"Ranks reviewed mapped videos and exact-title auto matches with sales/detail rows inside this period; platform totals remain canonical. All-time includes C4S historical Sales Summary by Title chunks, the Curvage all-history title-count matrix, and any imported historical titled rows from ModelCentro, ManyVids, and native OF supplemental stats."
all_time,All Available History,2013-01-01,2026-07-04,152,Video 0126,Creampie My Pussy,Video,"Clips4Sale, ManyVids, ModelCentro","C4S title snapshot, ManyVids transaction, ModelCentro transaction",18,273.72,166.46,9.25,2021-03-25,master content release date,high,1928,0.01,0.09,2026-06-04,mapped,5,14,209.77,125.86,0,0.0,0.0,2,33.97,20.38,0,0.0,0.0,2,29.98,20.22,"Ranks reviewed mapped videos and exact-title auto matches with sales/detail rows inside this period; platform totals remain canonical. All-time includes C4S historical Sales Summary by Title chunks, the Curvage all-history title-count matrix, and any imported historical titled rows from ModelCentro, ManyVids, and native OF supplemental stats."
all_time,All Available History,2013-01-01,2026-07-04,153,Video 0210,Soapy and Dripping SSBBW in the Shower,Video,Clips4Sale,C4S title snapshot,16,271.73,163.04,10.19,2023-12-31,master content release date,high,917,0.02,0.18,2025-04-16,mapped,1,16,271.73,163.04,0,0.0,0.0,0,0.0,0.0,0,0.0,0.0,0,0.0,0.0,"Ranks reviewed mapped videos and exact-title auto matches with sales/detail rows inside this period; platform totals remain canonical. All-time includes C4S historical Sales Summary by Title chunks, the Curvage all-history title-count matrix, and any imported historical titled rows from ModelCentro, ManyVids, and native OF supplemental stats."
all_time,All Available History,2013-01-01,2026-07-04,154,Video 0158,Hiding from the Holiday Party,Video,"Clips4Sale, ManyVids","C4S title snapshot, ManyVids transaction",24,267.63,160.58,6.69,2021-12-26,master content release date,high,1652,0.01,0.1,2026-07-04,mapped,3,23,253.65,152.19,0,0.0,0.0,1,13.98,8.39,0,0.0,0.0,0,0.0,0.0,"Ranks reviewed mapped videos and exact-title auto matches with sales/detail rows inside this period; platform totals remain canonical. All-time includes C4S historical Sales Summary by Title chunks, the Curvage all-history title-count matrix, and any imported historical titled rows from ModelCentro, ManyVids, and native OF supplemental stats."
all_time,All Available History,2013-01-01,2026-07-04,155,Video 0133,Squirting Dildo Riding and Facial Cumshot,Video,"Clips4Sale, ManyVids, ModelCentro","C4S title snapshot, ManyVids transaction, ModelCentro transaction",25,258.61,159.05,6.36,2021-05-24,master content release date,high,1868,0.01,0.09,2026-05-16,mapped,8,18,179.7,107.82,0,0.0,0.0,3,38.95,23.37,0,0.0,0.0,4,39.96,27.86,"Ranks reviewed mapped videos and exact-title auto matches with sales/detail rows inside this period; platform totals remain canonical. All-time includes C4S historical Sales Summary by Title chunks, the Curvage all-history title-count matrix, and any imported historical titled rows from ModelCentro, ManyVids, and native OF supplemental stats."
all_time,All Available History,2013-01-01,2026-07-04,156,Video 0077,BBW Twerks and Fucks With Toy,Video,"Clips4Sale, ModelCentro","C4S title snapshot, ModelCentro transaction",20,259.68,157.74,7.89,2020-04-01,master content release date,high,2286,0.01,0.07,2026-03-19,mapped,3,18,233.7,140.22,0,0.0,0.0,0,0.0,0.0,0,0.0,0.0,2,25.98,17.52,"Ranks reviewed mapped videos and exact-title auto matches with sales/detail rows inside this period; platform totals remain canonical. All-time includes C4S historical Sales Summary by Title chunks, the Curvage all-history title-count matrix, and any imported historical titled rows from ModelCentro, ManyVids, and native OF supplemental stats."
all_time,All Available History,2013-01-01,2026-07-04,157,exact-title:horny-ssbbw-teases-fat-pussy-vision-pro-spatial-video,Horny SSBBW Teases Fat Pussy VISION PRO (Spatial Video),Video,Clips4Sale,C4S title snapshot,20,259.67,155.8,7.79,2024-03-14,C4S date added,medium,843,0.02,0.18,2026-07-04,auto exact-title,2,20,259.67,155.8,0,0.0,0.0,0,0.0,0.0,0,0.0,0.0,0,0.0,0.0,"Ranks reviewed mapped videos and exact-title auto matches with sales/detail rows inside this period; platform totals remain canonical. All-time includes C4S historical Sales Summary by Title chunks, the Curvage all-history title-count matrix, and any imported historical titled rows from ModelCentro, ManyVids, and native OF supplemental stats."
all_time,All Available History,2013-01-01,2026-07-04,158,Video 0078,Fat Stripper Gives You a Lapdance,Video,"Clips4Sale, ManyVids, ModelCentro","C4S title snapshot, ManyVids transaction, ModelCentro transaction",23,252.64,154.03,6.7,2020-04-05,master content release date,high,2282,0.01,0.07,2026-07-04,mapped,8,17,186.72,112.03,0,0.0,0.0,3,32.95,19.77,0,0.0,0.0,3,32.97,22.23,"Ranks reviewed mapped videos and exact-title auto matches with sales/detail rows inside this period; platform totals remain canonical. All-time includes C4S historical Sales Summary by Title chunks, the Curvage all-history title-count matrix, and any imported historical titled rows from ModelCentro, ManyVids, and native OF supplemental stats."
all_time,All Available History,2013-01-01,2026-07-04,159,Video 0111,Stuffing My Face With Pizza,Video,"Clips4Sale, ManyVids, ModelCentro","C4S title snapshot, ManyVids transaction, ModelCentro transaction",17,254.72,153.95,9.06,2020-10-24,master content release date,high,2080,0.01,0.07,2026-03-22,mapped,3,15,224.75,134.85,0,0.0,0.0,1,14.98,8.99,0,0.0,0.0,1,14.99,10.11,"Ranks reviewed mapped videos and exact-title auto matches with sales/detail rows inside this period; platform totals remain canonical. All-time includes C4S historical Sales Summary by Title chunks, the Curvage all-history title-count matrix, and any imported historical titled rows from ModelCentro, ManyVids, and native OF supplemental stats."
all_time,All Available History,2013-01-01,2026-07-04,160,Video 0140,Dildo Fucking My Wet and Drippy Pussy,Video,"Clips4Sale, ModelCentro","C4S title snapshot, ModelCentro transaction",15,242.77,149.49,9.97,2021-08-08,master content release date,high,1792,0.01,0.08,2026-07-04,mapped,4,13,210.79,126.47,0,0.0,0.0,0,0.0,0.0,0,0.0,0.0,2,31.98,23.02,"Ranks reviewed mapped videos and exact-title auto matches with sales/detail rows inside this period; platform totals remain canonical. All-time includes C4S historical Sales Summary by Title chunks, the Curvage all-history title-count matrix, and any imported historical titled rows from ModelCentro, ManyVids, and native OF supplemental stats."
all_time,All Available History,2013-01-01,2026-07-04,161,Video 0156,Fuck Me in the Window,Video,"Clips4Sale, ModelCentro","C4S title snapshot, ModelCentro transaction",18,236.74,143.01,7.94,2021-12-06,master content release date,high,1672,0.01,0.09,2026-07-04,mapped,3,17,223.75,134.25,0,0.0,0.0,0,0.0,0.0,0,0.0,0.0,1,12.99,8.76,"Ranks reviewed mapped videos and exact-title auto matches with sales/detail rows inside this period; platform totals remain canonical. All-time includes C4S historical Sales Summary by Title chunks, the Curvage all-history title-count matrix, and any imported historical titled rows from ModelCentro, ManyVids, and native OF supplemental stats."
all_time,All Available History,2013-01-01,2026-07-04,162,Video 0134,Clit Pumped and Vibing,Video,Clips4Sale,C4S title snapshot,10,229.83,137.9,13.79,2021-06-01,master content release date,high,1860,0.01,0.07,2026-07-04,mapped,2,10,229.83,137.9,0,0.0,0.0,0,0.0,0.0,0,0.0,0.0,0,0.0,0.0,"Ranks reviewed mapped videos and exact-title auto matches with sales/detail rows inside this period; platform totals remain canonical. All-time includes C4S historical Sales Summary by Title chunks, the Curvage all-history title-count matrix, and any imported historical titled rows from ModelCentro, ManyVids, and native OF supplemental stats."
all_time,All Available History,2013-01-01,2026-07-04,163,Video 0150,Fat Naked Yoga,Video,"Clips4Sale, ManyVids","C4S title snapshot, ManyVids transaction",19,229.76,137.86,7.26,2021-10-19,master content release date,high,1720,0.01,0.08,2026-07-04,mapped,3,18,216.78,130.07,0,0.0,0.0,1,12.98,7.79,0,0.0,0.0,0,0.0,0.0,"Ranks reviewed mapped videos and exact-title auto matches with sales/detail rows inside this period; platform totals remain canonical. All-time includes C4S historical Sales Summary by Title chunks, the Curvage all-history title-count matrix, and any imported historical titled rows from ModelCentro, ManyVids, and native OF supplemental stats."
all_time,All Available History,2013-01-01,2026-07-04,164,Video 0151,Fat Tease and Fucking,Video,"Clips4Sale, ManyVids, ModelCentro","C4S title snapshot, ManyVids transaction, ModelCentro transaction",18,222.74,134.61,7.48,2021-10-25,master content release date,high,1714,0.01,0.08,2026-07-04,mapped,4,16,195.77,117.46,0,0.0,0.0,1,13.98,8.39,0,0.0,0.0,1,12.99,8.76,"Ranks reviewed mapped videos and exact-title auto matches with sales/detail rows inside this period; platform totals remain canonical. All-time includes C4S historical Sales Summary by Title chunks, the Curvage all-history title-count matrix, and any imported historical titled rows from ModelCentro, ManyVids, and native OF supplemental stats."
all_time,All Available History,2013-01-01,2026-07-04,165,Video 0059,Not in Kansas,Video,"Clips4Sale, ManyVids, ModelCentro","C4S title snapshot, ManyVids transaction, ModelCentro transaction",23,220.63,133.87,5.82,2019-11-01,master content release date,high,2438,0.01,0.05,2026-06-28,mapped,8,16,175.73,105.44,0,0.0,0.0,5,24.92,14.95,0,0.0,0.0,2,19.98,13.48,"Ranks reviewed mapped videos and exact-title auto matches with sales/detail rows inside this period; platform totals remain canonical. All-time includes C4S historical Sales Summary by Title chunks, the Curvage all-history title-count matrix, and any imported historical titled rows from ModelCentro, ManyVids, and native OF supplemental stats."
all_time,All Available History,2013-01-01,2026-07-04,166,Video 0100,Ass Worship in Tights and Heels,Video,"Clips4Sale, ModelCentro","C4S title snapshot, ModelCentro transaction",20,219.67,132.62,6.63,2020-08-09,master content release date,high,2156,0.01,0.06,2026-07-04,mapped,3,19,208.68,125.21,0,0.0,0.0,0,0.0,0.0,0,0.0,0.0,1,10.99,7.41,"Ranks reviewed mapped videos and exact-title auto matches with sales/detail rows inside this period; platform totals remain canonical. All-time includes C4S historical Sales Summary by Title chunks, the Curvage all-history title-count matrix, and any imported historical titled rows from ModelCentro, ManyVids, and native OF supplemental stats."
all_time,All Available History,2013-01-01,2026-07-04,167,Video 0131,Rose Quartz in my Wet Pussy,Video,"Clips4Sale, ModelCentro","C4S title snapshot, ModelCentro transaction",10,213.84,129.5,12.95,2021-05-19,master content release date,high,1873,0.01,0.07,2025-04-16,mapped,2,9,197.85,118.71,0,0.0,0.0,0,0.0,0.0,0,0.0,0.0,1,15.99,10.79,"Ranks reviewed mapped videos and exact-title auto matches with sales/detail rows inside this period; platform totals remain canonical. All-time includes C4S historical Sales Summary by Title chunks, the Curvage all-history title-count matrix, and any imported historical titled rows from ModelCentro, ManyVids, and native OF supplemental stats."
all_time,All Available History,2013-01-01,2026-07-04,168,Video 0074,Big Ass in Blue Jeans,Video,"Clips4Sale, ModelCentro","C4S title snapshot, ModelCentro transaction",16,207.74,125.61,7.85,2020-03-15,master content release date,high,2303,0.01,0.05,2026-07-04,mapped,3,15,194.75,116.85,0,0.0,0.0,0,0.0,0.0,0,0.0,0.0,1,12.99,8.76,"Ranks reviewed mapped videos and exact-title auto matches with sales/detail rows inside this period; platform totals remain canonical. All-time includes C4S historical Sales Summary by Title chunks, the Curvage all-history title-count matrix, and any imported historical titled rows from ModelCentro, ManyVids, and native OF supplemental stats."
all_time,All Available History,2013-01-01,2026-07-04,169,Video 0212,Sexy Soaking Fatty,Video,Clips4Sale,C4S title snapshot,13,208.78,125.27,9.64,2024-02-02,master content release date,high,884,0.01,0.14,2026-07-04,mapped,2,13,208.78,125.27,0,0.0,0.0,0,0.0,0.0,0,0.0,0.0,0,0.0,0.0,"Ranks reviewed mapped videos and exact-title auto matches with sales/detail rows inside this period; platform totals remain canonical. All-time includes C4S historical Sales Summary by Title chunks, the Curvage all-history title-count matrix, and any imported historical titled rows from ModelCentro, ManyVids, and native OF supplemental stats."
all_time,All Available History,2013-01-01,2026-07-04,170,Video 0097,Tight Dress Belly Bouncing,Video,"Clips4Sale, ManyVids","C4S title snapshot, ManyVids transaction",34,203.43,122.06,3.59,2020-07-26,master content release date,high,2170,0.02,0.06,2026-07-04,mapped,4,32,191.46,114.88,0,0.0,0.0,2,11.97,7.18,0,0.0,0.0,0,0.0,0.0,"Ranks reviewed mapped videos and exact-title auto matches with sales/detail rows inside this period; platform totals remain canonical. All-time includes C4S historical Sales Summary by Title chunks, the Curvage all-history title-count matrix, and any imported historical titled rows from ModelCentro, ManyVids, and native OF supplemental stats."
all_time,All Available History,2013-01-01,2026-07-04,171,Video 0135,Fat Jiggly Ass,Video,"Clips4Sale, ManyVids, ModelCentro","C4S title snapshot, ManyVids transaction, ModelCentro transaction",20,200.68,121.9,6.1,2021-06-12,master content release date,high,1849,0.01,0.07,2026-02-25,mapped,4,17,169.72,101.83,0,0.0,0.0,1,10.98,6.59,0,0.0,0.0,2,19.98,13.48,"Ranks reviewed mapped videos and exact-title auto matches with sales/detail rows inside this period; platform totals remain canonical. All-time includes C4S historical Sales Summary by Title chunks, the Curvage all-history title-count matrix, and any imported historical titled rows from ModelCentro, ManyVids, and native OF supplemental stats."
all_time,All Available History,2013-01-01,2026-07-04,172,Video 0110,Solo Shower Sex,Video,"Clips4Sale, ManyVids, ModelCentro","C4S title snapshot, ManyVids transaction, ModelCentro transaction",18,197.72,121.08,6.73,2020-10-18,master content release date,high,2086,0.01,0.06,2026-07-04,mapped,6,14,153.77,92.26,0,0.0,0.0,1,10.98,6.59,0,0.0,0.0,3,32.97,22.23,"Ranks reviewed mapped videos and exact-title auto matches with sales/detail rows inside this period; platform totals remain canonical. All-time includes C4S historical Sales Summary by Title chunks, the Curvage all-history title-count matrix, and any imported historical titled rows from ModelCentro, ManyVids, and native OF supplemental stats."
all_time,All Available History,2013-01-01,2026-07-04,173,Video 0136,BBW Slow Sensual Pole Dance,Video,"Clips4Sale, ModelCentro","C4S title snapshot, ModelCentro transaction",18,197.71,120.76,6.71,2021-06-20,master content release date,high,1841,0.01,0.07,2025-04-16,mapped,3,16,175.73,105.44,0,0.0,0.0,0,0.0,0.0,0,0.0,0.0,2,21.98,15.32,"Ranks reviewed mapped videos and exact-title auto matches with sales/detail rows inside this period; platform totals remain canonical. All-time includes C4S historical Sales Summary by Title chunks, the Curvage all-history title-count matrix, and any imported historical titled rows from ModelCentro, ManyVids, and native OF supplemental stats."
all_time,All Available History,2013-01-01,2026-07-04,174,Video 0219,Messy Whipped Cream Tits,Video,Clips4Sale,C4S title snapshot,11,177.82,106.69,9.7,2024-03-18,master content release date,high,839,0.01,0.13,2026-07-04,mapped,2,11,177.82,106.69,0,0.0,0.0,0,0.0,0.0,0,0.0,0.0,0,0.0,0.0,"Ranks reviewed mapped videos and exact-title auto matches with sales/detail rows inside this period; platform totals remain canonical. All-time includes C4S historical Sales Summary by Title chunks, the Curvage all-history title-count matrix, and any imported historical titled rows from ModelCentro, ManyVids, and native OF supplemental stats."
all_time,All Available History,2013-01-01,2026-07-04,175,Video 0094,Smoking and Sensual Rubbing,Video,"Clips4Sale, ModelCentro","C4S title snapshot, ModelCentro transaction",17,168.72,101.9,5.99,2020-07-05,master content release date,high,2191,0.01,0.05,2026-07-04,mapped,3,16,159.73,95.84,0,0.0,0.0,0,0.0,0.0,0,0.0,0.0,1,8.99,6.06,"Ranks reviewed mapped videos and exact-title auto matches with sales/detail rows inside this period; platform totals remain canonical. All-time includes C4S historical Sales Summary by Title chunks, the Curvage all-history title-count matrix, and any imported historical titled rows from ModelCentro, ManyVids, and native OF supplemental stats."
all_time,All Available History,2013-01-01,2026-07-04,176,Video 0107,Full Body Measurements,Video,"Clips4Sale, ModelCentro","C4S title snapshot, ModelCentro transaction",18,161.7,97.69,5.43,2020-09-27,master content release date,high,2107,0.01,0.05,2026-07-04,mapped,3,17,152.71,91.63,0,0.0,0.0,0,0.0,0.0,0,0.0,0.0,1,8.99,6.06,"Ranks reviewed mapped videos and exact-title auto matches with sales/detail rows inside this period; platform totals remain canonical. All-time includes C4S historical Sales Summary by Title chunks, the Curvage all-history title-count matrix, and any imported historical titled rows from ModelCentro, ManyVids, and native OF supplemental stats."
all_time,All Available History,2013-01-01,2026-07-04,177,Video 0169,BBW Bra Changing JOI w/ Cum Countdown,Video,Clips4Sale,C4S title snapshot,10,161.38,96.83,9.68,2022-12-30,master content release date,high,1283,0.01,0.08,2026-07-04,mapped,2,10,161.38,96.83,0,0.0,0.0,0,0.0,0.0,0,0.0,0.0,0,0.0,0.0,"Ranks reviewed mapped videos and exact-title auto matches with sales/detail rows inside this period; platform totals remain canonical. All-time includes C4S historical Sales Summary by Title chunks, the Curvage all-history title-count matrix, and any imported historical titled rows from ModelCentro, ManyVids, and native OF supplemental stats."
all_time,All Available History,2013-01-01,2026-07-04,178,Video 0175,SSBBW Catwalk in Skinny Jeans and Heels,Video,Clips4Sale,C4S title snapshot,8,159.87,95.92,11.99,2023-04-05,master content release date,high,1187,0.01,0.08,2025-04-16,mapped,1,8,159.87,95.92,0,0.0,0.0,0,0.0,0.0,0,0.0,0.0,0,0.0,0.0,"Ranks reviewed mapped videos and exact-title auto matches with sales/detail rows inside this period; platform totals remain canonical. All-time includes C4S historical Sales Summary by Title chunks, the Curvage all-history title-count matrix, and any imported historical titled rows from ModelCentro, ManyVids, and native OF supplemental stats."
all_time,All Available History,2013-01-01,2026-07-04,179,Video 0114,Ass Clapping and Dildo Riding,Video,"Clips4Sale, ManyVids, ModelCentro","C4S title snapshot, ManyVids transaction, ModelCentro transaction",14,153.78,94.72,6.77,2020-11-17,master content release date,high,2056,0.01,0.05,2026-05-16,mapped,5,10,109.83,65.9,0,0.0,0.0,1,10.98,6.59,0,0.0,0.0,3,32.97,22.23,"Ranks reviewed mapped videos and exact-title auto matches with sales/detail rows inside this period; platform totals remain canonical. All-time includes C4S historical Sales Summary by Title chunks, the Curvage all-history title-count matrix, and any imported historical titled rows from ModelCentro, ManyVids, and native OF supplemental stats."
all_time,All Available History,2013-01-01,2026-07-04,180,Video 0054,Devouring Powdered Donuts,Video,"Clips4Sale, ManyVids, ModelCentro","C4S title snapshot, ManyVids transaction, ModelCentro transaction",11,154.82,94.01,8.55,2019-09-20,master content release date,high,2480,0.0,0.04,2026-05-26,mapped,3,9,134.85,80.91,0,0.0,0.0,1,4.98,2.99,0,0.0,0.0,1,14.99,10.11,"Ranks reviewed mapped videos and exact-title auto matches with sales/detail rows inside this period; platform totals remain canonical. All-time includes C4S historical Sales Summary by Title chunks, the Curvage all-history title-count matrix, and any imported historical titled rows from ModelCentro, ManyVids, and native OF supplemental stats."
all_time,All Available History,2013-01-01,2026-07-04,181,exact-title:fat-pussy-play-with-joi-and-cum-countdown,Fat Pussy Play with JOI and Cum Countdown,Video,Clips4Sale,C4S title snapshot,17,152.72,91.63,5.39,2020-12-06,C4S date added,medium,2037,0.01,0.04,2025-04-16,auto exact-title,1,17,152.72,91.63,0,0.0,0.0,0,0.0,0.0,0,0.0,0.0,0,0.0,0.0,"Ranks reviewed mapped videos and exact-title auto matches with sales/detail rows inside this period; platform totals remain canonical. All-time includes C4S historical Sales Summary by Title chunks, the Curvage all-history title-count matrix, and any imported historical titled rows from ModelCentro, ManyVids, and native OF supplemental stats."
all_time,All Available History,2013-01-01,2026-07-04,182,exact-title:growing-ssbbw-stuffs-5000-calories-while-sitting-on-you-pov,Growing SSBBW Stuffs 5000 Calories While Sitting on You POV,Video,Clips4Sale,C4S title snapshot,5,149.92,89.95,17.99,2024-04-08,C4S date added,medium,818,0.01,0.11,2025-04-16,auto exact-title,1,5,149.92,89.95,0,0.0,0.0,0,0.0,0.0,0,0.0,0.0,0,0.0,0.0,"Ranks reviewed mapped videos and exact-title auto matches with sales/detail rows inside this period; platform totals remain canonical. All-time includes C4S historical Sales Summary by Title chunks, the Curvage all-history title-count matrix, and any imported historical titled rows from ModelCentro, ManyVids, and native OF supplemental stats."
all_time,All Available History,2013-01-01,2026-07-04,183,Video 0079,Horny Pillow Grinding,Video,"Clips4Sale, ManyVids, ModelCentro","C4S title snapshot, ManyVids transaction, ModelCentro transaction",15,147.76,89.32,5.95,2020-04-11,master content release date,high,2276,0.01,0.04,2026-07-04,mapped,4,13,129.79,77.87,0,0.0,0.0,1,8.98,5.39,0,0.0,0.0,1,8.99,6.06,"Ranks reviewed mapped videos and exact-title auto matches with sales/detail rows inside this period; platform totals remain canonical. All-time includes C4S historical Sales Summary by Title chunks, the Curvage all-history title-count matrix, and any imported historical titled rows from ModelCentro, ManyVids, and native OF supplemental stats."
all_time,All Available History,2013-01-01,2026-07-04,184,Video 0064,Oiled-Up Bouncing,Video,"Clips4Sale, ModelCentro","C4S title snapshot, ModelCentro transaction",12,143.81,87.18,7.26,2019-11-29,master content release date,high,2410,0.0,0.04,2026-07-04,mapped,3,11,131.82,79.09,0,0.0,0.0,0,0.0,0.0,0,0.0,0.0,1,11.99,8.09,"Ranks reviewed mapped videos and exact-title auto matches with sales/detail rows inside this period; platform totals remain canonical. All-time includes C4S historical Sales Summary by Title chunks, the Curvage all-history title-count matrix, and any imported historical titled rows from ModelCentro, ManyVids, and native OF supplemental stats."
all_time,All Available History,2013-01-01,2026-07-04,185,Video 0179,SSBBW Workout Struggle in Lingerie,Video,Clips4Sale,C4S title snapshot,8,143.87,86.32,10.79,2023-05-05,master content release date,high,1157,0.01,0.07,2025-04-16,mapped,1,8,143.87,86.32,0,0.0,0.0,0,0.0,0.0,0,0.0,0.0,0,0.0,0.0,"Ranks reviewed mapped videos and exact-title auto matches with sales/detail rows inside this period; platform totals remain canonical. All-time includes C4S historical Sales Summary by Title chunks, the Curvage all-history title-count matrix, and any imported historical titled rows from ModelCentro, ManyVids, and native OF supplemental stats."
all_time,All Available History,2013-01-01,2026-07-04,186,Video 0069,Fatty in the Shower,Video,"Clips4Sale, ManyVids, ModelCentro","C4S title snapshot, ManyVids transaction, ModelCentro transaction",14,139.77,85.06,6.08,2020-01-14,master content release date,high,2364,0.01,0.04,2026-07-04,mapped,4,12,119.8,71.88,0,0.0,0.0,1,9.98,5.99,0,0.0,0.0,1,9.99,7.19,"Ranks reviewed mapped videos and exact-title auto matches with sales/detail rows inside this period; platform totals remain canonical. All-time includes C4S historical Sales Summary by Title chunks, the Curvage all-history title-count matrix, and any imported historical titled rows from ModelCentro, ManyVids, and native OF supplemental stats."
all_time,All Available History,2013-01-01,2026-07-04,187,Video 0113,Sexy Body Bouncing and Jiggling,Video,Clips4Sale,C4S title snapshot,14,139.76,83.86,5.99,2020-11-08,master content release date,high,2065,0.01,0.04,2026-07-04,mapped,2,14,139.76,83.86,0,0.0,0.0,0,0.0,0.0,0,0.0,0.0,0,0.0,0.0,"Ranks reviewed mapped videos and exact-title auto matches with sales/detail rows inside this period; platform totals remain canonical. All-time includes C4S historical Sales Summary by Title chunks, the Curvage all-history title-count matrix, and any imported historical titled rows from ModelCentro, ManyVids, and native OF supplemental stats."
all_time,All Available History,2013-01-01,2026-07-04,188,Video 0120,Fat Nut on My Tits,Video,"Clips4Sale, ModelCentro","C4S title snapshot, ModelCentro transaction",9,134.86,83.15,9.24,2021-01-10,master content release date,high,2002,0.0,0.04,2026-07-04,mapped,4,7,104.88,62.93,0,0.0,0.0,0,0.0,0.0,0,0.0,0.0,2,29.98,20.22,"Ranks reviewed mapped videos and exact-title auto matches with sales/detail rows inside this period; platform totals remain canonical. All-time includes C4S historical Sales Summary by Title chunks, the Curvage all-history title-count matrix, and any imported historical titled rows from ModelCentro, ManyVids, and native OF supplemental stats."
all_time,All Available History,2013-01-01,2026-07-04,189,Video 0072,Jiggly Catwalk,Video,"Clips4Sale, ModelCentro","C4S title snapshot, ModelCentro transaction",15,134.76,82.19,5.48,2020-02-16,master content release date,high,2331,0.01,0.04,2026-07-04,mapped,4,13,116.78,70.07,0,0.0,0.0,0,0.0,0.0,0,0.0,0.0,2,17.98,12.12,"Ranks reviewed mapped videos and exact-title auto matches with sales/detail rows inside this period; platform totals remain canonical. All-time includes C4S historical Sales Summary by Title chunks, the Curvage all-history title-count matrix, and any imported historical titled rows from ModelCentro, ManyVids, and native OF supplemental stats."
all_time,All Available History,2013-01-01,2026-07-04,190,Video 0123,Getting Naughty at the Airbnb,Video,"Clips4Sale, ManyVids, ModelCentro","C4S title snapshot, ManyVids transaction, ModelCentro transaction",13,122.8,75.01,5.77,2021-02-19,master content release date,high,1962,0.01,0.04,2026-05-28,mapped,5,9,80.85,48.51,0,0.0,0.0,2,23.97,14.38,0,0.0,0.0,2,17.98,12.12,"Ranks reviewed mapped videos and exact-title auto matches with sales/detail rows inside this period; platform totals remain canonical. All-time includes C4S historical Sales Summary by Title chunks, the Curvage all-history title-count matrix, and any imported historical titled rows from ModelCentro, ManyVids, and native OF supplemental stats."
all_time,All Available History,2013-01-01,2026-07-04,191,Video 0109,Come Back to Bed POV,Video,ModelCentro,ModelCentro transaction,10,109.9,74.6,7.46,2020-10-11,master content release date,high,2093,0.0,0.04,2025-07-20,mapped,10,0,0.0,0.0,0,0.0,0.0,0,0.0,0.0,0,0.0,0.0,10,109.9,74.6,"Ranks reviewed mapped videos and exact-title auto matches with sales/detail rows inside this period; platform totals remain canonical. All-time includes C4S historical Sales Summary by Title chunks, the Curvage all-history title-count matrix, and any imported historical titled rows from ModelCentro, ManyVids, and native OF supplemental stats."
all_time,All Available History,2013-01-01,2026-07-04,192,Video 0125,Underwater Body Jiggle,Video,"Clips4Sale, ManyVids, ModelCentro","C4S title snapshot, ManyVids transaction, ModelCentro transaction",9,118.86,72.28,8.03,2021-03-14,master content release date,high,1939,0.0,0.04,2026-06-16,mapped,4,6,77.9,46.74,0,0.0,0.0,2,27.97,16.78,0,0.0,0.0,1,12.99,8.76,"Ranks reviewed mapped videos and exact-title auto matches with sales/detail rows inside this period; platform totals remain canonical. All-time includes C4S historical Sales Summary by Title chunks, the Curvage all-history title-count matrix, and any imported historical titled rows from ModelCentro, ManyVids, and native OF supplemental stats."
all_time,All Available History,2013-01-01,2026-07-04,193,Video 0082,Flopping My Fat Around,Video,"Clips4Sale, ManyVids","C4S title snapshot, ManyVids transaction",15,119.75,71.85,4.79,2020-04-25,master content release date,high,2262,0.01,0.03,2026-07-04,mapped,3,14,111.77,67.06,0,0.0,0.0,1,7.98,4.79,0,0.0,0.0,0,0.0,0.0,"Ranks reviewed mapped videos and exact-title auto matches with sales/detail rows inside this period; platform totals remain canonical. All-time includes C4S historical Sales Summary by Title chunks, the Curvage all-history title-count matrix, and any imported historical titled rows from ModelCentro, ManyVids, and native OF supplemental stats."
all_time,All Available History,2013-01-01,2026-07-04,194,Video 0102,Hot Pink Catwalk and Fat Bouncing,Video,"Clips4Sale, ManyVids","C4S title snapshot, ManyVids transaction",15,119.76,71.85,4.79,2020-08-23,master content release date,high,2142,0.01,0.03,2026-07-04,mapped,4,13,103.79,62.27,0,0.0,0.0,2,15.97,9.58,0,0.0,0.0,0,0.0,0.0,"Ranks reviewed mapped videos and exact-title auto matches with sales/detail rows inside this period; platform totals remain canonical. All-time includes C4S historical Sales Summary by Title chunks, the Curvage all-history title-count matrix, and any imported historical titled rows from ModelCentro, ManyVids, and native OF supplemental stats."
all_time,All Available History,2013-01-01,2026-07-04,195,Video 0121,Smoky BJ and Pussy Vibe,Video,"Clips4Sale, ModelCentro","C4S title snapshot, ModelCentro transaction",9,116.86,71.08,7.9,2021-01-27,master content release date,high,1985,0.0,0.04,2026-07-04,mapped,3,8,103.87,62.32,0,0.0,0.0,0,0.0,0.0,0,0.0,0.0,1,12.99,8.76,"Ranks reviewed mapped videos and exact-title auto matches with sales/detail rows inside this period; platform totals remain canonical. All-time includes C4S historical Sales Summary by Title chunks, the Curvage all-history title-count matrix, and any imported historical titled rows from ModelCentro, ManyVids, and native OF supplemental stats."
all_time,All Available History,2013-01-01,2026-07-04,196,Video 0091,Snack Cake Stuffing,Video,Clips4Sale,C4S title snapshot,7,111.89,67.13,9.59,2020-06-07,master content release date,high,2219,0.0,0.03,2026-07-04,mapped,2,7,111.89,67.13,0,0.0,0.0,0,0.0,0.0,0,0.0,0.0,0,0.0,0.0,"Ranks reviewed mapped videos and exact-title auto matches with sales/detail rows inside this period; platform totals remain canonical. All-time includes C4S historical Sales Summary by Title chunks, the Curvage all-history title-count matrix, and any imported historical titled rows from ModelCentro, ManyVids, and native OF supplemental stats."
all_time,All Available History,2013-01-01,2026-07-04,197,Video 0132,Fat Clapping in the Mirror,Video,"Clips4Sale, ModelCentro","C4S title snapshot, ModelCentro transaction",10,109.84,66.72,6.67,2021-05-22,master content release date,high,1870,0.01,0.04,2025-04-16,mapped,2,9,98.85,59.31,0,0.0,0.0,0,0.0,0.0,0,0.0,0.0,1,10.99,7.41,"Ranks reviewed mapped videos and exact-title auto matches with sales/detail rows inside this period; platform totals remain canonical. All-time includes C4S historical Sales Summary by Title chunks, the Curvage all-history title-count matrix, and any imported historical titled rows from ModelCentro, ManyVids, and native OF supplemental stats."
all_time,All Available History,2013-01-01,2026-07-04,198,exact-title:ssbbw-jiggles-fat-for-your-cum-pt-2,SSBBW Jiggles Fat for Your Cum pt 2,Video,Clips4Sale,C4S title snapshot,6,107.9,64.74,10.79,2024-12-17,C4S date added,medium,565,0.01,0.11,2025-04-16,auto exact-title,1,6,107.9,64.74,0,0.0,0.0,0,0.0,0.0,0,0.0,0.0,0,0.0,0.0,"Ranks reviewed mapped videos and exact-title auto matches with sales/detail rows inside this period; platform totals remain canonical. All-time includes C4S historical Sales Summary by Title chunks, the Curvage all-history title-count matrix, and any imported historical titled rows from ModelCentro, ManyVids, and native OF supplemental stats."
all_time,All Available History,2013-01-01,2026-07-04,199,Video 0061,Fuck Me POV,Video,"ManyVids, ModelCentro","ManyVids transaction, ModelCentro transaction",7,94.92,63.65,9.09,2019-11-13,master content release date,high,2426,0.0,0.03,2026-06-14,mapped,7,0,0.0,0.0,0,0.0,0.0,1,4.98,2.99,0,0.0,0.0,6,89.94,60.66,"Ranks reviewed mapped videos and exact-title auto matches with sales/detail rows inside this period; platform totals remain canonical. All-time includes C4S historical Sales Summary by Title chunks, the Curvage all-history title-count matrix, and any imported historical titled rows from ModelCentro, ManyVids, and native OF supplemental stats."
all_time,All Available History,2013-01-01,2026-07-04,200,Video 0141,Very Berry Body Tease - Ripe Series vol. 2,Video,"Clips4Sale, ModelCentro","C4S title snapshot, ModelCentro transaction",5,99.92,61.87,12.37,2021-08-18,master content release date,high,1782,0.0,0.03,2025-04-16,mapped,2,4,83.93,50.36,0,0.0,0.0,0,0.0,0.0,0,0.0,0.0,1,15.99,11.51,"Ranks reviewed mapped videos and exact-title auto matches with sales/detail rows inside this period; platform totals remain canonical. All-time includes C4S historical Sales Summary by Title chunks, the Curvage all-history title-count matrix, and any imported historical titled rows from ModelCentro, ManyVids, and native OF supplemental stats."
