platform,surface,item_id,label,canonical_content_id,canonical_title,content_group,mapping_status,first_date,last_date,first_offered_date,first_offered_basis,first_offered_confidence,recency_basis,grain,sales,gross,net,source_file
ManyVids,ManyVids transaction,,SSBBW Shiny Slippery Oil Play,Video 0184,SSBBW Shiny Slippery Oil Play,Video,mapped,2026-06-08,2026-06-08,2023-06-13,master content release date,high,sale date,canonical transaction row,1.0,16.983333333333334,10.19,2026-06-09_18-40-33_manyvids_clipboard.txt
ManyVids,ManyVids transaction,,SSBBW Jiggles Fat for Your Cum Part 2,Video 0257,Cum for My Fat Part 2,Video,mapped,2026-06-08,2026-06-08,2024-12-11,master content release date,high,sale date,canonical transaction row,1.0,16.983333333333334,10.19,2026-06-09_18-40-33_manyvids_clipboard.txt
ManyVids,ManyVids transaction,,Your SSBBW Wife Denies Getting Fatter POV,Video 0232,Your Wife Accidentally Gains,Video,mapped,2026-06-07,2026-06-07,2024-05-06,master content release date,high,sale date,canonical transaction row,1.0,21.983333333333334,13.19,2026-06-09_18-40-33_manyvids_clipboard.txt
ManyVids,ManyVids transaction,,Feedee BBW Wants to Stop Gaining POV,Video 0146,Feedee BBW Wants to Stop Gaining POV,Video,mapped,2026-06-07,2026-06-07,2021-09-23,master content release date,high,sale date,canonical transaction row,1.0,15.983333333333334,9.59,2026-06-09_18-40-33_manyvids_clipboard.txt
ManyVids,ManyVids transaction,,Gassy SSBBW Ignores You and Stuffs,Video 0276,Hungry Girlfriend Ignores You,Video,mapped,2026-06-05,2026-06-05,2025-10-18,master content release date,high,sale date,canonical transaction row,1.0,15.983333333333334,9.59,2026-06-09_18-40-33_manyvids_clipboard.txt
ManyVids,ManyVids transaction,,Best Friend's Step-Mom Shows You How to Please SSBBW,Video 0289,Best Friend's Mom Teases You,Video,mapped,2026-06-04,2026-06-04,2026-05-21,master content release date,high,sale date,canonical transaction row,1.0,27.983333333333334,16.79,2026-06-09_18-40-33_manyvids_clipboard.txt
ManyVids,ManyVids transaction,,SSBBW Ex Wants to Get Pregnant,Video 0249,SSBBW Ex Wants to Get Pregnant,Video,mapped,2026-06-04,2026-06-04,2024-10-27,master content release date,high,sale date,canonical transaction row,1.0,13.983333333333334,8.39,2026-06-09_18-40-33_manyvids_clipboard.txt
ManyVids,ManyVids transaction,,Fatty Cums in Fishnet Dress,Video 0042,Lady in Black,Video,mapped,2026-06-04,2026-06-04,2019-03-21,master content release date,high,sale date,canonical transaction row,1.0,4.983333333333334,2.99,2026-06-09_18-40-33_manyvids_clipboard.txt
ManyVids,ManyVids transaction,,Obese GF Wants V-Day Dick,Video 0041,I Need V-day Dick,Video,mapped,2026-06-04,2026-06-04,2019-02-18,master content release date,high,sale date,canonical transaction row,1.0,4.983333333333334,2.99,2026-06-09_18-40-33_manyvids_clipboard.txt
ManyVids,ManyVids transaction,,Fattened Up For Master Part II,Video 0099,Fattened Up For Master Part II,Video,mapped,2026-06-04,2026-06-04,2020-08-05,master content release date,high,sale date,canonical transaction row,1.0,19.983333333333334,11.99,2026-06-09_18-40-33_manyvids_clipboard.txt
ManyVids,ManyVids transaction,,Fatty in the Shower,Video 0069,Fatty in the Shower,Video,mapped,2026-06-04,2026-06-04,2020-01-14,master content release date,high,sale date,canonical transaction row,1.0,9.983333333333334,5.99,2026-06-09_18-40-33_manyvids_clipboard.txt
ManyVids,ManyVids transaction,,BBW Covered in Oil - Full Nude Version,exact-title:bbw-covered-in-oil-full-nude-version,BBW Covered in Oil - Full Nude Version,Video,auto exact-title,2026-06-04,2026-06-04,2026-06-04,sale date,low,sale date,canonical transaction row,1.0,7.983333333333333,4.79,2026-06-09_18-40-33_manyvids_clipboard.txt
ManyVids,ManyVids transaction,,BBW Body Jiggles in the Pool,Video 0125,Underwater Body Jiggle,Video,mapped,2026-06-04,2026-06-04,2021-03-14,master content release date,high,sale date,canonical transaction row,1.0,13.983333333333334,8.39,2026-06-09_18-40-33_manyvids_clipboard.txt
ManyVids,ManyVids transaction,,Creamy BBW Pussy Begs for Your Load,Video 0049,Sexy Soft Curves,Video,mapped,2026-06-04,2026-06-04,2019-07-26,master content release date,high,sale date,canonical transaction row,1.0,4.983333333333334,2.99,2026-06-09_18-40-33_manyvids_clipboard.txt
ManyVids,ManyVids transaction,,Creampie My Fat Creamy Pussy,Video 0126,Creampie My Pussy,Video,mapped,2026-06-04,2026-06-04,2021-03-25,master content release date,high,sale date,canonical transaction row,1.0,16.983333333333334,10.19,2026-06-09_18-40-33_manyvids_clipboard.txt
ManyVids,ManyVids transaction,,Fat Dorothy Fucks You to Get to Kansas,Video 0059,Not in Kansas,Video,mapped,2026-06-04,2026-06-04,2019-11-01,master content release date,high,sale date,canonical transaction row,1.0,4.983333333333334,2.99,2026-06-09_18-40-33_manyvids_clipboard.txt
ManyVids,ManyVids transaction,,Fat Party Girl Gets Wrong Room POV Solo,Video 0153,Fat Party Girl Gets the Wrong Room,Video,mapped,2026-06-04,2026-06-04,2021-11-14,master content release date,high,sale date,canonical transaction row,1.0,11.983333333333334,7.19,2026-06-09_18-40-33_manyvids_clipboard.txt
ManyVids,ManyVids transaction,,Best Friend's Step-Mom Shows You How to Please SSBBW,Video 0289,Best Friend's Mom Teases You,Video,mapped,2026-06-03,2026-06-03,2026-05-21,master content release date,high,sale date,canonical transaction row,1.0,27.983333333333334,16.79,2026-06-09_18-40-33_manyvids_clipboard.txt
ManyVids,ManyVids transaction,,Best Friend's Step-Mom Shows You How to Please SSBBW,Video 0289,Best Friend's Mom Teases You,Video,mapped,2026-05-31,2026-05-31,2026-05-21,master content release date,high,sale date,canonical transaction row,1.0,27.983333333333334,16.79,2026-06-09_18-40-33_manyvids_clipboard.txt
ManyVids,ManyVids transaction,,Spying On Your Sexy Fat Roomate,Video 0105,Spying on Your Hot Roommate,Video,mapped,2026-05-31,2026-05-31,2020-09-14,master content release date,high,sale date,canonical transaction row,1.0,10.983333333333334,6.59,2026-06-09_18-40-33_manyvids_clipboard.txt
ManyVids,ManyVids transaction,,Best Friend's Step-Mom Shows You How to Please SSBBW,Video 0289,Best Friend's Mom Teases You,Video,mapped,2026-05-31,2026-05-31,2026-05-21,master content release date,high,sale date,canonical transaction row,1.0,27.983333333333334,16.79,2026-06-09_18-40-33_manyvids_clipboard.txt
ManyVids,ManyVids transaction,,Best Friend's Step-Mom Shows You How to Please SSBBW,Video 0289,Best Friend's Mom Teases You,Video,mapped,2026-05-31,2026-05-31,2026-05-21,master content release date,high,sale date,canonical transaction row,1.0,27.983333333333334,16.79,2026-06-09_18-40-33_manyvids_clipboard.txt
ManyVids,ManyVids transaction,,SSBBW Slut Seduces You Into Impregnation POV,Video 0218,Seducing You Into Impregnation,Video,mapped,2026-05-31,2026-05-31,2024-03-15,master content release date,high,sale date,canonical transaction row,1.0,16.983333333333334,10.19,2026-06-09_18-40-33_manyvids_clipboard.txt
ManyVids,ManyVids transaction,,SSBBW Mrs. Claus Lets You Eat Ass and Pussy,Video 0208,SSBBW Mrs Claus Lets You Eat Ass and Pussy,Video,mapped,2026-05-31,2026-05-31,2023-12-27,master content release date,high,sale date,canonical transaction row,1.0,13.983333333333334,8.39,2026-06-09_18-40-33_manyvids_clipboard.txt
ManyVids,ManyVids transaction,,Fat Friend Wants to be Friends with Benefits,Video 0203,Friends With Benefits,Video,mapped,2026-05-31,2026-05-31,2023-11-18,master content release date,high,sale date,canonical transaction row,1.0,16.983333333333334,10.19,2026-06-09_18-40-33_manyvids_clipboard.txt
ManyVids,ManyVids transaction,,Horny SSBBW Fucks Fat Creamy Pussy,Video 0234,Fucking My Creamy Fat Pussy,Video,mapped,2026-05-31,2026-05-31,2024-05-13,master content release date,high,sale date,canonical transaction row,1.0,11.983333333333334,7.19,2026-06-09_18-40-33_manyvids_clipboard.txt
ManyVids,ManyVids transaction,,SSBBW Rapid Growth Riding You POV,Video 0221,Magical Belly Growth and Riding POV,Video,mapped,2026-05-31,2026-05-31,2024-03-31,master content release date,high,sale date,canonical transaction row,1.0,22.983333333333334,13.79,2026-06-09_18-40-33_manyvids_clipboard.txt
ManyVids,ManyVids transaction,,Horny SSBBW Squirts on First Date POV,Video 0225,Squirting on the First Date,Video,mapped,2026-05-31,2026-05-31,2024-04-10,master content release date,high,sale date,canonical transaction row,1.0,21.983333333333334,13.19,2026-06-09_18-40-33_manyvids_clipboard.txt
ManyVids,ManyVids transaction,,Best Friend's Step-Mom Shows You How to Please SSBBW,Video 0289,Best Friend's Mom Teases You,Video,mapped,2026-05-31,2026-05-31,2026-05-21,master content release date,high,sale date,canonical transaction row,1.0,27.983333333333334,16.79,2026-06-09_18-40-33_manyvids_clipboard.txt
ManyVids,ManyVids transaction,,SSBBW Rips Leggings and Fucks Pussy,Video 0263,SSBBW Rips Leggings and Fucks Pussy,Video,mapped,2026-05-31,2026-05-31,2025-03-02,master content release date,high,sale date,canonical transaction row,1.0,19.983333333333334,11.99,2026-06-09_18-40-33_manyvids_clipboard.txt
ManyVids,ManyVids transaction,,Best Friend's Step-Mom Shows You How to Please SSBBW,Video 0289,Best Friend's Mom Teases You,Video,mapped,2026-05-29,2026-05-29,2026-05-21,master content release date,high,sale date,canonical transaction row,1.0,27.983333333333334,16.79,2026-06-09_18-40-33_manyvids_clipboard.txt
ManyVids,ManyVids transaction,,Best Friend's Step-Mom Shows You How to Please SSBBW,Video 0289,Best Friend's Mom Teases You,Video,mapped,2026-05-28,2026-05-28,2026-05-21,master content release date,high,sale date,canonical transaction row,1.0,27.983333333333334,16.79,2026-06-09_18-40-33_manyvids_clipboard.txt
ManyVids,ManyVids transaction,,Your Job Depends on How Well You Feed Me,Video 0283,HR Fatty Makes You Her Feeder POV,Video,mapped,2026-05-28,2026-05-28,2026-03-04,master content release date,high,sale date,canonical transaction row,1.0,19.983333333333334,11.99,2026-06-09_18-40-33_manyvids_clipboard.txt
ManyVids,ManyVids transaction,,Shower Hookup w/ Slutty Airbnb Guest,Video 0123,Getting Naughty at the Airbnb,Video,mapped,2026-05-28,2026-05-28,2021-02-19,master content release date,high,sale date,canonical transaction row,1.0,11.983333333333334,7.19,2026-06-09_18-40-33_manyvids_clipboard.txt
ManyVids,ManyVids transaction,,Best Friend's Step-Mom Shows You How to Please SSBBW,Video 0289,Best Friend's Mom Teases You,Video,mapped,2026-05-28,2026-05-28,2026-05-21,master content release date,high,sale date,canonical transaction row,1.0,27.983333333333334,16.79,2026-06-09_18-40-33_manyvids_clipboard.txt
ManyVids,ManyVids transaction,,Growing SSBBW Ex Rides You POV,Video 0280,Ex GF Got Fat - Holiday Hookup,Video,mapped,2026-05-27,2026-05-27,2025-12-26,master content release date,high,sale date,canonical transaction row,1.0,21.983333333333334,13.19,2026-06-09_18-40-33_manyvids_clipboard.txt
ManyVids,ManyVids transaction,,Best Friend's Step-Mom Shows You How to Please SSBBW,Video 0289,Best Friend's Mom Teases You,Video,mapped,2026-05-27,2026-05-27,2026-05-21,master content release date,high,sale date,canonical transaction row,1.0,27.983333333333334,16.79,2026-06-09_18-40-33_manyvids_clipboard.txt
ManyVids,ManyVids transaction,,Best Friend's Step-Mom Shows You How to Please SSBBW,Video 0289,Best Friend's Mom Teases You,Video,mapped,2026-05-27,2026-05-27,2026-05-21,master content release date,high,sale date,canonical transaction row,1.0,27.983333333333334,16.79,2026-06-09_18-40-33_manyvids_clipboard.txt
ManyVids,ManyVids transaction,,Fat Friend Wants to be Friends with Benefits,Video 0203,Friends With Benefits,Video,mapped,2026-05-26,2026-05-26,2023-11-18,master content release date,high,sale date,canonical transaction row,1.0,16.983333333333334,10.19,2026-06-09_18-40-33_manyvids_clipboard.txt
ManyVids,ManyVids transaction,,Kneel and Eat My Fat BBW Pussy,Video 0163,Kneel and Eat My Fat Pussy,Video,mapped,2026-05-26,2026-05-26,2022-05-07,master content release date,high,sale date,canonical transaction row,1.0,16.983333333333334,10.19,2026-06-09_18-40-33_manyvids_clipboard.txt
ManyVids,ManyVids transaction,,Best Friend's Step-Mom Shows You How to Please SSBBW,Video 0289,Best Friend's Mom Teases You,Video,mapped,2026-05-26,2026-05-26,2026-05-21,master content release date,high,sale date,canonical transaction row,1.0,27.983333333333334,16.79,2026-06-09_18-40-33_manyvids_clipboard.txt
ManyVids,ManyVids transaction,,Best Friend's Step-Mom Shows You How to Please SSBBW,Video 0289,Best Friend's Mom Teases You,Video,mapped,2026-05-26,2026-05-26,2026-05-21,master content release date,high,sale date,canonical transaction row,1.0,27.983333333333334,16.79,2026-06-09_18-40-33_manyvids_clipboard.txt
ManyVids,ManyVids transaction,,Best Friend's Step-Mom Shows You How to Please SSBBW,Video 0289,Best Friend's Mom Teases You,Video,mapped,2026-05-26,2026-05-26,2026-05-21,master content release date,high,sale date,canonical transaction row,1.0,27.983333333333334,16.79,2026-06-09_18-40-33_manyvids_clipboard.txt
ManyVids,ManyVids transaction,,Best Friend's Step-Mom Shows You How to Please SSBBW,Video 0289,Best Friend's Mom Teases You,Video,mapped,2026-05-26,2026-05-26,2026-05-21,master content release date,high,sale date,canonical transaction row,1.0,27.983333333333334,16.79,2026-06-09_18-40-33_manyvids_clipboard.txt
ManyVids,ManyVids transaction,,Tight Dress Fat Bouncing,Video 0097,Tight Dress Belly Bouncing,Video,mapped,2026-05-26,2026-05-26,2020-07-26,master content release date,high,sale date,canonical transaction row,1.0,5.983333333333333,3.59,2026-06-09_18-40-33_manyvids_clipboard.txt
ManyVids,ManyVids transaction,,BBW Wants You to Stroke for Her Fat,Video 0047,Fat Girl in Skimpy Lingerie,Video,mapped,2026-05-26,2026-05-26,2019-05-28,master content release date,high,sale date,canonical transaction row,1.0,4.983333333333334,2.99,2026-06-09_18-40-33_manyvids_clipboard.txt
ManyVids,ManyVids transaction,,BBW in White Lace Fucks Purple Dildo,Video 0037,Fat Goddess Fucks Pussy,Video,mapped,2026-05-26,2026-05-26,2018-11-19,master content release date,high,sale date,canonical transaction row,1.0,4.983333333333334,2.99,2026-06-09_18-40-33_manyvids_clipboard.txt
ManyVids,ManyVids transaction,,Cute Fatty Stuffs Powdered Donuts,Video 0054,Devouring Powdered Donuts,Video,mapped,2026-05-26,2026-05-26,2019-09-20,master content release date,high,sale date,canonical transaction row,1.0,4.983333333333334,2.99,2026-06-09_18-40-33_manyvids_clipboard.txt
ManyVids,ManyVids transaction,,Sexy Fat Girl Binges 50 Chicken Wings,Video 0062,50 Wing Binge,Video,mapped,2026-05-26,2026-05-26,2019-11-19,master content release date,high,sale date,canonical transaction row,1.0,4.983333333333334,2.99,2026-06-09_18-40-33_manyvids_clipboard.txt
ManyVids,ManyVids transaction,,Shower Hookup w/ Slutty Airbnb Guest,Video 0123,Getting Naughty at the Airbnb,Video,mapped,2026-05-26,2026-05-26,2021-02-19,master content release date,high,sale date,canonical transaction row,1.0,11.983333333333334,7.19,2026-06-09_18-40-33_manyvids_clipboard.txt
ManyVids,ManyVids transaction,,Best Friend's Step-Mom Shows You How to Please SSBBW,Video 0289,Best Friend's Mom Teases You,Video,mapped,2026-05-26,2026-05-26,2026-05-21,master content release date,high,sale date,canonical transaction row,1.0,27.983333333333334,16.79,2026-06-09_18-40-33_manyvids_clipboard.txt
ManyVids,ManyVids transaction,,Fat Teasing and Pussy Fucking,Video 0151,Fat Tease and Fucking,Video,mapped,2026-05-26,2026-05-26,2021-10-25,master content release date,high,sale date,canonical transaction row,1.0,13.983333333333334,8.39,2026-06-09_18-40-33_manyvids_clipboard.txt
ManyVids,ManyVids transaction,,Best Friend's Step-Mom Shows You How to Please SSBBW,Video 0289,Best Friend's Mom Teases You,Video,mapped,2026-05-25,2026-05-25,2026-05-21,master content release date,high,sale date,canonical transaction row,1.0,27.983333333333334,16.79,2026-06-09_18-40-33_manyvids_clipboard.txt
ManyVids,ManyVids transaction,,Best Friend's Step-Mom Shows You How to Please SSBBW,Video 0289,Best Friend's Mom Teases You,Video,mapped,2026-05-25,2026-05-25,2026-05-21,master content release date,high,sale date,canonical transaction row,1.0,27.983333333333334,16.79,2026-06-09_18-40-33_manyvids_clipboard.txt
ManyVids,ManyVids transaction,,Best Friend's Step-Mom Shows You How to Please SSBBW,Video 0289,Best Friend's Mom Teases You,Video,mapped,2026-05-24,2026-05-24,2026-05-21,master content release date,high,sale date,canonical transaction row,1.0,27.983333333333334,16.79,2026-06-09_18-40-33_manyvids_clipboard.txt
ManyVids,ManyVids transaction,,Your Job Depends on How Well You Feed Me,Video 0283,HR Fatty Makes You Her Feeder POV,Video,mapped,2026-05-24,2026-05-24,2026-03-04,master content release date,high,sale date,canonical transaction row,1.0,19.983333333333334,11.99,2026-06-09_18-40-33_manyvids_clipboard.txt
ManyVids,ManyVids transaction,,Best Friend's Step-Mom Shows You How to Please SSBBW,Video 0289,Best Friend's Mom Teases You,Video,mapped,2026-05-24,2026-05-24,2026-05-21,master content release date,high,sale date,canonical transaction row,1.0,27.983333333333334,16.79,2026-06-09_18-40-33_manyvids_clipboard.txt
ManyVids,ManyVids transaction,,Best Friend's Step-Mom Shows You How to Please SSBBW,Video 0289,Best Friend's Mom Teases You,Video,mapped,2026-05-24,2026-05-24,2026-05-21,master content release date,high,sale date,canonical transaction row,1.0,27.983333333333334,16.79,2026-06-09_18-40-33_manyvids_clipboard.txt
ManyVids,ManyVids transaction,,Best Friend's Step-Mom Shows You How to Please SSBBW,Video 0289,Best Friend's Mom Teases You,Video,mapped,2026-05-24,2026-05-24,2026-05-21,master content release date,high,sale date,canonical transaction row,1.0,27.983333333333334,16.79,2026-06-09_18-40-33_manyvids_clipboard.txt
ManyVids,ManyVids transaction,,Best Friend's Step-Mom Shows You How to Please SSBBW,Video 0289,Best Friend's Mom Teases You,Video,mapped,2026-05-24,2026-05-24,2026-05-21,master content release date,high,sale date,canonical transaction row,1.0,27.983333333333334,16.79,2026-06-09_18-40-33_manyvids_clipboard.txt
ManyVids,ManyVids transaction,,Best Friend's Step-Mom Shows You How to Please SSBBW,Video 0289,Best Friend's Mom Teases You,Video,mapped,2026-05-23,2026-05-23,2026-05-21,master content release date,high,sale date,canonical transaction row,1.0,27.983333333333334,16.79,2026-06-09_18-40-33_manyvids_clipboard.txt
ManyVids,ManyVids transaction,,Best Friend's Step-Mom Shows You How to Please SSBBW,Video 0289,Best Friend's Mom Teases You,Video,mapped,2026-05-23,2026-05-23,2026-05-21,master content release date,high,sale date,canonical transaction row,1.0,27.983333333333334,16.79,2026-06-09_18-40-33_manyvids_clipboard.txt
ManyVids,ManyVids transaction,,Best Friend's Step-Mom Shows You How to Please SSBBW,Video 0289,Best Friend's Mom Teases You,Video,mapped,2026-05-23,2026-05-23,2026-05-21,master content release date,high,sale date,canonical transaction row,1.0,27.983333333333334,16.79,2026-06-09_18-40-33_manyvids_clipboard.txt
ManyVids,ManyVids transaction,,Fat Friend Wants to be Friends with Benefits,Video 0203,Friends With Benefits,Video,mapped,2026-05-23,2026-05-23,2023-11-18,master content release date,high,sale date,canonical transaction row,1.0,16.983333333333334,10.19,2026-06-09_18-40-33_manyvids_clipboard.txt
ManyVids,ManyVids transaction,,BBW Fucks and Sucks POV,Video 0092,POV Fucking and Sucking,Video,mapped,2026-05-23,2026-05-23,2020-06-14,master content release date,high,sale date,canonical transaction row,1.0,11.983333333333334,7.19,2026-06-09_18-40-33_manyvids_clipboard.txt
ManyVids,ManyVids transaction,,Fat Horny Housewife Cums and Rides Dildo,Video 0035,Big Horny Housewife,Video,mapped,2026-05-23,2026-05-23,2018-10-11,master content release date,high,sale date,canonical transaction row,1.0,4.983333333333334,2.99,2026-06-09_18-40-33_manyvids_clipboard.txt
ManyVids,ManyVids transaction,,Horny SSBBW Neighbor Wants to Get Pregnant POV,Video 0270,Neighbor Gets Bred,Video,mapped,2026-05-23,2026-05-23,2025-06-10,master content release date,high,sale date,canonical transaction row,1.0,20.983333333333334,12.59,2026-06-09_18-40-33_manyvids_clipboard.txt
ManyVids,ManyVids transaction,,Gaining SSBBW Wants to Reach 600lbs,Video 0288,Gaining SSBBW Wants to Reach 600lbs,Video,mapped,2026-05-21,2026-05-21,2026-05-04,master content release date,high,sale date,canonical transaction row,1.0,19.983333333333334,11.99,2026-06-09_18-40-33_manyvids_clipboard.txt
ManyVids,ManyVids transaction,,Gaining SSBBW Gets Horny While Stuffing Pizza,Video 0286,Stuffed and Horny,Video,mapped,2026-05-21,2026-05-21,2026-04-20,master content release date,high,sale date,canonical transaction row,1.0,36.983333333333334,22.19,2026-06-09_18-40-33_manyvids_clipboard.txt
ManyVids,ManyVids transaction,,Greedy SSBBW Rapid Growth Until Pop,Video 0282,Diet Pills Gone Wrong,Video,mapped,2026-05-20,2026-05-20,2026-02-22,master content release date,high,sale date,canonical transaction row,1.0,14.983333333333334,8.99,2026-06-09_18-40-33_manyvids_clipboard.txt
ManyVids,ManyVids transaction,,Greedy SSBBW Rapid Growth Until Pop,Video 0282,Diet Pills Gone Wrong,Video,mapped,2026-05-19,2026-05-19,2026-02-22,master content release date,high,sale date,canonical transaction row,1.0,14.983333333333334,8.99,2026-06-09_18-40-33_manyvids_clipboard.txt
ManyVids,ManyVids transaction,,Gaining SSBBW Wants to Reach 600lbs,Video 0288,Gaining SSBBW Wants to Reach 600lbs,Video,mapped,2026-05-17,2026-05-17,2026-05-04,master content release date,high,sale date,canonical transaction row,1.0,19.983333333333334,11.99,2026-06-09_18-40-33_manyvids_clipboard.txt
ManyVids,ManyVids transaction,,Gaining SSBBW Smokes and Shares Workout Routine,Video 0285,Exercise After Gaining,Video,mapped,2026-05-17,2026-05-17,2026-04-06,master content release date,high,sale date,canonical transaction row,1.0,27.983333333333334,16.79,2026-06-09_18-40-33_manyvids_clipboard.txt
ManyVids,ManyVids transaction,,Gassy SSBBW Giantess Vores You,Video 0281,Gassy Giantess Gobbles You Up,Video,mapped,2026-05-17,2026-05-17,2026-01-30,master content release date,high,sale date,canonical transaction row,1.0,24.983333333333334,14.99,2026-06-09_18-40-33_manyvids_clipboard.txt
ManyVids,ManyVids transaction,,BBW Dildo Riding and Facial Cumshot,Video 0133,Squirting Dildo Riding and Facial Cumshot,Video,mapped,2026-05-16,2026-05-16,2021-05-24,master content release date,high,sale date,canonical transaction row,1.0,12.983333333333334,7.79,2026-06-09_18-40-33_manyvids_clipboard.txt
ManyVids,ManyVids transaction,,BBW Morning Sex POV Solo,Video 0162,POV Morning Sex,Video,mapped,2026-05-16,2026-05-16,2022-03-29,master content release date,high,sale date,canonical transaction row,1.0,12.983333333333334,7.79,2026-06-09_18-40-33_manyvids_clipboard.txt
ManyVids,ManyVids transaction,,Fat Girl Walks in Sexy Black Bodystocking,Video 0187,Fat Girl Walks in Sexy Black Bodystocking,Video,mapped,2026-05-16,2026-05-16,2023-07-07,master content release date,high,sale date,canonical transaction row,1.0,14.983333333333334,8.99,2026-06-09_18-40-33_manyvids_clipboard.txt
ManyVids,ManyVids transaction,,SSBBW Ex Wants to Get Pregnant,Video 0249,SSBBW Ex Wants to Get Pregnant,Video,mapped,2026-05-16,2026-05-16,2024-10-27,master content release date,high,sale date,canonical transaction row,1.0,13.983333333333334,8.39,2026-06-09_18-40-33_manyvids_clipboard.txt
ManyVids,ManyVids transaction,,Fat Ass Clapping and Dildo Riding BBW,Video 0114,Ass Clapping and Dildo Riding,Video,mapped,2026-05-16,2026-05-16,2020-11-17,master content release date,high,sale date,canonical transaction row,1.0,10.983333333333334,6.59,2026-06-09_18-40-33_manyvids_clipboard.txt
ManyVids,ManyVids transaction,,Fat Witch Needs Your Cum for Her Potion,Video 0201,Witch's Brew,Video,mapped,2026-05-16,2026-05-16,2023-10-18,master content release date,high,sale date,canonical transaction row,1.0,15.983333333333334,9.59,2026-06-09_18-40-33_manyvids_clipboard.txt
ManyVids,ManyVids transaction,,Gaining SSBBW Wants to Reach 600lbs,Video 0288,Gaining SSBBW Wants to Reach 600lbs,Video,mapped,2026-05-16,2026-05-16,2026-05-04,master content release date,high,sale date,canonical transaction row,1.0,19.983333333333334,11.99,2026-06-09_18-40-33_manyvids_clipboard.txt
ManyVids,ManyVids transaction,,Gaining SSBBW Smoking and Kitchen Tour,Video 0287,The Diet of a Gaining SSBBW,Video,mapped,2026-05-14,2026-05-14,2026-04-27,master content release date,high,sale date,canonical transaction row,1.0,27.983333333333334,16.79,2026-06-09_18-40-33_manyvids_clipboard.txt
ManyVids,ManyVids transaction,,SSBBW Mrs. Claus Lets You Eat Ass and Pussy,Video 0208,SSBBW Mrs Claus Lets You Eat Ass and Pussy,Video,mapped,2026-05-14,2026-05-14,2023-12-27,master content release date,high,sale date,canonical transaction row,1.0,13.983333333333334,8.39,2026-06-09_18-40-33_manyvids_clipboard.txt
ManyVids,ManyVids transaction,,"SSBBW Giantess Teasing, Shrinking, and Vore",Video 0252,Resist Temptation or Get Swallowed,Video,mapped,2026-05-14,2026-05-14,2024-11-16,master content release date,high,sale date,canonical transaction row,1.0,24.983333333333334,14.99,2026-06-09_18-40-33_manyvids_clipboard.txt
ManyVids,ManyVids transaction,,Fat Horny Housewife Cums and Rides Dildo,Video 0035,Big Horny Housewife,Video,mapped,2026-05-13,2026-05-13,2018-10-11,master content release date,high,sale date,canonical transaction row,1.0,4.983333333333334,2.99,2026-06-09_18-40-33_manyvids_clipboard.txt
ManyVids,ManyVids transaction,,Gaining SSBBW Smokes and Shares Workout Routine,Video 0285,Exercise After Gaining,Video,mapped,2026-05-13,2026-05-13,2026-04-06,master content release date,high,sale date,canonical transaction row,1.0,27.983333333333334,16.79,2026-06-09_18-40-33_manyvids_clipboard.txt
ManyVids,ManyVids transaction,,Gaining SSBBW Wants to Reach 600lbs,Video 0288,Gaining SSBBW Wants to Reach 600lbs,Video,mapped,2026-05-13,2026-05-13,2026-05-04,master content release date,high,sale date,canonical transaction row,1.0,19.983333333333334,11.99,2026-06-09_18-40-33_manyvids_clipboard.txt
ManyVids,ManyVids transaction,,Gaining SSBBW Wants to Reach 600lbs,Video 0288,Gaining SSBBW Wants to Reach 600lbs,Video,mapped,2026-05-12,2026-05-12,2026-05-04,master content release date,high,sale date,canonical transaction row,1.0,19.983333333333334,11.99,2026-06-09_18-40-33_manyvids_clipboard.txt
ManyVids,ManyVids transaction,,Gaining SSBBW Wants to Reach 600lbs,Video 0288,Gaining SSBBW Wants to Reach 600lbs,Video,mapped,2026-05-12,2026-05-12,2026-05-04,master content release date,high,sale date,canonical transaction row,1.0,19.983333333333334,11.99,2026-06-09_18-40-33_manyvids_clipboard.txt
ManyVids,ManyVids transaction,,Gaining SSBBW Wants to Reach 600lbs,Video 0288,Gaining SSBBW Wants to Reach 600lbs,Video,mapped,2026-05-11,2026-05-11,2026-05-04,master content release date,high,sale date,canonical transaction row,1.0,19.983333333333334,11.99,2026-06-09_18-40-33_manyvids_clipboard.txt
ManyVids,ManyVids transaction,,Growing SSBBW Ex Rides You POV,Video 0280,Ex GF Got Fat - Holiday Hookup,Video,mapped,2026-05-11,2026-05-11,2025-12-26,master content release date,high,sale date,canonical transaction row,1.0,21.983333333333334,13.19,2026-06-09_18-40-33_manyvids_clipboard.txt
ManyVids,ManyVids transaction,,Greedy SSBBW Rapid Growth Until Pop,Video 0282,Diet Pills Gone Wrong,Video,mapped,2026-05-11,2026-05-11,2026-02-22,master content release date,high,sale date,canonical transaction row,1.0,14.983333333333334,8.99,2026-06-09_18-40-33_manyvids_clipboard.txt
ManyVids,ManyVids transaction,,BBW Fucks and Sucks POV,Video 0092,POV Fucking and Sucking,Video,mapped,2026-05-10,2026-05-10,2020-06-14,master content release date,high,sale date,canonical transaction row,1.0,11.983333333333334,7.19,2026-06-09_18-40-33_manyvids_clipboard.txt
ManyVids,ManyVids transaction,,Smelly SSBBW Makes You Worship Ass,Video 0228,Worship My Sweaty Ass,Video,mapped,2026-05-10,2026-05-10,2024-04-22,master content release date,high,sale date,canonical transaction row,1.0,20.983333333333334,12.59,2026-06-09_18-40-33_manyvids_clipboard.txt
ManyVids,ManyVids transaction,,SSBBW Slut Seduces You Into Impregnation POV,Video 0218,Seducing You Into Impregnation,Video,mapped,2026-05-10,2026-05-10,2024-03-15,master content release date,high,sale date,canonical transaction row,1.0,16.983333333333334,10.19,2026-06-09_18-40-33_manyvids_clipboard.txt
ManyVids,ManyVids transaction,,Gaining SSBBW Gets Horny While Stuffing Pizza,Video 0286,Stuffed and Horny,Video,mapped,2026-05-09,2026-05-09,2026-04-20,master content release date,high,sale date,canonical transaction row,1.0,36.983333333333334,22.19,2026-06-09_18-40-33_manyvids_clipboard.txt
ManyVids,ManyVids transaction,,Gassy SSBBW Ignores You and Stuffs,Video 0276,Hungry Girlfriend Ignores You,Video,mapped,2026-05-09,2026-05-09,2025-10-18,master content release date,high,sale date,canonical transaction row,1.0,15.983333333333334,9.59,2026-06-09_18-40-33_manyvids_clipboard.txt
ManyVids,ManyVids transaction,,Gaining SSBBW Wants to Reach 600lbs,Video 0288,Gaining SSBBW Wants to Reach 600lbs,Video,mapped,2026-05-09,2026-05-09,2026-05-04,master content release date,high,sale date,canonical transaction row,1.0,19.983333333333334,11.99,2026-06-09_18-40-33_manyvids_clipboard.txt
ManyVids,ManyVids transaction,,Horny SSBBW Fucks Fat Creamy Pussy,Video 0234,Fucking My Creamy Fat Pussy,Video,mapped,2026-05-08,2026-05-08,2024-05-13,master content release date,high,sale date,canonical transaction row,1.0,11.983333333333334,7.19,2026-06-09_18-40-33_manyvids_clipboard.txt
ManyVids,ManyVids transaction,,Growing SSBBW Ex Rides You POV,Video 0280,Ex GF Got Fat - Holiday Hookup,Video,mapped,2026-05-08,2026-05-08,2025-12-26,master content release date,high,sale date,canonical transaction row,1.0,21.983333333333334,13.19,2026-06-09_18-40-33_manyvids_clipboard.txt
ManyVids,ManyVids transaction,,Gaining SSBBW Dorothy Fucks Wizard POV,Video 0277,Dorothy Returns to Oz POV,Video,mapped,2026-05-08,2026-05-08,2025-11-14,master content release date,high,sale date,canonical transaction row,1.0,23.983333333333334,14.39,2026-06-09_18-40-33_manyvids_clipboard.txt
ManyVids,ManyVids transaction,,Gaining SSBBW Wife Fucks You POV,Video 0261,Wife Wants to Stop Gaining the Reboot,Video,mapped,2026-05-08,2026-05-08,2025-02-20,master content release date,high,sale date,canonical transaction row,1.0,21.983333333333334,13.19,2026-06-09_18-40-33_manyvids_clipboard.txt
ManyVids,ManyVids transaction,,Your Job Depends on How Well You Feed Me,Video 0283,HR Fatty Makes You Her Feeder POV,Video,mapped,2026-05-08,2026-05-08,2026-03-04,master content release date,high,sale date,canonical transaction row,1.0,19.983333333333334,11.99,2026-06-09_18-40-33_manyvids_clipboard.txt
ManyVids,ManyVids transaction,,SSBBW Burps and Farts While Stuffing,Video 0267,SSBBW Burps and Farts While Stuffing,Video,mapped,2026-05-08,2026-05-08,2025-04-16,master content release date,high,sale date,canonical transaction row,1.0,34.983333333333334,20.99,2026-06-09_18-40-33_manyvids_clipboard.txt
ManyVids,ManyVids transaction,,Cursed Cake Makes Greedy SSBBW Explode,Video 0271,Co-workers' Revenge: Cake Stuffing and Rapid Growth,Video,mapped,2026-05-08,2026-05-08,2025-07-21,master content release date,high,sale date,canonical transaction row,1.0,27.983333333333334,16.79,2026-06-09_18-40-33_manyvids_clipboard.txt
ManyVids,ManyVids transaction,,Gassy SSBBW Giantess Vores You,Video 0281,Gassy Giantess Gobbles You Up,Video,mapped,2026-05-08,2026-05-08,2026-01-30,master content release date,high,sale date,canonical transaction row,1.0,24.983333333333334,14.99,2026-06-09_18-40-33_manyvids_clipboard.txt
ManyVids,ManyVids transaction,,BBW Dildo Riding and Facial Cumshot,Video 0133,Squirting Dildo Riding and Facial Cumshot,Video,mapped,2026-05-07,2026-05-07,2021-05-24,master content release date,high,sale date,canonical transaction row,1.0,12.983333333333334,7.79,2026-06-09_18-40-33_manyvids_clipboard.txt
ManyVids,ManyVids transaction,,Gaining SSBBW Wants to Reach 600lbs,Video 0288,Gaining SSBBW Wants to Reach 600lbs,Video,mapped,2026-05-06,2026-05-06,2026-05-04,master content release date,high,sale date,canonical transaction row,1.0,19.983333333333334,11.99,2026-06-09_18-40-33_manyvids_clipboard.txt
ManyVids,ManyVids transaction,,Gaining SSBBW Wants to Reach 600lbs,Video 0288,Gaining SSBBW Wants to Reach 600lbs,Video,mapped,2026-05-06,2026-05-06,2026-05-04,master content release date,high,sale date,canonical transaction row,1.0,19.983333333333334,11.99,2026-06-09_18-40-33_manyvids_clipboard.txt
ManyVids,ManyVids transaction,,Gaining SSBBW Wants to Reach 600lbs,Video 0288,Gaining SSBBW Wants to Reach 600lbs,Video,mapped,2026-05-05,2026-05-05,2026-05-04,master content release date,high,sale date,canonical transaction row,1.0,19.983333333333334,11.99,2026-06-09_18-40-33_manyvids_clipboard.txt
ManyVids,ManyVids transaction,,Gaining SSBBW Gets Horny While Stuffing Pizza,Video 0286,Stuffed and Horny,Video,mapped,2026-05-05,2026-05-05,2026-04-20,master content release date,high,sale date,canonical transaction row,1.0,36.983333333333334,22.19,2026-06-09_18-40-33_manyvids_clipboard.txt
ManyVids,ManyVids transaction,,Gaining SSBBW Wants to Reach 600lbs,Video 0288,Gaining SSBBW Wants to Reach 600lbs,Video,mapped,2026-05-05,2026-05-05,2026-05-04,master content release date,high,sale date,canonical transaction row,1.0,19.983333333333334,11.99,2026-06-09_18-40-33_manyvids_clipboard.txt
ManyVids,ManyVids transaction,,Fat Dorothy Fucks You to Get to Kansas,Video 0059,Not in Kansas,Video,mapped,2026-05-05,2026-05-05,2019-11-01,master content release date,high,sale date,canonical transaction row,1.0,4.983333333333334,2.99,2026-06-09_18-40-33_manyvids_clipboard.txt
ManyVids,ManyVids transaction,,Gaining SSBBW Dorothy Fucks Wizard POV,Video 0277,Dorothy Returns to Oz POV,Video,mapped,2026-05-05,2026-05-05,2025-11-14,master content release date,high,sale date,canonical transaction row,1.0,23.983333333333334,14.39,2026-06-09_18-40-33_manyvids_clipboard.txt
ManyVids,ManyVids transaction,,Denim Shorts BBW Ass Worship,Video 0159,Jean Shorts Face-Sitting,Video,mapped,2026-05-05,2026-05-05,2022-01-28,master content release date,high,sale date,canonical transaction row,1.0,10.983333333333334,6.59,2026-06-09_18-40-33_manyvids_clipboard.txt
ManyVids,ManyVids transaction,,Cursed Cake Makes Greedy SSBBW Explode,Video 0271,Co-workers' Revenge: Cake Stuffing and Rapid Growth,Video,mapped,2026-05-05,2026-05-05,2025-07-21,master content release date,high,sale date,canonical transaction row,1.0,27.983333333333334,16.79,2026-06-09_18-40-33_manyvids_clipboard.txt
ManyVids,ManyVids transaction,,Chubby Hairy Pussy Play,Video 0063,Juicy Pussy Play,Video,mapped,2026-05-04,2026-05-04,2019-11-19,master content release date,high,sale date,canonical transaction row,1.0,4.983333333333334,2.99,2026-06-09_18-40-33_manyvids_clipboard.txt
ManyVids,ManyVids transaction,,Shy SSBBW Concierge Fucks You POV,Video 0243,Hotel Concierge Fucking POV,Video,mapped,2026-04-30,2026-04-30,2024-07-10,master content release date,high,sale date,canonical transaction row,1.0,17.983333333333334,10.79,2026-06-09_18-40-33_manyvids_clipboard.txt
ManyVids,ManyVids transaction,,Fat Horny Housewife Cums and Rides Dildo,Video 0035,Big Horny Housewife,Video,mapped,2026-04-30,2026-04-30,2018-10-11,master content release date,high,sale date,canonical transaction row,1.0,4.983333333333334,2.99,2026-06-09_18-40-33_manyvids_clipboard.txt
ManyVids,ManyVids transaction,,Hitachi Makes My Fat Pussy Squirt,Video 0056,Chubby Squirting Pussy,Video,mapped,2026-04-30,2026-04-30,2019-10-05,master content release date,high,sale date,canonical transaction row,1.0,4.983333333333334,2.99,2026-06-09_18-40-33_manyvids_clipboard.txt
ManyVids,ManyVids transaction,,Tight Dress Fat Bouncing,Video 0097,Tight Dress Belly Bouncing,Video,mapped,2026-04-30,2026-04-30,2020-07-26,master content release date,high,sale date,canonical transaction row,1.0,5.983333333333333,3.59,2026-06-09_18-40-33_manyvids_clipboard.txt
ManyVids,ManyVids transaction,,SSBBW Hanging Belly and Fat Clapping,Video 0215,Heavy Hanging Belly,Video,mapped,2026-04-30,2026-04-30,2024-03-09,master content release date,high,sale date,canonical transaction row,1.0,13.983333333333334,8.39,2026-06-09_18-40-33_manyvids_clipboard.txt
ManyVids,ManyVids transaction,,Gassy SSBBW Ignores You and Stuffs,Video 0276,Hungry Girlfriend Ignores You,Video,mapped,2026-04-30,2026-04-30,2025-10-18,master content release date,high,sale date,canonical transaction row,1.0,15.983333333333334,9.59,2026-06-09_18-40-33_manyvids_clipboard.txt
ManyVids,ManyVids transaction,,Gaining SSBBW Smokes and Shares Workout Routine,Video 0285,Exercise After Gaining,Video,mapped,2026-04-29,2026-04-29,2026-04-06,master content release date,high,sale date,canonical transaction row,1.0,27.983333333333334,16.79,2026-06-09_18-40-33_manyvids_clipboard.txt
ManyVids,ManyVids transaction,,Fat Horny Housewife Cums and Rides Dildo,Video 0035,Big Horny Housewife,Video,mapped,2026-04-28,2026-04-28,2018-10-11,master content release date,high,sale date,canonical transaction row,1.0,4.983333333333334,2.99,2026-06-09_18-40-33_manyvids_clipboard.txt
ManyVids,ManyVids transaction,,Gaining SSBBW Smoking and Kitchen Tour,Video 0287,The Diet of a Gaining SSBBW,Video,mapped,2026-04-28,2026-04-28,2026-04-27,master content release date,high,sale date,canonical transaction row,1.0,27.983333333333334,16.79,2026-06-09_18-40-33_manyvids_clipboard.txt
ManyVids,ManyVids transaction,,Gaining SSBBW Gets Horny While Stuffing Pizza,Video 0286,Stuffed and Horny,Video,mapped,2026-04-26,2026-04-26,2026-04-20,master content release date,high,sale date,canonical transaction row,1.0,36.983333333333334,22.19,2026-06-09_18-40-33_manyvids_clipboard.txt
ManyVids,ManyVids transaction,,Gaining SSBBW Gets Horny While Stuffing Pizza,Video 0286,Stuffed and Horny,Video,mapped,2026-04-26,2026-04-26,2026-04-20,master content release date,high,sale date,canonical transaction row,1.0,36.983333333333334,22.19,2026-06-09_18-40-33_manyvids_clipboard.txt
ManyVids,ManyVids transaction,,Fat Party Girl Gets Wrong Room POV Solo,Video 0153,Fat Party Girl Gets the Wrong Room,Video,mapped,2026-04-25,2026-04-25,2021-11-14,master content release date,high,sale date,canonical transaction row,1.0,11.983333333333334,7.19,2026-06-09_18-40-33_manyvids_clipboard.txt
ManyVids,ManyVids transaction,,SSBBW Ex Wants to Get Pregnant,Video 0249,SSBBW Ex Wants to Get Pregnant,Video,mapped,2026-04-25,2026-04-25,2024-10-27,master content release date,high,sale date,canonical transaction row,1.0,13.983333333333334,8.39,2026-06-09_18-40-33_manyvids_clipboard.txt
ManyVids,ManyVids transaction,,BBW Stripper Lets You Fuck in VIP,Video 0143,Stripper Lets You Fuck in VIP - POV solo,Video,mapped,2026-04-25,2026-04-25,2021-09-03,master content release date,high,sale date,canonical transaction row,1.0,12.983333333333334,7.79,2026-06-09_18-40-33_manyvids_clipboard.txt
ManyVids,ManyVids transaction,,Creampie My Fat Creamy Pussy,Video 0126,Creampie My Pussy,Video,mapped,2026-04-24,2026-04-24,2021-03-25,master content release date,high,sale date,canonical transaction row,1.0,16.983333333333334,10.19,2026-06-09_18-40-33_manyvids_clipboard.txt
ManyVids,ManyVids transaction,,Greedy SSBBW Stuffs Whole Thanksgiving Dinner,Video 0279,Greedy SSBBW Stuffs Whole Thanksgiving Dinner,Video,mapped,2026-04-23,2026-04-23,2025-12-01,master content release date,high,sale date,canonical transaction row,1.0,31.983333333333338,19.19,2026-06-09_18-40-33_manyvids_clipboard.txt
ManyVids,ManyVids transaction,,Gaining SSBBW Gets Horny While Stuffing Pizza,Video 0286,Stuffed and Horny,Video,mapped,2026-04-22,2026-04-22,2026-04-20,master content release date,high,sale date,canonical transaction row,1.0,36.983333333333334,22.19,2026-06-09_18-40-33_manyvids_clipboard.txt
ManyVids,ManyVids transaction,,Gaining SSBBW Smokes and Shares Workout Routine,Video 0285,Exercise After Gaining,Video,mapped,2026-04-22,2026-04-22,2026-04-06,master content release date,high,sale date,canonical transaction row,1.0,27.983333333333334,16.79,2026-06-09_18-40-33_manyvids_clipboard.txt
ManyVids,ManyVids transaction,,Gaining SSBBW Gets Horny While Stuffing Pizza,Video 0286,Stuffed and Horny,Video,mapped,2026-04-22,2026-04-22,2026-04-20,master content release date,high,sale date,canonical transaction row,1.0,36.983333333333334,22.19,2026-06-09_18-40-33_manyvids_clipboard.txt
ManyVids,ManyVids transaction,,Gaining SSBBW Gets Horny While Stuffing Pizza,Video 0286,Stuffed and Horny,Video,mapped,2026-04-22,2026-04-22,2026-04-20,master content release date,high,sale date,canonical transaction row,1.0,36.983333333333334,22.19,2026-06-09_18-40-33_manyvids_clipboard.txt
ManyVids,ManyVids transaction,,Gaining SSBBW Gets Horny While Stuffing Pizza,Video 0286,Stuffed and Horny,Video,mapped,2026-04-22,2026-04-22,2026-04-20,master content release date,high,sale date,canonical transaction row,1.0,36.983333333333334,22.19,2026-06-09_18-40-33_manyvids_clipboard.txt
ManyVids,ManyVids transaction,,Gaining SSBBW Gets Horny While Stuffing Pizza,Video 0286,Stuffed and Horny,Video,mapped,2026-04-21,2026-04-21,2026-04-20,master content release date,high,sale date,canonical transaction row,1.0,36.983333333333334,22.19,2026-06-09_18-40-33_manyvids_clipboard.txt
ManyVids,ManyVids transaction,,Stuffed SSBBW Wife Wants to Fuck,Video 0247,Anniversary Fuck POV,Video,mapped,2026-04-21,2026-04-21,2024-07-25,master content release date,high,sale date,canonical transaction row,1.0,19.983333333333334,11.99,2026-06-09_18-40-33_manyvids_clipboard.txt
ManyVids,ManyVids transaction,,BBW Rides Your Face and Cock POV,Video 0130,Riding Your Face and Your Cock POV,Video,mapped,2026-04-21,2026-04-21,2021-04-29,master content release date,high,sale date,canonical transaction row,1.0,13.983333333333334,8.39,2026-06-09_18-40-33_manyvids_clipboard.txt
ManyVids,ManyVids transaction,,SSBBW Giantess Rubs Pussy on You,Video 0239,SSBBW Giantess Rubs Pussy on You,Video,mapped,2026-04-21,2026-04-21,2024-06-21,master content release date,high,sale date,canonical transaction row,1.0,14.983333333333334,8.99,2026-06-09_18-40-33_manyvids_clipboard.txt
ManyVids,ManyVids transaction,,Horny SSBBW Fucks Fat Creamy Pussy,Video 0234,Fucking My Creamy Fat Pussy,Video,mapped,2026-04-21,2026-04-21,2024-05-13,master content release date,high,sale date,canonical transaction row,1.0,11.983333333333334,7.19,2026-06-09_18-40-33_manyvids_clipboard.txt
ManyVids,ManyVids transaction,,Shy SSBBW Concierge Fucks You POV,Video 0243,Hotel Concierge Fucking POV,Video,mapped,2026-04-20,2026-04-20,2024-07-10,master content release date,high,sale date,canonical transaction row,1.0,17.983333333333334,10.79,2026-06-09_18-40-33_manyvids_clipboard.txt
ManyVids,ManyVids transaction,,Fat Ass SSBBW Masturbates for You,Video 0236,Teasing You in My Mini Skirt,Video,mapped,2026-04-17,2026-04-17,2024-06-07,master content release date,high,sale date,canonical transaction row,1.0,10.983333333333334,6.59,2026-06-09_18-40-33_manyvids_clipboard.txt
ManyVids,ManyVids transaction,,Fat Witch Needs Your Cum for Her Potion,Video 0201,Witch's Brew,Video,mapped,2026-04-17,2026-04-17,2023-10-18,master content release date,high,sale date,canonical transaction row,1.0,15.983333333333334,9.59,2026-06-09_18-40-33_manyvids_clipboard.txt
ManyVids,ManyVids transaction,,Horny SSBBW Squirts on First Date POV,Video 0225,Squirting on the First Date,Video,mapped,2026-04-17,2026-04-17,2024-04-10,master content release date,high,sale date,canonical transaction row,1.0,21.983333333333334,13.19,2026-06-09_18-40-33_manyvids_clipboard.txt
ManyVids,ManyVids transaction,,BBW Wants You to Stroke for Her Fat,Video 0047,Fat Girl in Skimpy Lingerie,Video,mapped,2026-04-17,2026-04-17,2019-05-28,master content release date,high,sale date,canonical transaction row,1.0,4.983333333333334,2.99,2026-06-09_18-40-33_manyvids_clipboard.txt
ManyVids,ManyVids transaction,,Fatty Cums in Fishnet Dress,Video 0042,Lady in Black,Video,mapped,2026-04-17,2026-04-17,2019-03-21,master content release date,high,sale date,canonical transaction row,1.0,4.983333333333334,2.99,2026-06-09_18-40-33_manyvids_clipboard.txt
ManyVids,ManyVids transaction,,SSBBW Solo POV BJ and Fuck,Video 0188,SSBBW Solo POV BJ and Fuck,Video,mapped,2026-04-17,2026-04-17,2023-07-21,master content release date,high,sale date,canonical transaction row,1.0,13.983333333333334,8.39,2026-06-09_18-40-33_manyvids_clipboard.txt
ManyVids,ManyVids transaction,,SSBBW Ex Wants to Get Pregnant,Video 0249,SSBBW Ex Wants to Get Pregnant,Video,mapped,2026-04-17,2026-04-17,2024-10-27,master content release date,high,sale date,canonical transaction row,1.0,13.983333333333334,8.39,2026-06-09_18-40-33_manyvids_clipboard.txt
ManyVids,ManyVids transaction,,BBW Squirts in Fishnet Stockings,Video 0024,Squirting and Fishnets,Video,mapped,2026-04-17,2026-04-17,2018-01-10,master content release date,high,sale date,canonical transaction row,1.0,4.983333333333334,2.99,2026-06-09_18-40-33_manyvids_clipboard.txt
ManyVids,ManyVids transaction,,Fat Horny Housewife Cums and Rides Dildo,Video 0035,Big Horny Housewife,Video,mapped,2026-04-17,2026-04-17,2018-10-11,master content release date,high,sale date,canonical transaction row,1.0,4.983333333333334,2.99,2026-06-09_18-40-33_manyvids_clipboard.txt
ManyVids,ManyVids transaction,,BBW in White Lace Fucks Purple Dildo,Video 0037,Fat Goddess Fucks Pussy,Video,mapped,2026-04-17,2026-04-17,2018-11-19,master content release date,high,sale date,canonical transaction row,1.0,4.983333333333334,2.99,2026-06-09_18-40-33_manyvids_clipboard.txt
ManyVids,ManyVids transaction,,Obese GF Wants V-Day Dick,Video 0041,I Need V-day Dick,Video,mapped,2026-04-17,2026-04-17,2019-02-18,master content release date,high,sale date,canonical transaction row,1.0,4.983333333333334,2.99,2026-06-09_18-40-33_manyvids_clipboard.txt
ManyVids,ManyVids transaction,,Fatty Cums in Fishnet Dress,Video 0042,Lady in Black,Video,mapped,2026-04-17,2026-04-17,2019-03-21,master content release date,high,sale date,canonical transaction row,1.0,4.983333333333334,2.99,2026-06-09_18-40-33_manyvids_clipboard.txt
ManyVids,ManyVids transaction,,BBW Makes Her Hairy Pussy Cum,Video 0045,Lady Loves to Play,Video,mapped,2026-04-17,2026-04-17,2019-04-30,master content release date,high,sale date,canonical transaction row,1.0,4.983333333333334,2.99,2026-06-09_18-40-33_manyvids_clipboard.txt
ManyVids,ManyVids transaction,,BBW Wants You to Stroke for Her Fat,Video 0047,Fat Girl in Skimpy Lingerie,Video,mapped,2026-04-17,2026-04-17,2019-05-28,master content release date,high,sale date,canonical transaction row,1.0,4.983333333333334,2.99,2026-06-09_18-40-33_manyvids_clipboard.txt
ManyVids,ManyVids transaction,,Creamy BBW Pussy Begs for Your Load,Video 0049,Sexy Soft Curves,Video,mapped,2026-04-17,2026-04-17,2019-07-26,master content release date,high,sale date,canonical transaction row,1.0,4.983333333333334,2.99,2026-06-09_18-40-33_manyvids_clipboard.txt
ManyVids,ManyVids transaction,,Jack Off To My Fat Body,Video 0050,Jack Off To My Fat,Video,mapped,2026-04-17,2026-04-17,2019-08-07,master content release date,high,sale date,canonical transaction row,1.0,4.983333333333334,2.99,2026-06-09_18-40-33_manyvids_clipboard.txt
ManyVids,ManyVids transaction,,Hitachi Makes My Fat Pussy Squirt,Video 0056,Chubby Squirting Pussy,Video,mapped,2026-04-17,2026-04-17,2019-10-05,master content release date,high,sale date,canonical transaction row,1.0,4.983333333333334,2.99,2026-06-09_18-40-33_manyvids_clipboard.txt
ManyVids,ManyVids transaction,,Sexy BBW Begs for Your Cock,Video 0058,Begging for Your Cock,Video,mapped,2026-04-17,2026-04-17,2019-10-24,master content release date,high,sale date,canonical transaction row,1.0,4.983333333333334,2.99,2026-06-09_18-40-33_manyvids_clipboard.txt
ManyVids,ManyVids transaction,,Touring My Fat Jiggly Body,Video 0057,Touring My Fat Jiggly Body,Video,mapped,2026-04-17,2026-04-17,2019-10-23,master content release date,high,sale date,canonical transaction row,1.0,4.983333333333334,2.99,2026-06-09_18-40-33_manyvids_clipboard.txt
ManyVids,ManyVids transaction,,BBW Covered in Oil - Full Nude Version,exact-title:bbw-covered-in-oil-full-nude-version,BBW Covered in Oil - Full Nude Version,Video,auto exact-title,2026-04-17,2026-04-17,2026-04-17,sale date,low,sale date,canonical transaction row,1.0,7.983333333333333,4.79,2026-06-09_18-40-33_manyvids_clipboard.txt
ManyVids,ManyVids transaction,,Fat Girl Pillow Grinding and Moaning,Video 0079,Horny Pillow Grinding,Video,mapped,2026-04-17,2026-04-17,2020-04-11,master content release date,high,sale date,canonical transaction row,1.0,8.983333333333333,5.39,2026-06-09_18-40-33_manyvids_clipboard.txt
ManyVids,ManyVids transaction,,BBW Begs for Your Cum on Her Hairy Pussy,Video 0080,Cum in My Hairy Pussy,Video,mapped,2026-04-17,2026-04-17,2020-04-19,master content release date,high,sale date,canonical transaction row,1.0,5.983333333333333,3.59,2026-06-09_18-40-33_manyvids_clipboard.txt
ManyVids,ManyVids transaction,,Flopping My Fat Around,Video 0082,Flopping My Fat Around,Video,mapped,2026-04-17,2026-04-17,2020-04-25,master content release date,high,sale date,canonical transaction row,1.0,7.983333333333333,4.79,2026-06-09_18-40-33_manyvids_clipboard.txt
ManyVids,ManyVids transaction,,Chubby Pussy Fucked with a Glass Toy,Video 0117,Cozy Winter Pussy Play,Video,mapped,2026-04-17,2026-04-17,2020-12-13,master content release date,high,sale date,canonical transaction row,1.0,7.983333333333333,4.79,2026-06-09_18-40-33_manyvids_clipboard.txt
ManyVids,ManyVids transaction,,Your Cum Makes Me Gain,Video 0119,Your Cum Makes Me Gain,Video,mapped,2026-04-17,2026-04-17,2021-01-03,master content release date,high,sale date,canonical transaction row,1.0,11.983333333333334,7.19,2026-06-09_18-40-33_manyvids_clipboard.txt
ManyVids,ManyVids transaction,,BBW Spread and Begging for Anal,Video 0145,Spread and Begging for Anal,Video,mapped,2026-04-17,2026-04-17,2021-09-17,master content release date,high,sale date,canonical transaction row,1.0,13.983333333333334,8.39,2026-06-09_18-40-33_manyvids_clipboard.txt
ManyVids,ManyVids transaction,,Fat Pussy Dripping on Your Face,Video 0149,Dripping On Your Face,Video,mapped,2026-04-17,2026-04-17,2021-10-09,master content release date,high,sale date,canonical transaction row,1.0,13.983333333333334,8.39,2026-06-09_18-40-33_manyvids_clipboard.txt
ManyVids,ManyVids transaction,,Fat Party Girl Gets Wrong Room POV Solo,Video 0153,Fat Party Girl Gets the Wrong Room,Video,mapped,2026-04-17,2026-04-17,2021-11-14,master content release date,high,sale date,canonical transaction row,1.0,11.983333333333334,7.19,2026-06-09_18-40-33_manyvids_clipboard.txt
ManyVids,ManyVids transaction,,Kneel and Eat My Fat BBW Pussy,Video 0163,Kneel and Eat My Fat Pussy,Video,mapped,2026-04-17,2026-04-17,2022-05-07,master content release date,high,sale date,canonical transaction row,1.0,16.983333333333334,10.19,2026-06-09_18-40-33_manyvids_clipboard.txt
ManyVids,ManyVids transaction,,Horny SSBBW Fucks Fat Creamy Pussy,Video 0234,Fucking My Creamy Fat Pussy,Video,mapped,2026-04-17,2026-04-17,2024-05-13,master content release date,high,sale date,canonical transaction row,1.0,11.983333333333334,7.19,2026-06-09_18-40-33_manyvids_clipboard.txt
ManyVids,ManyVids transaction,,SSBBW Oiled Up Jiggling and Bouncing,Video 0238,SSBBW Oiled Up Jiggling and Bouncing,Video,mapped,2026-04-17,2026-04-17,2024-06-14,master content release date,high,sale date,canonical transaction row,1.0,19.983333333333334,11.99,2026-06-09_18-40-33_manyvids_clipboard.txt
ManyVids,ManyVids transaction,,Dominant Boss Makes You Worship Belly,Video 0245,Belly Worship to Keep Your Job,Video,mapped,2026-04-17,2026-04-17,2024-07-18,master content release date,high,sale date,canonical transaction row,1.0,15.983333333333334,9.59,2026-06-09_18-40-33_manyvids_clipboard.txt
ManyVids,ManyVids transaction,,"BBW Bouncing, Twerking, and Grinding",Video 0052,Bouncing Twerking and Grinding,Video,mapped,2026-04-16,2026-04-16,2019-09-03,master content release date,high,sale date,canonical transaction row,1.0,4.983333333333334,2.99,2026-06-09_18-40-33_manyvids_clipboard.txt
ManyVids,ManyVids transaction,,Horny SSBBW Neighbor Wants to Get Pregnant POV,Video 0270,Neighbor Gets Bred,Video,mapped,2026-04-14,2026-04-14,2025-06-10,master content release date,high,sale date,canonical transaction row,1.0,20.983333333333334,12.59,2026-06-09_18-40-33_manyvids_clipboard.txt
ManyVids,ManyVids transaction,,SSBBW Burps and Farts While Stuffing,Video 0267,SSBBW Burps and Farts While Stuffing,Video,mapped,2026-04-14,2026-04-14,2025-04-16,master content release date,high,sale date,canonical transaction row,1.0,34.983333333333334,20.99,2026-06-09_18-40-33_manyvids_clipboard.txt
ManyVids,ManyVids transaction,,Gaining SSBBW Mistress Teases You POV,Video 0242,Crawling Back to Your Fat Mistress,Video,mapped,2026-04-13,2026-04-13,2024-07-04,master content release date,high,sale date,canonical transaction row,1.0,12.983333333333334,7.79,2026-06-09_18-40-33_manyvids_clipboard.txt
ManyVids,ManyVids transaction,,SSBBW Jiggles Fat for Your Cum Part 2,Video 0257,Cum for My Fat Part 2,Video,mapped,2026-04-13,2026-04-13,2024-12-11,master content release date,high,sale date,canonical transaction row,1.0,16.983333333333334,10.19,2026-06-09_18-40-33_manyvids_clipboard.txt
ManyVids,ManyVids transaction,,Hitachi Makes My Fat Pussy Squirt,Video 0056,Chubby Squirting Pussy,Video,mapped,2026-04-11,2026-04-11,2019-10-05,master content release date,high,sale date,canonical transaction row,1.0,4.983333333333334,2.99,2026-06-09_18-40-33_manyvids_clipboard.txt
ManyVids,ManyVids transaction,,Gassy SSBBW Giantess Vores You,Video 0281,Gassy Giantess Gobbles You Up,Video,mapped,2026-04-10,2026-04-10,2026-01-30,master content release date,high,sale date,canonical transaction row,1.0,24.983333333333334,14.99,2026-06-09_18-40-33_manyvids_clipboard.txt
ManyVids,ManyVids transaction,,Gluttonous Girlfriend Can't Hold Back Farts,Video 0284,Stuffed Girlfriend Gets Gassy,Video,mapped,2026-04-10,2026-04-10,2026-03-11,master content release date,high,sale date,canonical transaction row,1.0,19.983333333333334,11.99,2026-06-09_18-40-33_manyvids_clipboard.txt
ManyVids,ManyVids transaction,,Gaining SSBBW Smokes and Shares Workout Routine,Video 0285,Exercise After Gaining,Video,mapped,2026-04-09,2026-04-09,2026-04-06,master content release date,high,sale date,canonical transaction row,1.0,27.983333333333334,16.79,2026-06-09_18-40-33_manyvids_clipboard.txt
ManyVids,ManyVids transaction,,Fat Friend Wants to be Friends with Benefits,Video 0203,Friends With Benefits,Video,mapped,2026-04-08,2026-04-08,2023-11-18,master content release date,high,sale date,canonical transaction row,1.0,16.983333333333334,10.19,2026-06-09_18-40-33_manyvids_clipboard.txt
ManyVids,ManyVids transaction,,Gaining SSBBW Smokes and Shares Workout Routine,Video 0285,Exercise After Gaining,Video,mapped,2026-04-06,2026-04-06,2026-04-06,master content release date,high,sale date,canonical transaction row,1.0,27.983333333333334,16.79,2026-06-09_18-40-33_manyvids_clipboard.txt
ManyVids,ManyVids transaction,,Gaining SSBBW Smokes and Shares Workout Routine,Video 0285,Exercise After Gaining,Video,mapped,2026-04-06,2026-04-06,2026-04-06,master content release date,high,sale date,canonical transaction row,1.0,27.983333333333334,16.79,2026-06-09_18-40-33_manyvids_clipboard.txt
ManyVids,ManyVids transaction,,SSBBW Squashes You Under Ass and Feet,Video 0273,SSBBW Squashes You Under Ass and Feet,Video,mapped,2026-04-06,2026-04-06,2025-08-09,master content release date,high,sale date,canonical transaction row,1.0,17.983333333333334,10.79,2026-06-09_18-40-33_manyvids_clipboard.txt
ManyVids,ManyVids transaction,,Your Job Depends on How Well You Feed Me,Video 0283,HR Fatty Makes You Her Feeder POV,Video,mapped,2026-04-06,2026-04-06,2026-03-04,master content release date,high,sale date,canonical transaction row,1.0,19.983333333333334,11.99,2026-06-09_18-40-33_manyvids_clipboard.txt
ManyVids,ManyVids transaction,,BBW Catwalk in Bodystocking Dress,Video 0102,Hot Pink Catwalk and Fat Bouncing,Video,mapped,2026-04-06,2026-04-06,2020-08-23,master content release date,high,sale date,canonical transaction row,1.0,7.983333333333333,4.79,2026-06-09_18-40-33_manyvids_clipboard.txt
ManyVids,ManyVids transaction,,SSBBW Hanging Belly and Fat Clapping,Video 0215,Heavy Hanging Belly,Video,mapped,2026-04-06,2026-04-06,2024-03-09,master content release date,high,sale date,canonical transaction row,1.0,13.983333333333334,8.39,2026-06-09_18-40-33_manyvids_clipboard.txt
ManyVids,ManyVids transaction,,BBW Catwalk Bounce and Tease in Heels,Video 0165,BBW Catwalk Bounce and Tease in Heels,Video,mapped,2026-04-06,2026-04-06,2022-11-29,master content release date,high,sale date,canonical transaction row,1.0,16.983333333333334,10.19,2026-06-09_18-40-33_manyvids_clipboard.txt
ManyVids,ManyVids transaction,,Hot Fatty Fucks Dildo in the Shower,Video 0110,Solo Shower Sex,Video,mapped,2026-04-06,2026-04-06,2020-10-18,master content release date,high,sale date,canonical transaction row,1.0,10.983333333333334,6.59,2026-06-09_18-40-33_manyvids_clipboard.txt
ManyVids,ManyVids transaction,,SSBBW Plays with Fat Pussy and Bounces,Video 0174,Bouncing on Your Cock,Video,mapped,2026-04-06,2026-04-06,2023-03-15,master content release date,high,sale date,canonical transaction row,1.0,13.983333333333334,8.39,2026-06-09_18-40-33_manyvids_clipboard.txt
ManyVids,ManyVids transaction,,Gaining SSBBW Makes Her Buttons Pop,Video 0240,Gaining SSBBW Makes Her Buttons Pop,Video,mapped,2026-04-06,2026-04-06,2024-06-25,master content release date,high,sale date,canonical transaction row,1.0,14.983333333333334,8.99,2026-06-09_18-40-33_manyvids_clipboard.txt
ManyVids,ManyVids transaction,,Oiled BBW Slides Naked on Air Mattress,Video 0104,Oiled BBW Slides Naked on Air Mattress,Video,mapped,2026-04-06,2026-04-06,2020-09-14,master content release date,high,sale date,canonical transaction row,1.0,10.983333333333334,6.59,2026-06-09_18-40-33_manyvids_clipboard.txt
ManyVids,ManyVids transaction,,Sexy BBW Oiling Up Her Fat,Video 0139,Oiling Up My Fat,Video,mapped,2026-04-06,2026-04-06,2021-07-12,master content release date,high,sale date,canonical transaction row,1.0,16.983333333333334,10.19,2026-06-09_18-40-33_manyvids_clipboard.txt
ManyVids,ManyVids transaction,,SSBBW Loves Being Bigger Than You Part 2,Video 0206,Bigger Than You Tease Part 2,Video,mapped,2026-04-06,2026-04-06,2023-12-11,master content release date,high,sale date,canonical transaction row,1.0,16.983333333333334,10.19,2026-06-09_18-40-33_manyvids_clipboard.txt
ManyVids,ManyVids transaction,,Growing SSBBW Ex Rides You POV,Video 0280,Ex GF Got Fat - Holiday Hookup,Video,mapped,2026-04-05,2026-04-05,2025-12-26,master content release date,high,sale date,canonical transaction row,1.0,21.983333333333334,13.19,2026-06-09_18-40-33_manyvids_clipboard.txt
ManyVids,ManyVids transaction,,Greedy SSBBW Rapid Growth Until Pop,Video 0282,Diet Pills Gone Wrong,Video,mapped,2026-04-05,2026-04-05,2026-02-22,master content release date,high,sale date,canonical transaction row,1.0,14.983333333333334,8.99,2026-06-09_18-40-33_manyvids_clipboard.txt
ManyVids,ManyVids transaction,,Greedy SSBBW Rapid Growth Until Pop,Video 0282,Diet Pills Gone Wrong,Video,mapped,2026-04-05,2026-04-05,2026-02-22,master content release date,high,sale date,canonical transaction row,1.0,14.983333333333334,8.99,2026-06-09_18-40-33_manyvids_clipboard.txt
ManyVids,ManyVids transaction,,SSBBW Oiled Up Jiggling and Bouncing,Video 0238,SSBBW Oiled Up Jiggling and Bouncing,Video,mapped,2026-04-04,2026-04-04,2024-06-14,master content release date,high,sale date,canonical transaction row,1.0,19.983333333333334,11.99,2026-06-09_18-40-33_manyvids_clipboard.txt
ManyVids,ManyVids transaction,,SSBBW Jiggles Fat for Your Cum Part 2,Video 0257,Cum for My Fat Part 2,Video,mapped,2026-04-04,2026-04-04,2024-12-11,master content release date,high,sale date,canonical transaction row,1.0,16.983333333333334,10.19,2026-06-09_18-40-33_manyvids_clipboard.txt
ManyVids,ManyVids transaction,,Your Job Depends on How Well You Feed Me,Video 0283,HR Fatty Makes You Her Feeder POV,Video,mapped,2026-04-03,2026-04-03,2026-03-04,master content release date,high,sale date,canonical transaction row,1.0,19.983333333333334,11.99,2026-06-09_18-40-33_manyvids_clipboard.txt
ManyVids,ManyVids transaction,,Gaining SSBBW Dorothy Fucks Wizard POV,Video 0277,Dorothy Returns to Oz POV,Video,mapped,2026-04-02,2026-04-02,2025-11-14,master content release date,high,sale date,canonical transaction row,1.0,23.983333333333334,14.39,2026-06-09_18-40-33_manyvids_clipboard.txt
ManyVids,ManyVids transaction,,SSBBW Burps and Farts While Stuffing,Video 0267,SSBBW Burps and Farts While Stuffing,Video,mapped,2026-04-02,2026-04-02,2025-04-16,master content release date,high,sale date,canonical transaction row,1.0,34.983333333333334,20.99,2026-06-09_18-40-33_manyvids_clipboard.txt
ManyVids,ManyVids transaction,,Gaining SSBBW Stuffs Face Post-Workout,Video 0264,After-Gym Stuffing,Video,mapped,2026-04-02,2026-04-02,2025-03-10,master content release date,high,sale date,canonical transaction row,1.0,19.983333333333334,11.99,2026-06-09_18-40-33_manyvids_clipboard.txt
ManyVids,ManyVids transaction,,Growing SSBBW Belly and Ass Worship,Video 0255,Worship My Sweaty Fat,Video,mapped,2026-04-02,2026-04-02,2024-12-04,master content release date,high,sale date,canonical transaction row,1.0,24.983333333333334,14.99,2026-06-09_18-40-33_manyvids_clipboard.txt
ManyVids,ManyVids transaction,,Greedy SSBBW Rapid Growth Until Pop,Video 0282,Diet Pills Gone Wrong,Video,mapped,2026-04-02,2026-04-02,2026-02-22,master content release date,high,sale date,canonical transaction row,1.0,14.983333333333334,8.99,2026-06-09_18-40-33_manyvids_clipboard.txt
ManyVids,ManyVids transaction,,Greedy SSBBW Girlfriend Vores You POV,Video 0259,Boyfriend Gets Vored,Video,mapped,2026-04-02,2026-04-02,2024-12-23,master content release date,high,sale date,canonical transaction row,1.0,21.983333333333334,13.19,2026-06-09_18-40-33_manyvids_clipboard.txt
ManyVids,ManyVids transaction,,Gaining SSBBW Dorothy Fucks Wizard POV,Video 0277,Dorothy Returns to Oz POV,Video,mapped,2026-04-02,2026-04-02,2025-11-14,master content release date,high,sale date,canonical transaction row,1.0,23.983333333333334,14.39,2026-06-09_18-40-33_manyvids_clipboard.txt
ManyVids,ManyVids transaction,,Stuffed SSBBW Wife Wants to Fuck,Video 0247,Anniversary Fuck POV,Video,mapped,2026-04-02,2026-04-02,2024-07-25,master content release date,high,sale date,canonical transaction row,1.0,19.983333333333334,11.99,2026-06-09_18-40-33_manyvids_clipboard.txt
ManyVids,ManyVids transaction,,Growing SSBBW Ex Rides You POV,Video 0280,Ex GF Got Fat - Holiday Hookup,Video,mapped,2026-04-01,2026-04-01,2025-12-26,master content release date,high,sale date,canonical transaction row,1.0,21.983333333333334,13.19,2026-06-09_18-40-33_manyvids_clipboard.txt
ManyVids,ManyVids transaction,,SSBBW Slut Seduces You Into Impregnation POV,Video 0218,Seducing You Into Impregnation,Video,mapped,2026-03-29,2026-03-29,2024-03-15,master content release date,high,sale date,canonical transaction row,1.0,16.983333333333334,10.19,2026-06-09_18-40-33_manyvids_clipboard.txt
ManyVids,ManyVids transaction,,Your Job Depends on How Well You Feed Me,Video 0283,HR Fatty Makes You Her Feeder POV,Video,mapped,2026-03-29,2026-03-29,2026-03-04,master content release date,high,sale date,canonical transaction row,1.0,19.983333333333334,11.99,2026-06-09_18-40-33_manyvids_clipboard.txt
ManyVids,ManyVids transaction,,Horny SSBBW Squirts on First Date POV,Video 0225,Squirting on the First Date,Video,mapped,2026-03-29,2026-03-29,2024-04-10,master content release date,high,sale date,canonical transaction row,1.0,21.983333333333334,13.19,2026-06-09_18-40-33_manyvids_clipboard.txt
ManyVids,ManyVids transaction,,SSBBW Rapid Growth Riding You POV,Video 0221,Magical Belly Growth and Riding POV,Video,mapped,2026-03-28,2026-03-28,2024-03-31,master content release date,high,sale date,canonical transaction row,1.0,22.983333333333334,13.79,2026-06-09_18-40-33_manyvids_clipboard.txt
ManyVids,ManyVids transaction,,Fat Stripper Gives You a Lapdance,Video 0078,Fat Stripper Gives You a Lapdance,Video,mapped,2026-03-27,2026-03-27,2020-04-05,master content release date,high,sale date,canonical transaction row,1.0,10.983333333333334,6.59,2026-06-09_18-40-33_manyvids_clipboard.txt
ManyVids,ManyVids transaction,,Gaining SSBBW Wife Fucks You POV,Video 0261,Wife Wants to Stop Gaining the Reboot,Video,mapped,2026-03-27,2026-03-27,2025-02-20,master content release date,high,sale date,canonical transaction row,1.0,21.983333333333334,13.19,2026-06-09_18-40-33_manyvids_clipboard.txt
ManyVids,ManyVids transaction,,Growing SSBBW Ex Rides You POV,Video 0280,Ex GF Got Fat - Holiday Hookup,Video,mapped,2026-03-25,2026-03-25,2025-12-26,master content release date,high,sale date,canonical transaction row,1.0,21.983333333333334,13.19,2026-06-09_18-40-33_manyvids_clipboard.txt
ManyVids,ManyVids transaction,,Stuffed SSBBW Wife Wants to Fuck,Video 0247,Anniversary Fuck POV,Video,mapped,2026-03-24,2026-03-24,2024-07-25,master content release date,high,sale date,canonical transaction row,1.0,19.983333333333334,11.99,2026-06-09_18-40-33_manyvids_clipboard.txt
ManyVids,ManyVids transaction,,Horny SSBBW Neighbor Wants to Get Pregnant POV,Video 0270,Neighbor Gets Bred,Video,mapped,2026-03-24,2026-03-24,2025-06-10,master content release date,high,sale date,canonical transaction row,1.0,20.983333333333334,12.59,2026-06-09_18-40-33_manyvids_clipboard.txt
ManyVids,ManyVids transaction,,Growing SSBBW Ex Rides You POV,Video 0280,Ex GF Got Fat - Holiday Hookup,Video,mapped,2026-03-24,2026-03-24,2025-12-26,master content release date,high,sale date,canonical transaction row,1.0,21.983333333333334,13.19,2026-06-09_18-40-33_manyvids_clipboard.txt
ManyVids,ManyVids transaction,,Gaining SSBBW Dorothy Fucks Wizard POV,Video 0277,Dorothy Returns to Oz POV,Video,mapped,2026-03-24,2026-03-24,2025-11-14,master content release date,high,sale date,canonical transaction row,1.0,23.983333333333334,14.39,2026-06-09_18-40-33_manyvids_clipboard.txt
ManyVids,ManyVids transaction,,Gaining SSBBW Dorothy Fucks Wizard POV,Video 0277,Dorothy Returns to Oz POV,Video,mapped,2026-03-23,2026-03-23,2025-11-14,master content release date,high,sale date,canonical transaction row,1.0,23.983333333333334,14.39,2026-06-09_18-40-33_manyvids_clipboard.txt
ManyVids,ManyVids transaction,,Horny SSBBW Neighbor Wants to Get Pregnant POV,Video 0270,Neighbor Gets Bred,Video,mapped,2026-03-23,2026-03-23,2025-06-10,master content release date,high,sale date,canonical transaction row,1.0,20.983333333333334,12.59,2026-06-09_18-40-33_manyvids_clipboard.txt
ManyVids,ManyVids transaction,,SSBBW Ex Wants to Get Pregnant,Video 0249,SSBBW Ex Wants to Get Pregnant,Video,mapped,2026-03-23,2026-03-23,2024-10-27,master content release date,high,sale date,canonical transaction row,1.0,13.983333333333334,8.39,2026-06-09_18-40-33_manyvids_clipboard.txt
ManyVids,ManyVids transaction,,BBW Morning Sex POV Solo,Video 0162,POV Morning Sex,Video,mapped,2026-03-22,2026-03-22,2022-03-29,master content release date,high,sale date,canonical transaction row,1.0,12.983333333333334,7.79,2026-06-09_18-40-33_manyvids_clipboard.txt
ManyVids,ManyVids transaction,,Soft Belly BBW Stuffs Face with Pizza,Video 0111,Stuffing My Face With Pizza,Video,mapped,2026-03-22,2026-03-22,2020-10-24,master content release date,high,sale date,canonical transaction row,1.0,14.983333333333334,8.99,2026-06-09_18-40-33_manyvids_clipboard.txt
ManyVids,ManyVids transaction,,Gluttonous Girlfriend Can't Hold Back Farts,Video 0284,Stuffed Girlfriend Gets Gassy,Video,mapped,2026-03-22,2026-03-22,2026-03-11,master content release date,high,sale date,canonical transaction row,1.0,19.983333333333334,11.99,2026-06-09_18-40-33_manyvids_clipboard.txt
ManyVids,ManyVids transaction,,Greedy SSBBW Rapid Growth Until Pop,Video 0282,Diet Pills Gone Wrong,Video,mapped,2026-03-22,2026-03-22,2026-02-22,master content release date,high,sale date,canonical transaction row,1.0,14.983333333333334,8.99,2026-06-09_18-40-33_manyvids_clipboard.txt
ManyVids,ManyVids transaction,,Gluttonous Girlfriend Can't Hold Back Farts,Video 0284,Stuffed Girlfriend Gets Gassy,Video,mapped,2026-03-21,2026-03-21,2026-03-11,master content release date,high,sale date,canonical transaction row,1.0,19.983333333333334,11.99,2026-06-09_18-40-33_manyvids_clipboard.txt
ManyVids,ManyVids transaction,,Gluttonous Girlfriend Can't Hold Back Farts,Video 0284,Stuffed Girlfriend Gets Gassy,Video,mapped,2026-03-20,2026-03-20,2026-03-11,master content release date,high,sale date,canonical transaction row,1.0,19.983333333333334,11.99,2026-06-09_18-40-33_manyvids_clipboard.txt
ManyVids,ManyVids transaction,,Stuffed SSBBW Wife Wants to Fuck,Video 0247,Anniversary Fuck POV,Video,mapped,2026-03-19,2026-03-19,2024-07-25,master content release date,high,sale date,canonical transaction row,1.0,19.983333333333334,11.99,2026-06-09_18-40-33_manyvids_clipboard.txt
ManyVids,ManyVids transaction,,Horny SSBBW Fucks Fat Creamy Pussy,Video 0234,Fucking My Creamy Fat Pussy,Video,mapped,2026-03-19,2026-03-19,2024-05-13,master content release date,high,sale date,canonical transaction row,1.0,11.983333333333334,7.19,2026-06-09_18-40-33_manyvids_clipboard.txt
ManyVids,ManyVids transaction,,SSBBW Rips Leggings and Fucks Pussy,Video 0263,SSBBW Rips Leggings and Fucks Pussy,Video,mapped,2026-03-19,2026-03-19,2025-03-02,master content release date,high,sale date,canonical transaction row,1.0,19.983333333333334,11.99,2026-06-09_18-40-33_manyvids_clipboard.txt
ManyVids,ManyVids transaction,,Horny SSBBW Secretly Cums During Meeting,Video 0268,Work Meeting Masturbation,Video,mapped,2026-03-19,2026-03-19,2025-04-23,master content release date,high,sale date,canonical transaction row,1.0,21.983333333333334,13.19,2026-06-09_18-40-33_manyvids_clipboard.txt
ManyVids,ManyVids transaction,,Growing SSBBW Ex Rides You POV,Video 0280,Ex GF Got Fat - Holiday Hookup,Video,mapped,2026-03-18,2026-03-18,2025-12-26,master content release date,high,sale date,canonical transaction row,1.0,21.983333333333334,13.19,2026-06-09_18-40-33_manyvids_clipboard.txt
ManyVids,ManyVids transaction,,Stuffed SSBBW Wife Wants to Fuck,Video 0247,Anniversary Fuck POV,Video,mapped,2026-03-18,2026-03-18,2024-07-25,master content release date,high,sale date,canonical transaction row,1.0,19.983333333333334,11.99,2026-06-09_18-40-33_manyvids_clipboard.txt
ManyVids,ManyVids transaction,,SSBBW Ex Wants to Get Pregnant,Video 0249,SSBBW Ex Wants to Get Pregnant,Video,mapped,2026-03-18,2026-03-18,2024-10-27,master content release date,high,sale date,canonical transaction row,1.0,13.983333333333334,8.39,2026-06-09_18-40-33_manyvids_clipboard.txt
ManyVids,ManyVids transaction,,Horny SSBBW Secretly Cums During Meeting,Video 0268,Work Meeting Masturbation,Video,mapped,2026-03-17,2026-03-17,2025-04-23,master content release date,high,sale date,canonical transaction row,1.0,21.983333333333334,13.19,2026-06-09_18-40-33_manyvids_clipboard.txt
ManyVids,ManyVids transaction,,SSBBW Rips Leggings and Fucks Pussy,Video 0263,SSBBW Rips Leggings and Fucks Pussy,Video,mapped,2026-03-16,2026-03-16,2025-03-02,master content release date,high,sale date,canonical transaction row,1.0,19.983333333333334,11.99,2026-06-09_18-40-33_manyvids_clipboard.txt
ManyVids,ManyVids transaction,,Horny SSBBW Fucks Fat Creamy Pussy,Video 0234,Fucking My Creamy Fat Pussy,Video,mapped,2026-03-15,2026-03-15,2024-05-13,master content release date,high,sale date,canonical transaction row,1.0,11.983333333333334,7.19,2026-06-09_18-40-33_manyvids_clipboard.txt
ManyVids,ManyVids transaction,,Morning SSBBW Fuck POV Solo,Video 0209,Morning SSBBW Fuck POV Solo,Video,mapped,2026-03-13,2026-03-13,2023-12-29,master content release date,high,sale date,canonical transaction row,1.0,16.983333333333334,10.19,2026-06-09_18-40-33_manyvids_clipboard.txt
ManyVids,ManyVids transaction,,Fat Stripper Gives You a Lapdance,Video 0078,Fat Stripper Gives You a Lapdance,Video,mapped,2026-03-13,2026-03-13,2020-04-05,master content release date,high,sale date,canonical transaction row,1.0,10.983333333333334,6.59,2026-06-09_18-40-33_manyvids_clipboard.txt
ManyVids,ManyVids transaction,,Your Job Depends on How Well You Feed Me,Video 0283,HR Fatty Makes You Her Feeder POV,Video,mapped,2026-03-12,2026-03-12,2026-03-04,master content release date,high,sale date,canonical transaction row,1.0,19.983333333333334,11.99,2026-06-09_18-40-33_manyvids_clipboard.txt
ManyVids,ManyVids transaction,,SSBBW Ex Wants to Get Pregnant,Video 0249,SSBBW Ex Wants to Get Pregnant,Video,mapped,2026-03-12,2026-03-12,2024-10-27,master content release date,high,sale date,canonical transaction row,1.0,13.983333333333334,8.39,2026-06-09_18-40-33_manyvids_clipboard.txt
ManyVids,ManyVids transaction,,Gluttonous Girlfriend Can't Hold Back Farts,Video 0284,Stuffed Girlfriend Gets Gassy,Video,mapped,2026-03-12,2026-03-12,2026-03-11,master content release date,high,sale date,canonical transaction row,1.0,19.983333333333334,11.99,2026-06-09_18-40-33_manyvids_clipboard.txt
ManyVids,ManyVids transaction,,Gluttonous Girlfriend Can't Hold Back Farts,Video 0284,Stuffed Girlfriend Gets Gassy,Video,mapped,2026-03-12,2026-03-12,2026-03-11,master content release date,high,sale date,canonical transaction row,1.0,19.983333333333334,11.99,2026-06-09_18-40-33_manyvids_clipboard.txt
ManyVids,ManyVids transaction,,Greedy SSBBW Rapid Growth Until Pop,Video 0282,Diet Pills Gone Wrong,Video,mapped,2026-03-11,2026-03-11,2026-02-22,master content release date,high,sale date,canonical transaction row,1.0,14.983333333333334,8.99,2026-06-09_18-40-33_manyvids_clipboard.txt
ManyVids,ManyVids transaction,,Horny SSBBW Neighbor Wants to Get Pregnant POV,Video 0270,Neighbor Gets Bred,Video,mapped,2026-03-11,2026-03-11,2025-06-10,master content release date,high,sale date,canonical transaction row,1.0,20.983333333333334,12.59,2026-06-09_18-40-33_manyvids_clipboard.txt
ManyVids,ManyVids transaction,,Smelly SSBBW Makes You Worship Ass,Video 0228,Worship My Sweaty Ass,Video,mapped,2026-03-10,2026-03-10,2024-04-22,master content release date,high,sale date,canonical transaction row,1.0,20.983333333333334,12.59,2026-06-09_18-40-33_manyvids_clipboard.txt
ManyVids,ManyVids transaction,,SSBBW Hottie Makes Her Fat Pussy Cum,Video 0199,Vibe Until I Cum,Video,mapped,2026-03-09,2026-03-09,2023-10-05,master content release date,high,sale date,canonical transaction row,1.0,13.983333333333334,8.39,2026-06-09_18-40-33_manyvids_clipboard.txt
ManyVids,ManyVids transaction,,Your Job Depends on How Well You Feed Me,Video 0283,HR Fatty Makes You Her Feeder POV,Video,mapped,2026-03-08,2026-03-08,2026-03-04,master content release date,high,sale date,canonical transaction row,1.0,19.983333333333334,11.99,2026-06-09_18-40-33_manyvids_clipboard.txt
ManyVids,ManyVids transaction,,Gaining SSBBW Wife Fucks You POV,Video 0261,Wife Wants to Stop Gaining the Reboot,Video,mapped,2026-03-07,2026-03-07,2025-02-20,master content release date,high,sale date,canonical transaction row,1.0,21.983333333333334,13.19,2026-06-09_18-40-33_manyvids_clipboard.txt
ManyVids,ManyVids transaction,,Horny SSBBW Fucks Fat Creamy Pussy,Video 0234,Fucking My Creamy Fat Pussy,Video,mapped,2026-03-07,2026-03-07,2024-05-13,master content release date,high,sale date,canonical transaction row,1.0,11.983333333333334,7.19,2026-06-09_18-40-33_manyvids_clipboard.txt
ManyVids,ManyVids transaction,,Shy SSBBW Concierge Fucks You POV,Video 0243,Hotel Concierge Fucking POV,Video,mapped,2026-03-07,2026-03-07,2024-07-10,master content release date,high,sale date,canonical transaction row,1.0,17.983333333333334,10.79,2026-06-09_18-40-33_manyvids_clipboard.txt
ManyVids,ManyVids transaction,,BBW Pussy Squirts with Hitachi,Video 0031,Hitachi Makes Me Squirt,Video,mapped,2026-03-07,2026-03-07,2018-06-20,master content release date,high,sale date,canonical transaction row,1.0,4.983333333333334,2.99,2026-06-09_18-40-33_manyvids_clipboard.txt
ManyVids,ManyVids transaction,,BBW in White Lace Fucks Purple Dildo,Video 0037,Fat Goddess Fucks Pussy,Video,mapped,2026-03-07,2026-03-07,2018-11-19,master content release date,high,sale date,canonical transaction row,1.0,4.983333333333334,2.99,2026-06-09_18-40-33_manyvids_clipboard.txt
ManyVids,ManyVids transaction,,Touring My Fat Jiggly Body,Video 0057,Touring My Fat Jiggly Body,Video,mapped,2026-03-07,2026-03-07,2019-10-23,master content release date,high,sale date,canonical transaction row,1.0,4.983333333333334,2.99,2026-06-09_18-40-33_manyvids_clipboard.txt
ManyVids,ManyVids transaction,,Fat Dom GF Makes you Clean Sweaty Ass and Pussy,Video 0177,Fat Dom GF Makes you Clean Sweaty Ass and Pussy,Video,mapped,2026-03-07,2026-03-07,2023-05-03,master content release date,high,sale date,canonical transaction row,1.0,15.983333333333334,9.59,2026-06-09_18-40-33_manyvids_clipboard.txt
ManyVids,ManyVids transaction,,Your Job Depends on How Well You Feed Me,Video 0283,HR Fatty Makes You Her Feeder POV,Video,mapped,2026-03-05,2026-03-05,2026-03-04,master content release date,high,sale date,canonical transaction row,1.0,19.983333333333334,11.99,2026-06-09_18-40-33_manyvids_clipboard.txt
ManyVids,ManyVids transaction,,Your Job Depends on How Well You Feed Me,Video 0283,HR Fatty Makes You Her Feeder POV,Video,mapped,2026-03-05,2026-03-05,2026-03-04,master content release date,high,sale date,canonical transaction row,1.0,19.983333333333334,11.99,2026-06-09_18-40-33_manyvids_clipboard.txt
ManyVids,ManyVids transaction,,Your Job Depends on How Well You Feed Me,Video 0283,HR Fatty Makes You Her Feeder POV,Video,mapped,2026-03-05,2026-03-05,2026-03-04,master content release date,high,sale date,canonical transaction row,1.0,19.983333333333334,11.99,2026-06-09_18-40-33_manyvids_clipboard.txt
ManyVids,ManyVids transaction,,Fat Dorothy Fucks You to Get to Kansas,Video 0059,Not in Kansas,Video,mapped,2026-03-04,2026-03-04,2019-11-01,master content release date,high,sale date,canonical transaction row,1.0,4.983333333333334,2.99,2026-06-09_18-40-33_manyvids_clipboard.txt
ManyVids,ManyVids transaction,,BBW Dildo Riding and Facial Cumshot,Video 0133,Squirting Dildo Riding and Facial Cumshot,Video,mapped,2026-03-04,2026-03-04,2021-05-24,master content release date,high,sale date,canonical transaction row,1.0,12.983333333333334,7.79,2026-06-09_18-40-33_manyvids_clipboard.txt
ManyVids,ManyVids transaction,,Gassy SSBBW Giantess Vores You,Video 0281,Gassy Giantess Gobbles You Up,Video,mapped,2026-03-04,2026-03-04,2026-01-30,master content release date,high,sale date,canonical transaction row,1.0,24.983333333333334,14.99,2026-06-09_18-40-33_manyvids_clipboard.txt
ManyVids,ManyVids transaction,,Greedy SSBBW Rapid Growth Until Pop,Video 0282,Diet Pills Gone Wrong,Video,mapped,2026-03-04,2026-03-04,2026-02-22,master content release date,high,sale date,canonical transaction row,1.0,14.983333333333334,8.99,2026-06-09_18-40-33_manyvids_clipboard.txt
ManyVids,ManyVids transaction,,Growing SSBBW Ex Rides You POV,Video 0280,Ex GF Got Fat - Holiday Hookup,Video,mapped,2026-03-04,2026-03-04,2025-12-26,master content release date,high,sale date,canonical transaction row,1.0,21.983333333333334,13.19,2026-06-09_18-40-33_manyvids_clipboard.txt
ManyVids,ManyVids transaction,,Dominant Boss Makes You Worship Belly,Video 0245,Belly Worship to Keep Your Job,Video,mapped,2026-03-02,2026-03-02,2024-07-18,master content release date,high,sale date,canonical transaction row,1.0,15.983333333333334,9.59,2026-06-09_18-40-33_manyvids_clipboard.txt
ManyVids,ManyVids transaction,,Greedy SSBBW Rapid Growth Until Pop,Video 0282,Diet Pills Gone Wrong,Video,mapped,2026-03-01,2026-03-01,2026-02-22,master content release date,high,sale date,canonical transaction row,1.0,14.983333333333334,8.99,2026-06-09_18-40-33_manyvids_clipboard.txt
ManyVids,ManyVids transaction,,SSBBW Pussy Licking and Toe Sucking,Video 0274,Pantyhose Pussy Licking and Toe Sucking,Video,mapped,2026-03-01,2026-03-01,2025-08-16,master content release date,high,sale date,canonical transaction row,1.0,21.983333333333334,13.19,2026-06-09_18-40-33_manyvids_clipboard.txt
ManyVids,ManyVids transaction,,Gaining SSBBW Dorothy Fucks Wizard POV,Video 0277,Dorothy Returns to Oz POV,Video,mapped,2026-03-01,2026-03-01,2025-11-14,master content release date,high,sale date,canonical transaction row,1.0,23.983333333333334,14.39,2026-06-09_18-40-33_manyvids_clipboard.txt
ManyVids,ManyVids transaction,,Horny SSBBW Neighbor Wants to Get Pregnant POV,Video 0270,Neighbor Gets Bred,Video,mapped,2026-03-01,2026-03-01,2025-06-10,master content release date,high,sale date,canonical transaction row,1.0,20.983333333333334,12.59,2026-06-09_18-40-33_manyvids_clipboard.txt
ManyVids,ManyVids transaction,,Shy SSBBW Concierge Fucks You POV,Video 0243,Hotel Concierge Fucking POV,Video,mapped,2026-02-28,2026-02-28,2024-07-10,master content release date,high,sale date,canonical transaction row,1.0,17.983333333333334,10.79,2026-06-09_18-40-33_manyvids_clipboard.txt
ManyVids,ManyVids transaction,,Gassy SSBBW Ignores You and Stuffs,Video 0276,Hungry Girlfriend Ignores You,Video,mapped,2026-02-28,2026-02-28,2025-10-18,master content release date,high,sale date,canonical transaction row,1.0,15.983333333333334,9.59,2026-06-09_18-40-33_manyvids_clipboard.txt
ManyVids,ManyVids transaction,,Greedy SSBBW Rapid Growth Until Pop,Video 0282,Diet Pills Gone Wrong,Video,mapped,2026-02-28,2026-02-28,2026-02-22,master content release date,high,sale date,canonical transaction row,1.0,14.983333333333334,8.99,2026-06-09_18-40-33_manyvids_clipboard.txt
ManyVids,ManyVids transaction,,Gassy SSBBW Giantess Vores You,Video 0281,Gassy Giantess Gobbles You Up,Video,mapped,2026-02-28,2026-02-28,2026-01-30,master content release date,high,sale date,canonical transaction row,1.0,24.983333333333334,14.99,2026-06-09_18-40-33_manyvids_clipboard.txt
ManyVids,ManyVids transaction,,Greedy SSBBW Rapid Growth Until Pop,Video 0282,Diet Pills Gone Wrong,Video,mapped,2026-02-28,2026-02-28,2026-02-22,master content release date,high,sale date,canonical transaction row,1.0,14.983333333333334,8.99,2026-06-09_18-40-33_manyvids_clipboard.txt
ManyVids,ManyVids transaction,,Growing SSBBW Ex Rides You POV,Video 0280,Ex GF Got Fat - Holiday Hookup,Video,mapped,2026-02-27,2026-02-27,2025-12-26,master content release date,high,sale date,canonical transaction row,1.0,21.983333333333334,13.19,2026-06-09_18-40-33_manyvids_clipboard.txt
ManyVids,ManyVids transaction,,Growing SSBBW Ex Rides You POV,Video 0280,Ex GF Got Fat - Holiday Hookup,Video,mapped,2026-02-27,2026-02-27,2025-12-26,master content release date,high,sale date,canonical transaction row,1.0,21.983333333333334,13.19,2026-06-09_18-40-33_manyvids_clipboard.txt
ManyVids,ManyVids transaction,,Greedy SSBBW Rapid Growth Until Pop,Video 0282,Diet Pills Gone Wrong,Video,mapped,2026-02-26,2026-02-26,2026-02-22,master content release date,high,sale date,canonical transaction row,1.0,14.983333333333334,8.99,2026-06-09_18-40-33_manyvids_clipboard.txt
ManyVids,ManyVids transaction,,Greedy SSBBW Rapid Growth Until Pop,Video 0282,Diet Pills Gone Wrong,Video,mapped,2026-02-26,2026-02-26,2026-02-22,master content release date,high,sale date,canonical transaction row,1.0,14.983333333333334,8.99,2026-06-09_18-40-33_manyvids_clipboard.txt
ManyVids,ManyVids transaction,,Greedy SSBBW Stuffs Whole Thanksgiving Dinner,Video 0279,Greedy SSBBW Stuffs Whole Thanksgiving Dinner,Video,mapped,2026-02-26,2026-02-26,2025-12-01,master content release date,high,sale date,canonical transaction row,1.0,31.983333333333338,19.19,2026-06-09_18-40-33_manyvids_clipboard.txt
ManyVids,ManyVids transaction,,BBW Squirts in the Bathroom,Video 0158,Hiding from the Holiday Party,Video,mapped,2026-02-25,2026-02-25,2021-12-26,master content release date,high,sale date,canonical transaction row,1.0,13.983333333333334,8.39,2026-06-09_18-40-33_manyvids_clipboard.txt
ManyVids,ManyVids transaction,,BBW Pussy Squirts with Hitachi,Video 0031,Hitachi Makes Me Squirt,Video,mapped,2026-02-25,2026-02-25,2018-06-20,master content release date,high,sale date,canonical transaction row,1.0,4.983333333333334,2.99,2026-06-09_18-40-33_manyvids_clipboard.txt
ManyVids,ManyVids transaction,,Hitachi Makes My Fat Pussy Squirt,Video 0056,Chubby Squirting Pussy,Video,mapped,2026-02-25,2026-02-25,2019-10-05,master content release date,high,sale date,canonical transaction row,1.0,4.983333333333334,2.99,2026-06-09_18-40-33_manyvids_clipboard.txt
ManyVids,ManyVids transaction,,BBW Shaking Her Fat Ass,Video 0135,Fat Jiggly Ass,Video,mapped,2026-02-25,2026-02-25,2021-06-12,master content release date,high,sale date,canonical transaction row,1.0,10.983333333333334,6.59,2026-06-09_18-40-33_manyvids_clipboard.txt
ManyVids,ManyVids transaction,,SSBBW Burps and Farts While Stuffing,Video 0267,SSBBW Burps and Farts While Stuffing,Video,mapped,2026-02-25,2026-02-25,2025-04-16,master content release date,high,sale date,canonical transaction row,1.0,34.983333333333334,20.99,2026-06-09_18-40-33_manyvids_clipboard.txt
ManyVids,ManyVids transaction,,Gaining SSBBW Dorothy Fucks Wizard POV,Video 0277,Dorothy Returns to Oz POV,Video,mapped,2026-02-25,2026-02-25,2025-11-14,master content release date,high,sale date,canonical transaction row,1.0,23.983333333333334,14.39,2026-06-09_18-40-33_manyvids_clipboard.txt
ManyVids,ManyVids transaction,,Greedy SSBBW Rapid Growth Until Pop,Video 0282,Diet Pills Gone Wrong,Video,mapped,2026-02-24,2026-02-24,2026-02-22,master content release date,high,sale date,canonical transaction row,1.0,14.983333333333334,8.99,2026-06-09_18-40-33_manyvids_clipboard.txt
ManyVids,ManyVids transaction,,Greedy SSBBW Rapid Growth Until Pop,Video 0282,Diet Pills Gone Wrong,Video,mapped,2026-02-24,2026-02-24,2026-02-22,master content release date,high,sale date,canonical transaction row,1.0,14.983333333333334,8.99,2026-06-09_18-40-33_manyvids_clipboard.txt
ManyVids,ManyVids transaction,,Cursed Cake Makes Greedy SSBBW Explode,Video 0271,Co-workers' Revenge: Cake Stuffing and Rapid Growth,Video,mapped,2026-02-24,2026-02-24,2025-07-21,master content release date,high,sale date,canonical transaction row,1.0,27.983333333333334,16.79,2026-06-09_18-40-33_manyvids_clipboard.txt
ManyVids,ManyVids transaction,,Greedy SSBBW Rapid Growth Until Pop,Video 0282,Diet Pills Gone Wrong,Video,mapped,2026-02-24,2026-02-24,2026-02-22,master content release date,high,sale date,canonical transaction row,1.0,14.983333333333334,8.99,2026-06-09_18-40-33_manyvids_clipboard.txt
ManyVids,ManyVids transaction,,Greedy SSBBW Rapid Growth Until Pop,Video 0282,Diet Pills Gone Wrong,Video,mapped,2026-02-24,2026-02-24,2026-02-22,master content release date,high,sale date,canonical transaction row,1.0,14.983333333333334,8.99,2026-06-09_18-40-33_manyvids_clipboard.txt
ManyVids,ManyVids transaction,,1 Month Club Renewal,exact-title:1-month-club-renewal,1 Month Club Renewal,Video,auto exact-title,2026-05-14,2026-05-14,2026-05-14,sale date,low,sale date,canonical transaction row,1.0,9.987499999999999,7.99,2026-06-10_17-06-57_manyvids_recent_sales_View-my-earnings_recentSalesBody.csv
ManyVids,ManyVids transaction,,1 Month Club Renewal,exact-title:1-month-club-renewal,1 Month Club Renewal,Video,auto exact-title,2026-04-14,2026-04-14,2026-04-14,sale date,low,sale date,canonical transaction row,1.0,9.987499999999999,7.99,2026-06-10_17-06-57_manyvids_recent_sales_View-my-earnings_recentSalesBody.csv
ManyVids,ManyVids transaction,,1 Month Club Renewal,exact-title:1-month-club-renewal,1 Month Club Renewal,Video,auto exact-title,2026-03-14,2026-03-14,2026-03-14,sale date,low,sale date,canonical transaction row,1.0,9.987499999999999,7.99,2026-06-10_17-06-57_manyvids_recent_sales_View-my-earnings_recentSalesBody.csv
ManyVids,ManyVids transaction,,1 Month Club Renewal,exact-title:1-month-club-renewal,1 Month Club Renewal,Video,auto exact-title,2026-02-28,2026-02-28,2026-02-28,sale date,low,sale date,canonical transaction row,1.0,9.987499999999999,7.99,2026-06-10_17-06-57_manyvids_recent_sales_View-my-earnings_recentSalesBody.csv
ManyVids,ManyVids transaction,,Fucking Your Stuffed SSBBW Girlfriend POV,Video 0290,Fucking Your Stuffed SSBBW Girlfriend POV,Video,mapped,2026-06-11,2026-06-11,2026-06-11,master content release date,high,sale date,canonical transaction row,1.0,20.983333333333334,12.59,2026-06-11_18-15-16_manyvids_recent_sales_View-my-earnings_recentSalesBody.csv
ManyVids,ManyVids transaction,,Fucking Your Stuffed SSBBW Girlfriend POV,Video 0290,Fucking Your Stuffed SSBBW Girlfriend POV,Video,mapped,2026-06-11,2026-06-11,2026-06-11,master content release date,high,sale date,canonical transaction row,1.0,20.983333333333334,12.59,2026-06-11_18-15-16_manyvids_recent_sales_View-my-earnings_recentSalesBody.csv
ManyVids,ManyVids transaction,,Fucking Your Stuffed SSBBW Girlfriend POV,Video 0290,Fucking Your Stuffed SSBBW Girlfriend POV,Video,mapped,2026-06-11,2026-06-11,2026-06-11,master content release date,high,sale date,canonical transaction row,1.0,20.983333333333334,12.59,2026-06-12_07-33-25_manyvids_recent_sales_View-my-earnings_recentSalesBody.csv
ManyVids,ManyVids transaction,,Fucking Your Stuffed SSBBW Girlfriend POV,Video 0290,Fucking Your Stuffed SSBBW Girlfriend POV,Video,mapped,2026-06-13,2026-06-13,2026-06-11,master content release date,high,sale date,canonical transaction row,1.0,20.983333333333334,12.59,2026-06-13_07-32-30_manyvids_recent_sales_View-my-earnings_recentSalesBody.csv
ManyVids,ManyVids transaction,,Gaining SSBBW Mistress Teases You POV,Video 0242,Crawling Back to Your Fat Mistress,Video,mapped,2026-06-13,2026-06-13,2024-07-04,master content release date,high,sale date,canonical transaction row,1.0,12.983333333333334,7.79,2026-06-13_07-32-30_manyvids_recent_sales_View-my-earnings_recentSalesBody.csv
ManyVids,ManyVids transaction,,Messy Fat Belly Play with Persimmon,Video 0122,Persimmon Season - Ripe Series vol. 1,Video,mapped,2026-06-13,2026-06-13,2021-01-31,master content release date,high,sale date,canonical transaction row,1.0,15.983333333333334,9.59,2026-06-13_07-32-30_manyvids_recent_sales_View-my-earnings_recentSalesBody.csv
ManyVids,ManyVids transaction,,SSBBW Lingerie Tease and JOI w Countdown,Video 0182,SSBBW Lingerie Tease and JOI w Countdown,Video,mapped,2026-06-13,2026-06-13,2023-05-31,master content release date,high,sale date,canonical transaction row,1.0,14.983333333333334,8.99,2026-06-13_07-32-30_manyvids_recent_sales_View-my-earnings_recentSalesBody.csv
ManyVids,ManyVids transaction,,Your Cum Makes Me Gain,Video 0119,Your Cum Makes Me Gain,Video,mapped,2026-06-13,2026-06-13,2021-01-03,master content release date,high,sale date,canonical transaction row,1.0,11.983333333333334,7.19,2026-06-13_07-32-30_manyvids_recent_sales_View-my-earnings_recentSalesBody.csv
ManyVids,ManyVids transaction,,SSBBW Squashes You Under Ass and Feet,Video 0273,SSBBW Squashes You Under Ass and Feet,Video,mapped,2026-06-12,2026-06-12,2025-08-09,master content release date,high,sale date,canonical transaction row,1.0,17.983333333333334,10.79,2026-06-13_07-32-30_manyvids_recent_sales_View-my-earnings_recentSalesBody.csv
ManyVids,ManyVids transaction,,Fucking Your Stuffed SSBBW Girlfriend POV,Video 0290,Fucking Your Stuffed SSBBW Girlfriend POV,Video,mapped,2026-06-12,2026-06-12,2026-06-11,master content release date,high,sale date,canonical transaction row,1.0,20.983333333333334,12.59,2026-06-13_07-32-30_manyvids_recent_sales_View-my-earnings_recentSalesBody.csv
ManyVids,ManyVids transaction,,Fat Body Teasing and Glass Dildo Fucking,Video 0038,Lady Needs Your Cum,Video,mapped,2026-06-12,2026-06-12,2018-12-01,master content release date,high,sale date,canonical transaction row,1.0,4.983333333333334,2.99,2026-06-13_07-32-30_manyvids_recent_sales_View-my-earnings_recentSalesBody.csv
ManyVids,ManyVids transaction,,Fucking Your Stuffed SSBBW Girlfriend POV,Video 0290,Fucking Your Stuffed SSBBW Girlfriend POV,Video,mapped,2026-06-12,2026-06-12,2026-06-11,master content release date,high,sale date,canonical transaction row,1.0,20.983333333333334,12.59,2026-06-13_07-32-30_manyvids_recent_sales_View-my-earnings_recentSalesBody.csv
ManyVids,ManyVids transaction,,Smoking SSBBW Gets Ready Voyeur Cam,Video 0262,Voyeur Watches Me Get Ready,Video,mapped,2026-06-12,2026-06-12,2025-02-28,master content release date,high,sale date,canonical transaction row,1.0,21.983333333333334,13.19,2026-06-13_07-32-30_manyvids_recent_sales_View-my-earnings_recentSalesBody.csv
ManyVids,ManyVids transaction,,Fucking Your Stuffed SSBBW Girlfriend POV,Video 0290,Fucking Your Stuffed SSBBW Girlfriend POV,Video,mapped,2026-06-12,2026-06-12,2026-06-11,master content release date,high,sale date,canonical transaction row,1.0,20.983333333333334,12.59,2026-06-13_07-32-30_manyvids_recent_sales_View-my-earnings_recentSalesBody.csv
ManyVids,ManyVids transaction,,Cute BBW is Horny for You - Solo POV,Video 0061,Fuck Me POV,Video,mapped,2026-06-14,2026-06-14,2019-11-13,master content release date,high,sale date,canonical transaction row,1.0,4.983333333333334,2.99,2026-06-14_07-32-30_manyvids_recent_sales_View-my-earnings_recentSalesBody.csv
ManyVids,ManyVids transaction,,Fat Stripper Gives You a Lapdance,Video 0078,Fat Stripper Gives You a Lapdance,Video,mapped,2026-06-14,2026-06-14,2020-04-05,master content release date,high,sale date,canonical transaction row,1.0,10.983333333333334,6.59,2026-06-14_07-32-30_manyvids_recent_sales_View-my-earnings_recentSalesBody.csv
ManyVids,ManyVids transaction,,Fucking Your Stuffed SSBBW Girlfriend POV,Video 0290,Fucking Your Stuffed SSBBW Girlfriend POV,Video,mapped,2026-06-13,2026-06-13,2026-06-11,master content release date,high,sale date,canonical transaction row,1.0,20.983333333333334,12.59,2026-06-14_07-32-30_manyvids_recent_sales_View-my-earnings_recentSalesBody.csv
ManyVids,ManyVids transaction,,Gassy SSBBW Giantess Vores You,Video 0281,Gassy Giantess Gobbles You Up,Video,mapped,2026-06-13,2026-06-13,2026-01-30,master content release date,high,sale date,canonical transaction row,1.0,24.983333333333334,14.99,2026-06-14_07-32-30_manyvids_recent_sales_View-my-earnings_recentSalesBody.csv
ManyVids,ManyVids transaction,,Fucking Your Stuffed SSBBW Girlfriend POV,Video 0290,Fucking Your Stuffed SSBBW Girlfriend POV,Video,mapped,2026-06-13,2026-06-13,2026-06-11,master content release date,high,sale date,canonical transaction row,1.0,20.983333333333334,12.59,2026-06-14_07-32-30_manyvids_recent_sales_View-my-earnings_recentSalesBody.csv
ManyVids,ManyVids transaction,,Best Friend's Step-Mom Shows You How to Please SSBBW,Video 0289,Best Friend's Mom Teases You,Video,mapped,2026-06-14,2026-06-14,2026-05-21,master content release date,high,sale date,canonical transaction row,1.0,27.983333333333334,16.79,2026-06-15_07-34-02_manyvids_recent_sales_View-my-earnings_recentSalesBody.csv
ManyVids,ManyVids transaction,,SSBBW Jiggles Fat for Your Cum Part 2,Video 0257,Cum for My Fat Part 2,Video,mapped,2026-06-16,2026-06-16,2024-12-11,master content release date,high,sale date,canonical transaction row,1.0,16.983333333333334,10.19,2026-06-16_07-32-49_manyvids_recent_sales_View-my-earnings_recentSalesBody.csv
ManyVids,ManyVids transaction,,Fat Naked Yoga,Video 0150,Fat Naked Yoga,Video,mapped,2026-06-17,2026-06-17,2021-10-19,master content release date,high,sale date,canonical transaction row,1.0,12.983333333333334,7.79,2026-06-17_07-33-37_manyvids_recent_sales_View-my-earnings_recentSalesBody.csv
ManyVids,ManyVids transaction,,Fat Dorothy Fucks You to Get to Kansas,Video 0059,Not in Kansas,Video,mapped,2026-06-17,2026-06-17,2019-11-01,master content release date,high,sale date,canonical transaction row,1.0,4.983333333333334,2.99,2026-06-17_07-33-37_manyvids_recent_sales_View-my-earnings_recentSalesBody.csv
ManyVids,ManyVids transaction,,Sexy BBW Masturbates in a Squeaky Chair,Video 0027,Squeaky Chair Big Girl,Video,mapped,2026-06-17,2026-06-17,2018-03-02,master content release date,high,sale date,canonical transaction row,1.0,4.983333333333334,2.99,2026-06-17_07-33-37_manyvids_recent_sales_View-my-earnings_recentSalesBody.csv
ManyVids,ManyVids transaction,,BBW Body Jiggles in the Pool,Video 0125,Underwater Body Jiggle,Video,mapped,2026-06-16,2026-06-16,2021-03-14,master content release date,high,sale date,canonical transaction row,1.0,13.983333333333334,8.39,2026-06-17_07-33-37_manyvids_recent_sales_View-my-earnings_recentSalesBody.csv
ManyVids,ManyVids transaction,,Fat Horny Housewife Cums and Rides Dildo,Video 0035,Big Horny Housewife,Video,mapped,2026-06-16,2026-06-16,2018-10-11,master content release date,high,sale date,canonical transaction row,1.0,4.983333333333334,2.99,2026-06-17_07-33-37_manyvids_recent_sales_View-my-earnings_recentSalesBody.csv
ManyVids,ManyVids transaction,,400lb BBW Bounces On Your Cock,Video 0090,400lbs Bouncing on Your Cock,Video,mapped,2026-06-27,2026-06-27,2020-06-07,master content release date,high,sale date,canonical transaction row,1.0,7.983333333333333,4.79,2026-06-27_22-49-00_manyvids_recent_sales_View-my-earnings_recentSalesBody.csv
ManyVids,ManyVids transaction,,Fat Twerking Ass & Dripping Chubby Pussy,Video 0095,Huge Twerking Ass and Dripping Chubby Pussy,Video,mapped,2026-06-27,2026-06-27,2020-07-13,master content release date,high,sale date,canonical transaction row,1.0,11.983333333333334,7.19,2026-06-27_22-49-00_manyvids_recent_sales_View-my-earnings_recentSalesBody.csv
ManyVids,ManyVids transaction,,Horny SSBBW Fucks Fat Creamy Pussy,Video 0234,Fucking My Creamy Fat Pussy,Video,mapped,2026-06-27,2026-06-27,2024-05-13,master content release date,high,sale date,canonical transaction row,1.0,11.983333333333334,7.19,2026-06-27_22-49-00_manyvids_recent_sales_View-my-earnings_recentSalesBody.csv
ManyVids,ManyVids transaction,,Fat Girl Sucks and Rides Dildo,Video 0160,Side-view Sucking and Riding,Video,mapped,2026-06-27,2026-06-27,2022-02-16,master content release date,high,sale date,canonical transaction row,1.0,12.983333333333334,7.79,2026-06-27_22-49-00_manyvids_recent_sales_View-my-earnings_recentSalesBody.csv
ManyVids,ManyVids transaction,,Best Friend's Step-Mom Shows You How to Please SSBBW,Video 0289,Best Friend's Mom Teases You,Video,mapped,2026-06-26,2026-06-26,2026-05-21,master content release date,high,sale date,canonical transaction row,1.0,27.983333333333334,16.79,2026-06-27_22-49-00_manyvids_recent_sales_View-my-earnings_recentSalesBody.csv
ManyVids,ManyVids transaction,,Fucking Your Stuffed SSBBW Girlfriend POV,Video 0290,Fucking Your Stuffed SSBBW Girlfriend POV,Video,mapped,2026-06-26,2026-06-26,2026-06-11,master content release date,high,sale date,canonical transaction row,1.0,20.983333333333334,12.59,2026-06-27_22-49-00_manyvids_recent_sales_View-my-earnings_recentSalesBody.csv
ManyVids,ManyVids transaction,,Fucking Your Stuffed SSBBW Girlfriend POV,Video 0290,Fucking Your Stuffed SSBBW Girlfriend POV,Video,mapped,2026-06-23,2026-06-23,2026-06-11,master content release date,high,sale date,canonical transaction row,1.0,20.983333333333334,12.59,2026-06-27_22-49-00_manyvids_recent_sales_View-my-earnings_recentSalesBody.csv
ManyVids,ManyVids transaction,,Fucking Your Stuffed SSBBW Girlfriend POV,Video 0290,Fucking Your Stuffed SSBBW Girlfriend POV,Video,mapped,2026-06-22,2026-06-22,2026-06-11,master content release date,high,sale date,canonical transaction row,1.0,20.983333333333334,12.59,2026-06-27_22-49-00_manyvids_recent_sales_View-my-earnings_recentSalesBody.csv
ManyVids,ManyVids transaction,,Fucking Your Stuffed SSBBW Girlfriend POV,Video 0290,Fucking Your Stuffed SSBBW Girlfriend POV,Video,mapped,2026-06-22,2026-06-22,2026-06-11,master content release date,high,sale date,canonical transaction row,1.0,20.983333333333334,12.59,2026-06-27_22-49-00_manyvids_recent_sales_View-my-earnings_recentSalesBody.csv
ManyVids,ManyVids transaction,,Fucking Your Stuffed SSBBW Girlfriend POV,Video 0290,Fucking Your Stuffed SSBBW Girlfriend POV,Video,mapped,2026-06-22,2026-06-22,2026-06-11,master content release date,high,sale date,canonical transaction row,1.0,20.983333333333334,12.59,2026-06-27_22-49-00_manyvids_recent_sales_View-my-earnings_recentSalesBody.csv
ManyVids,ManyVids transaction,,BBW Catwalk in Bodystocking Dress,Video 0102,Hot Pink Catwalk and Fat Bouncing,Video,mapped,2026-06-21,2026-06-21,2020-08-23,master content release date,high,sale date,canonical transaction row,1.0,7.983333333333333,4.79,2026-06-27_22-49-00_manyvids_recent_sales_View-my-earnings_recentSalesBody.csv
ManyVids,ManyVids transaction,,Best Friend's Step-Mom Shows You How to Please SSBBW,Video 0289,Best Friend's Mom Teases You,Video,mapped,2026-06-21,2026-06-21,2026-05-21,master content release date,high,sale date,canonical transaction row,1.0,27.983333333333334,16.79,2026-06-27_22-49-00_manyvids_recent_sales_View-my-earnings_recentSalesBody.csv
ManyVids,ManyVids transaction,,Gaining SSBBW Wants to Reach 600lbs,Video 0288,Gaining SSBBW Wants to Reach 600lbs,Video,mapped,2026-06-21,2026-06-21,2026-05-04,master content release date,high,sale date,canonical transaction row,1.0,19.983333333333334,11.99,2026-06-27_22-49-00_manyvids_recent_sales_View-my-earnings_recentSalesBody.csv
ManyVids,ManyVids transaction,,Best Friend's Step-Mom Shows You How to Please SSBBW,Video 0289,Best Friend's Mom Teases You,Video,mapped,2026-06-20,2026-06-20,2026-05-21,master content release date,high,sale date,canonical transaction row,1.0,27.983333333333334,16.79,2026-06-27_22-49-00_manyvids_recent_sales_View-my-earnings_recentSalesBody.csv
ManyVids,ManyVids transaction,,SSBBW Pussy Licking and Toe Sucking,Video 0274,Pantyhose Pussy Licking and Toe Sucking,Video,mapped,2026-06-19,2026-06-19,2025-08-16,master content release date,high,sale date,canonical transaction row,1.0,21.983333333333334,13.19,2026-06-27_22-49-00_manyvids_recent_sales_View-my-earnings_recentSalesBody.csv
ManyVids,ManyVids transaction,,Shy SSBBW Concierge Fucks You POV,Video 0243,Hotel Concierge Fucking POV,Video,mapped,2026-06-19,2026-06-19,2024-07-10,master content release date,high,sale date,canonical transaction row,1.0,17.983333333333334,10.79,2026-06-27_22-49-00_manyvids_recent_sales_View-my-earnings_recentSalesBody.csv
ManyVids,ManyVids transaction,,Fucking Your Stuffed SSBBW Girlfriend POV,Video 0290,Fucking Your Stuffed SSBBW Girlfriend POV,Video,mapped,2026-06-17,2026-06-17,2026-06-11,master content release date,high,sale date,canonical transaction row,1.0,20.983333333333334,12.59,2026-06-27_22-49-00_manyvids_recent_sales_View-my-earnings_recentSalesBody.csv
ManyVids,ManyVids transaction,,Fat Dorothy Fucks You to Get to Kansas,Video 0059,Not in Kansas,Video,mapped,2026-06-28,2026-06-28,2019-11-01,master content release date,high,sale date,canonical transaction row,1.0,4.983333333333334,2.99,2026-06-28_14-42-25_manyvids_recent_sales_View-my-earnings_recentSalesBody.csv
ManyVids,ManyVids transaction,,Greedy SSBBW Devours Roommates Leftovers,Video 0291,Greedy SSBBW Devours Roommates Leftovers,Video,mapped,2026-06-28,2026-06-28,2026-06-27,master content release date,high,sale date,canonical transaction row,1.0,36.983333333333334,22.19,2026-06-28_14-42-25_manyvids_recent_sales_View-my-earnings_recentSalesBody.csv
ManyVids,ManyVids transaction,,Greedy SSBBW Devours Roommates Leftovers,Video 0291,Greedy SSBBW Devours Roommates Leftovers,Video,mapped,2026-06-28,2026-06-28,2026-06-27,master content release date,high,sale date,canonical transaction row,1.0,36.983333333333334,22.19,2026-06-28_21-44-39_manyvids_recent_sales_View-my-earnings_recentSalesBody.csv
ManyVids,ManyVids transaction,,SSBBW Hanging Belly and Fat Clapping,Video 0215,Heavy Hanging Belly,Video,mapped,2026-06-29,2026-06-29,2024-03-09,master content release date,high,sale date,canonical transaction row,1.0,13.983333333333334,8.39,2026-06-29_07-33-45_manyvids_recent_sales_View-my-earnings_recentSalesBody.csv
ManyVids,ManyVids transaction,,Greedy SSBBW Devours Roommates Leftovers,Video 0291,Greedy SSBBW Devours Roommates Leftovers,Video,mapped,2026-06-30,2026-06-30,2026-06-27,master content release date,high,sale date,canonical transaction row,1.0,36.983333333333334,22.19,2026-07-01_11-29-11_manyvids_recent_sales_View-my-earnings_recentSalesBody.csv
ManyVids,ManyVids transaction,,Greedy SSBBW Devours Roommates Leftovers,Video 0291,Greedy SSBBW Devours Roommates Leftovers,Video,mapped,2026-07-05,2026-07-05,2026-06-27,master content release date,high,sale date,canonical transaction row,1.0,36.983333333333334,22.19,20260705T200823Z_manyvids_recent_sales_chrome.csv
ManyVids,ManyVids transaction,,Fucking Your Stuffed SSBBW Girlfriend POV,Video 0290,Fucking Your Stuffed SSBBW Girlfriend POV,Video,mapped,2026-07-04,2026-07-04,2026-06-11,master content release date,high,sale date,canonical transaction row,1.0,20.983333333333334,12.59,20260705T200823Z_manyvids_recent_sales_chrome.csv
ManyVids,ManyVids transaction,,Fucking Your Stuffed SSBBW Girlfriend POV,Video 0290,Fucking Your Stuffed SSBBW Girlfriend POV,Video,mapped,2026-07-04,2026-07-04,2026-06-11,master content release date,high,sale date,canonical transaction row,1.0,20.983333333333334,12.59,20260705T200823Z_manyvids_recent_sales_chrome.csv
ManyVids,ManyVids transaction,,Greedy SSBBW Devours Roommates Leftovers,Video 0291,Greedy SSBBW Devours Roommates Leftovers,Video,mapped,2026-07-04,2026-07-04,2026-06-27,master content release date,high,sale date,canonical transaction row,1.0,36.983333333333334,22.19,20260705T200823Z_manyvids_recent_sales_chrome.csv
ModelCentro,ModelCentro transaction,,Full site access!,unmapped:modelcentro:full-site-access,Full site access!,,needs mapping,2026-06-10,2026-06-10,2026-06-10,sale date,low,sale date,canonical transaction row,1.0,19.99,13.49,2026-06-09_21-16-00_modelcentro_transactions.csv
ModelCentro,ModelCentro transaction,,Full site access!,unmapped:modelcentro:full-site-access,Full site access!,,needs mapping,2026-06-10,2026-06-10,2026-06-10,sale date,low,sale date,canonical transaction row,1.0,19.99,13.49,2026-06-09_21-16-00_modelcentro_transactions.csv
ModelCentro,ModelCentro transaction,,Full site access!,unmapped:modelcentro:full-site-access,Full site access!,,needs mapping,2026-06-09,2026-06-09,2026-06-09,sale date,low,sale date,canonical transaction row,1.0,19.99,13.49,2026-06-09_21-16-00_modelcentro_transactions.csv
ModelCentro,ModelCentro transaction,,Full site access!,unmapped:modelcentro:full-site-access,Full site access!,,needs mapping,2026-06-09,2026-06-09,2026-06-09,sale date,low,sale date,canonical transaction row,1.0,19.99,13.49,2026-06-09_21-16-00_modelcentro_transactions.csv
ModelCentro,ModelCentro transaction,,Full site access!,unmapped:modelcentro:full-site-access,Full site access!,,needs mapping,2026-06-09,2026-06-09,2026-06-09,sale date,low,sale date,canonical transaction row,1.0,19.99,13.49,2026-06-09_21-16-00_modelcentro_transactions.csv
ModelCentro,ModelCentro transaction,,Full site access!,unmapped:modelcentro:full-site-access,Full site access!,,needs mapping,2026-06-09,2026-06-09,2026-06-09,sale date,low,sale date,canonical transaction row,1.0,19.99,13.49,2026-06-09_21-16-00_modelcentro_transactions.csv
ModelCentro,ModelCentro transaction,,Full site access!,unmapped:modelcentro:full-site-access,Full site access!,,needs mapping,2026-06-08,2026-06-08,2026-06-08,sale date,low,sale date,canonical transaction row,1.0,19.99,13.49,2026-06-09_21-16-00_modelcentro_transactions.csv
ModelCentro,ModelCentro transaction,,Full site access!,unmapped:modelcentro:full-site-access,Full site access!,,needs mapping,2026-06-08,2026-06-08,2026-06-08,sale date,low,sale date,canonical transaction row,1.0,19.99,13.49,2026-06-09_21-16-00_modelcentro_transactions.csv
ModelCentro,ModelCentro transaction,,Full site access!,unmapped:modelcentro:full-site-access,Full site access!,,needs mapping,2026-06-08,2026-06-08,2026-06-08,sale date,low,sale date,canonical transaction row,1.0,19.99,13.49,2026-06-09_21-16-00_modelcentro_transactions.csv
ModelCentro,ModelCentro transaction,,Full site access!,unmapped:modelcentro:full-site-access,Full site access!,,needs mapping,2026-06-08,2026-06-08,2026-06-08,sale date,low,sale date,canonical transaction row,1.0,19.99,13.49,2026-06-09_21-16-00_modelcentro_transactions.csv
ModelCentro,ModelCentro transaction,,Full site access!,unmapped:modelcentro:full-site-access,Full site access!,,needs mapping,2026-06-07,2026-06-07,2026-06-07,sale date,low,sale date,canonical transaction row,1.0,19.99,13.49,2026-06-09_21-16-00_modelcentro_transactions.csv
ModelCentro,ModelCentro transaction,,Full site access!,unmapped:modelcentro:full-site-access,Full site access!,,needs mapping,2026-06-07,2026-06-07,2026-06-07,sale date,low,sale date,canonical transaction row,1.0,19.99,13.49,2026-06-09_21-16-00_modelcentro_transactions.csv
ModelCentro,ModelCentro transaction,,Full site access!,unmapped:modelcentro:full-site-access,Full site access!,,needs mapping,2026-06-07,2026-06-07,2026-06-07,sale date,low,sale date,canonical transaction row,1.0,19.99,13.49,2026-06-09_21-16-00_modelcentro_transactions.csv
ModelCentro,ModelCentro transaction,,1 Month Membership,unmapped:modelcentro:1-month-membership,1 Month Membership,,needs mapping,2026-06-07,2026-06-07,2026-06-07,sale date,low,sale date,canonical transaction row,1.0,19.99,13.49,2026-06-09_21-16-00_modelcentro_transactions.csv
ModelCentro,ModelCentro transaction,,Full site access!,unmapped:modelcentro:full-site-access,Full site access!,,needs mapping,2026-06-07,2026-06-07,2026-06-07,sale date,low,sale date,canonical transaction row,1.0,19.99,13.49,2026-06-09_21-16-00_modelcentro_transactions.csv
ModelCentro,ModelCentro transaction,,Stripper Lets You Fuck in VIP - POV solo,Video 0143,Stripper Lets You Fuck in VIP - POV solo,Video,mapped,2026-06-07,2026-06-07,2021-09-03,master content release date,high,sale date,canonical transaction row,1.0,10.99,7.41,2026-06-09_21-16-00_modelcentro_transactions.csv
ModelCentro,ModelCentro transaction,,Full site access!,unmapped:modelcentro:full-site-access,Full site access!,,needs mapping,2026-06-07,2026-06-07,2026-06-07,sale date,low,sale date,canonical transaction row,1.0,19.99,13.49,2026-06-09_21-16-00_modelcentro_transactions.csv
ModelCentro,ModelCentro transaction,,Full site access!,unmapped:modelcentro:full-site-access,Full site access!,,needs mapping,2026-06-07,2026-06-07,2026-06-07,sale date,low,sale date,canonical transaction row,1.0,19.99,13.49,2026-06-09_21-16-00_modelcentro_transactions.csv
ModelCentro,ModelCentro transaction,,Full site access!,unmapped:modelcentro:full-site-access,Full site access!,,needs mapping,2026-06-06,2026-06-06,2026-06-06,sale date,low,sale date,canonical transaction row,1.0,19.99,13.49,2026-06-09_21-16-00_modelcentro_transactions.csv
ModelCentro,ModelCentro transaction,,Full site access!,unmapped:modelcentro:full-site-access,Full site access!,,needs mapping,2026-06-06,2026-06-06,2026-06-06,sale date,low,sale date,canonical transaction row,1.0,19.99,13.49,2026-06-09_21-16-00_modelcentro_transactions.csv
ModelCentro,ModelCentro transaction,,Full site access!,unmapped:modelcentro:full-site-access,Full site access!,,needs mapping,2026-06-06,2026-06-06,2026-06-06,sale date,low,sale date,canonical transaction row,1.0,19.99,13.49,2026-06-09_21-16-00_modelcentro_transactions.csv
ModelCentro,ModelCentro transaction,,Full site access!,unmapped:modelcentro:full-site-access,Full site access!,,needs mapping,2026-06-06,2026-06-06,2026-06-06,sale date,low,sale date,canonical transaction row,1.0,19.99,4.49,2026-06-09_21-16-00_modelcentro_transactions.csv
ModelCentro,ModelCentro transaction,,Full site access!,unmapped:modelcentro:full-site-access,Full site access!,,needs mapping,2026-06-06,2026-06-06,2026-06-06,sale date,low,sale date,canonical transaction row,1.0,19.99,13.49,2026-06-09_21-16-00_modelcentro_transactions.csv
ModelCentro,ModelCentro transaction,,Full site access!,unmapped:modelcentro:full-site-access,Full site access!,,needs mapping,2026-06-06,2026-06-06,2026-06-06,sale date,low,sale date,canonical transaction row,1.0,19.99,13.49,2026-06-09_21-16-00_modelcentro_transactions.csv
ModelCentro,ModelCentro transaction,,Full site access!,unmapped:modelcentro:full-site-access,Full site access!,,needs mapping,2026-06-06,2026-06-06,2026-06-06,sale date,low,sale date,canonical transaction row,1.0,19.99,13.49,2026-06-09_21-16-00_modelcentro_transactions.csv
ModelCentro,ModelCentro transaction,,Full site access!,unmapped:modelcentro:full-site-access,Full site access!,,needs mapping,2026-06-06,2026-06-06,2026-06-06,sale date,low,sale date,canonical transaction row,1.0,19.99,13.49,2026-06-09_21-16-00_modelcentro_transactions.csv
ModelCentro,ModelCentro transaction,,Full site access!,unmapped:modelcentro:full-site-access,Full site access!,,needs mapping,2026-06-06,2026-06-06,2026-06-06,sale date,low,sale date,canonical transaction row,1.0,19.99,13.49,2026-06-09_21-16-00_modelcentro_transactions.csv
ModelCentro,ModelCentro transaction,,Full site access!,unmapped:modelcentro:full-site-access,Full site access!,,needs mapping,2026-06-06,2026-06-06,2026-06-06,sale date,low,sale date,canonical transaction row,1.0,19.99,4.49,2026-06-09_21-16-00_modelcentro_transactions.csv
ModelCentro,ModelCentro transaction,,Full site access!,unmapped:modelcentro:full-site-access,Full site access!,,needs mapping,2026-06-06,2026-06-06,2026-06-06,sale date,low,sale date,canonical transaction row,1.0,19.99,13.49,2026-06-09_21-16-00_modelcentro_transactions.csv
ModelCentro,ModelCentro transaction,,Full site access!,unmapped:modelcentro:full-site-access,Full site access!,,needs mapping,2026-06-06,2026-06-06,2026-06-06,sale date,low,sale date,canonical transaction row,1.0,19.99,13.49,2026-06-09_21-16-00_modelcentro_transactions.csv
ModelCentro,ModelCentro transaction,,Full site access!,unmapped:modelcentro:full-site-access,Full site access!,,needs mapping,2026-06-05,2026-06-05,2026-06-05,sale date,low,sale date,canonical transaction row,1.0,19.99,13.49,2026-06-09_21-16-00_modelcentro_transactions.csv
ModelCentro,ModelCentro transaction,,Full site access!,unmapped:modelcentro:full-site-access,Full site access!,,needs mapping,2026-06-05,2026-06-05,2026-06-05,sale date,low,sale date,canonical transaction row,1.0,19.99,13.49,2026-06-09_21-16-00_modelcentro_transactions.csv
ModelCentro,ModelCentro transaction,,Full site access!,unmapped:modelcentro:full-site-access,Full site access!,,needs mapping,2026-06-05,2026-06-05,2026-06-05,sale date,low,sale date,canonical transaction row,1.0,19.99,13.49,2026-06-09_21-16-00_modelcentro_transactions.csv
ModelCentro,ModelCentro transaction,,Full site access!,unmapped:modelcentro:full-site-access,Full site access!,,needs mapping,2026-06-05,2026-06-05,2026-06-05,sale date,low,sale date,canonical transaction row,1.0,19.99,13.49,2026-06-09_21-16-00_modelcentro_transactions.csv
ModelCentro,ModelCentro transaction,,Full site access!,unmapped:modelcentro:full-site-access,Full site access!,,needs mapping,2026-06-05,2026-06-05,2026-06-05,sale date,low,sale date,canonical transaction row,1.0,19.99,13.49,2026-06-09_21-16-00_modelcentro_transactions.csv
ModelCentro,ModelCentro transaction,,Full site access!,unmapped:modelcentro:full-site-access,Full site access!,,needs mapping,2026-06-05,2026-06-05,2026-06-05,sale date,low,sale date,canonical transaction row,1.0,19.99,13.49,2026-06-09_21-16-00_modelcentro_transactions.csv
ModelCentro,ModelCentro transaction,,Full site access!,unmapped:modelcentro:full-site-access,Full site access!,,needs mapping,2026-06-04,2026-06-04,2026-06-04,sale date,low,sale date,canonical transaction row,1.0,19.99,13.49,2026-06-09_21-16-00_modelcentro_transactions.csv
ModelCentro,ModelCentro transaction,,Full site access!,unmapped:modelcentro:full-site-access,Full site access!,,needs mapping,2026-06-04,2026-06-04,2026-06-04,sale date,low,sale date,canonical transaction row,1.0,19.99,13.49,2026-06-09_21-16-00_modelcentro_transactions.csv
ModelCentro,ModelCentro transaction,,Full site access!,unmapped:modelcentro:full-site-access,Full site access!,,needs mapping,2026-06-04,2026-06-04,2026-06-04,sale date,low,sale date,canonical transaction row,1.0,19.99,13.49,2026-06-09_21-16-00_modelcentro_transactions.csv
ModelCentro,ModelCentro transaction,,Full site access!,unmapped:modelcentro:full-site-access,Full site access!,,needs mapping,2026-06-04,2026-06-04,2026-06-04,sale date,low,sale date,canonical transaction row,1.0,19.99,13.49,2026-06-09_21-16-00_modelcentro_transactions.csv
ModelCentro,ModelCentro transaction,,Full site access!,unmapped:modelcentro:full-site-access,Full site access!,,needs mapping,2026-06-03,2026-06-03,2026-06-03,sale date,low,sale date,canonical transaction row,1.0,19.99,13.49,2026-06-09_21-16-00_modelcentro_transactions.csv
ModelCentro,ModelCentro transaction,,Full site access!,unmapped:modelcentro:full-site-access,Full site access!,,needs mapping,2026-06-03,2026-06-03,2026-06-03,sale date,low,sale date,canonical transaction row,1.0,19.99,13.49,2026-06-09_21-16-00_modelcentro_transactions.csv
ModelCentro,ModelCentro transaction,,Full site access!,unmapped:modelcentro:full-site-access,Full site access!,,needs mapping,2026-06-03,2026-06-03,2026-06-03,sale date,low,sale date,canonical transaction row,1.0,19.99,13.49,2026-06-09_21-16-00_modelcentro_transactions.csv
ModelCentro,ModelCentro transaction,,Full site access!,unmapped:modelcentro:full-site-access,Full site access!,,needs mapping,2026-06-03,2026-06-03,2026-06-03,sale date,low,sale date,canonical transaction row,1.0,19.99,13.49,2026-06-09_21-16-00_modelcentro_transactions.csv
ModelCentro,ModelCentro transaction,,Full site access!,unmapped:modelcentro:full-site-access,Full site access!,,needs mapping,2026-06-03,2026-06-03,2026-06-03,sale date,low,sale date,canonical transaction row,1.0,19.99,13.49,2026-06-09_21-16-00_modelcentro_transactions.csv
ModelCentro,ModelCentro transaction,,Full site access!,unmapped:modelcentro:full-site-access,Full site access!,,needs mapping,2026-06-02,2026-06-02,2026-06-02,sale date,low,sale date,canonical transaction row,1.0,19.99,13.49,2026-06-09_21-16-00_modelcentro_transactions.csv
ModelCentro,ModelCentro transaction,,Full site access!,unmapped:modelcentro:full-site-access,Full site access!,,needs mapping,2026-06-02,2026-06-02,2026-06-02,sale date,low,sale date,canonical transaction row,1.0,19.99,13.49,2026-06-09_21-16-00_modelcentro_transactions.csv
ModelCentro,ModelCentro transaction,,Full site access!,unmapped:modelcentro:full-site-access,Full site access!,,needs mapping,2026-06-02,2026-06-02,2026-06-02,sale date,low,sale date,canonical transaction row,1.0,19.99,13.49,2026-06-09_21-16-00_modelcentro_transactions.csv
ModelCentro,ModelCentro transaction,,Full site access!,unmapped:modelcentro:full-site-access,Full site access!,,needs mapping,2026-06-02,2026-06-02,2026-06-02,sale date,low,sale date,canonical transaction row,1.0,19.99,13.49,2026-06-09_21-16-00_modelcentro_transactions.csv
ModelCentro,ModelCentro transaction,,Full site access!,unmapped:modelcentro:full-site-access,Full site access!,,needs mapping,2026-06-02,2026-06-02,2026-06-02,sale date,low,sale date,canonical transaction row,1.0,19.99,13.49,2026-06-09_21-16-00_modelcentro_transactions.csv
ModelCentro,ModelCentro transaction,,Full site access!,unmapped:modelcentro:full-site-access,Full site access!,,needs mapping,2026-06-02,2026-06-02,2026-06-02,sale date,low,sale date,canonical transaction row,1.0,19.99,13.49,2026-06-09_21-16-00_modelcentro_transactions.csv
ModelCentro,ModelCentro transaction,,Full site access!,unmapped:modelcentro:full-site-access,Full site access!,,needs mapping,2026-06-02,2026-06-02,2026-06-02,sale date,low,sale date,canonical transaction row,1.0,19.99,13.49,2026-06-09_21-16-00_modelcentro_transactions.csv
ModelCentro,ModelCentro transaction,,Full site access!,unmapped:modelcentro:full-site-access,Full site access!,,needs mapping,2026-06-01,2026-06-01,2026-06-01,sale date,low,sale date,canonical transaction row,1.0,19.99,13.49,2026-06-09_21-16-00_modelcentro_transactions.csv
ModelCentro,ModelCentro transaction,,Full site access!,unmapped:modelcentro:full-site-access,Full site access!,,needs mapping,2026-06-01,2026-06-01,2026-06-01,sale date,low,sale date,canonical transaction row,1.0,19.99,13.49,2026-06-09_21-16-00_modelcentro_transactions.csv
ModelCentro,ModelCentro transaction,,1 Month Membership,unmapped:modelcentro:1-month-membership,1 Month Membership,,needs mapping,2026-06-01,2026-06-01,2026-06-01,sale date,low,sale date,canonical transaction row,1.0,19.99,13.49,2026-06-09_21-16-00_modelcentro_transactions.csv
ModelCentro,ModelCentro transaction,,1 Month Membership,unmapped:modelcentro:1-month-membership,1 Month Membership,,needs mapping,2026-06-01,2026-06-01,2026-06-01,sale date,low,sale date,canonical transaction row,1.0,19.99,13.49,2026-06-09_21-16-00_modelcentro_transactions.csv
ModelCentro,ModelCentro transaction,,Full site access!,unmapped:modelcentro:full-site-access,Full site access!,,needs mapping,2026-06-01,2026-06-01,2026-06-01,sale date,low,sale date,canonical transaction row,1.0,19.99,13.49,2026-06-09_21-16-00_modelcentro_transactions.csv
ModelCentro,ModelCentro transaction,,Full site access!,unmapped:modelcentro:full-site-access,Full site access!,,needs mapping,2026-06-01,2026-06-01,2026-06-01,sale date,low,sale date,canonical transaction row,1.0,19.99,13.49,2026-06-09_21-16-00_modelcentro_transactions.csv
ModelCentro,ModelCentro transaction,,Full site access!,unmapped:modelcentro:full-site-access,Full site access!,,needs mapping,2026-06-01,2026-06-01,2026-06-01,sale date,low,sale date,canonical transaction row,1.0,19.99,13.49,2026-06-09_21-16-00_modelcentro_transactions.csv
ModelCentro,ModelCentro transaction,,Full site access!,unmapped:modelcentro:full-site-access,Full site access!,,needs mapping,2026-06-01,2026-06-01,2026-06-01,sale date,low,sale date,canonical transaction row,1.0,19.99,13.49,2026-06-09_21-16-00_modelcentro_transactions.csv
ModelCentro,ModelCentro transaction,,Full site access!,unmapped:modelcentro:full-site-access,Full site access!,,needs mapping,2026-06-01,2026-06-01,2026-06-01,sale date,low,sale date,canonical transaction row,1.0,19.99,13.49,2026-06-09_21-16-00_modelcentro_transactions.csv
ModelCentro,ModelCentro transaction,,Full site access!,unmapped:modelcentro:full-site-access,Full site access!,,needs mapping,2026-06-01,2026-06-01,2026-06-01,sale date,low,sale date,canonical transaction row,1.0,19.99,13.49,2026-06-09_21-16-00_modelcentro_transactions.csv
ModelCentro,ModelCentro transaction,,Full site access!,unmapped:modelcentro:full-site-access,Full site access!,,needs mapping,2026-05-31,2026-05-31,2026-05-31,sale date,low,sale date,canonical transaction row,1.0,19.99,13.49,2026-06-09_21-16-00_modelcentro_transactions.csv
ModelCentro,ModelCentro transaction,,Full site access!,unmapped:modelcentro:full-site-access,Full site access!,,needs mapping,2026-05-31,2026-05-31,2026-05-31,sale date,low,sale date,canonical transaction row,1.0,19.99,13.49,2026-06-09_21-16-00_modelcentro_transactions.csv
ModelCentro,ModelCentro transaction,,Full site access!,unmapped:modelcentro:full-site-access,Full site access!,,needs mapping,2026-05-31,2026-05-31,2026-05-31,sale date,low,sale date,canonical transaction row,1.0,19.99,13.49,2026-06-09_21-16-00_modelcentro_transactions.csv
ModelCentro,ModelCentro transaction,,Full site access!,unmapped:modelcentro:full-site-access,Full site access!,,needs mapping,2026-05-31,2026-05-31,2026-05-31,sale date,low,sale date,canonical transaction row,1.0,19.99,13.49,2026-06-09_21-16-00_modelcentro_transactions.csv
ModelCentro,ModelCentro transaction,,Full site access!,unmapped:modelcentro:full-site-access,Full site access!,,needs mapping,2026-05-31,2026-05-31,2026-05-31,sale date,low,sale date,canonical transaction row,1.0,19.99,13.49,2026-06-09_21-16-00_modelcentro_transactions.csv
ModelCentro,ModelCentro transaction,,Full site access!,unmapped:modelcentro:full-site-access,Full site access!,,needs mapping,2026-05-30,2026-05-30,2026-05-30,sale date,low,sale date,canonical transaction row,1.0,19.99,13.49,2026-06-09_21-16-00_modelcentro_transactions.csv
ModelCentro,ModelCentro transaction,,Full site access!,unmapped:modelcentro:full-site-access,Full site access!,,needs mapping,2026-05-30,2026-05-30,2026-05-30,sale date,low,sale date,canonical transaction row,1.0,19.99,13.49,2026-06-09_21-16-00_modelcentro_transactions.csv
ModelCentro,ModelCentro transaction,,Full site access!,unmapped:modelcentro:full-site-access,Full site access!,,needs mapping,2026-05-30,2026-05-30,2026-05-30,sale date,low,sale date,canonical transaction row,1.0,19.99,13.49,2026-06-09_21-16-00_modelcentro_transactions.csv
ModelCentro,ModelCentro transaction,,Full site access!,unmapped:modelcentro:full-site-access,Full site access!,,needs mapping,2026-05-30,2026-05-30,2026-05-30,sale date,low,sale date,canonical transaction row,1.0,19.99,13.49,2026-06-09_21-16-00_modelcentro_transactions.csv
ModelCentro,ModelCentro transaction,,Full site access!,unmapped:modelcentro:full-site-access,Full site access!,,needs mapping,2026-05-30,2026-05-30,2026-05-30,sale date,low,sale date,canonical transaction row,1.0,19.99,13.49,2026-06-09_21-16-00_modelcentro_transactions.csv
ModelCentro,ModelCentro transaction,,Full site access!,unmapped:modelcentro:full-site-access,Full site access!,,needs mapping,2026-05-30,2026-05-30,2026-05-30,sale date,low,sale date,canonical transaction row,1.0,19.99,13.49,2026-06-09_21-16-00_modelcentro_transactions.csv
ModelCentro,ModelCentro transaction,,Stripper Lets You Fuck in VIP - POV solo,Video 0143,Stripper Lets You Fuck in VIP - POV solo,Video,mapped,2026-05-30,2026-05-30,2021-09-03,master content release date,high,sale date,canonical transaction row,1.0,10.99,7.41,2026-06-09_21-16-00_modelcentro_transactions.csv
ModelCentro,ModelCentro transaction,,Full site access!,unmapped:modelcentro:full-site-access,Full site access!,,needs mapping,2026-05-30,2026-05-30,2026-05-30,sale date,low,sale date,canonical transaction row,1.0,19.99,13.49,2026-06-09_21-16-00_modelcentro_transactions.csv
ModelCentro,ModelCentro transaction,,Full site access!,unmapped:modelcentro:full-site-access,Full site access!,,needs mapping,2026-05-29,2026-05-29,2026-05-29,sale date,low,sale date,canonical transaction row,1.0,19.99,13.49,2026-06-09_21-16-00_modelcentro_transactions.csv
ModelCentro,ModelCentro transaction,,Full site access!,unmapped:modelcentro:full-site-access,Full site access!,,needs mapping,2026-05-29,2026-05-29,2026-05-29,sale date,low,sale date,canonical transaction row,1.0,19.99,13.49,2026-06-09_21-16-00_modelcentro_transactions.csv
ModelCentro,ModelCentro transaction,,Full site access!,unmapped:modelcentro:full-site-access,Full site access!,,needs mapping,2026-05-29,2026-05-29,2026-05-29,sale date,low,sale date,canonical transaction row,1.0,19.99,13.49,2026-06-09_21-16-00_modelcentro_transactions.csv
ModelCentro,ModelCentro transaction,,Full site access!,unmapped:modelcentro:full-site-access,Full site access!,,needs mapping,2026-05-29,2026-05-29,2026-05-29,sale date,low,sale date,canonical transaction row,1.0,19.99,13.49,2026-06-09_21-16-00_modelcentro_transactions.csv
ModelCentro,ModelCentro transaction,,Full site access!,unmapped:modelcentro:full-site-access,Full site access!,,needs mapping,2026-05-29,2026-05-29,2026-05-29,sale date,low,sale date,canonical transaction row,1.0,19.99,13.49,2026-06-09_21-16-00_modelcentro_transactions.csv
ModelCentro,ModelCentro transaction,,Full site access!,unmapped:modelcentro:full-site-access,Full site access!,,needs mapping,2026-05-29,2026-05-29,2026-05-29,sale date,low,sale date,canonical transaction row,1.0,19.99,13.49,2026-06-09_21-16-00_modelcentro_transactions.csv
ModelCentro,ModelCentro transaction,,Full site access!,unmapped:modelcentro:full-site-access,Full site access!,,needs mapping,2026-05-29,2026-05-29,2026-05-29,sale date,low,sale date,canonical transaction row,1.0,19.99,13.49,2026-06-09_21-16-00_modelcentro_transactions.csv
ModelCentro,ModelCentro transaction,,Full site access!,unmapped:modelcentro:full-site-access,Full site access!,,needs mapping,2026-05-29,2026-05-29,2026-05-29,sale date,low,sale date,canonical transaction row,1.0,19.99,13.49,2026-06-09_21-16-00_modelcentro_transactions.csv
ModelCentro,ModelCentro transaction,,Full site access!,unmapped:modelcentro:full-site-access,Full site access!,,needs mapping,2026-05-29,2026-05-29,2026-05-29,sale date,low,sale date,canonical transaction row,1.0,19.99,13.49,2026-06-09_21-16-00_modelcentro_transactions.csv
ModelCentro,ModelCentro transaction,,Full site access!,unmapped:modelcentro:full-site-access,Full site access!,,needs mapping,2026-05-29,2026-05-29,2026-05-29,sale date,low,sale date,canonical transaction row,1.0,19.99,13.49,2026-06-09_21-16-00_modelcentro_transactions.csv
ModelCentro,ModelCentro transaction,,Full site access!,unmapped:modelcentro:full-site-access,Full site access!,,needs mapping,2026-05-29,2026-05-29,2026-05-29,sale date,low,sale date,canonical transaction row,1.0,19.99,13.49,2026-06-09_21-16-00_modelcentro_transactions.csv
ModelCentro,ModelCentro transaction,,Full site access!,unmapped:modelcentro:full-site-access,Full site access!,,needs mapping,2026-05-28,2026-05-28,2026-05-28,sale date,low,sale date,canonical transaction row,1.0,19.99,13.49,2026-06-09_21-16-00_modelcentro_transactions.csv
ModelCentro,ModelCentro transaction,,Full site access!,unmapped:modelcentro:full-site-access,Full site access!,,needs mapping,2026-05-28,2026-05-28,2026-05-28,sale date,low,sale date,canonical transaction row,1.0,19.99,13.49,2026-06-09_21-16-00_modelcentro_transactions.csv
ModelCentro,ModelCentro transaction,,Full site access!,unmapped:modelcentro:full-site-access,Full site access!,,needs mapping,2026-05-28,2026-05-28,2026-05-28,sale date,low,sale date,canonical transaction row,1.0,19.99,13.49,2026-06-09_21-16-00_modelcentro_transactions.csv
ModelCentro,ModelCentro transaction,,Full site access!,unmapped:modelcentro:full-site-access,Full site access!,,needs mapping,2026-05-28,2026-05-28,2026-05-28,sale date,low,sale date,canonical transaction row,1.0,19.99,13.49,2026-06-09_21-16-00_modelcentro_transactions.csv
ModelCentro,ModelCentro transaction,,Full site access!,unmapped:modelcentro:full-site-access,Full site access!,,needs mapping,2026-05-28,2026-05-28,2026-05-28,sale date,low,sale date,canonical transaction row,1.0,19.99,13.49,2026-06-09_21-16-00_modelcentro_transactions.csv
ModelCentro,ModelCentro transaction,,Full site access!,unmapped:modelcentro:full-site-access,Full site access!,,needs mapping,2026-05-27,2026-05-27,2026-05-27,sale date,low,sale date,canonical transaction row,1.0,19.99,4.49,2026-06-09_21-16-00_modelcentro_transactions.csv
ModelCentro,ModelCentro transaction,,Full site access!,unmapped:modelcentro:full-site-access,Full site access!,,needs mapping,2026-05-27,2026-05-27,2026-05-27,sale date,low,sale date,canonical transaction row,1.0,19.99,13.49,2026-06-09_21-16-00_modelcentro_transactions.csv
ModelCentro,ModelCentro transaction,,Full site access!,unmapped:modelcentro:full-site-access,Full site access!,,needs mapping,2026-05-27,2026-05-27,2026-05-27,sale date,low,sale date,canonical transaction row,1.0,19.99,13.49,2026-06-09_21-16-00_modelcentro_transactions.csv
ModelCentro,ModelCentro transaction,,Full site access!,unmapped:modelcentro:full-site-access,Full site access!,,needs mapping,2026-05-27,2026-05-27,2026-05-27,sale date,low,sale date,canonical transaction row,1.0,19.99,4.49,2026-06-09_21-16-00_modelcentro_transactions.csv
ModelCentro,ModelCentro transaction,,Full site access!,unmapped:modelcentro:full-site-access,Full site access!,,needs mapping,2026-05-27,2026-05-27,2026-05-27,sale date,low,sale date,canonical transaction row,1.0,19.99,13.49,2026-06-09_21-16-00_modelcentro_transactions.csv
ModelCentro,ModelCentro transaction,,Full site access!,unmapped:modelcentro:full-site-access,Full site access!,,needs mapping,2026-05-27,2026-05-27,2026-05-27,sale date,low,sale date,canonical transaction row,1.0,19.99,13.49,2026-06-09_21-16-00_modelcentro_transactions.csv
ModelCentro,ModelCentro transaction,,Full site access!,unmapped:modelcentro:full-site-access,Full site access!,,needs mapping,2026-05-27,2026-05-27,2026-05-27,sale date,low,sale date,canonical transaction row,1.0,19.99,13.49,2026-06-09_21-16-00_modelcentro_transactions.csv
ModelCentro,ModelCentro transaction,,Full site access!,unmapped:modelcentro:full-site-access,Full site access!,,needs mapping,2026-05-27,2026-05-27,2026-05-27,sale date,low,sale date,canonical transaction row,1.0,19.99,13.49,2026-06-09_21-16-00_modelcentro_transactions.csv
ModelCentro,ModelCentro transaction,,Full site access!,unmapped:modelcentro:full-site-access,Full site access!,,needs mapping,2026-05-27,2026-05-27,2026-05-27,sale date,low,sale date,canonical transaction row,1.0,19.99,13.49,2026-06-09_21-16-00_modelcentro_transactions.csv
ModelCentro,ModelCentro transaction,,Full site access!,unmapped:modelcentro:full-site-access,Full site access!,,needs mapping,2026-05-26,2026-05-26,2026-05-26,sale date,low,sale date,canonical transaction row,1.0,19.99,13.49,2026-06-09_21-16-00_modelcentro_transactions.csv
ModelCentro,ModelCentro transaction,,Full site access!,unmapped:modelcentro:full-site-access,Full site access!,,needs mapping,2026-05-26,2026-05-26,2026-05-26,sale date,low,sale date,canonical transaction row,1.0,19.99,13.49,2026-06-09_21-16-00_modelcentro_transactions.csv
ModelCentro,ModelCentro transaction,,Full site access!,unmapped:modelcentro:full-site-access,Full site access!,,needs mapping,2026-05-26,2026-05-26,2026-05-26,sale date,low,sale date,canonical transaction row,1.0,19.99,13.49,2026-06-09_21-16-00_modelcentro_transactions.csv
ModelCentro,ModelCentro transaction,,Full site access!,unmapped:modelcentro:full-site-access,Full site access!,,needs mapping,2026-05-26,2026-05-26,2026-05-26,sale date,low,sale date,canonical transaction row,1.0,19.99,4.49,2026-06-09_21-16-00_modelcentro_transactions.csv
ModelCentro,ModelCentro transaction,,Full site access!,unmapped:modelcentro:full-site-access,Full site access!,,needs mapping,2026-05-26,2026-05-26,2026-05-26,sale date,low,sale date,canonical transaction row,1.0,19.99,13.49,2026-06-09_21-16-00_modelcentro_transactions.csv
ModelCentro,ModelCentro transaction,,Full site access!,unmapped:modelcentro:full-site-access,Full site access!,,needs mapping,2026-05-26,2026-05-26,2026-05-26,sale date,low,sale date,canonical transaction row,1.0,19.99,13.49,2026-06-09_21-16-00_modelcentro_transactions.csv
ModelCentro,ModelCentro transaction,,Full site access!,unmapped:modelcentro:full-site-access,Full site access!,,needs mapping,2026-05-26,2026-05-26,2026-05-26,sale date,low,sale date,canonical transaction row,1.0,19.99,13.49,2026-06-09_21-16-00_modelcentro_transactions.csv
ModelCentro,ModelCentro transaction,,Full site access!,unmapped:modelcentro:full-site-access,Full site access!,,needs mapping,2026-05-26,2026-05-26,2026-05-26,sale date,low,sale date,canonical transaction row,1.0,19.99,13.49,2026-06-09_21-16-00_modelcentro_transactions.csv
ModelCentro,ModelCentro transaction,,Full site access!,unmapped:modelcentro:full-site-access,Full site access!,,needs mapping,2026-05-26,2026-05-26,2026-05-26,sale date,low,sale date,canonical transaction row,1.0,19.99,13.49,2026-06-09_21-16-00_modelcentro_transactions.csv
ModelCentro,ModelCentro transaction,,Full site access!,unmapped:modelcentro:full-site-access,Full site access!,,needs mapping,2026-05-26,2026-05-26,2026-05-26,sale date,low,sale date,canonical transaction row,1.0,19.99,13.49,2026-06-09_21-16-00_modelcentro_transactions.csv
ModelCentro,ModelCentro transaction,,1 Month Membership,unmapped:modelcentro:1-month-membership,1 Month Membership,,needs mapping,2026-05-25,2026-05-25,2026-05-25,sale date,low,sale date,canonical transaction row,1.0,19.99,13.49,2026-06-09_21-16-00_modelcentro_transactions.csv
ModelCentro,ModelCentro transaction,,Full site access!,unmapped:modelcentro:full-site-access,Full site access!,,needs mapping,2026-05-25,2026-05-25,2026-05-25,sale date,low,sale date,canonical transaction row,1.0,19.99,13.49,2026-06-09_21-16-00_modelcentro_transactions.csv
ModelCentro,ModelCentro transaction,,Full site access!,unmapped:modelcentro:full-site-access,Full site access!,,needs mapping,2026-05-25,2026-05-25,2026-05-25,sale date,low,sale date,canonical transaction row,1.0,19.99,13.49,2026-06-09_21-16-00_modelcentro_transactions.csv
ModelCentro,ModelCentro transaction,,Full site access!,unmapped:modelcentro:full-site-access,Full site access!,,needs mapping,2026-05-25,2026-05-25,2026-05-25,sale date,low,sale date,canonical transaction row,1.0,19.99,13.49,2026-06-09_21-16-00_modelcentro_transactions.csv
ModelCentro,ModelCentro transaction,,Full site access!,unmapped:modelcentro:full-site-access,Full site access!,,needs mapping,2026-05-25,2026-05-25,2026-05-25,sale date,low,sale date,canonical transaction row,1.0,19.99,13.49,2026-06-09_21-16-00_modelcentro_transactions.csv
ModelCentro,ModelCentro transaction,,Full site access!,unmapped:modelcentro:full-site-access,Full site access!,,needs mapping,2026-05-25,2026-05-25,2026-05-25,sale date,low,sale date,canonical transaction row,1.0,19.99,13.49,2026-06-09_21-16-00_modelcentro_transactions.csv
ModelCentro,ModelCentro transaction,,Full site access!,unmapped:modelcentro:full-site-access,Full site access!,,needs mapping,2026-05-24,2026-05-24,2026-05-24,sale date,low,sale date,canonical transaction row,1.0,19.99,13.49,2026-06-09_21-16-00_modelcentro_transactions.csv
ModelCentro,ModelCentro transaction,,Full site access!,unmapped:modelcentro:full-site-access,Full site access!,,needs mapping,2026-05-24,2026-05-24,2026-05-24,sale date,low,sale date,canonical transaction row,1.0,19.99,13.49,2026-06-09_21-16-00_modelcentro_transactions.csv
ModelCentro,ModelCentro transaction,,Full site access!,unmapped:modelcentro:full-site-access,Full site access!,,needs mapping,2026-05-24,2026-05-24,2026-05-24,sale date,low,sale date,canonical transaction row,1.0,19.99,13.49,2026-06-09_21-16-00_modelcentro_transactions.csv
ModelCentro,ModelCentro transaction,,Full site access!,unmapped:modelcentro:full-site-access,Full site access!,,needs mapping,2026-05-24,2026-05-24,2026-05-24,sale date,low,sale date,canonical transaction row,1.0,19.99,13.49,2026-06-09_21-16-00_modelcentro_transactions.csv
ModelCentro,ModelCentro transaction,,Full site access!,unmapped:modelcentro:full-site-access,Full site access!,,needs mapping,2026-05-24,2026-05-24,2026-05-24,sale date,low,sale date,canonical transaction row,1.0,19.99,13.49,2026-06-09_21-16-00_modelcentro_transactions.csv
ModelCentro,ModelCentro transaction,,Full site access!,unmapped:modelcentro:full-site-access,Full site access!,,needs mapping,2026-05-24,2026-05-24,2026-05-24,sale date,low,sale date,canonical transaction row,1.0,19.99,13.49,2026-06-09_21-16-00_modelcentro_transactions.csv
ModelCentro,ModelCentro transaction,,Full site access!,unmapped:modelcentro:full-site-access,Full site access!,,needs mapping,2026-05-24,2026-05-24,2026-05-24,sale date,low,sale date,canonical transaction row,1.0,19.99,13.49,2026-06-09_21-16-00_modelcentro_transactions.csv
ModelCentro,ModelCentro transaction,,Full site access!,unmapped:modelcentro:full-site-access,Full site access!,,needs mapping,2026-05-24,2026-05-24,2026-05-24,sale date,low,sale date,canonical transaction row,1.0,19.99,13.49,2026-06-09_21-16-00_modelcentro_transactions.csv
ModelCentro,ModelCentro transaction,,Full site access!,unmapped:modelcentro:full-site-access,Full site access!,,needs mapping,2026-05-24,2026-05-24,2026-05-24,sale date,low,sale date,canonical transaction row,1.0,19.99,13.49,2026-06-09_21-16-00_modelcentro_transactions.csv
ModelCentro,ModelCentro transaction,,Full site access!,unmapped:modelcentro:full-site-access,Full site access!,,needs mapping,2026-05-24,2026-05-24,2026-05-24,sale date,low,sale date,canonical transaction row,1.0,19.99,13.49,2026-06-09_21-16-00_modelcentro_transactions.csv
ModelCentro,ModelCentro transaction,,Full site access!,unmapped:modelcentro:full-site-access,Full site access!,,needs mapping,2026-05-23,2026-05-23,2026-05-23,sale date,low,sale date,canonical transaction row,1.0,19.99,13.49,2026-06-09_21-16-00_modelcentro_transactions.csv
ModelCentro,ModelCentro transaction,,Full site access!,unmapped:modelcentro:full-site-access,Full site access!,,needs mapping,2026-05-23,2026-05-23,2026-05-23,sale date,low,sale date,canonical transaction row,1.0,19.99,13.49,2026-06-09_21-16-00_modelcentro_transactions.csv
ModelCentro,ModelCentro transaction,,Full site access!,unmapped:modelcentro:full-site-access,Full site access!,,needs mapping,2026-05-23,2026-05-23,2026-05-23,sale date,low,sale date,canonical transaction row,1.0,19.99,13.49,2026-06-09_21-16-00_modelcentro_transactions.csv
ModelCentro,ModelCentro transaction,,Full site access!,unmapped:modelcentro:full-site-access,Full site access!,,needs mapping,2026-05-23,2026-05-23,2026-05-23,sale date,low,sale date,canonical transaction row,1.0,19.99,13.49,2026-06-09_21-16-00_modelcentro_transactions.csv
ModelCentro,ModelCentro transaction,,Full site access!,unmapped:modelcentro:full-site-access,Full site access!,,needs mapping,2026-05-23,2026-05-23,2026-05-23,sale date,low,sale date,canonical transaction row,1.0,19.99,13.49,2026-06-09_21-16-00_modelcentro_transactions.csv
ModelCentro,ModelCentro transaction,,Full site access!,unmapped:modelcentro:full-site-access,Full site access!,,needs mapping,2026-05-23,2026-05-23,2026-05-23,sale date,low,sale date,canonical transaction row,1.0,19.99,13.49,2026-06-09_21-16-00_modelcentro_transactions.csv
ModelCentro,ModelCentro transaction,,Full site access!,unmapped:modelcentro:full-site-access,Full site access!,,needs mapping,2026-05-22,2026-05-22,2026-05-22,sale date,low,sale date,canonical transaction row,1.0,19.99,13.49,2026-06-09_21-16-00_modelcentro_transactions.csv
ModelCentro,ModelCentro transaction,,Full site access!,unmapped:modelcentro:full-site-access,Full site access!,,needs mapping,2026-05-22,2026-05-22,2026-05-22,sale date,low,sale date,canonical transaction row,1.0,19.99,13.49,2026-06-09_21-16-00_modelcentro_transactions.csv
ModelCentro,ModelCentro transaction,,Full site access!,unmapped:modelcentro:full-site-access,Full site access!,,needs mapping,2026-05-22,2026-05-22,2026-05-22,sale date,low,sale date,canonical transaction row,1.0,19.99,13.49,2026-06-09_21-16-00_modelcentro_transactions.csv
ModelCentro,ModelCentro transaction,,Full site access!,unmapped:modelcentro:full-site-access,Full site access!,,needs mapping,2026-05-22,2026-05-22,2026-05-22,sale date,low,sale date,canonical transaction row,1.0,19.99,13.49,2026-06-09_21-16-00_modelcentro_transactions.csv
ModelCentro,ModelCentro transaction,,Full site access!,unmapped:modelcentro:full-site-access,Full site access!,,needs mapping,2026-05-22,2026-05-22,2026-05-22,sale date,low,sale date,canonical transaction row,1.0,19.99,13.49,2026-06-09_21-16-00_modelcentro_transactions.csv
ModelCentro,ModelCentro transaction,,Full site access!,unmapped:modelcentro:full-site-access,Full site access!,,needs mapping,2026-05-22,2026-05-22,2026-05-22,sale date,low,sale date,canonical transaction row,1.0,19.99,13.49,2026-06-09_21-16-00_modelcentro_transactions.csv
ModelCentro,ModelCentro transaction,,Full site access!,unmapped:modelcentro:full-site-access,Full site access!,,needs mapping,2026-05-22,2026-05-22,2026-05-22,sale date,low,sale date,canonical transaction row,1.0,19.99,13.49,2026-06-09_21-16-00_modelcentro_transactions.csv
ModelCentro,ModelCentro transaction,,Full site access!,unmapped:modelcentro:full-site-access,Full site access!,,needs mapping,2026-05-22,2026-05-22,2026-05-22,sale date,low,sale date,canonical transaction row,1.0,19.99,13.49,2026-06-09_21-16-00_modelcentro_transactions.csv
ModelCentro,ModelCentro transaction,,Full site access!,unmapped:modelcentro:full-site-access,Full site access!,,needs mapping,2026-05-22,2026-05-22,2026-05-22,sale date,low,sale date,canonical transaction row,1.0,19.99,13.49,2026-06-09_21-16-00_modelcentro_transactions.csv
ModelCentro,ModelCentro transaction,,Full site access!,unmapped:modelcentro:full-site-access,Full site access!,,needs mapping,2026-05-22,2026-05-22,2026-05-22,sale date,low,sale date,canonical transaction row,1.0,19.99,13.49,2026-06-09_21-16-00_modelcentro_transactions.csv
ModelCentro,ModelCentro transaction,,Full site access!,unmapped:modelcentro:full-site-access,Full site access!,,needs mapping,2026-05-22,2026-05-22,2026-05-22,sale date,low,sale date,canonical transaction row,1.0,19.99,13.49,2026-06-09_21-16-00_modelcentro_transactions.csv
ModelCentro,ModelCentro transaction,,Underwater Body Jiggle,Video 0125,Underwater Body Jiggle,Video,mapped,2026-05-22,2026-05-22,2021-03-14,master content release date,high,sale date,canonical transaction row,1.0,12.99,8.76,2026-06-09_21-16-00_modelcentro_transactions.csv
ModelCentro,ModelCentro transaction,,Riding Your Face and Your Cock POV,Video 0130,Riding Your Face and Your Cock POV,Video,mapped,2026-05-22,2026-05-22,2021-04-29,master content release date,high,sale date,canonical transaction row,1.0,10.99,7.41,2026-06-09_21-16-00_modelcentro_transactions.csv
ModelCentro,ModelCentro transaction,,Full site access!,unmapped:modelcentro:full-site-access,Full site access!,,needs mapping,2026-06-10,2026-06-10,2026-06-10,sale date,low,sale date,canonical transaction row,1.0,19.99,13.49,2026-06-10_18-15-16_modelcentro_transactions.csv
ModelCentro,ModelCentro transaction,,Full site access!,unmapped:modelcentro:full-site-access,Full site access!,,needs mapping,2026-06-10,2026-06-10,2026-06-10,sale date,low,sale date,canonical transaction row,1.0,19.99,13.49,2026-06-10_18-15-16_modelcentro_transactions.csv
ModelCentro,ModelCentro transaction,,Full site access!,unmapped:modelcentro:full-site-access,Full site access!,,needs mapping,2026-06-10,2026-06-10,2026-06-10,sale date,low,sale date,canonical transaction row,1.0,19.99,13.49,2026-06-10_18-15-16_modelcentro_transactions.csv
ModelCentro,ModelCentro transaction,,Full site access!,unmapped:modelcentro:full-site-access,Full site access!,,needs mapping,2026-06-10,2026-06-10,2026-06-10,sale date,low,sale date,canonical transaction row,1.0,19.99,13.49,2026-06-10_18-15-16_modelcentro_transactions.csv
ModelCentro,ModelCentro transaction,,Full site access!,unmapped:modelcentro:full-site-access,Full site access!,,needs mapping,2026-06-02,2026-06-02,2026-06-02,sale date,low,sale date,canonical transaction row,1.0,19.99,13.49,2026-06-10_18-15-16_modelcentro_transactions.csv
ModelCentro,ModelCentro transaction,,Full site access!,unmapped:modelcentro:full-site-access,Full site access!,,needs mapping,2026-06-02,2026-06-02,2026-06-02,sale date,low,sale date,canonical transaction row,1.0,19.99,13.49,2026-06-10_18-15-16_modelcentro_transactions.csv
ModelCentro,ModelCentro transaction,,Full site access!,unmapped:modelcentro:full-site-access,Full site access!,,needs mapping,2026-06-11,2026-06-11,2026-06-11,sale date,low,sale date,canonical transaction row,1.0,19.99,13.49,2026-06-11_07-38-32_modelcentro_transactions.csv
ModelCentro,ModelCentro transaction,,Full site access!,unmapped:modelcentro:full-site-access,Full site access!,,needs mapping,2026-06-11,2026-06-11,2026-06-11,sale date,low,sale date,canonical transaction row,1.0,19.99,13.49,2026-06-11_18-11-15_modelcentro_transactions.csv
ModelCentro,ModelCentro transaction,,Full site access!,unmapped:modelcentro:full-site-access,Full site access!,,needs mapping,2026-06-11,2026-06-11,2026-06-11,sale date,low,sale date,canonical transaction row,1.0,19.99,13.49,2026-06-11_18-11-15_modelcentro_transactions.csv
ModelCentro,ModelCentro transaction,,Full site access!,unmapped:modelcentro:full-site-access,Full site access!,,needs mapping,2026-06-11,2026-06-11,2026-06-11,sale date,low,sale date,canonical transaction row,1.0,19.99,13.49,2026-06-11_18-11-15_modelcentro_transactions.csv
ModelCentro,ModelCentro transaction,,Full site access!,unmapped:modelcentro:full-site-access,Full site access!,,needs mapping,2026-06-11,2026-06-11,2026-06-11,sale date,low,sale date,canonical transaction row,1.0,19.99,13.49,2026-06-11_18-11-15_modelcentro_transactions.csv
ModelCentro,ModelCentro transaction,,Full site access!,unmapped:modelcentro:full-site-access,Full site access!,,needs mapping,2026-06-11,2026-06-11,2026-06-11,sale date,low,sale date,canonical transaction row,1.0,19.99,13.49,2026-06-11_18-11-15_modelcentro_transactions.csv
ModelCentro,ModelCentro transaction,,Full site access!,unmapped:modelcentro:full-site-access,Full site access!,,needs mapping,2026-05-22,2026-05-22,2026-05-22,sale date,low,sale date,canonical transaction row,1.0,19.99,13.49,2026-06-11_18-11-15_modelcentro_transactions.csv
ModelCentro,ModelCentro transaction,,Full site access!,unmapped:modelcentro:full-site-access,Full site access!,,needs mapping,2026-05-22,2026-05-22,2026-05-22,sale date,low,sale date,canonical transaction row,1.0,19.99,13.49,2026-06-11_18-11-15_modelcentro_transactions.csv
ModelCentro,ModelCentro transaction,,Full site access!,unmapped:modelcentro:full-site-access,Full site access!,,needs mapping,2026-05-21,2026-05-21,2026-05-21,sale date,low,sale date,canonical transaction row,1.0,19.99,13.49,2026-06-11_18-11-15_modelcentro_transactions.csv
ModelCentro,ModelCentro transaction,,Full site access!,unmapped:modelcentro:full-site-access,Full site access!,,needs mapping,2026-05-21,2026-05-21,2026-05-21,sale date,low,sale date,canonical transaction row,1.0,19.99,13.49,2026-06-11_18-11-15_modelcentro_transactions.csv
ModelCentro,ModelCentro transaction,,Full site access!,unmapped:modelcentro:full-site-access,Full site access!,,needs mapping,2026-05-21,2026-05-21,2026-05-21,sale date,low,sale date,canonical transaction row,1.0,19.99,13.49,2026-06-11_18-11-15_modelcentro_transactions.csv
ModelCentro,ModelCentro transaction,,Full site access!,unmapped:modelcentro:full-site-access,Full site access!,,needs mapping,2026-05-21,2026-05-21,2026-05-21,sale date,low,sale date,canonical transaction row,1.0,19.99,13.49,2026-06-11_18-11-15_modelcentro_transactions.csv
ModelCentro,ModelCentro transaction,,Full site access!,unmapped:modelcentro:full-site-access,Full site access!,,needs mapping,2026-05-21,2026-05-21,2026-05-21,sale date,low,sale date,canonical transaction row,1.0,19.99,13.49,2026-06-11_18-11-15_modelcentro_transactions.csv
ModelCentro,ModelCentro transaction,,Full site access!,unmapped:modelcentro:full-site-access,Full site access!,,needs mapping,2026-05-20,2026-05-20,2026-05-20,sale date,low,sale date,canonical transaction row,1.0,19.99,13.49,2026-06-11_18-11-15_modelcentro_transactions.csv
ModelCentro,ModelCentro transaction,,Full site access!,unmapped:modelcentro:full-site-access,Full site access!,,needs mapping,2026-05-20,2026-05-20,2026-05-20,sale date,low,sale date,canonical transaction row,1.0,19.99,13.49,2026-06-11_18-11-15_modelcentro_transactions.csv
ModelCentro,ModelCentro transaction,,Full site access!,unmapped:modelcentro:full-site-access,Full site access!,,needs mapping,2026-05-20,2026-05-20,2026-05-20,sale date,low,sale date,canonical transaction row,1.0,19.99,13.49,2026-06-11_18-11-15_modelcentro_transactions.csv
ModelCentro,ModelCentro transaction,,Full site access!,unmapped:modelcentro:full-site-access,Full site access!,,needs mapping,2026-05-20,2026-05-20,2026-05-20,sale date,low,sale date,canonical transaction row,1.0,19.99,13.49,2026-06-11_18-11-15_modelcentro_transactions.csv
ModelCentro,ModelCentro transaction,,Full site access!,unmapped:modelcentro:full-site-access,Full site access!,,needs mapping,2026-05-20,2026-05-20,2026-05-20,sale date,low,sale date,canonical transaction row,1.0,19.99,13.49,2026-06-11_18-11-15_modelcentro_transactions.csv
ModelCentro,ModelCentro transaction,,Full site access!,unmapped:modelcentro:full-site-access,Full site access!,,needs mapping,2026-05-20,2026-05-20,2026-05-20,sale date,low,sale date,canonical transaction row,1.0,19.99,13.49,2026-06-11_18-11-15_modelcentro_transactions.csv
ModelCentro,ModelCentro transaction,,Full site access!,unmapped:modelcentro:full-site-access,Full site access!,,needs mapping,2026-05-20,2026-05-20,2026-05-20,sale date,low,sale date,canonical transaction row,1.0,19.99,13.49,2026-06-11_18-11-15_modelcentro_transactions.csv
ModelCentro,ModelCentro transaction,,Full site access!,unmapped:modelcentro:full-site-access,Full site access!,,needs mapping,2026-05-20,2026-05-20,2026-05-20,sale date,low,sale date,canonical transaction row,1.0,19.99,13.49,2026-06-11_18-11-15_modelcentro_transactions.csv
ModelCentro,ModelCentro transaction,,Full site access!,unmapped:modelcentro:full-site-access,Full site access!,,needs mapping,2026-05-20,2026-05-20,2026-05-20,sale date,low,sale date,canonical transaction row,1.0,19.99,13.49,2026-06-11_18-11-15_modelcentro_transactions.csv
ModelCentro,ModelCentro transaction,,Full site access!,unmapped:modelcentro:full-site-access,Full site access!,,needs mapping,2026-05-19,2026-05-19,2026-05-19,sale date,low,sale date,canonical transaction row,1.0,19.99,13.49,2026-06-11_18-11-15_modelcentro_transactions.csv
ModelCentro,ModelCentro transaction,,1 Month Membership,unmapped:modelcentro:1-month-membership,1 Month Membership,,needs mapping,2026-05-19,2026-05-19,2026-05-19,sale date,low,sale date,canonical transaction row,1.0,19.99,13.49,2026-06-11_18-11-15_modelcentro_transactions.csv
ModelCentro,ModelCentro transaction,,Full site access!,unmapped:modelcentro:full-site-access,Full site access!,,needs mapping,2026-05-19,2026-05-19,2026-05-19,sale date,low,sale date,canonical transaction row,1.0,19.99,13.49,2026-06-11_18-11-15_modelcentro_transactions.csv
ModelCentro,ModelCentro transaction,,Full site access!,unmapped:modelcentro:full-site-access,Full site access!,,needs mapping,2026-05-19,2026-05-19,2026-05-19,sale date,low,sale date,canonical transaction row,1.0,19.99,13.49,2026-06-11_18-11-15_modelcentro_transactions.csv
ModelCentro,ModelCentro transaction,,Full site access!,unmapped:modelcentro:full-site-access,Full site access!,,needs mapping,2026-05-19,2026-05-19,2026-05-19,sale date,low,sale date,canonical transaction row,1.0,19.99,13.49,2026-06-11_18-11-15_modelcentro_transactions.csv
ModelCentro,ModelCentro transaction,,Full site access!,unmapped:modelcentro:full-site-access,Full site access!,,needs mapping,2026-05-19,2026-05-19,2026-05-19,sale date,low,sale date,canonical transaction row,1.0,19.99,13.49,2026-06-11_18-11-15_modelcentro_transactions.csv
ModelCentro,ModelCentro transaction,,1 Month Membership,unmapped:modelcentro:1-month-membership,1 Month Membership,,needs mapping,2026-05-19,2026-05-19,2026-05-19,sale date,low,sale date,canonical transaction row,1.0,19.99,13.49,2026-06-11_18-11-15_modelcentro_transactions.csv
ModelCentro,ModelCentro transaction,,Full site access!,unmapped:modelcentro:full-site-access,Full site access!,,needs mapping,2026-05-19,2026-05-19,2026-05-19,sale date,low,sale date,canonical transaction row,1.0,19.99,13.49,2026-06-11_18-11-15_modelcentro_transactions.csv
ModelCentro,ModelCentro transaction,,Full site access!,unmapped:modelcentro:full-site-access,Full site access!,,needs mapping,2026-05-19,2026-05-19,2026-05-19,sale date,low,sale date,canonical transaction row,1.0,19.99,13.49,2026-06-11_18-11-15_modelcentro_transactions.csv
ModelCentro,ModelCentro transaction,,Full site access!,unmapped:modelcentro:full-site-access,Full site access!,,needs mapping,2026-05-18,2026-05-18,2026-05-18,sale date,low,sale date,canonical transaction row,1.0,19.99,13.49,2026-06-11_18-11-15_modelcentro_transactions.csv
ModelCentro,ModelCentro transaction,,Full site access!,unmapped:modelcentro:full-site-access,Full site access!,,needs mapping,2026-05-18,2026-05-18,2026-05-18,sale date,low,sale date,canonical transaction row,1.0,19.99,13.49,2026-06-11_18-11-15_modelcentro_transactions.csv
ModelCentro,ModelCentro transaction,,Fat Party Girl Gets the Wrong Room,Video 0153,Fat Party Girl Gets the Wrong Room,Video,mapped,2026-05-18,2026-05-18,2021-11-14,master content release date,high,sale date,canonical transaction row,1.0,11.99,8.09,2026-06-11_18-11-15_modelcentro_transactions.csv
ModelCentro,ModelCentro transaction,,Full site access!,unmapped:modelcentro:full-site-access,Full site access!,,needs mapping,2026-05-18,2026-05-18,2026-05-18,sale date,low,sale date,canonical transaction row,1.0,19.99,13.49,2026-06-11_18-11-15_modelcentro_transactions.csv
ModelCentro,ModelCentro transaction,,Full site access!,unmapped:modelcentro:full-site-access,Full site access!,,needs mapping,2026-05-18,2026-05-18,2026-05-18,sale date,low,sale date,canonical transaction row,1.0,19.99,13.49,2026-06-11_18-11-15_modelcentro_transactions.csv
ModelCentro,ModelCentro transaction,,Full site access!,unmapped:modelcentro:full-site-access,Full site access!,,needs mapping,2026-05-17,2026-05-17,2026-05-17,sale date,low,sale date,canonical transaction row,1.0,19.99,13.49,2026-06-11_18-11-15_modelcentro_transactions.csv
ModelCentro,ModelCentro transaction,,Full site access!,unmapped:modelcentro:full-site-access,Full site access!,,needs mapping,2026-05-17,2026-05-17,2026-05-17,sale date,low,sale date,canonical transaction row,1.0,19.99,13.49,2026-06-11_18-11-15_modelcentro_transactions.csv
ModelCentro,ModelCentro transaction,,Full site access!,unmapped:modelcentro:full-site-access,Full site access!,,needs mapping,2026-05-17,2026-05-17,2026-05-17,sale date,low,sale date,canonical transaction row,1.0,19.99,13.49,2026-06-11_18-11-15_modelcentro_transactions.csv
ModelCentro,ModelCentro transaction,,Full site access!,unmapped:modelcentro:full-site-access,Full site access!,,needs mapping,2026-05-17,2026-05-17,2026-05-17,sale date,low,sale date,canonical transaction row,1.0,19.99,13.49,2026-06-11_18-11-15_modelcentro_transactions.csv
ModelCentro,ModelCentro transaction,,Full site access!,unmapped:modelcentro:full-site-access,Full site access!,,needs mapping,2026-05-17,2026-05-17,2026-05-17,sale date,low,sale date,canonical transaction row,1.0,19.99,13.49,2026-06-11_18-11-15_modelcentro_transactions.csv
ModelCentro,ModelCentro transaction,,Full site access!,unmapped:modelcentro:full-site-access,Full site access!,,needs mapping,2026-05-17,2026-05-17,2026-05-17,sale date,low,sale date,canonical transaction row,1.0,19.99,13.49,2026-06-11_18-11-15_modelcentro_transactions.csv
ModelCentro,ModelCentro transaction,,Full site access!,unmapped:modelcentro:full-site-access,Full site access!,,needs mapping,2026-05-17,2026-05-17,2026-05-17,sale date,low,sale date,canonical transaction row,1.0,19.99,13.49,2026-06-11_18-11-15_modelcentro_transactions.csv
ModelCentro,ModelCentro transaction,,Full site access!,unmapped:modelcentro:full-site-access,Full site access!,,needs mapping,2026-05-17,2026-05-17,2026-05-17,sale date,low,sale date,canonical transaction row,1.0,19.99,13.49,2026-06-11_18-11-15_modelcentro_transactions.csv
ModelCentro,ModelCentro transaction,,Full site access!,unmapped:modelcentro:full-site-access,Full site access!,,needs mapping,2026-05-17,2026-05-17,2026-05-17,sale date,low,sale date,canonical transaction row,1.0,19.99,13.49,2026-06-11_18-11-15_modelcentro_transactions.csv
ModelCentro,ModelCentro transaction,,1 Month Membership,unmapped:modelcentro:1-month-membership,1 Month Membership,,needs mapping,2026-05-16,2026-05-16,2026-05-16,sale date,low,sale date,canonical transaction row,1.0,19.99,13.49,2026-06-11_18-11-15_modelcentro_transactions.csv
ModelCentro,ModelCentro transaction,,Full site access!,unmapped:modelcentro:full-site-access,Full site access!,,needs mapping,2026-05-16,2026-05-16,2026-05-16,sale date,low,sale date,canonical transaction row,1.0,19.99,13.49,2026-06-11_18-11-15_modelcentro_transactions.csv
ModelCentro,ModelCentro transaction,,Full site access!,unmapped:modelcentro:full-site-access,Full site access!,,needs mapping,2026-05-16,2026-05-16,2026-05-16,sale date,low,sale date,canonical transaction row,1.0,19.99,13.49,2026-06-11_18-11-15_modelcentro_transactions.csv
ModelCentro,ModelCentro transaction,,Full site access!,unmapped:modelcentro:full-site-access,Full site access!,,needs mapping,2026-05-16,2026-05-16,2026-05-16,sale date,low,sale date,canonical transaction row,1.0,19.99,13.49,2026-06-11_18-11-15_modelcentro_transactions.csv
ModelCentro,ModelCentro transaction,,Full site access!,unmapped:modelcentro:full-site-access,Full site access!,,needs mapping,2026-05-16,2026-05-16,2026-05-16,sale date,low,sale date,canonical transaction row,1.0,19.99,13.49,2026-06-11_18-11-15_modelcentro_transactions.csv
ModelCentro,ModelCentro transaction,,Full site access!,unmapped:modelcentro:full-site-access,Full site access!,,needs mapping,2026-05-16,2026-05-16,2026-05-16,sale date,low,sale date,canonical transaction row,1.0,19.99,13.49,2026-06-11_18-11-15_modelcentro_transactions.csv
ModelCentro,ModelCentro transaction,,Full site access!,unmapped:modelcentro:full-site-access,Full site access!,,needs mapping,2026-05-16,2026-05-16,2026-05-16,sale date,low,sale date,canonical transaction row,1.0,19.99,13.49,2026-06-11_18-11-15_modelcentro_transactions.csv
ModelCentro,ModelCentro transaction,,Full site access!,unmapped:modelcentro:full-site-access,Full site access!,,needs mapping,2026-05-15,2026-05-15,2026-05-15,sale date,low,sale date,canonical transaction row,1.0,19.99,13.49,2026-06-11_18-11-15_modelcentro_transactions.csv
ModelCentro,ModelCentro transaction,,Full site access!,unmapped:modelcentro:full-site-access,Full site access!,,needs mapping,2026-05-15,2026-05-15,2026-05-15,sale date,low,sale date,canonical transaction row,1.0,19.99,13.49,2026-06-11_18-11-15_modelcentro_transactions.csv
ModelCentro,ModelCentro transaction,,Full site access!,unmapped:modelcentro:full-site-access,Full site access!,,needs mapping,2026-05-15,2026-05-15,2026-05-15,sale date,low,sale date,canonical transaction row,1.0,19.99,13.49,2026-06-11_18-11-15_modelcentro_transactions.csv
ModelCentro,ModelCentro transaction,,Full site access!,unmapped:modelcentro:full-site-access,Full site access!,,needs mapping,2026-05-15,2026-05-15,2026-05-15,sale date,low,sale date,canonical transaction row,1.0,19.99,13.49,2026-06-11_18-11-15_modelcentro_transactions.csv
ModelCentro,ModelCentro transaction,,Full site access!,unmapped:modelcentro:full-site-access,Full site access!,,needs mapping,2026-05-14,2026-05-14,2026-05-14,sale date,low,sale date,canonical transaction row,1.0,19.99,13.49,2026-06-11_18-11-15_modelcentro_transactions.csv
ModelCentro,ModelCentro transaction,,Full site access!,unmapped:modelcentro:full-site-access,Full site access!,,needs mapping,2026-05-14,2026-05-14,2026-05-14,sale date,low,sale date,canonical transaction row,1.0,19.99,13.49,2026-06-11_18-11-15_modelcentro_transactions.csv
ModelCentro,ModelCentro transaction,,Full site access!,unmapped:modelcentro:full-site-access,Full site access!,,needs mapping,2026-05-14,2026-05-14,2026-05-14,sale date,low,sale date,canonical transaction row,1.0,19.99,13.49,2026-06-11_18-11-15_modelcentro_transactions.csv
ModelCentro,ModelCentro transaction,,Full site access!,unmapped:modelcentro:full-site-access,Full site access!,,needs mapping,2026-05-14,2026-05-14,2026-05-14,sale date,low,sale date,canonical transaction row,1.0,19.99,13.49,2026-06-11_18-11-15_modelcentro_transactions.csv
ModelCentro,ModelCentro transaction,,Full site access!,unmapped:modelcentro:full-site-access,Full site access!,,needs mapping,2026-05-14,2026-05-14,2026-05-14,sale date,low,sale date,canonical transaction row,1.0,19.99,13.49,2026-06-11_18-11-15_modelcentro_transactions.csv
ModelCentro,ModelCentro transaction,,Full site access!,unmapped:modelcentro:full-site-access,Full site access!,,needs mapping,2026-05-14,2026-05-14,2026-05-14,sale date,low,sale date,canonical transaction row,1.0,19.99,13.49,2026-06-11_18-11-15_modelcentro_transactions.csv
ModelCentro,ModelCentro transaction,,Full site access!,unmapped:modelcentro:full-site-access,Full site access!,,needs mapping,2026-05-14,2026-05-14,2026-05-14,sale date,low,sale date,canonical transaction row,1.0,19.99,4.49,2026-06-11_18-11-15_modelcentro_transactions.csv
ModelCentro,ModelCentro transaction,,Full site access!,unmapped:modelcentro:full-site-access,Full site access!,,needs mapping,2026-05-13,2026-05-13,2026-05-13,sale date,low,sale date,canonical transaction row,1.0,19.99,13.49,2026-06-11_18-11-15_modelcentro_transactions.csv
ModelCentro,ModelCentro transaction,,Full site access!,unmapped:modelcentro:full-site-access,Full site access!,,needs mapping,2026-05-13,2026-05-13,2026-05-13,sale date,low,sale date,canonical transaction row,1.0,19.99,13.49,2026-06-11_18-11-15_modelcentro_transactions.csv
ModelCentro,ModelCentro transaction,,Full site access!,unmapped:modelcentro:full-site-access,Full site access!,,needs mapping,2026-05-13,2026-05-13,2026-05-13,sale date,low,sale date,canonical transaction row,1.0,-19.99,-13.49,2026-06-11_18-11-15_modelcentro_transactions.csv
ModelCentro,ModelCentro transaction,,Full site access!,unmapped:modelcentro:full-site-access,Full site access!,,needs mapping,2026-05-13,2026-05-13,2026-05-13,sale date,low,sale date,canonical transaction row,1.0,19.99,13.49,2026-06-11_18-11-15_modelcentro_transactions.csv
ModelCentro,ModelCentro transaction,,Full site access!,unmapped:modelcentro:full-site-access,Full site access!,,needs mapping,2026-05-13,2026-05-13,2026-05-13,sale date,low,sale date,canonical transaction row,1.0,19.99,13.49,2026-06-11_18-11-15_modelcentro_transactions.csv
ModelCentro,ModelCentro transaction,,Full site access!,unmapped:modelcentro:full-site-access,Full site access!,,needs mapping,2026-05-13,2026-05-13,2026-05-13,sale date,low,sale date,canonical transaction row,1.0,19.99,13.49,2026-06-11_18-11-15_modelcentro_transactions.csv
ModelCentro,ModelCentro transaction,,Full site access!,unmapped:modelcentro:full-site-access,Full site access!,,needs mapping,2026-05-13,2026-05-13,2026-05-13,sale date,low,sale date,canonical transaction row,1.0,19.99,13.49,2026-06-11_18-11-15_modelcentro_transactions.csv
ModelCentro,ModelCentro transaction,,Full site access!,unmapped:modelcentro:full-site-access,Full site access!,,needs mapping,2026-05-12,2026-05-12,2026-05-12,sale date,low,sale date,canonical transaction row,1.0,19.99,13.49,2026-06-11_18-11-15_modelcentro_transactions.csv
ModelCentro,ModelCentro transaction,,Full site access!,unmapped:modelcentro:full-site-access,Full site access!,,needs mapping,2026-05-12,2026-05-12,2026-05-12,sale date,low,sale date,canonical transaction row,1.0,19.99,13.49,2026-06-11_18-11-15_modelcentro_transactions.csv
ModelCentro,ModelCentro transaction,,Full site access!,unmapped:modelcentro:full-site-access,Full site access!,,needs mapping,2026-05-12,2026-05-12,2026-05-12,sale date,low,sale date,canonical transaction row,1.0,19.99,13.49,2026-06-11_18-11-15_modelcentro_transactions.csv
ModelCentro,ModelCentro transaction,,Full site access!,unmapped:modelcentro:full-site-access,Full site access!,,needs mapping,2026-05-12,2026-05-12,2026-05-12,sale date,low,sale date,canonical transaction row,1.0,19.99,13.49,2026-06-11_18-11-15_modelcentro_transactions.csv
ModelCentro,ModelCentro transaction,,Full site access!,unmapped:modelcentro:full-site-access,Full site access!,,needs mapping,2026-05-12,2026-05-12,2026-05-12,sale date,low,sale date,canonical transaction row,1.0,19.99,13.49,2026-06-11_18-11-15_modelcentro_transactions.csv
ModelCentro,ModelCentro transaction,,Full site access!,unmapped:modelcentro:full-site-access,Full site access!,,needs mapping,2026-05-12,2026-05-12,2026-05-12,sale date,low,sale date,canonical transaction row,1.0,19.99,13.49,2026-06-11_18-11-15_modelcentro_transactions.csv
ModelCentro,ModelCentro transaction,,Full site access!,unmapped:modelcentro:full-site-access,Full site access!,,needs mapping,2026-05-11,2026-05-11,2026-05-11,sale date,low,sale date,canonical transaction row,1.0,19.99,13.49,2026-06-11_18-11-15_modelcentro_transactions.csv
ModelCentro,ModelCentro transaction,,Full site access!,unmapped:modelcentro:full-site-access,Full site access!,,needs mapping,2026-05-11,2026-05-11,2026-05-11,sale date,low,sale date,canonical transaction row,1.0,19.99,13.49,2026-06-11_18-11-15_modelcentro_transactions.csv
ModelCentro,ModelCentro transaction,,Full site access!,unmapped:modelcentro:full-site-access,Full site access!,,needs mapping,2026-05-11,2026-05-11,2026-05-11,sale date,low,sale date,canonical transaction row,1.0,19.99,13.49,2026-06-11_18-11-15_modelcentro_transactions.csv
ModelCentro,ModelCentro transaction,,Full site access!,unmapped:modelcentro:full-site-access,Full site access!,,needs mapping,2026-05-11,2026-05-11,2026-05-11,sale date,low,sale date,canonical transaction row,1.0,19.99,13.49,2026-06-11_18-11-15_modelcentro_transactions.csv
ModelCentro,ModelCentro transaction,,Full site access!,unmapped:modelcentro:full-site-access,Full site access!,,needs mapping,2026-05-11,2026-05-11,2026-05-11,sale date,low,sale date,canonical transaction row,1.0,19.99,13.49,2026-06-11_18-11-15_modelcentro_transactions.csv
ModelCentro,ModelCentro transaction,,Full site access!,unmapped:modelcentro:full-site-access,Full site access!,,needs mapping,2026-05-10,2026-05-10,2026-05-10,sale date,low,sale date,canonical transaction row,1.0,19.99,13.49,2026-06-11_18-11-15_modelcentro_transactions.csv
ModelCentro,ModelCentro transaction,,Full site access!,unmapped:modelcentro:full-site-access,Full site access!,,needs mapping,2026-05-10,2026-05-10,2026-05-10,sale date,low,sale date,canonical transaction row,1.0,19.99,13.49,2026-06-11_18-11-15_modelcentro_transactions.csv
ModelCentro,ModelCentro transaction,,Full site access!,unmapped:modelcentro:full-site-access,Full site access!,,needs mapping,2026-05-10,2026-05-10,2026-05-10,sale date,low,sale date,canonical transaction row,1.0,19.99,13.49,2026-06-11_18-11-15_modelcentro_transactions.csv
ModelCentro,ModelCentro transaction,,Full site access!,unmapped:modelcentro:full-site-access,Full site access!,,needs mapping,2026-05-10,2026-05-10,2026-05-10,sale date,low,sale date,canonical transaction row,1.0,19.99,13.49,2026-06-11_18-11-15_modelcentro_transactions.csv
ModelCentro,ModelCentro transaction,,Full site access!,unmapped:modelcentro:full-site-access,Full site access!,,needs mapping,2026-05-10,2026-05-10,2026-05-10,sale date,low,sale date,canonical transaction row,1.0,19.99,13.49,2026-06-11_18-11-15_modelcentro_transactions.csv
ModelCentro,ModelCentro transaction,,12 Month Membership - Best Value!,unmapped:modelcentro:12-month-membership-best-value,12 Month Membership - Best Value!,,needs mapping,2026-05-09,2026-05-09,2026-05-09,sale date,low,sale date,canonical transaction row,1.0,156.0,105.3,2026-06-11_18-11-15_modelcentro_transactions.csv
ModelCentro,ModelCentro transaction,,Creampie My Pussy,Video 0126,Creampie My Pussy,Video,mapped,2026-05-09,2026-05-09,2021-03-25,master content release date,high,sale date,canonical transaction row,1.0,14.99,10.11,2026-06-11_18-11-15_modelcentro_transactions.csv
ModelCentro,ModelCentro transaction,,Full site access!,unmapped:modelcentro:full-site-access,Full site access!,,needs mapping,2026-05-09,2026-05-09,2026-05-09,sale date,low,sale date,canonical transaction row,1.0,19.99,13.49,2026-06-11_18-11-15_modelcentro_transactions.csv
ModelCentro,ModelCentro transaction,,Full site access!,unmapped:modelcentro:full-site-access,Full site access!,,needs mapping,2026-05-09,2026-05-09,2026-05-09,sale date,low,sale date,canonical transaction row,1.0,19.99,13.49,2026-06-11_18-11-15_modelcentro_transactions.csv
ModelCentro,ModelCentro transaction,,Full site access!,unmapped:modelcentro:full-site-access,Full site access!,,needs mapping,2026-05-08,2026-05-08,2026-05-08,sale date,low,sale date,canonical transaction row,1.0,-19.99,-13.49,2026-06-11_18-11-15_modelcentro_transactions.csv
ModelCentro,ModelCentro transaction,,Full site access!,unmapped:modelcentro:full-site-access,Full site access!,,needs mapping,2026-05-08,2026-05-08,2026-05-08,sale date,low,sale date,canonical transaction row,1.0,19.99,13.49,2026-06-11_18-11-15_modelcentro_transactions.csv
ModelCentro,ModelCentro transaction,,Full site access!,unmapped:modelcentro:full-site-access,Full site access!,,needs mapping,2026-05-08,2026-05-08,2026-05-08,sale date,low,sale date,canonical transaction row,1.0,19.99,13.49,2026-06-11_18-11-15_modelcentro_transactions.csv
ModelCentro,ModelCentro transaction,,Full site access!,unmapped:modelcentro:full-site-access,Full site access!,,needs mapping,2026-05-08,2026-05-08,2026-05-08,sale date,low,sale date,canonical transaction row,1.0,19.99,13.49,2026-06-11_18-11-15_modelcentro_transactions.csv
ModelCentro,ModelCentro transaction,,Full site access!,unmapped:modelcentro:full-site-access,Full site access!,,needs mapping,2026-05-08,2026-05-08,2026-05-08,sale date,low,sale date,canonical transaction row,1.0,19.99,13.49,2026-06-11_18-11-15_modelcentro_transactions.csv
ModelCentro,ModelCentro transaction,,1 Month Membership,unmapped:modelcentro:1-month-membership,1 Month Membership,,needs mapping,2026-05-08,2026-05-08,2026-05-08,sale date,low,sale date,canonical transaction row,1.0,19.99,13.49,2026-06-11_18-11-15_modelcentro_transactions.csv
ModelCentro,ModelCentro transaction,,Full site access!,unmapped:modelcentro:full-site-access,Full site access!,,needs mapping,2026-05-08,2026-05-08,2026-05-08,sale date,low,sale date,canonical transaction row,1.0,19.99,13.49,2026-06-11_18-11-15_modelcentro_transactions.csv
ModelCentro,ModelCentro transaction,,Full site access!,unmapped:modelcentro:full-site-access,Full site access!,,needs mapping,2026-05-08,2026-05-08,2026-05-08,sale date,low,sale date,canonical transaction row,1.0,19.99,13.49,2026-06-11_18-11-15_modelcentro_transactions.csv
ModelCentro,ModelCentro transaction,,Full site access!,unmapped:modelcentro:full-site-access,Full site access!,,needs mapping,2026-05-07,2026-05-07,2026-05-07,sale date,low,sale date,canonical transaction row,1.0,19.99,13.49,2026-06-11_18-11-15_modelcentro_transactions.csv
ModelCentro,ModelCentro transaction,,Full site access!,unmapped:modelcentro:full-site-access,Full site access!,,needs mapping,2026-05-07,2026-05-07,2026-05-07,sale date,low,sale date,canonical transaction row,1.0,19.99,13.49,2026-06-11_18-11-15_modelcentro_transactions.csv
ModelCentro,ModelCentro transaction,,Full site access!,unmapped:modelcentro:full-site-access,Full site access!,,needs mapping,2026-05-07,2026-05-07,2026-05-07,sale date,low,sale date,canonical transaction row,1.0,19.99,13.49,2026-06-11_18-11-15_modelcentro_transactions.csv
ModelCentro,ModelCentro transaction,,Full site access!,unmapped:modelcentro:full-site-access,Full site access!,,needs mapping,2026-05-07,2026-05-07,2026-05-07,sale date,low,sale date,canonical transaction row,1.0,19.99,4.49,2026-06-11_18-11-15_modelcentro_transactions.csv
ModelCentro,ModelCentro transaction,,Full site access!,unmapped:modelcentro:full-site-access,Full site access!,,needs mapping,2026-05-07,2026-05-07,2026-05-07,sale date,low,sale date,canonical transaction row,1.0,19.99,13.49,2026-06-11_18-11-15_modelcentro_transactions.csv
ModelCentro,ModelCentro transaction,,Full site access!,unmapped:modelcentro:full-site-access,Full site access!,,needs mapping,2026-05-07,2026-05-07,2026-05-07,sale date,low,sale date,canonical transaction row,1.0,19.99,13.49,2026-06-11_18-11-15_modelcentro_transactions.csv
ModelCentro,ModelCentro transaction,,Full site access!,unmapped:modelcentro:full-site-access,Full site access!,,needs mapping,2026-05-07,2026-05-07,2026-05-07,sale date,low,sale date,canonical transaction row,1.0,19.99,13.49,2026-06-11_18-11-15_modelcentro_transactions.csv
ModelCentro,ModelCentro transaction,,Full site access!,unmapped:modelcentro:full-site-access,Full site access!,,needs mapping,2026-05-07,2026-05-07,2026-05-07,sale date,low,sale date,canonical transaction row,1.0,19.99,13.49,2026-06-11_18-11-15_modelcentro_transactions.csv
ModelCentro,ModelCentro transaction,,Full site access!,unmapped:modelcentro:full-site-access,Full site access!,,needs mapping,2026-05-07,2026-05-07,2026-05-07,sale date,low,sale date,canonical transaction row,1.0,19.99,13.49,2026-06-11_18-11-15_modelcentro_transactions.csv
ModelCentro,ModelCentro transaction,,Full site access!,unmapped:modelcentro:full-site-access,Full site access!,,needs mapping,2026-05-07,2026-05-07,2026-05-07,sale date,low,sale date,canonical transaction row,1.0,19.99,4.49,2026-06-11_18-11-15_modelcentro_transactions.csv
ModelCentro,ModelCentro transaction,,Full site access!,unmapped:modelcentro:full-site-access,Full site access!,,needs mapping,2026-05-07,2026-05-07,2026-05-07,sale date,low,sale date,canonical transaction row,1.0,19.99,13.49,2026-06-11_18-11-15_modelcentro_transactions.csv
ModelCentro,ModelCentro transaction,,Full site access!,unmapped:modelcentro:full-site-access,Full site access!,,needs mapping,2026-05-07,2026-05-07,2026-05-07,sale date,low,sale date,canonical transaction row,1.0,19.99,13.49,2026-06-11_18-11-15_modelcentro_transactions.csv
ModelCentro,ModelCentro transaction,,Full site access!,unmapped:modelcentro:full-site-access,Full site access!,,needs mapping,2026-05-07,2026-05-07,2026-05-07,sale date,low,sale date,canonical transaction row,1.0,19.99,13.49,2026-06-11_18-11-15_modelcentro_transactions.csv
ModelCentro,ModelCentro transaction,,Full site access!,unmapped:modelcentro:full-site-access,Full site access!,,needs mapping,2026-05-06,2026-05-06,2026-05-06,sale date,low,sale date,canonical transaction row,1.0,19.99,13.49,2026-06-11_18-11-15_modelcentro_transactions.csv
ModelCentro,ModelCentro transaction,,Full site access!,unmapped:modelcentro:full-site-access,Full site access!,,needs mapping,2026-05-06,2026-05-06,2026-05-06,sale date,low,sale date,canonical transaction row,1.0,19.99,13.49,2026-06-11_18-11-15_modelcentro_transactions.csv
ModelCentro,ModelCentro transaction,,Full site access!,unmapped:modelcentro:full-site-access,Full site access!,,needs mapping,2026-05-06,2026-05-06,2026-05-06,sale date,low,sale date,canonical transaction row,1.0,19.99,13.49,2026-06-11_18-11-15_modelcentro_transactions.csv
ModelCentro,ModelCentro transaction,,Full site access!,unmapped:modelcentro:full-site-access,Full site access!,,needs mapping,2026-05-06,2026-05-06,2026-05-06,sale date,low,sale date,canonical transaction row,1.0,19.99,13.49,2026-06-11_18-11-15_modelcentro_transactions.csv
ModelCentro,ModelCentro transaction,,Full site access!,unmapped:modelcentro:full-site-access,Full site access!,,needs mapping,2026-05-06,2026-05-06,2026-05-06,sale date,low,sale date,canonical transaction row,1.0,19.99,13.49,2026-06-11_18-11-15_modelcentro_transactions.csv
ModelCentro,ModelCentro transaction,,Full site access!,unmapped:modelcentro:full-site-access,Full site access!,,needs mapping,2026-05-06,2026-05-06,2026-05-06,sale date,low,sale date,canonical transaction row,1.0,19.99,13.49,2026-06-11_18-11-15_modelcentro_transactions.csv
ModelCentro,ModelCentro transaction,,Full site access!,unmapped:modelcentro:full-site-access,Full site access!,,needs mapping,2026-05-06,2026-05-06,2026-05-06,sale date,low,sale date,canonical transaction row,1.0,19.99,13.49,2026-06-11_18-11-15_modelcentro_transactions.csv
ModelCentro,ModelCentro transaction,,Full site access!,unmapped:modelcentro:full-site-access,Full site access!,,needs mapping,2026-05-05,2026-05-05,2026-05-05,sale date,low,sale date,canonical transaction row,1.0,19.99,13.49,2026-06-11_18-11-15_modelcentro_transactions.csv
ModelCentro,ModelCentro transaction,,Full site access!,unmapped:modelcentro:full-site-access,Full site access!,,needs mapping,2026-05-05,2026-05-05,2026-05-05,sale date,low,sale date,canonical transaction row,1.0,19.99,13.49,2026-06-11_18-11-15_modelcentro_transactions.csv
ModelCentro,ModelCentro transaction,,Full site access!,unmapped:modelcentro:full-site-access,Full site access!,,needs mapping,2026-05-05,2026-05-05,2026-05-05,sale date,low,sale date,canonical transaction row,1.0,19.99,13.49,2026-06-11_18-11-15_modelcentro_transactions.csv
ModelCentro,ModelCentro transaction,,Full site access!,unmapped:modelcentro:full-site-access,Full site access!,,needs mapping,2026-05-05,2026-05-05,2026-05-05,sale date,low,sale date,canonical transaction row,1.0,19.99,13.49,2026-06-11_18-11-15_modelcentro_transactions.csv
ModelCentro,ModelCentro transaction,,Full site access!,unmapped:modelcentro:full-site-access,Full site access!,,needs mapping,2026-05-04,2026-05-04,2026-05-04,sale date,low,sale date,canonical transaction row,1.0,19.99,13.49,2026-06-11_18-11-15_modelcentro_transactions.csv
ModelCentro,ModelCentro transaction,,Full site access!,unmapped:modelcentro:full-site-access,Full site access!,,needs mapping,2026-05-04,2026-05-04,2026-05-04,sale date,low,sale date,canonical transaction row,1.0,19.99,13.49,2026-06-11_18-11-15_modelcentro_transactions.csv
ModelCentro,ModelCentro transaction,,Full site access!,unmapped:modelcentro:full-site-access,Full site access!,,needs mapping,2026-05-04,2026-05-04,2026-05-04,sale date,low,sale date,canonical transaction row,1.0,19.99,13.49,2026-06-11_18-11-15_modelcentro_transactions.csv
ModelCentro,ModelCentro transaction,,Full site access!,unmapped:modelcentro:full-site-access,Full site access!,,needs mapping,2026-05-04,2026-05-04,2026-05-04,sale date,low,sale date,canonical transaction row,1.0,19.99,13.49,2026-06-11_18-11-15_modelcentro_transactions.csv
ModelCentro,ModelCentro transaction,,Full site access!,unmapped:modelcentro:full-site-access,Full site access!,,needs mapping,2026-05-04,2026-05-04,2026-05-04,sale date,low,sale date,canonical transaction row,1.0,19.99,13.49,2026-06-11_18-11-15_modelcentro_transactions.csv
ModelCentro,ModelCentro transaction,,Full site access!,unmapped:modelcentro:full-site-access,Full site access!,,needs mapping,2026-05-03,2026-05-03,2026-05-03,sale date,low,sale date,canonical transaction row,1.0,19.99,13.49,2026-06-11_18-11-15_modelcentro_transactions.csv
ModelCentro,ModelCentro transaction,,Full site access!,unmapped:modelcentro:full-site-access,Full site access!,,needs mapping,2026-05-03,2026-05-03,2026-05-03,sale date,low,sale date,canonical transaction row,1.0,19.99,13.49,2026-06-11_18-11-15_modelcentro_transactions.csv
ModelCentro,ModelCentro transaction,,Full site access!,unmapped:modelcentro:full-site-access,Full site access!,,needs mapping,2026-05-03,2026-05-03,2026-05-03,sale date,low,sale date,canonical transaction row,1.0,19.99,13.49,2026-06-11_18-11-15_modelcentro_transactions.csv
ModelCentro,ModelCentro transaction,,Full site access!,unmapped:modelcentro:full-site-access,Full site access!,,needs mapping,2026-05-03,2026-05-03,2026-05-03,sale date,low,sale date,canonical transaction row,1.0,19.99,13.49,2026-06-11_18-11-15_modelcentro_transactions.csv
ModelCentro,ModelCentro transaction,,Full site access!,unmapped:modelcentro:full-site-access,Full site access!,,needs mapping,2026-05-03,2026-05-03,2026-05-03,sale date,low,sale date,canonical transaction row,1.0,19.99,13.49,2026-06-11_18-11-15_modelcentro_transactions.csv
ModelCentro,ModelCentro transaction,,Full site access!,unmapped:modelcentro:full-site-access,Full site access!,,needs mapping,2026-05-03,2026-05-03,2026-05-03,sale date,low,sale date,canonical transaction row,1.0,19.99,13.49,2026-06-11_18-11-15_modelcentro_transactions.csv
ModelCentro,ModelCentro transaction,,Full site access!,unmapped:modelcentro:full-site-access,Full site access!,,needs mapping,2026-05-03,2026-05-03,2026-05-03,sale date,low,sale date,canonical transaction row,1.0,19.99,13.49,2026-06-11_18-11-15_modelcentro_transactions.csv
ModelCentro,ModelCentro transaction,,Full site access!,unmapped:modelcentro:full-site-access,Full site access!,,needs mapping,2026-05-03,2026-05-03,2026-05-03,sale date,low,sale date,canonical transaction row,1.0,19.99,13.49,2026-06-11_18-11-15_modelcentro_transactions.csv
ModelCentro,ModelCentro transaction,,Full site access!,unmapped:modelcentro:full-site-access,Full site access!,,needs mapping,2026-05-03,2026-05-03,2026-05-03,sale date,low,sale date,canonical transaction row,1.0,19.99,13.49,2026-06-11_18-11-15_modelcentro_transactions.csv
ModelCentro,ModelCentro transaction,,Full site access!,unmapped:modelcentro:full-site-access,Full site access!,,needs mapping,2026-05-02,2026-05-02,2026-05-02,sale date,low,sale date,canonical transaction row,1.0,19.99,13.49,2026-06-11_18-11-15_modelcentro_transactions.csv
ModelCentro,ModelCentro transaction,,1 Month Membership,unmapped:modelcentro:1-month-membership,1 Month Membership,,needs mapping,2026-05-02,2026-05-02,2026-05-02,sale date,low,sale date,canonical transaction row,1.0,19.99,13.49,2026-06-11_18-11-15_modelcentro_transactions.csv
ModelCentro,ModelCentro transaction,,Full site access!,unmapped:modelcentro:full-site-access,Full site access!,,needs mapping,2026-05-02,2026-05-02,2026-05-02,sale date,low,sale date,canonical transaction row,1.0,19.99,13.49,2026-06-11_18-11-15_modelcentro_transactions.csv
ModelCentro,ModelCentro transaction,,1 Month Membership,unmapped:modelcentro:1-month-membership,1 Month Membership,,needs mapping,2026-05-02,2026-05-02,2026-05-02,sale date,low,sale date,canonical transaction row,1.0,19.99,13.49,2026-06-11_18-11-15_modelcentro_transactions.csv
ModelCentro,ModelCentro transaction,,Full site access!,unmapped:modelcentro:full-site-access,Full site access!,,needs mapping,2026-05-02,2026-05-02,2026-05-02,sale date,low,sale date,canonical transaction row,1.0,19.99,13.49,2026-06-11_18-11-15_modelcentro_transactions.csv
ModelCentro,ModelCentro transaction,,Full site access!,unmapped:modelcentro:full-site-access,Full site access!,,needs mapping,2026-05-02,2026-05-02,2026-05-02,sale date,low,sale date,canonical transaction row,1.0,19.99,13.49,2026-06-11_18-11-15_modelcentro_transactions.csv
ModelCentro,ModelCentro transaction,,Full site access!,unmapped:modelcentro:full-site-access,Full site access!,,needs mapping,2026-05-02,2026-05-02,2026-05-02,sale date,low,sale date,canonical transaction row,1.0,19.99,13.49,2026-06-11_18-11-15_modelcentro_transactions.csv
ModelCentro,ModelCentro transaction,,Full site access!,unmapped:modelcentro:full-site-access,Full site access!,,needs mapping,2026-05-02,2026-05-02,2026-05-02,sale date,low,sale date,canonical transaction row,1.0,19.99,13.49,2026-06-11_18-11-15_modelcentro_transactions.csv
ModelCentro,ModelCentro transaction,,Full site access!,unmapped:modelcentro:full-site-access,Full site access!,,needs mapping,2026-05-01,2026-05-01,2026-05-01,sale date,low,sale date,canonical transaction row,1.0,19.99,13.49,2026-06-11_18-11-15_modelcentro_transactions.csv
ModelCentro,ModelCentro transaction,,Full site access!,unmapped:modelcentro:full-site-access,Full site access!,,needs mapping,2026-05-01,2026-05-01,2026-05-01,sale date,low,sale date,canonical transaction row,1.0,19.99,13.49,2026-06-11_18-11-15_modelcentro_transactions.csv
ModelCentro,ModelCentro transaction,,Full site access!,unmapped:modelcentro:full-site-access,Full site access!,,needs mapping,2026-05-01,2026-05-01,2026-05-01,sale date,low,sale date,canonical transaction row,1.0,19.99,13.49,2026-06-11_18-11-15_modelcentro_transactions.csv
ModelCentro,ModelCentro transaction,,Full site access!,unmapped:modelcentro:full-site-access,Full site access!,,needs mapping,2026-05-01,2026-05-01,2026-05-01,sale date,low,sale date,canonical transaction row,1.0,19.99,13.49,2026-06-11_18-11-15_modelcentro_transactions.csv
ModelCentro,ModelCentro transaction,,Full site access!,unmapped:modelcentro:full-site-access,Full site access!,,needs mapping,2026-05-01,2026-05-01,2026-05-01,sale date,low,sale date,canonical transaction row,1.0,19.99,13.49,2026-06-11_18-11-15_modelcentro_transactions.csv
ModelCentro,ModelCentro transaction,,Full site access!,unmapped:modelcentro:full-site-access,Full site access!,,needs mapping,2026-05-01,2026-05-01,2026-05-01,sale date,low,sale date,canonical transaction row,1.0,19.99,13.49,2026-06-11_18-11-15_modelcentro_transactions.csv
ModelCentro,ModelCentro transaction,,Full site access!,unmapped:modelcentro:full-site-access,Full site access!,,needs mapping,2026-05-01,2026-05-01,2026-05-01,sale date,low,sale date,canonical transaction row,1.0,19.99,13.49,2026-06-11_18-11-15_modelcentro_transactions.csv
ModelCentro,ModelCentro transaction,,Full site access!,unmapped:modelcentro:full-site-access,Full site access!,,needs mapping,2026-05-01,2026-05-01,2026-05-01,sale date,low,sale date,canonical transaction row,1.0,19.99,13.49,2026-06-11_18-11-15_modelcentro_transactions.csv
ModelCentro,ModelCentro transaction,,Full site access!,unmapped:modelcentro:full-site-access,Full site access!,,needs mapping,2026-05-01,2026-05-01,2026-05-01,sale date,low,sale date,canonical transaction row,1.0,19.99,13.49,2026-06-11_18-11-15_modelcentro_transactions.csv
ModelCentro,ModelCentro transaction,,Full site access!,unmapped:modelcentro:full-site-access,Full site access!,,needs mapping,2026-04-30,2026-04-30,2026-04-30,sale date,low,sale date,canonical transaction row,1.0,19.99,13.49,2026-06-11_18-11-15_modelcentro_transactions.csv
ModelCentro,ModelCentro transaction,,Full site access!,unmapped:modelcentro:full-site-access,Full site access!,,needs mapping,2026-04-30,2026-04-30,2026-04-30,sale date,low,sale date,canonical transaction row,1.0,19.99,13.49,2026-06-11_18-11-15_modelcentro_transactions.csv
ModelCentro,ModelCentro transaction,,Full site access!,unmapped:modelcentro:full-site-access,Full site access!,,needs mapping,2026-04-30,2026-04-30,2026-04-30,sale date,low,sale date,canonical transaction row,1.0,19.99,13.49,2026-06-11_18-11-15_modelcentro_transactions.csv
ModelCentro,ModelCentro transaction,,Full site access!,unmapped:modelcentro:full-site-access,Full site access!,,needs mapping,2026-04-30,2026-04-30,2026-04-30,sale date,low,sale date,canonical transaction row,1.0,19.99,13.49,2026-06-11_18-11-15_modelcentro_transactions.csv
ModelCentro,ModelCentro transaction,,Full site access!,unmapped:modelcentro:full-site-access,Full site access!,,needs mapping,2026-04-30,2026-04-30,2026-04-30,sale date,low,sale date,canonical transaction row,1.0,19.99,13.49,2026-06-11_18-11-15_modelcentro_transactions.csv
ModelCentro,ModelCentro transaction,,Full site access!,unmapped:modelcentro:full-site-access,Full site access!,,needs mapping,2026-04-29,2026-04-29,2026-04-29,sale date,low,sale date,canonical transaction row,1.0,19.99,13.49,2026-06-11_18-11-15_modelcentro_transactions.csv
ModelCentro,ModelCentro transaction,,Full site access!,unmapped:modelcentro:full-site-access,Full site access!,,needs mapping,2026-04-29,2026-04-29,2026-04-29,sale date,low,sale date,canonical transaction row,1.0,19.99,13.49,2026-06-11_18-11-15_modelcentro_transactions.csv
ModelCentro,ModelCentro transaction,,Full site access!,unmapped:modelcentro:full-site-access,Full site access!,,needs mapping,2026-04-29,2026-04-29,2026-04-29,sale date,low,sale date,canonical transaction row,1.0,19.99,13.49,2026-06-11_18-11-15_modelcentro_transactions.csv
ModelCentro,ModelCentro transaction,,Full site access!,unmapped:modelcentro:full-site-access,Full site access!,,needs mapping,2026-04-29,2026-04-29,2026-04-29,sale date,low,sale date,canonical transaction row,1.0,19.99,13.49,2026-06-11_18-11-15_modelcentro_transactions.csv
ModelCentro,ModelCentro transaction,,Full site access!,unmapped:modelcentro:full-site-access,Full site access!,,needs mapping,2026-04-29,2026-04-29,2026-04-29,sale date,low,sale date,canonical transaction row,1.0,19.99,13.49,2026-06-11_18-11-15_modelcentro_transactions.csv
ModelCentro,ModelCentro transaction,,Full site access!,unmapped:modelcentro:full-site-access,Full site access!,,needs mapping,2026-04-29,2026-04-29,2026-04-29,sale date,low,sale date,canonical transaction row,1.0,19.99,13.49,2026-06-11_18-11-15_modelcentro_transactions.csv
ModelCentro,ModelCentro transaction,,Full site access!,unmapped:modelcentro:full-site-access,Full site access!,,needs mapping,2026-04-29,2026-04-29,2026-04-29,sale date,low,sale date,canonical transaction row,1.0,19.99,13.49,2026-06-11_18-11-15_modelcentro_transactions.csv
ModelCentro,ModelCentro transaction,,Full site access!,unmapped:modelcentro:full-site-access,Full site access!,,needs mapping,2026-04-29,2026-04-29,2026-04-29,sale date,low,sale date,canonical transaction row,1.0,19.99,13.49,2026-06-11_18-11-15_modelcentro_transactions.csv
ModelCentro,ModelCentro transaction,,Full site access!,unmapped:modelcentro:full-site-access,Full site access!,,needs mapping,2026-04-29,2026-04-29,2026-04-29,sale date,low,sale date,canonical transaction row,1.0,19.99,13.49,2026-06-11_18-11-15_modelcentro_transactions.csv
ModelCentro,ModelCentro transaction,,Full site access!,unmapped:modelcentro:full-site-access,Full site access!,,needs mapping,2026-04-29,2026-04-29,2026-04-29,sale date,low,sale date,canonical transaction row,1.0,19.99,13.49,2026-06-11_18-11-15_modelcentro_transactions.csv
ModelCentro,ModelCentro transaction,,Full site access!,unmapped:modelcentro:full-site-access,Full site access!,,needs mapping,2026-04-29,2026-04-29,2026-04-29,sale date,low,sale date,canonical transaction row,1.0,19.99,13.49,2026-06-11_18-11-15_modelcentro_transactions.csv
ModelCentro,ModelCentro transaction,,Full site access!,unmapped:modelcentro:full-site-access,Full site access!,,needs mapping,2026-04-28,2026-04-28,2026-04-28,sale date,low,sale date,canonical transaction row,1.0,19.99,4.49,2026-06-11_18-11-15_modelcentro_transactions.csv
ModelCentro,ModelCentro transaction,,Full site access!,unmapped:modelcentro:full-site-access,Full site access!,,needs mapping,2026-04-28,2026-04-28,2026-04-28,sale date,low,sale date,canonical transaction row,1.0,19.99,13.49,2026-06-11_18-11-15_modelcentro_transactions.csv
ModelCentro,ModelCentro transaction,,Full site access!,unmapped:modelcentro:full-site-access,Full site access!,,needs mapping,2026-04-28,2026-04-28,2026-04-28,sale date,low,sale date,canonical transaction row,1.0,19.99,13.49,2026-06-11_18-11-15_modelcentro_transactions.csv
ModelCentro,ModelCentro transaction,,Full site access!,unmapped:modelcentro:full-site-access,Full site access!,,needs mapping,2026-04-27,2026-04-27,2026-04-27,sale date,low,sale date,canonical transaction row,1.0,19.99,13.49,2026-06-11_18-11-15_modelcentro_transactions.csv
ModelCentro,ModelCentro transaction,,Full site access!,unmapped:modelcentro:full-site-access,Full site access!,,needs mapping,2026-04-27,2026-04-27,2026-04-27,sale date,low,sale date,canonical transaction row,1.0,19.99,4.49,2026-06-11_18-11-15_modelcentro_transactions.csv
ModelCentro,ModelCentro transaction,,Full site access!,unmapped:modelcentro:full-site-access,Full site access!,,needs mapping,2026-04-27,2026-04-27,2026-04-27,sale date,low,sale date,canonical transaction row,1.0,19.99,13.49,2026-06-11_18-11-15_modelcentro_transactions.csv
ModelCentro,ModelCentro transaction,,Full site access!,unmapped:modelcentro:full-site-access,Full site access!,,needs mapping,2026-04-27,2026-04-27,2026-04-27,sale date,low,sale date,canonical transaction row,1.0,19.99,13.49,2026-06-11_18-11-15_modelcentro_transactions.csv
ModelCentro,ModelCentro transaction,,Full site access!,unmapped:modelcentro:full-site-access,Full site access!,,needs mapping,2026-04-27,2026-04-27,2026-04-27,sale date,low,sale date,canonical transaction row,1.0,19.99,13.49,2026-06-11_18-11-15_modelcentro_transactions.csv
ModelCentro,ModelCentro transaction,,Full site access!,unmapped:modelcentro:full-site-access,Full site access!,,needs mapping,2026-04-27,2026-04-27,2026-04-27,sale date,low,sale date,canonical transaction row,1.0,19.99,13.49,2026-06-11_18-11-15_modelcentro_transactions.csv
ModelCentro,ModelCentro transaction,,Full site access!,unmapped:modelcentro:full-site-access,Full site access!,,needs mapping,2026-04-27,2026-04-27,2026-04-27,sale date,low,sale date,canonical transaction row,1.0,19.99,13.49,2026-06-11_18-11-15_modelcentro_transactions.csv
ModelCentro,ModelCentro transaction,,Full site access!,unmapped:modelcentro:full-site-access,Full site access!,,needs mapping,2026-04-27,2026-04-27,2026-04-27,sale date,low,sale date,canonical transaction row,1.0,19.99,13.49,2026-06-11_18-11-15_modelcentro_transactions.csv
ModelCentro,ModelCentro transaction,,Full site access!,unmapped:modelcentro:full-site-access,Full site access!,,needs mapping,2026-04-26,2026-04-26,2026-04-26,sale date,low,sale date,canonical transaction row,1.0,19.99,13.49,2026-06-11_18-11-15_modelcentro_transactions.csv
ModelCentro,ModelCentro transaction,,Full site access!,unmapped:modelcentro:full-site-access,Full site access!,,needs mapping,2026-04-26,2026-04-26,2026-04-26,sale date,low,sale date,canonical transaction row,1.0,19.99,4.49,2026-06-11_18-11-15_modelcentro_transactions.csv
ModelCentro,ModelCentro transaction,,Full site access!,unmapped:modelcentro:full-site-access,Full site access!,,needs mapping,2026-04-26,2026-04-26,2026-04-26,sale date,low,sale date,canonical transaction row,1.0,19.99,13.49,2026-06-11_18-11-15_modelcentro_transactions.csv
ModelCentro,ModelCentro transaction,,Full site access!,unmapped:modelcentro:full-site-access,Full site access!,,needs mapping,2026-04-26,2026-04-26,2026-04-26,sale date,low,sale date,canonical transaction row,1.0,19.99,13.49,2026-06-11_18-11-15_modelcentro_transactions.csv
ModelCentro,ModelCentro transaction,,1 Month Membership,unmapped:modelcentro:1-month-membership,1 Month Membership,,needs mapping,2026-04-26,2026-04-26,2026-04-26,sale date,low,sale date,canonical transaction row,1.0,19.99,13.49,2026-06-11_18-11-15_modelcentro_transactions.csv
ModelCentro,ModelCentro transaction,,Full site access!,unmapped:modelcentro:full-site-access,Full site access!,,needs mapping,2026-04-26,2026-04-26,2026-04-26,sale date,low,sale date,canonical transaction row,1.0,19.99,13.49,2026-06-11_18-11-15_modelcentro_transactions.csv
ModelCentro,ModelCentro transaction,,Full site access!,unmapped:modelcentro:full-site-access,Full site access!,,needs mapping,2026-04-26,2026-04-26,2026-04-26,sale date,low,sale date,canonical transaction row,1.0,19.99,13.49,2026-06-11_18-11-15_modelcentro_transactions.csv
ModelCentro,ModelCentro transaction,,Full site access!,unmapped:modelcentro:full-site-access,Full site access!,,needs mapping,2026-04-25,2026-04-25,2026-04-25,sale date,low,sale date,canonical transaction row,1.0,19.99,13.49,2026-06-11_18-11-15_modelcentro_transactions.csv
ModelCentro,ModelCentro transaction,,Full site access!,unmapped:modelcentro:full-site-access,Full site access!,,needs mapping,2026-04-25,2026-04-25,2026-04-25,sale date,low,sale date,canonical transaction row,1.0,19.99,13.49,2026-06-11_18-11-15_modelcentro_transactions.csv
ModelCentro,ModelCentro transaction,,1 Month Membership,unmapped:modelcentro:1-month-membership,1 Month Membership,,needs mapping,2026-04-25,2026-04-25,2026-04-25,sale date,low,sale date,canonical transaction row,1.0,19.99,13.49,2026-06-11_18-11-15_modelcentro_transactions.csv
ModelCentro,ModelCentro transaction,,Full site access!,unmapped:modelcentro:full-site-access,Full site access!,,needs mapping,2026-04-25,2026-04-25,2026-04-25,sale date,low,sale date,canonical transaction row,1.0,19.99,13.49,2026-06-11_18-11-15_modelcentro_transactions.csv
ModelCentro,ModelCentro transaction,,Full site access!,unmapped:modelcentro:full-site-access,Full site access!,,needs mapping,2026-04-25,2026-04-25,2026-04-25,sale date,low,sale date,canonical transaction row,1.0,19.99,13.49,2026-06-11_18-11-15_modelcentro_transactions.csv
ModelCentro,ModelCentro transaction,,Full site access!,unmapped:modelcentro:full-site-access,Full site access!,,needs mapping,2026-04-25,2026-04-25,2026-04-25,sale date,low,sale date,canonical transaction row,1.0,19.99,13.49,2026-06-11_18-11-15_modelcentro_transactions.csv
ModelCentro,ModelCentro transaction,,Full site access!,unmapped:modelcentro:full-site-access,Full site access!,,needs mapping,2026-04-25,2026-04-25,2026-04-25,sale date,low,sale date,canonical transaction row,1.0,19.99,13.49,2026-06-11_18-11-15_modelcentro_transactions.csv
ModelCentro,ModelCentro transaction,,Full site access!,unmapped:modelcentro:full-site-access,Full site access!,,needs mapping,2026-04-25,2026-04-25,2026-04-25,sale date,low,sale date,canonical transaction row,1.0,19.99,13.49,2026-06-11_18-11-15_modelcentro_transactions.csv
ModelCentro,ModelCentro transaction,,Full site access!,unmapped:modelcentro:full-site-access,Full site access!,,needs mapping,2026-04-25,2026-04-25,2026-04-25,sale date,low,sale date,canonical transaction row,1.0,19.99,13.49,2026-06-11_18-11-15_modelcentro_transactions.csv
ModelCentro,ModelCentro transaction,,Full site access!,unmapped:modelcentro:full-site-access,Full site access!,,needs mapping,2026-04-25,2026-04-25,2026-04-25,sale date,low,sale date,canonical transaction row,1.0,19.99,13.49,2026-06-11_18-11-15_modelcentro_transactions.csv
ModelCentro,ModelCentro transaction,,Full site access!,unmapped:modelcentro:full-site-access,Full site access!,,needs mapping,2026-04-25,2026-04-25,2026-04-25,sale date,low,sale date,canonical transaction row,1.0,19.99,13.49,2026-06-11_18-11-15_modelcentro_transactions.csv
ModelCentro,ModelCentro transaction,,Full site access!,unmapped:modelcentro:full-site-access,Full site access!,,needs mapping,2026-04-24,2026-04-24,2026-04-24,sale date,low,sale date,canonical transaction row,1.0,19.99,13.49,2026-06-11_18-11-15_modelcentro_transactions.csv
ModelCentro,ModelCentro transaction,,Full site access!,unmapped:modelcentro:full-site-access,Full site access!,,needs mapping,2026-04-24,2026-04-24,2026-04-24,sale date,low,sale date,canonical transaction row,1.0,19.99,13.49,2026-06-11_18-11-15_modelcentro_transactions.csv
ModelCentro,ModelCentro transaction,,Full site access!,unmapped:modelcentro:full-site-access,Full site access!,,needs mapping,2026-04-24,2026-04-24,2026-04-24,sale date,low,sale date,canonical transaction row,1.0,19.99,13.49,2026-06-11_18-11-15_modelcentro_transactions.csv
ModelCentro,ModelCentro transaction,,Full site access!,unmapped:modelcentro:full-site-access,Full site access!,,needs mapping,2026-04-24,2026-04-24,2026-04-24,sale date,low,sale date,canonical transaction row,1.0,19.99,13.49,2026-06-11_18-11-15_modelcentro_transactions.csv
ModelCentro,ModelCentro transaction,,Full site access!,unmapped:modelcentro:full-site-access,Full site access!,,needs mapping,2026-04-24,2026-04-24,2026-04-24,sale date,low,sale date,canonical transaction row,1.0,19.99,13.49,2026-06-11_18-11-15_modelcentro_transactions.csv
ModelCentro,ModelCentro transaction,,Full site access!,unmapped:modelcentro:full-site-access,Full site access!,,needs mapping,2026-04-23,2026-04-23,2026-04-23,sale date,low,sale date,canonical transaction row,1.0,19.99,13.49,2026-06-11_18-11-15_modelcentro_transactions.csv
ModelCentro,ModelCentro transaction,,Full site access!,unmapped:modelcentro:full-site-access,Full site access!,,needs mapping,2026-04-23,2026-04-23,2026-04-23,sale date,low,sale date,canonical transaction row,1.0,19.99,13.49,2026-06-11_18-11-15_modelcentro_transactions.csv
ModelCentro,ModelCentro transaction,,Full site access!,unmapped:modelcentro:full-site-access,Full site access!,,needs mapping,2026-04-23,2026-04-23,2026-04-23,sale date,low,sale date,canonical transaction row,1.0,19.99,13.49,2026-06-11_18-11-15_modelcentro_transactions.csv
ModelCentro,ModelCentro transaction,,Full site access!,unmapped:modelcentro:full-site-access,Full site access!,,needs mapping,2026-04-23,2026-04-23,2026-04-23,sale date,low,sale date,canonical transaction row,1.0,19.99,13.49,2026-06-11_18-11-15_modelcentro_transactions.csv
ModelCentro,ModelCentro transaction,,Full site access!,unmapped:modelcentro:full-site-access,Full site access!,,needs mapping,2026-04-23,2026-04-23,2026-04-23,sale date,low,sale date,canonical transaction row,1.0,19.99,13.49,2026-06-11_18-11-15_modelcentro_transactions.csv
ModelCentro,ModelCentro transaction,,Full site access!,unmapped:modelcentro:full-site-access,Full site access!,,needs mapping,2026-04-22,2026-04-22,2026-04-22,sale date,low,sale date,canonical transaction row,1.0,19.99,13.49,2026-06-11_18-11-15_modelcentro_transactions.csv
ModelCentro,ModelCentro transaction,,Full site access!,unmapped:modelcentro:full-site-access,Full site access!,,needs mapping,2026-04-22,2026-04-22,2026-04-22,sale date,low,sale date,canonical transaction row,1.0,19.99,13.49,2026-06-11_18-11-15_modelcentro_transactions.csv
ModelCentro,ModelCentro transaction,,Full site access!,unmapped:modelcentro:full-site-access,Full site access!,,needs mapping,2026-04-22,2026-04-22,2026-04-22,sale date,low,sale date,canonical transaction row,1.0,19.99,13.49,2026-06-11_18-11-15_modelcentro_transactions.csv
ModelCentro,ModelCentro transaction,,Full site access!,unmapped:modelcentro:full-site-access,Full site access!,,needs mapping,2026-04-22,2026-04-22,2026-04-22,sale date,low,sale date,canonical transaction row,1.0,19.99,13.49,2026-06-11_18-11-15_modelcentro_transactions.csv
ModelCentro,ModelCentro transaction,,Full site access!,unmapped:modelcentro:full-site-access,Full site access!,,needs mapping,2026-04-22,2026-04-22,2026-04-22,sale date,low,sale date,canonical transaction row,1.0,19.99,13.49,2026-06-11_18-11-15_modelcentro_transactions.csv
ModelCentro,ModelCentro transaction,,Full site access!,unmapped:modelcentro:full-site-access,Full site access!,,needs mapping,2026-04-22,2026-04-22,2026-04-22,sale date,low,sale date,canonical transaction row,1.0,19.99,13.49,2026-06-11_18-11-15_modelcentro_transactions.csv
ModelCentro,ModelCentro transaction,,Full site access!,unmapped:modelcentro:full-site-access,Full site access!,,needs mapping,2026-04-22,2026-04-22,2026-04-22,sale date,low,sale date,canonical transaction row,1.0,19.99,13.49,2026-06-11_18-11-15_modelcentro_transactions.csv
ModelCentro,ModelCentro transaction,,Full site access!,unmapped:modelcentro:full-site-access,Full site access!,,needs mapping,2026-04-22,2026-04-22,2026-04-22,sale date,low,sale date,canonical transaction row,1.0,19.99,13.49,2026-06-11_18-11-15_modelcentro_transactions.csv
ModelCentro,ModelCentro transaction,,Spread and Begging for Anal,Video 0145,Spread and Begging for Anal,Video,mapped,2026-04-22,2026-04-22,2021-09-17,master content release date,high,sale date,canonical transaction row,1.0,10.99,7.41,2026-06-11_18-11-15_modelcentro_transactions.csv
ModelCentro,ModelCentro transaction,,Kneel and Eat My Fat Pussy,Video 0163,Kneel and Eat My Fat Pussy,Video,mapped,2026-04-22,2026-04-22,2022-05-07,master content release date,high,sale date,canonical transaction row,1.0,15.99,10.79,2026-06-11_18-11-15_modelcentro_transactions.csv
ModelCentro,ModelCentro transaction,,Cum in My Hairy Pussy,Video 0080,Cum in My Hairy Pussy,Video,mapped,2026-04-22,2026-04-22,2020-04-19,master content release date,high,sale date,canonical transaction row,1.0,9.99,6.74,2026-06-11_18-11-15_modelcentro_transactions.csv
ModelCentro,ModelCentro transaction,,Full site access!,unmapped:modelcentro:full-site-access,Full site access!,,needs mapping,2026-04-22,2026-04-22,2026-04-22,sale date,low,sale date,canonical transaction row,1.0,19.99,13.49,2026-06-11_18-11-15_modelcentro_transactions.csv
ModelCentro,ModelCentro transaction,,Full site access!,unmapped:modelcentro:full-site-access,Full site access!,,needs mapping,2026-04-21,2026-04-21,2026-04-21,sale date,low,sale date,canonical transaction row,1.0,19.99,13.49,2026-06-11_18-11-15_modelcentro_transactions.csv
ModelCentro,ModelCentro transaction,,Full site access!,unmapped:modelcentro:full-site-access,Full site access!,,needs mapping,2026-04-21,2026-04-21,2026-04-21,sale date,low,sale date,canonical transaction row,1.0,19.99,13.49,2026-06-11_18-11-15_modelcentro_transactions.csv
ModelCentro,ModelCentro transaction,,Full site access!,unmapped:modelcentro:full-site-access,Full site access!,,needs mapping,2026-04-21,2026-04-21,2026-04-21,sale date,low,sale date,canonical transaction row,1.0,19.99,13.49,2026-06-11_18-11-15_modelcentro_transactions.csv
ModelCentro,ModelCentro transaction,,Full site access!,unmapped:modelcentro:full-site-access,Full site access!,,needs mapping,2026-04-21,2026-04-21,2026-04-21,sale date,low,sale date,canonical transaction row,1.0,19.99,13.49,2026-06-11_18-11-15_modelcentro_transactions.csv
ModelCentro,ModelCentro transaction,,Full site access!,unmapped:modelcentro:full-site-access,Full site access!,,needs mapping,2026-04-20,2026-04-20,2026-04-20,sale date,low,sale date,canonical transaction row,1.0,19.99,13.49,2026-06-11_18-11-15_modelcentro_transactions.csv
ModelCentro,ModelCentro transaction,,Full site access!,unmapped:modelcentro:full-site-access,Full site access!,,needs mapping,2026-04-20,2026-04-20,2026-04-20,sale date,low,sale date,canonical transaction row,1.0,19.99,13.49,2026-06-11_18-11-15_modelcentro_transactions.csv
ModelCentro,ModelCentro transaction,,Full site access!,unmapped:modelcentro:full-site-access,Full site access!,,needs mapping,2026-04-20,2026-04-20,2026-04-20,sale date,low,sale date,canonical transaction row,1.0,19.99,13.49,2026-06-11_18-11-15_modelcentro_transactions.csv
ModelCentro,ModelCentro transaction,,Full site access!,unmapped:modelcentro:full-site-access,Full site access!,,needs mapping,2026-04-20,2026-04-20,2026-04-20,sale date,low,sale date,canonical transaction row,1.0,19.99,13.49,2026-06-11_18-11-15_modelcentro_transactions.csv
ModelCentro,ModelCentro transaction,,Full site access!,unmapped:modelcentro:full-site-access,Full site access!,,needs mapping,2026-04-20,2026-04-20,2026-04-20,sale date,low,sale date,canonical transaction row,1.0,19.99,13.49,2026-06-11_18-11-15_modelcentro_transactions.csv
ModelCentro,ModelCentro transaction,,Full site access!,unmapped:modelcentro:full-site-access,Full site access!,,needs mapping,2026-04-19,2026-04-19,2026-04-19,sale date,low,sale date,canonical transaction row,1.0,19.99,13.49,2026-06-11_18-11-15_modelcentro_transactions.csv
ModelCentro,ModelCentro transaction,,1 Month Membership,unmapped:modelcentro:1-month-membership,1 Month Membership,,needs mapping,2026-04-19,2026-04-19,2026-04-19,sale date,low,sale date,canonical transaction row,1.0,19.99,13.49,2026-06-11_18-11-15_modelcentro_transactions.csv
ModelCentro,ModelCentro transaction,,Full site access!,unmapped:modelcentro:full-site-access,Full site access!,,needs mapping,2026-04-19,2026-04-19,2026-04-19,sale date,low,sale date,canonical transaction row,1.0,19.99,13.49,2026-06-11_18-11-15_modelcentro_transactions.csv
ModelCentro,ModelCentro transaction,,Full site access!,unmapped:modelcentro:full-site-access,Full site access!,,needs mapping,2026-04-19,2026-04-19,2026-04-19,sale date,low,sale date,canonical transaction row,1.0,19.99,13.49,2026-06-11_18-11-15_modelcentro_transactions.csv
ModelCentro,ModelCentro transaction,,Full site access!,unmapped:modelcentro:full-site-access,Full site access!,,needs mapping,2026-04-19,2026-04-19,2026-04-19,sale date,low,sale date,canonical transaction row,1.0,19.99,13.49,2026-06-11_18-11-15_modelcentro_transactions.csv
ModelCentro,ModelCentro transaction,,1 Month Membership,unmapped:modelcentro:1-month-membership,1 Month Membership,,needs mapping,2026-04-19,2026-04-19,2026-04-19,sale date,low,sale date,canonical transaction row,1.0,19.99,13.49,2026-06-11_18-11-15_modelcentro_transactions.csv
ModelCentro,ModelCentro transaction,,Full site access!,unmapped:modelcentro:full-site-access,Full site access!,,needs mapping,2026-04-19,2026-04-19,2026-04-19,sale date,low,sale date,canonical transaction row,1.0,19.99,13.49,2026-06-11_18-11-15_modelcentro_transactions.csv
ModelCentro,ModelCentro transaction,,Full site access!,unmapped:modelcentro:full-site-access,Full site access!,,needs mapping,2026-04-18,2026-04-18,2026-04-18,sale date,low,sale date,canonical transaction row,1.0,19.99,13.49,2026-06-11_18-11-15_modelcentro_transactions.csv
ModelCentro,ModelCentro transaction,,Full site access!,unmapped:modelcentro:full-site-access,Full site access!,,needs mapping,2026-04-18,2026-04-18,2026-04-18,sale date,low,sale date,canonical transaction row,1.0,19.99,13.49,2026-06-11_18-11-15_modelcentro_transactions.csv
ModelCentro,ModelCentro transaction,,Full site access!,unmapped:modelcentro:full-site-access,Full site access!,,needs mapping,2026-04-18,2026-04-18,2026-04-18,sale date,low,sale date,canonical transaction row,1.0,19.99,13.49,2026-06-11_18-11-15_modelcentro_transactions.csv
ModelCentro,ModelCentro transaction,,Friends With Benefits,Video 0203,Friends With Benefits,Video,mapped,2026-04-18,2026-04-18,2023-11-18,master content release date,high,sale date,canonical transaction row,1.0,14.99,10.11,2026-06-11_18-11-15_modelcentro_transactions.csv
ModelCentro,ModelCentro transaction,,Full site access!,unmapped:modelcentro:full-site-access,Full site access!,,needs mapping,2026-04-18,2026-04-18,2026-04-18,sale date,low,sale date,canonical transaction row,1.0,19.99,13.49,2026-06-11_18-11-15_modelcentro_transactions.csv
ModelCentro,ModelCentro transaction,,Full site access!,unmapped:modelcentro:full-site-access,Full site access!,,needs mapping,2026-04-18,2026-04-18,2026-04-18,sale date,low,sale date,canonical transaction row,1.0,19.99,13.49,2026-06-11_18-11-15_modelcentro_transactions.csv
ModelCentro,ModelCentro transaction,,Full site access!,unmapped:modelcentro:full-site-access,Full site access!,,needs mapping,2026-04-18,2026-04-18,2026-04-18,sale date,low,sale date,canonical transaction row,1.0,19.99,13.49,2026-06-11_18-11-15_modelcentro_transactions.csv
ModelCentro,ModelCentro transaction,,Full site access!,unmapped:modelcentro:full-site-access,Full site access!,,needs mapping,2026-04-17,2026-04-17,2026-04-17,sale date,low,sale date,canonical transaction row,1.0,19.99,13.49,2026-06-11_18-11-15_modelcentro_transactions.csv
ModelCentro,ModelCentro transaction,,Full site access!,unmapped:modelcentro:full-site-access,Full site access!,,needs mapping,2026-04-17,2026-04-17,2026-04-17,sale date,low,sale date,canonical transaction row,1.0,19.99,13.49,2026-06-11_18-11-15_modelcentro_transactions.csv
ModelCentro,ModelCentro transaction,,Full site access!,unmapped:modelcentro:full-site-access,Full site access!,,needs mapping,2026-04-17,2026-04-17,2026-04-17,sale date,low,sale date,canonical transaction row,1.0,19.99,13.49,2026-06-11_18-11-15_modelcentro_transactions.csv
ModelCentro,ModelCentro transaction,,Full site access!,unmapped:modelcentro:full-site-access,Full site access!,,needs mapping,2026-04-17,2026-04-17,2026-04-17,sale date,low,sale date,canonical transaction row,1.0,19.99,13.49,2026-06-11_18-11-15_modelcentro_transactions.csv
ModelCentro,ModelCentro transaction,,Full site access!,unmapped:modelcentro:full-site-access,Full site access!,,needs mapping,2026-04-17,2026-04-17,2026-04-17,sale date,low,sale date,canonical transaction row,1.0,19.99,13.49,2026-06-11_18-11-15_modelcentro_transactions.csv
ModelCentro,ModelCentro transaction,,Full site access!,unmapped:modelcentro:full-site-access,Full site access!,,needs mapping,2026-04-17,2026-04-17,2026-04-17,sale date,low,sale date,canonical transaction row,1.0,19.99,13.49,2026-06-11_18-11-15_modelcentro_transactions.csv
ModelCentro,ModelCentro transaction,,Full site access!,unmapped:modelcentro:full-site-access,Full site access!,,needs mapping,2026-04-17,2026-04-17,2026-04-17,sale date,low,sale date,canonical transaction row,1.0,19.99,13.49,2026-06-11_18-11-15_modelcentro_transactions.csv
ModelCentro,ModelCentro transaction,,1 Month Membership,unmapped:modelcentro:1-month-membership,1 Month Membership,,needs mapping,2026-04-16,2026-04-16,2026-04-16,sale date,low,sale date,canonical transaction row,1.0,19.99,13.49,2026-06-11_18-11-15_modelcentro_transactions.csv
ModelCentro,ModelCentro transaction,,Full site access!,unmapped:modelcentro:full-site-access,Full site access!,,needs mapping,2026-04-16,2026-04-16,2026-04-16,sale date,low,sale date,canonical transaction row,1.0,19.99,13.49,2026-06-11_18-11-15_modelcentro_transactions.csv
ModelCentro,ModelCentro transaction,,Full site access!,unmapped:modelcentro:full-site-access,Full site access!,,needs mapping,2026-04-16,2026-04-16,2026-04-16,sale date,low,sale date,canonical transaction row,1.0,19.99,13.49,2026-06-11_18-11-15_modelcentro_transactions.csv
ModelCentro,ModelCentro transaction,,Full site access!,unmapped:modelcentro:full-site-access,Full site access!,,needs mapping,2026-04-16,2026-04-16,2026-04-16,sale date,low,sale date,canonical transaction row,1.0,19.99,13.49,2026-06-11_18-11-15_modelcentro_transactions.csv
ModelCentro,ModelCentro transaction,,Full site access!,unmapped:modelcentro:full-site-access,Full site access!,,needs mapping,2026-04-16,2026-04-16,2026-04-16,sale date,low,sale date,canonical transaction row,1.0,19.99,13.49,2026-06-11_18-11-15_modelcentro_transactions.csv
ModelCentro,ModelCentro transaction,,Full site access!,unmapped:modelcentro:full-site-access,Full site access!,,needs mapping,2026-04-15,2026-04-15,2026-04-15,sale date,low,sale date,canonical transaction row,1.0,19.99,13.49,2026-06-11_18-11-15_modelcentro_transactions.csv
ModelCentro,ModelCentro transaction,,Full site access!,unmapped:modelcentro:full-site-access,Full site access!,,needs mapping,2026-04-15,2026-04-15,2026-04-15,sale date,low,sale date,canonical transaction row,1.0,19.99,13.49,2026-06-11_18-11-15_modelcentro_transactions.csv
ModelCentro,ModelCentro transaction,,Full site access!,unmapped:modelcentro:full-site-access,Full site access!,,needs mapping,2026-04-15,2026-04-15,2026-04-15,sale date,low,sale date,canonical transaction row,1.0,19.99,13.49,2026-06-11_18-11-15_modelcentro_transactions.csv
ModelCentro,ModelCentro transaction,,Full site access!,unmapped:modelcentro:full-site-access,Full site access!,,needs mapping,2026-04-15,2026-04-15,2026-04-15,sale date,low,sale date,canonical transaction row,1.0,19.99,13.49,2026-06-11_18-11-15_modelcentro_transactions.csv
ModelCentro,ModelCentro transaction,,Full site access!,unmapped:modelcentro:full-site-access,Full site access!,,needs mapping,2026-04-15,2026-04-15,2026-04-15,sale date,low,sale date,canonical transaction row,1.0,19.99,13.49,2026-06-11_18-11-15_modelcentro_transactions.csv
ModelCentro,ModelCentro transaction,,Full site access!,unmapped:modelcentro:full-site-access,Full site access!,,needs mapping,2026-04-14,2026-04-14,2026-04-14,sale date,low,sale date,canonical transaction row,1.0,19.99,13.49,2026-06-11_18-11-15_modelcentro_transactions.csv
ModelCentro,ModelCentro transaction,,Full site access!,unmapped:modelcentro:full-site-access,Full site access!,,needs mapping,2026-04-14,2026-04-14,2026-04-14,sale date,low,sale date,canonical transaction row,1.0,19.99,13.49,2026-06-11_18-11-15_modelcentro_transactions.csv
ModelCentro,ModelCentro transaction,,Full site access!,unmapped:modelcentro:full-site-access,Full site access!,,needs mapping,2026-04-14,2026-04-14,2026-04-14,sale date,low,sale date,canonical transaction row,1.0,19.99,13.49,2026-06-11_18-11-15_modelcentro_transactions.csv
ModelCentro,ModelCentro transaction,,Full site access!,unmapped:modelcentro:full-site-access,Full site access!,,needs mapping,2026-04-14,2026-04-14,2026-04-14,sale date,low,sale date,canonical transaction row,1.0,19.99,13.49,2026-06-11_18-11-15_modelcentro_transactions.csv
ModelCentro,ModelCentro transaction,,Full site access!,unmapped:modelcentro:full-site-access,Full site access!,,needs mapping,2026-04-14,2026-04-14,2026-04-14,sale date,low,sale date,canonical transaction row,1.0,19.99,13.49,2026-06-11_18-11-15_modelcentro_transactions.csv
ModelCentro,ModelCentro transaction,,Full site access!,unmapped:modelcentro:full-site-access,Full site access!,,needs mapping,2026-04-14,2026-04-14,2026-04-14,sale date,low,sale date,canonical transaction row,1.0,19.99,13.49,2026-06-11_18-11-15_modelcentro_transactions.csv
ModelCentro,ModelCentro transaction,,Full site access!,unmapped:modelcentro:full-site-access,Full site access!,,needs mapping,2026-04-13,2026-04-13,2026-04-13,sale date,low,sale date,canonical transaction row,1.0,19.99,13.49,2026-06-11_18-11-15_modelcentro_transactions.csv
ModelCentro,ModelCentro transaction,,Full site access!,unmapped:modelcentro:full-site-access,Full site access!,,needs mapping,2026-04-13,2026-04-13,2026-04-13,sale date,low,sale date,canonical transaction row,1.0,19.99,13.49,2026-06-11_18-11-15_modelcentro_transactions.csv
ModelCentro,ModelCentro transaction,,Full site access!,unmapped:modelcentro:full-site-access,Full site access!,,needs mapping,2026-04-12,2026-04-12,2026-04-12,sale date,low,sale date,canonical transaction row,1.0,19.99,13.49,2026-06-11_18-11-15_modelcentro_transactions.csv
ModelCentro,ModelCentro transaction,,Full site access!,unmapped:modelcentro:full-site-access,Full site access!,,needs mapping,2026-04-12,2026-04-12,2026-04-12,sale date,low,sale date,canonical transaction row,1.0,19.99,13.49,2026-06-11_18-11-15_modelcentro_transactions.csv
ModelCentro,ModelCentro transaction,,Full site access!,unmapped:modelcentro:full-site-access,Full site access!,,needs mapping,2026-04-12,2026-04-12,2026-04-12,sale date,low,sale date,canonical transaction row,1.0,19.99,13.49,2026-06-11_18-11-15_modelcentro_transactions.csv
ModelCentro,ModelCentro transaction,,Full site access!,unmapped:modelcentro:full-site-access,Full site access!,,needs mapping,2026-04-12,2026-04-12,2026-04-12,sale date,low,sale date,canonical transaction row,1.0,19.99,13.49,2026-06-11_18-11-15_modelcentro_transactions.csv
ModelCentro,ModelCentro transaction,,Full site access!,unmapped:modelcentro:full-site-access,Full site access!,,needs mapping,2026-04-12,2026-04-12,2026-04-12,sale date,low,sale date,canonical transaction row,1.0,19.99,13.49,2026-06-11_18-11-15_modelcentro_transactions.csv
ModelCentro,ModelCentro transaction,,Full site access!,unmapped:modelcentro:full-site-access,Full site access!,,needs mapping,2026-04-12,2026-04-12,2026-04-12,sale date,low,sale date,canonical transaction row,1.0,19.99,13.49,2026-06-11_18-11-15_modelcentro_transactions.csv
ModelCentro,ModelCentro transaction,,Full site access!,unmapped:modelcentro:full-site-access,Full site access!,,needs mapping,2026-04-11,2026-04-11,2026-04-11,sale date,low,sale date,canonical transaction row,1.0,19.99,13.49,2026-06-11_18-11-15_modelcentro_transactions.csv
ModelCentro,ModelCentro transaction,,Full site access!,unmapped:modelcentro:full-site-access,Full site access!,,needs mapping,2026-04-11,2026-04-11,2026-04-11,sale date,low,sale date,canonical transaction row,1.0,19.99,13.49,2026-06-11_18-11-15_modelcentro_transactions.csv
ModelCentro,ModelCentro transaction,,Full site access!,unmapped:modelcentro:full-site-access,Full site access!,,needs mapping,2026-04-11,2026-04-11,2026-04-11,sale date,low,sale date,canonical transaction row,1.0,19.99,13.49,2026-06-11_18-11-15_modelcentro_transactions.csv
ModelCentro,ModelCentro transaction,,Full site access!,unmapped:modelcentro:full-site-access,Full site access!,,needs mapping,2026-04-11,2026-04-11,2026-04-11,sale date,low,sale date,canonical transaction row,1.0,19.99,13.49,2026-06-11_18-11-15_modelcentro_transactions.csv
ModelCentro,ModelCentro transaction,,Full site access!,unmapped:modelcentro:full-site-access,Full site access!,,needs mapping,2026-04-10,2026-04-10,2026-04-10,sale date,low,sale date,canonical transaction row,1.0,19.99,13.49,2026-06-11_18-11-15_modelcentro_transactions.csv
ModelCentro,ModelCentro transaction,,Full site access!,unmapped:modelcentro:full-site-access,Full site access!,,needs mapping,2026-04-10,2026-04-10,2026-04-10,sale date,low,sale date,canonical transaction row,1.0,19.99,13.49,2026-06-11_18-11-15_modelcentro_transactions.csv
ModelCentro,ModelCentro transaction,,Full site access!,unmapped:modelcentro:full-site-access,Full site access!,,needs mapping,2026-04-10,2026-04-10,2026-04-10,sale date,low,sale date,canonical transaction row,1.0,19.99,13.49,2026-06-11_18-11-15_modelcentro_transactions.csv
ModelCentro,ModelCentro transaction,,Full site access!,unmapped:modelcentro:full-site-access,Full site access!,,needs mapping,2026-04-10,2026-04-10,2026-04-10,sale date,low,sale date,canonical transaction row,1.0,19.99,13.49,2026-06-11_18-11-15_modelcentro_transactions.csv
ModelCentro,ModelCentro transaction,,Full site access!,unmapped:modelcentro:full-site-access,Full site access!,,needs mapping,2026-04-10,2026-04-10,2026-04-10,sale date,low,sale date,canonical transaction row,1.0,19.99,13.49,2026-06-11_18-11-15_modelcentro_transactions.csv
ModelCentro,ModelCentro transaction,,Full site access!,unmapped:modelcentro:full-site-access,Full site access!,,needs mapping,2026-04-09,2026-04-09,2026-04-09,sale date,low,sale date,canonical transaction row,1.0,19.99,13.49,2026-06-11_18-11-15_modelcentro_transactions.csv
ModelCentro,ModelCentro transaction,,Full site access!,unmapped:modelcentro:full-site-access,Full site access!,,needs mapping,2026-04-09,2026-04-09,2026-04-09,sale date,low,sale date,canonical transaction row,1.0,19.99,4.49,2026-06-11_18-11-15_modelcentro_transactions.csv
ModelCentro,ModelCentro transaction,,Full site access!,unmapped:modelcentro:full-site-access,Full site access!,,needs mapping,2026-04-09,2026-04-09,2026-04-09,sale date,low,sale date,canonical transaction row,1.0,19.99,13.49,2026-06-11_18-11-15_modelcentro_transactions.csv
ModelCentro,ModelCentro transaction,,Full site access!,unmapped:modelcentro:full-site-access,Full site access!,,needs mapping,2026-04-09,2026-04-09,2026-04-09,sale date,low,sale date,canonical transaction row,1.0,19.99,13.49,2026-06-11_18-11-15_modelcentro_transactions.csv
ModelCentro,ModelCentro transaction,,Full site access!,unmapped:modelcentro:full-site-access,Full site access!,,needs mapping,2026-04-08,2026-04-08,2026-04-08,sale date,low,sale date,canonical transaction row,1.0,19.99,13.49,2026-06-11_18-11-15_modelcentro_transactions.csv
ModelCentro,ModelCentro transaction,,Full site access!,unmapped:modelcentro:full-site-access,Full site access!,,needs mapping,2026-04-08,2026-04-08,2026-04-08,sale date,low,sale date,canonical transaction row,1.0,19.99,13.49,2026-06-11_18-11-15_modelcentro_transactions.csv
ModelCentro,ModelCentro transaction,,Full site access!,unmapped:modelcentro:full-site-access,Full site access!,,needs mapping,2026-04-08,2026-04-08,2026-04-08,sale date,low,sale date,canonical transaction row,1.0,19.99,13.49,2026-06-11_18-11-15_modelcentro_transactions.csv
ModelCentro,ModelCentro transaction,,1 Month Membership,unmapped:modelcentro:1-month-membership,1 Month Membership,,needs mapping,2026-04-08,2026-04-08,2026-04-08,sale date,low,sale date,canonical transaction row,1.0,19.99,13.49,2026-06-11_18-11-15_modelcentro_transactions.csv
ModelCentro,ModelCentro transaction,,Full site access!,unmapped:modelcentro:full-site-access,Full site access!,,needs mapping,2026-04-08,2026-04-08,2026-04-08,sale date,low,sale date,canonical transaction row,1.0,19.99,13.49,2026-06-11_18-11-15_modelcentro_transactions.csv
ModelCentro,ModelCentro transaction,,Full site access!,unmapped:modelcentro:full-site-access,Full site access!,,needs mapping,2026-04-07,2026-04-07,2026-04-07,sale date,low,sale date,canonical transaction row,1.0,19.99,13.49,2026-06-11_18-11-15_modelcentro_transactions.csv
ModelCentro,ModelCentro transaction,,Full site access!,unmapped:modelcentro:full-site-access,Full site access!,,needs mapping,2026-04-07,2026-04-07,2026-04-07,sale date,low,sale date,canonical transaction row,1.0,19.99,4.49,2026-06-11_18-11-15_modelcentro_transactions.csv
ModelCentro,ModelCentro transaction,,Full site access!,unmapped:modelcentro:full-site-access,Full site access!,,needs mapping,2026-04-07,2026-04-07,2026-04-07,sale date,low,sale date,canonical transaction row,1.0,19.99,13.49,2026-06-11_18-11-15_modelcentro_transactions.csv
ModelCentro,ModelCentro transaction,,Full site access!,unmapped:modelcentro:full-site-access,Full site access!,,needs mapping,2026-04-07,2026-04-07,2026-04-07,sale date,low,sale date,canonical transaction row,1.0,19.99,13.49,2026-06-11_18-11-15_modelcentro_transactions.csv
ModelCentro,ModelCentro transaction,,Full site access!,unmapped:modelcentro:full-site-access,Full site access!,,needs mapping,2026-04-07,2026-04-07,2026-04-07,sale date,low,sale date,canonical transaction row,1.0,19.99,13.49,2026-06-11_18-11-15_modelcentro_transactions.csv
ModelCentro,ModelCentro transaction,,Full site access!,unmapped:modelcentro:full-site-access,Full site access!,,needs mapping,2026-04-07,2026-04-07,2026-04-07,sale date,low,sale date,canonical transaction row,1.0,19.99,13.49,2026-06-11_18-11-15_modelcentro_transactions.csv
ModelCentro,ModelCentro transaction,,Full site access!,unmapped:modelcentro:full-site-access,Full site access!,,needs mapping,2026-04-07,2026-04-07,2026-04-07,sale date,low,sale date,canonical transaction row,1.0,19.99,13.49,2026-06-11_18-11-15_modelcentro_transactions.csv
ModelCentro,ModelCentro transaction,,Full site access!,unmapped:modelcentro:full-site-access,Full site access!,,needs mapping,2026-04-07,2026-04-07,2026-04-07,sale date,low,sale date,canonical transaction row,1.0,19.99,4.49,2026-06-11_18-11-15_modelcentro_transactions.csv
ModelCentro,ModelCentro transaction,,Full site access!,unmapped:modelcentro:full-site-access,Full site access!,,needs mapping,2026-04-07,2026-04-07,2026-04-07,sale date,low,sale date,canonical transaction row,1.0,19.99,13.49,2026-06-11_18-11-15_modelcentro_transactions.csv
ModelCentro,ModelCentro transaction,,Full site access!,unmapped:modelcentro:full-site-access,Full site access!,,needs mapping,2026-04-06,2026-04-06,2026-04-06,sale date,low,sale date,canonical transaction row,1.0,19.99,13.49,2026-06-11_18-11-15_modelcentro_transactions.csv
ModelCentro,ModelCentro transaction,,Full site access!,unmapped:modelcentro:full-site-access,Full site access!,,needs mapping,2026-04-06,2026-04-06,2026-04-06,sale date,low,sale date,canonical transaction row,1.0,19.99,13.49,2026-06-11_18-11-15_modelcentro_transactions.csv
ModelCentro,ModelCentro transaction,,Full site access!,unmapped:modelcentro:full-site-access,Full site access!,,needs mapping,2026-04-06,2026-04-06,2026-04-06,sale date,low,sale date,canonical transaction row,1.0,19.99,13.49,2026-06-11_18-11-15_modelcentro_transactions.csv
ModelCentro,ModelCentro transaction,,Full site access!,unmapped:modelcentro:full-site-access,Full site access!,,needs mapping,2026-04-06,2026-04-06,2026-04-06,sale date,low,sale date,canonical transaction row,1.0,19.99,13.49,2026-06-11_18-11-15_modelcentro_transactions.csv
ModelCentro,ModelCentro transaction,,Full site access!,unmapped:modelcentro:full-site-access,Full site access!,,needs mapping,2026-04-06,2026-04-06,2026-04-06,sale date,low,sale date,canonical transaction row,1.0,19.99,13.49,2026-06-11_18-11-15_modelcentro_transactions.csv
ModelCentro,ModelCentro transaction,,Full site access!,unmapped:modelcentro:full-site-access,Full site access!,,needs mapping,2026-04-06,2026-04-06,2026-04-06,sale date,low,sale date,canonical transaction row,1.0,19.99,13.49,2026-06-11_18-11-15_modelcentro_transactions.csv
ModelCentro,ModelCentro transaction,,Full site access!,unmapped:modelcentro:full-site-access,Full site access!,,needs mapping,2026-04-06,2026-04-06,2026-04-06,sale date,low,sale date,canonical transaction row,1.0,19.99,13.49,2026-06-11_18-11-15_modelcentro_transactions.csv
ModelCentro,ModelCentro transaction,,Full site access!,unmapped:modelcentro:full-site-access,Full site access!,,needs mapping,2026-04-06,2026-04-06,2026-04-06,sale date,low,sale date,canonical transaction row,1.0,19.99,13.49,2026-06-11_18-11-15_modelcentro_transactions.csv
ModelCentro,ModelCentro transaction,,Full site access!,unmapped:modelcentro:full-site-access,Full site access!,,needs mapping,2026-04-05,2026-04-05,2026-04-05,sale date,low,sale date,canonical transaction row,1.0,19.99,13.49,2026-06-11_18-11-15_modelcentro_transactions.csv
ModelCentro,ModelCentro transaction,,Full site access!,unmapped:modelcentro:full-site-access,Full site access!,,needs mapping,2026-04-05,2026-04-05,2026-04-05,sale date,low,sale date,canonical transaction row,1.0,19.99,13.49,2026-06-11_18-11-15_modelcentro_transactions.csv
ModelCentro,ModelCentro transaction,,3 Month Membership,unmapped:modelcentro:3-month-membership,3 Month Membership,,needs mapping,2026-04-05,2026-04-05,2026-04-05,sale date,low,sale date,canonical transaction row,1.0,50.0,33.75,2026-06-11_18-11-15_modelcentro_transactions.csv
ModelCentro,ModelCentro transaction,,Full site access!,unmapped:modelcentro:full-site-access,Full site access!,,needs mapping,2026-04-04,2026-04-04,2026-04-04,sale date,low,sale date,canonical transaction row,1.0,19.99,13.49,2026-06-11_18-11-15_modelcentro_transactions.csv
ModelCentro,ModelCentro transaction,,Full site access!,unmapped:modelcentro:full-site-access,Full site access!,,needs mapping,2026-04-04,2026-04-04,2026-04-04,sale date,low,sale date,canonical transaction row,1.0,19.99,13.49,2026-06-11_18-11-15_modelcentro_transactions.csv
ModelCentro,ModelCentro transaction,,Full site access!,unmapped:modelcentro:full-site-access,Full site access!,,needs mapping,2026-04-04,2026-04-04,2026-04-04,sale date,low,sale date,canonical transaction row,1.0,19.99,13.49,2026-06-11_18-11-15_modelcentro_transactions.csv
ModelCentro,ModelCentro transaction,,Full site access!,unmapped:modelcentro:full-site-access,Full site access!,,needs mapping,2026-04-04,2026-04-04,2026-04-04,sale date,low,sale date,canonical transaction row,1.0,19.99,13.49,2026-06-11_18-11-15_modelcentro_transactions.csv
ModelCentro,ModelCentro transaction,,Full site access!,unmapped:modelcentro:full-site-access,Full site access!,,needs mapping,2026-04-04,2026-04-04,2026-04-04,sale date,low,sale date,canonical transaction row,1.0,19.99,13.49,2026-06-11_18-11-15_modelcentro_transactions.csv
ModelCentro,ModelCentro transaction,,Full site access!,unmapped:modelcentro:full-site-access,Full site access!,,needs mapping,2026-04-04,2026-04-04,2026-04-04,sale date,low,sale date,canonical transaction row,1.0,19.99,13.49,2026-06-11_18-11-15_modelcentro_transactions.csv
ModelCentro,ModelCentro transaction,,Full site access!,unmapped:modelcentro:full-site-access,Full site access!,,needs mapping,2026-04-03,2026-04-03,2026-04-03,sale date,low,sale date,canonical transaction row,1.0,19.99,13.49,2026-06-11_18-11-15_modelcentro_transactions.csv
ModelCentro,ModelCentro transaction,,Full site access!,unmapped:modelcentro:full-site-access,Full site access!,,needs mapping,2026-04-03,2026-04-03,2026-04-03,sale date,low,sale date,canonical transaction row,1.0,19.99,13.49,2026-06-11_18-11-15_modelcentro_transactions.csv
ModelCentro,ModelCentro transaction,,Full site access!,unmapped:modelcentro:full-site-access,Full site access!,,needs mapping,2026-04-03,2026-04-03,2026-04-03,sale date,low,sale date,canonical transaction row,1.0,19.99,13.49,2026-06-11_18-11-15_modelcentro_transactions.csv
ModelCentro,ModelCentro transaction,,Full site access!,unmapped:modelcentro:full-site-access,Full site access!,,needs mapping,2026-04-03,2026-04-03,2026-04-03,sale date,low,sale date,canonical transaction row,1.0,19.99,13.49,2026-06-11_18-11-15_modelcentro_transactions.csv
ModelCentro,ModelCentro transaction,,Full site access!,unmapped:modelcentro:full-site-access,Full site access!,,needs mapping,2026-04-03,2026-04-03,2026-04-03,sale date,low,sale date,canonical transaction row,1.0,19.99,13.49,2026-06-11_18-11-15_modelcentro_transactions.csv
ModelCentro,ModelCentro transaction,,Full site access!,unmapped:modelcentro:full-site-access,Full site access!,,needs mapping,2026-04-03,2026-04-03,2026-04-03,sale date,low,sale date,canonical transaction row,1.0,19.99,13.49,2026-06-11_18-11-15_modelcentro_transactions.csv
ModelCentro,ModelCentro transaction,,Full site access!,unmapped:modelcentro:full-site-access,Full site access!,,needs mapping,2026-04-03,2026-04-03,2026-04-03,sale date,low,sale date,canonical transaction row,1.0,19.99,13.49,2026-06-11_18-11-15_modelcentro_transactions.csv
ModelCentro,ModelCentro transaction,,Full site access!,unmapped:modelcentro:full-site-access,Full site access!,,needs mapping,2026-04-02,2026-04-02,2026-04-02,sale date,low,sale date,canonical transaction row,1.0,19.99,13.49,2026-06-11_18-11-15_modelcentro_transactions.csv
ModelCentro,ModelCentro transaction,,Full site access!,unmapped:modelcentro:full-site-access,Full site access!,,needs mapping,2026-04-02,2026-04-02,2026-04-02,sale date,low,sale date,canonical transaction row,1.0,19.99,13.49,2026-06-11_18-11-15_modelcentro_transactions.csv
ModelCentro,ModelCentro transaction,,Full site access!,unmapped:modelcentro:full-site-access,Full site access!,,needs mapping,2026-04-02,2026-04-02,2026-04-02,sale date,low,sale date,canonical transaction row,1.0,19.99,13.49,2026-06-11_18-11-15_modelcentro_transactions.csv
ModelCentro,ModelCentro transaction,,1 Month Membership,unmapped:modelcentro:1-month-membership,1 Month Membership,,needs mapping,2026-04-02,2026-04-02,2026-04-02,sale date,low,sale date,canonical transaction row,1.0,19.99,13.49,2026-06-11_18-11-15_modelcentro_transactions.csv
ModelCentro,ModelCentro transaction,,Full site access!,unmapped:modelcentro:full-site-access,Full site access!,,needs mapping,2026-04-02,2026-04-02,2026-04-02,sale date,low,sale date,canonical transaction row,1.0,19.99,13.49,2026-06-11_18-11-15_modelcentro_transactions.csv
ModelCentro,ModelCentro transaction,,1 Month Membership,unmapped:modelcentro:1-month-membership,1 Month Membership,,needs mapping,2026-04-02,2026-04-02,2026-04-02,sale date,low,sale date,canonical transaction row,1.0,19.99,13.49,2026-06-11_18-11-15_modelcentro_transactions.csv
ModelCentro,ModelCentro transaction,,Full site access!,unmapped:modelcentro:full-site-access,Full site access!,,needs mapping,2026-04-02,2026-04-02,2026-04-02,sale date,low,sale date,canonical transaction row,1.0,-19.99,-13.49,2026-06-11_18-11-15_modelcentro_transactions.csv
ModelCentro,ModelCentro transaction,,Full site access!,unmapped:modelcentro:full-site-access,Full site access!,,needs mapping,2026-04-02,2026-04-02,2026-04-02,sale date,low,sale date,canonical transaction row,1.0,19.99,13.49,2026-06-11_18-11-15_modelcentro_transactions.csv
ModelCentro,ModelCentro transaction,,Full site access!,unmapped:modelcentro:full-site-access,Full site access!,,needs mapping,2026-04-02,2026-04-02,2026-04-02,sale date,low,sale date,canonical transaction row,1.0,19.99,13.49,2026-06-11_18-11-15_modelcentro_transactions.csv
ModelCentro,ModelCentro transaction,,Full site access!,unmapped:modelcentro:full-site-access,Full site access!,,needs mapping,2026-04-01,2026-04-01,2026-04-01,sale date,low,sale date,canonical transaction row,1.0,19.99,13.49,2026-06-11_18-11-15_modelcentro_transactions.csv
ModelCentro,ModelCentro transaction,,Full site access!,unmapped:modelcentro:full-site-access,Full site access!,,needs mapping,2026-04-01,2026-04-01,2026-04-01,sale date,low,sale date,canonical transaction row,1.0,19.99,13.49,2026-06-11_18-11-15_modelcentro_transactions.csv
ModelCentro,ModelCentro transaction,,Full site access!,unmapped:modelcentro:full-site-access,Full site access!,,needs mapping,2026-04-01,2026-04-01,2026-04-01,sale date,low,sale date,canonical transaction row,1.0,19.99,13.49,2026-06-11_18-11-15_modelcentro_transactions.csv
ModelCentro,ModelCentro transaction,,Full site access!,unmapped:modelcentro:full-site-access,Full site access!,,needs mapping,2026-04-01,2026-04-01,2026-04-01,sale date,low,sale date,canonical transaction row,1.0,19.99,13.49,2026-06-11_18-11-15_modelcentro_transactions.csv
ModelCentro,ModelCentro transaction,,Full site access!,unmapped:modelcentro:full-site-access,Full site access!,,needs mapping,2026-04-01,2026-04-01,2026-04-01,sale date,low,sale date,canonical transaction row,1.0,19.99,13.49,2026-06-11_18-11-15_modelcentro_transactions.csv
ModelCentro,ModelCentro transaction,,Full site access!,unmapped:modelcentro:full-site-access,Full site access!,,needs mapping,2026-04-01,2026-04-01,2026-04-01,sale date,low,sale date,canonical transaction row,1.0,19.99,13.49,2026-06-11_18-11-15_modelcentro_transactions.csv
ModelCentro,ModelCentro transaction,,Full site access!,unmapped:modelcentro:full-site-access,Full site access!,,needs mapping,2026-04-01,2026-04-01,2026-04-01,sale date,low,sale date,canonical transaction row,1.0,19.99,13.49,2026-06-11_18-11-15_modelcentro_transactions.csv
ModelCentro,ModelCentro transaction,,Full site access!,unmapped:modelcentro:full-site-access,Full site access!,,needs mapping,2026-04-01,2026-04-01,2026-04-01,sale date,low,sale date,canonical transaction row,1.0,19.99,13.49,2026-06-11_18-11-15_modelcentro_transactions.csv
ModelCentro,ModelCentro transaction,,Full site access!,unmapped:modelcentro:full-site-access,Full site access!,,needs mapping,2026-04-01,2026-04-01,2026-04-01,sale date,low,sale date,canonical transaction row,1.0,19.99,13.49,2026-06-11_18-11-15_modelcentro_transactions.csv
ModelCentro,ModelCentro transaction,,Full site access!,unmapped:modelcentro:full-site-access,Full site access!,,needs mapping,2026-03-31,2026-03-31,2026-03-31,sale date,low,sale date,canonical transaction row,1.0,19.99,13.49,2026-06-11_18-11-15_modelcentro_transactions.csv
ModelCentro,ModelCentro transaction,,Full site access!,unmapped:modelcentro:full-site-access,Full site access!,,needs mapping,2026-03-31,2026-03-31,2026-03-31,sale date,low,sale date,canonical transaction row,1.0,19.99,13.49,2026-06-11_18-11-15_modelcentro_transactions.csv
ModelCentro,ModelCentro transaction,,Full site access!,unmapped:modelcentro:full-site-access,Full site access!,,needs mapping,2026-03-31,2026-03-31,2026-03-31,sale date,low,sale date,canonical transaction row,1.0,19.99,13.49,2026-06-11_18-11-15_modelcentro_transactions.csv
ModelCentro,ModelCentro transaction,,Full site access!,unmapped:modelcentro:full-site-access,Full site access!,,needs mapping,2026-03-30,2026-03-30,2026-03-30,sale date,low,sale date,canonical transaction row,1.0,19.99,13.49,2026-06-11_18-11-15_modelcentro_transactions.csv
ModelCentro,ModelCentro transaction,,Full site access!,unmapped:modelcentro:full-site-access,Full site access!,,needs mapping,2026-03-30,2026-03-30,2026-03-30,sale date,low,sale date,canonical transaction row,1.0,19.99,13.49,2026-06-11_18-11-15_modelcentro_transactions.csv
ModelCentro,ModelCentro transaction,,Full site access!,unmapped:modelcentro:full-site-access,Full site access!,,needs mapping,2026-03-30,2026-03-30,2026-03-30,sale date,low,sale date,canonical transaction row,1.0,19.99,13.49,2026-06-11_18-11-15_modelcentro_transactions.csv
ModelCentro,ModelCentro transaction,,Full site access!,unmapped:modelcentro:full-site-access,Full site access!,,needs mapping,2026-03-29,2026-03-29,2026-03-29,sale date,low,sale date,canonical transaction row,1.0,-19.99,-13.49,2026-06-11_18-11-15_modelcentro_transactions.csv
ModelCentro,ModelCentro transaction,,Full site access!,unmapped:modelcentro:full-site-access,Full site access!,,needs mapping,2026-03-28,2026-03-28,2026-03-28,sale date,low,sale date,canonical transaction row,1.0,19.99,13.49,2026-06-11_18-11-15_modelcentro_transactions.csv
ModelCentro,ModelCentro transaction,,Full site access!,unmapped:modelcentro:full-site-access,Full site access!,,needs mapping,2026-03-28,2026-03-28,2026-03-28,sale date,low,sale date,canonical transaction row,1.0,19.99,4.49,2026-06-11_18-11-15_modelcentro_transactions.csv
ModelCentro,ModelCentro transaction,,Full site access!,unmapped:modelcentro:full-site-access,Full site access!,,needs mapping,2026-03-28,2026-03-28,2026-03-28,sale date,low,sale date,canonical transaction row,1.0,19.99,13.49,2026-06-11_18-11-15_modelcentro_transactions.csv
ModelCentro,ModelCentro transaction,,Full site access!,unmapped:modelcentro:full-site-access,Full site access!,,needs mapping,2026-03-28,2026-03-28,2026-03-28,sale date,low,sale date,canonical transaction row,1.0,19.99,13.49,2026-06-11_18-11-15_modelcentro_transactions.csv
ModelCentro,ModelCentro transaction,,Full site access!,unmapped:modelcentro:full-site-access,Full site access!,,needs mapping,2026-03-27,2026-03-27,2026-03-27,sale date,low,sale date,canonical transaction row,1.0,19.99,13.49,2026-06-11_18-11-15_modelcentro_transactions.csv
ModelCentro,ModelCentro transaction,,Full site access!,unmapped:modelcentro:full-site-access,Full site access!,,needs mapping,2026-03-27,2026-03-27,2026-03-27,sale date,low,sale date,canonical transaction row,1.0,19.99,4.49,2026-06-11_18-11-15_modelcentro_transactions.csv
ModelCentro,ModelCentro transaction,,1 Month Membership,unmapped:modelcentro:1-month-membership,1 Month Membership,,needs mapping,2026-03-27,2026-03-27,2026-03-27,sale date,low,sale date,canonical transaction row,1.0,19.99,13.49,2026-06-11_18-11-15_modelcentro_transactions.csv
ModelCentro,ModelCentro transaction,,Full site access!,unmapped:modelcentro:full-site-access,Full site access!,,needs mapping,2026-03-27,2026-03-27,2026-03-27,sale date,low,sale date,canonical transaction row,1.0,19.99,13.49,2026-06-11_18-11-15_modelcentro_transactions.csv
ModelCentro,ModelCentro transaction,,Full site access!,unmapped:modelcentro:full-site-access,Full site access!,,needs mapping,2026-03-27,2026-03-27,2026-03-27,sale date,low,sale date,canonical transaction row,1.0,19.99,13.49,2026-06-11_18-11-15_modelcentro_transactions.csv
ModelCentro,ModelCentro transaction,,1 Month Membership,unmapped:modelcentro:1-month-membership,1 Month Membership,,needs mapping,2026-03-26,2026-03-26,2026-03-26,sale date,low,sale date,canonical transaction row,1.0,19.99,13.49,2026-06-11_18-11-15_modelcentro_transactions.csv
ModelCentro,ModelCentro transaction,,Full site access!,unmapped:modelcentro:full-site-access,Full site access!,,needs mapping,2026-03-26,2026-03-26,2026-03-26,sale date,low,sale date,canonical transaction row,1.0,19.99,13.49,2026-06-11_18-11-15_modelcentro_transactions.csv
ModelCentro,ModelCentro transaction,,Full site access!,unmapped:modelcentro:full-site-access,Full site access!,,needs mapping,2026-03-26,2026-03-26,2026-03-26,sale date,low,sale date,canonical transaction row,1.0,19.99,13.49,2026-06-11_18-11-15_modelcentro_transactions.csv
ModelCentro,ModelCentro transaction,,Full site access!,unmapped:modelcentro:full-site-access,Full site access!,,needs mapping,2026-03-25,2026-03-25,2026-03-25,sale date,low,sale date,canonical transaction row,1.0,19.99,13.49,2026-06-11_18-11-15_modelcentro_transactions.csv
ModelCentro,ModelCentro transaction,,Full site access!,unmapped:modelcentro:full-site-access,Full site access!,,needs mapping,2026-03-25,2026-03-25,2026-03-25,sale date,low,sale date,canonical transaction row,1.0,19.99,13.49,2026-06-11_18-11-15_modelcentro_transactions.csv
ModelCentro,ModelCentro transaction,,Full site access!,unmapped:modelcentro:full-site-access,Full site access!,,needs mapping,2026-03-24,2026-03-24,2026-03-24,sale date,low,sale date,canonical transaction row,1.0,19.99,13.49,2026-06-11_18-11-15_modelcentro_transactions.csv
ModelCentro,ModelCentro transaction,,Full site access!,unmapped:modelcentro:full-site-access,Full site access!,,needs mapping,2026-03-24,2026-03-24,2026-03-24,sale date,low,sale date,canonical transaction row,1.0,19.99,13.49,2026-06-11_18-11-15_modelcentro_transactions.csv
ModelCentro,ModelCentro transaction,,Full site access!,unmapped:modelcentro:full-site-access,Full site access!,,needs mapping,2026-03-24,2026-03-24,2026-03-24,sale date,low,sale date,canonical transaction row,1.0,19.99,13.49,2026-06-11_18-11-15_modelcentro_transactions.csv
ModelCentro,ModelCentro transaction,,Full site access!,unmapped:modelcentro:full-site-access,Full site access!,,needs mapping,2026-03-24,2026-03-24,2026-03-24,sale date,low,sale date,canonical transaction row,1.0,19.99,13.49,2026-06-11_18-11-15_modelcentro_transactions.csv
ModelCentro,ModelCentro transaction,,Full site access!,unmapped:modelcentro:full-site-access,Full site access!,,needs mapping,2026-03-23,2026-03-23,2026-03-23,sale date,low,sale date,canonical transaction row,1.0,19.99,13.49,2026-06-11_18-11-15_modelcentro_transactions.csv
ModelCentro,ModelCentro transaction,,Full site access!,unmapped:modelcentro:full-site-access,Full site access!,,needs mapping,2026-03-23,2026-03-23,2026-03-23,sale date,low,sale date,canonical transaction row,1.0,19.99,13.49,2026-06-11_18-11-15_modelcentro_transactions.csv
ModelCentro,ModelCentro transaction,,Full site access!,unmapped:modelcentro:full-site-access,Full site access!,,needs mapping,2026-03-23,2026-03-23,2026-03-23,sale date,low,sale date,canonical transaction row,1.0,19.99,13.49,2026-06-11_18-11-15_modelcentro_transactions.csv
ModelCentro,ModelCentro transaction,,Full site access!,unmapped:modelcentro:full-site-access,Full site access!,,needs mapping,2026-03-23,2026-03-23,2026-03-23,sale date,low,sale date,canonical transaction row,1.0,19.99,13.49,2026-06-11_18-11-15_modelcentro_transactions.csv
ModelCentro,ModelCentro transaction,,Full site access!,unmapped:modelcentro:full-site-access,Full site access!,,needs mapping,2026-03-23,2026-03-23,2026-03-23,sale date,low,sale date,canonical transaction row,1.0,19.99,13.49,2026-06-11_18-11-15_modelcentro_transactions.csv
ModelCentro,ModelCentro transaction,,Full site access!,unmapped:modelcentro:full-site-access,Full site access!,,needs mapping,2026-03-21,2026-03-21,2026-03-21,sale date,low,sale date,canonical transaction row,1.0,19.99,13.49,2026-06-11_18-11-15_modelcentro_transactions.csv
ModelCentro,ModelCentro transaction,,Full site access!,unmapped:modelcentro:full-site-access,Full site access!,,needs mapping,2026-03-21,2026-03-21,2026-03-21,sale date,low,sale date,canonical transaction row,1.0,19.99,13.49,2026-06-11_18-11-15_modelcentro_transactions.csv
ModelCentro,ModelCentro transaction,,Full site access!,unmapped:modelcentro:full-site-access,Full site access!,,needs mapping,2026-03-21,2026-03-21,2026-03-21,sale date,low,sale date,canonical transaction row,1.0,19.99,13.49,2026-06-11_18-11-15_modelcentro_transactions.csv
ModelCentro,ModelCentro transaction,,Full site access!,unmapped:modelcentro:full-site-access,Full site access!,,needs mapping,2026-03-21,2026-03-21,2026-03-21,sale date,low,sale date,canonical transaction row,1.0,19.99,13.49,2026-06-11_18-11-15_modelcentro_transactions.csv
ModelCentro,ModelCentro transaction,,Full site access!,unmapped:modelcentro:full-site-access,Full site access!,,needs mapping,2026-03-21,2026-03-21,2026-03-21,sale date,low,sale date,canonical transaction row,1.0,19.99,13.49,2026-06-11_18-11-15_modelcentro_transactions.csv
ModelCentro,ModelCentro transaction,,Full site access!,unmapped:modelcentro:full-site-access,Full site access!,,needs mapping,2026-03-21,2026-03-21,2026-03-21,sale date,low,sale date,canonical transaction row,1.0,19.99,13.49,2026-06-11_18-11-15_modelcentro_transactions.csv
ModelCentro,ModelCentro transaction,,Full site access!,unmapped:modelcentro:full-site-access,Full site access!,,needs mapping,2026-03-20,2026-03-20,2026-03-20,sale date,low,sale date,canonical transaction row,1.0,19.99,13.49,2026-06-11_18-11-15_modelcentro_transactions.csv
ModelCentro,ModelCentro transaction,,Full site access!,unmapped:modelcentro:full-site-access,Full site access!,,needs mapping,2026-03-20,2026-03-20,2026-03-20,sale date,low,sale date,canonical transaction row,1.0,19.99,13.49,2026-06-11_18-11-15_modelcentro_transactions.csv
ModelCentro,ModelCentro transaction,,1 Month Membership,unmapped:modelcentro:1-month-membership,1 Month Membership,,needs mapping,2026-03-20,2026-03-20,2026-03-20,sale date,low,sale date,canonical transaction row,1.0,19.99,13.49,2026-06-11_18-11-15_modelcentro_transactions.csv
ModelCentro,ModelCentro transaction,,Full site access!,unmapped:modelcentro:full-site-access,Full site access!,,needs mapping,2026-03-20,2026-03-20,2026-03-20,sale date,low,sale date,canonical transaction row,1.0,19.99,13.49,2026-06-11_18-11-15_modelcentro_transactions.csv
ModelCentro,ModelCentro transaction,,Full site access!,unmapped:modelcentro:full-site-access,Full site access!,,needs mapping,2026-03-20,2026-03-20,2026-03-20,sale date,low,sale date,canonical transaction row,1.0,19.99,13.49,2026-06-11_18-11-15_modelcentro_transactions.csv
ModelCentro,ModelCentro transaction,,Full site access!,unmapped:modelcentro:full-site-access,Full site access!,,needs mapping,2026-03-20,2026-03-20,2026-03-20,sale date,low,sale date,canonical transaction row,1.0,19.99,4.49,2026-06-11_18-11-15_modelcentro_transactions.csv
ModelCentro,ModelCentro transaction,,Full site access!,unmapped:modelcentro:full-site-access,Full site access!,,needs mapping,2026-03-20,2026-03-20,2026-03-20,sale date,low,sale date,canonical transaction row,1.0,19.99,13.49,2026-06-11_18-11-15_modelcentro_transactions.csv
ModelCentro,ModelCentro transaction,,1 Month Membership,unmapped:modelcentro:1-month-membership,1 Month Membership,,needs mapping,2026-03-20,2026-03-20,2026-03-20,sale date,low,sale date,canonical transaction row,1.0,19.99,13.49,2026-06-11_18-11-15_modelcentro_transactions.csv
ModelCentro,ModelCentro transaction,,Full site access!,unmapped:modelcentro:full-site-access,Full site access!,,needs mapping,2026-03-20,2026-03-20,2026-03-20,sale date,low,sale date,canonical transaction row,1.0,19.99,13.49,2026-06-11_18-11-15_modelcentro_transactions.csv
ModelCentro,ModelCentro transaction,,Full site access!,unmapped:modelcentro:full-site-access,Full site access!,,needs mapping,2026-03-20,2026-03-20,2026-03-20,sale date,low,sale date,canonical transaction row,1.0,19.99,13.49,2026-06-11_18-11-15_modelcentro_transactions.csv
ModelCentro,ModelCentro transaction,,Sucking and Fucking in the Sun,Video 0077,BBW Twerks and Fucks With Toy,Video,mapped,2026-03-19,2026-03-19,2020-04-01,master content release date,high,sale date,canonical transaction row,1.0,12.99,8.76,2026-06-11_18-11-15_modelcentro_transactions.csv
ModelCentro,ModelCentro transaction,,Full site access!,unmapped:modelcentro:full-site-access,Full site access!,,needs mapping,2026-03-19,2026-03-19,2026-03-19,sale date,low,sale date,canonical transaction row,1.0,19.99,13.49,2026-06-11_18-11-15_modelcentro_transactions.csv
ModelCentro,ModelCentro transaction,,Full site access!,unmapped:modelcentro:full-site-access,Full site access!,,needs mapping,2026-03-19,2026-03-19,2026-03-19,sale date,low,sale date,canonical transaction row,1.0,19.99,13.49,2026-06-11_18-11-15_modelcentro_transactions.csv
ModelCentro,ModelCentro transaction,,Full site access!,unmapped:modelcentro:full-site-access,Full site access!,,needs mapping,2026-03-19,2026-03-19,2026-03-19,sale date,low,sale date,canonical transaction row,1.0,19.99,13.49,2026-06-11_18-11-15_modelcentro_transactions.csv
ModelCentro,ModelCentro transaction,,Full site access!,unmapped:modelcentro:full-site-access,Full site access!,,needs mapping,2026-03-19,2026-03-19,2026-03-19,sale date,low,sale date,canonical transaction row,1.0,19.99,13.49,2026-06-11_18-11-15_modelcentro_transactions.csv
ModelCentro,ModelCentro transaction,,Full site access!,unmapped:modelcentro:full-site-access,Full site access!,,needs mapping,2026-03-19,2026-03-19,2026-03-19,sale date,low,sale date,canonical transaction row,1.0,19.99,13.49,2026-06-11_18-11-15_modelcentro_transactions.csv
ModelCentro,ModelCentro transaction,,Full site access!,unmapped:modelcentro:full-site-access,Full site access!,,needs mapping,2026-03-18,2026-03-18,2026-03-18,sale date,low,sale date,canonical transaction row,1.0,19.99,13.49,2026-06-11_18-11-15_modelcentro_transactions.csv
ModelCentro,ModelCentro transaction,,Full site access!,unmapped:modelcentro:full-site-access,Full site access!,,needs mapping,2026-03-18,2026-03-18,2026-03-18,sale date,low,sale date,canonical transaction row,1.0,19.99,13.49,2026-06-11_18-11-15_modelcentro_transactions.csv
ModelCentro,ModelCentro transaction,,Full site access!,unmapped:modelcentro:full-site-access,Full site access!,,needs mapping,2026-03-18,2026-03-18,2026-03-18,sale date,low,sale date,canonical transaction row,1.0,19.99,13.49,2026-06-11_18-11-15_modelcentro_transactions.csv
ModelCentro,ModelCentro transaction,,Full site access!,unmapped:modelcentro:full-site-access,Full site access!,,needs mapping,2026-03-18,2026-03-18,2026-03-18,sale date,low,sale date,canonical transaction row,1.0,19.99,13.49,2026-06-11_18-11-15_modelcentro_transactions.csv
ModelCentro,ModelCentro transaction,,Full site access!,unmapped:modelcentro:full-site-access,Full site access!,,needs mapping,2026-03-18,2026-03-18,2026-03-18,sale date,low,sale date,canonical transaction row,1.0,19.99,13.49,2026-06-11_18-11-15_modelcentro_transactions.csv
ModelCentro,ModelCentro transaction,,Full site access!,unmapped:modelcentro:full-site-access,Full site access!,,needs mapping,2026-03-18,2026-03-18,2026-03-18,sale date,low,sale date,canonical transaction row,1.0,19.99,13.49,2026-06-11_18-11-15_modelcentro_transactions.csv
ModelCentro,ModelCentro transaction,,Full site access!,unmapped:modelcentro:full-site-access,Full site access!,,needs mapping,2026-03-18,2026-03-18,2026-03-18,sale date,low,sale date,canonical transaction row,1.0,19.99,13.49,2026-06-11_18-11-15_modelcentro_transactions.csv
ModelCentro,ModelCentro transaction,,Full site access!,unmapped:modelcentro:full-site-access,Full site access!,,needs mapping,2026-03-18,2026-03-18,2026-03-18,sale date,low,sale date,canonical transaction row,1.0,19.99,13.49,2026-06-11_18-11-15_modelcentro_transactions.csv
ModelCentro,ModelCentro transaction,,1 Month Membership,unmapped:modelcentro:1-month-membership,1 Month Membership,,needs mapping,2026-03-17,2026-03-17,2026-03-17,sale date,low,sale date,canonical transaction row,1.0,19.99,13.49,2026-06-11_18-11-15_modelcentro_transactions.csv
ModelCentro,ModelCentro transaction,,Full site access!,unmapped:modelcentro:full-site-access,Full site access!,,needs mapping,2026-03-17,2026-03-17,2026-03-17,sale date,low,sale date,canonical transaction row,1.0,19.99,13.49,2026-06-11_18-11-15_modelcentro_transactions.csv
ModelCentro,ModelCentro transaction,,Full site access!,unmapped:modelcentro:full-site-access,Full site access!,,needs mapping,2026-03-17,2026-03-17,2026-03-17,sale date,low,sale date,canonical transaction row,1.0,19.99,13.49,2026-06-11_18-11-15_modelcentro_transactions.csv
ModelCentro,ModelCentro transaction,,Full site access!,unmapped:modelcentro:full-site-access,Full site access!,,needs mapping,2026-03-17,2026-03-17,2026-03-17,sale date,low,sale date,canonical transaction row,1.0,19.99,13.49,2026-06-11_18-11-15_modelcentro_transactions.csv
ModelCentro,ModelCentro transaction,,Full site access!,unmapped:modelcentro:full-site-access,Full site access!,,needs mapping,2026-03-17,2026-03-17,2026-03-17,sale date,low,sale date,canonical transaction row,1.0,19.99,13.49,2026-06-11_18-11-15_modelcentro_transactions.csv
ModelCentro,ModelCentro transaction,,Full site access!,unmapped:modelcentro:full-site-access,Full site access!,,needs mapping,2026-03-17,2026-03-17,2026-03-17,sale date,low,sale date,canonical transaction row,1.0,19.99,13.49,2026-06-11_18-11-15_modelcentro_transactions.csv
ModelCentro,ModelCentro transaction,,Full site access!,unmapped:modelcentro:full-site-access,Full site access!,,needs mapping,2026-03-17,2026-03-17,2026-03-17,sale date,low,sale date,canonical transaction row,1.0,19.99,13.49,2026-06-11_18-11-15_modelcentro_transactions.csv
ModelCentro,ModelCentro transaction,,Vibe Until I Cum,Video 0199,Vibe Until I Cum,Video,mapped,2026-03-17,2026-03-17,2023-10-05,master content release date,high,sale date,canonical transaction row,1.0,12.99,8.76,2026-06-11_18-11-15_modelcentro_transactions.csv
ModelCentro,ModelCentro transaction,,Full site access!,unmapped:modelcentro:full-site-access,Full site access!,,needs mapping,2026-03-16,2026-03-16,2026-03-16,sale date,low,sale date,canonical transaction row,1.0,19.99,13.49,2026-06-11_18-11-15_modelcentro_transactions.csv
ModelCentro,ModelCentro transaction,,Full site access!,unmapped:modelcentro:full-site-access,Full site access!,,needs mapping,2026-03-16,2026-03-16,2026-03-16,sale date,low,sale date,canonical transaction row,1.0,19.99,13.49,2026-06-11_18-11-15_modelcentro_transactions.csv
ModelCentro,ModelCentro transaction,,Full site access!,unmapped:modelcentro:full-site-access,Full site access!,,needs mapping,2026-03-15,2026-03-15,2026-03-15,sale date,low,sale date,canonical transaction row,1.0,19.99,13.49,2026-06-11_18-11-15_modelcentro_transactions.csv
ModelCentro,ModelCentro transaction,,Full site access!,unmapped:modelcentro:full-site-access,Full site access!,,needs mapping,2026-03-15,2026-03-15,2026-03-15,sale date,low,sale date,canonical transaction row,1.0,19.99,13.49,2026-06-11_18-11-15_modelcentro_transactions.csv
ModelCentro,ModelCentro transaction,,Full site access!,unmapped:modelcentro:full-site-access,Full site access!,,needs mapping,2026-03-15,2026-03-15,2026-03-15,sale date,low,sale date,canonical transaction row,1.0,19.99,13.49,2026-06-11_18-11-15_modelcentro_transactions.csv
ModelCentro,ModelCentro transaction,,Full site access!,unmapped:modelcentro:full-site-access,Full site access!,,needs mapping,2026-03-15,2026-03-15,2026-03-15,sale date,low,sale date,canonical transaction row,1.0,19.99,13.49,2026-06-11_18-11-15_modelcentro_transactions.csv
ModelCentro,ModelCentro transaction,,Full site access!,unmapped:modelcentro:full-site-access,Full site access!,,needs mapping,2026-03-15,2026-03-15,2026-03-15,sale date,low,sale date,canonical transaction row,1.0,19.99,13.49,2026-06-11_18-11-15_modelcentro_transactions.csv
ModelCentro,ModelCentro transaction,,Full site access!,unmapped:modelcentro:full-site-access,Full site access!,,needs mapping,2026-03-15,2026-03-15,2026-03-15,sale date,low,sale date,canonical transaction row,1.0,19.99,13.49,2026-06-11_18-11-15_modelcentro_transactions.csv
ModelCentro,ModelCentro transaction,,Full site access!,unmapped:modelcentro:full-site-access,Full site access!,,needs mapping,2026-03-14,2026-03-14,2026-03-14,sale date,low,sale date,canonical transaction row,1.0,19.99,13.49,2026-06-11_18-11-15_modelcentro_transactions.csv
ModelCentro,ModelCentro transaction,,Full site access!,unmapped:modelcentro:full-site-access,Full site access!,,needs mapping,2026-03-13,2026-03-13,2026-03-13,sale date,low,sale date,canonical transaction row,1.0,19.99,13.49,2026-06-11_18-11-15_modelcentro_transactions.csv
ModelCentro,ModelCentro transaction,,Full site access!,unmapped:modelcentro:full-site-access,Full site access!,,needs mapping,2026-03-13,2026-03-13,2026-03-13,sale date,low,sale date,canonical transaction row,1.0,19.99,13.49,2026-06-11_18-11-15_modelcentro_transactions.csv
ModelCentro,ModelCentro transaction,,Full site access!,unmapped:modelcentro:full-site-access,Full site access!,,needs mapping,2026-03-13,2026-03-13,2026-03-13,sale date,low,sale date,canonical transaction row,1.0,19.99,13.49,2026-06-11_18-11-15_modelcentro_transactions.csv
ModelCentro,ModelCentro transaction,,Full site access!,unmapped:modelcentro:full-site-access,Full site access!,,needs mapping,2026-03-13,2026-03-13,2026-03-13,sale date,low,sale date,canonical transaction row,1.0,19.99,13.49,2026-06-11_18-11-15_modelcentro_transactions.csv
ModelCentro,ModelCentro transaction,,Full site access!,unmapped:modelcentro:full-site-access,Full site access!,,needs mapping,2026-03-13,2026-03-13,2026-03-13,sale date,low,sale date,canonical transaction row,1.0,19.99,13.49,2026-06-11_18-11-15_modelcentro_transactions.csv
ModelCentro,ModelCentro transaction,,Full site access!,unmapped:modelcentro:full-site-access,Full site access!,,needs mapping,2026-03-13,2026-03-13,2026-03-13,sale date,low,sale date,canonical transaction row,1.0,19.99,13.49,2026-06-11_18-11-15_modelcentro_transactions.csv
ModelCentro,ModelCentro transaction,,Full site access!,unmapped:modelcentro:full-site-access,Full site access!,,needs mapping,2026-03-13,2026-03-13,2026-03-13,sale date,low,sale date,canonical transaction row,1.0,19.99,13.49,2026-06-11_18-11-15_modelcentro_transactions.csv
ModelCentro,ModelCentro transaction,,Full site access!,unmapped:modelcentro:full-site-access,Full site access!,,needs mapping,2026-03-13,2026-03-13,2026-03-13,sale date,low,sale date,canonical transaction row,1.0,19.99,13.49,2026-06-11_18-11-15_modelcentro_transactions.csv
ModelCentro,ModelCentro transaction,,Full site access!,unmapped:modelcentro:full-site-access,Full site access!,,needs mapping,2026-03-13,2026-03-13,2026-03-13,sale date,low,sale date,canonical transaction row,1.0,19.99,13.49,2026-06-11_18-11-15_modelcentro_transactions.csv
ModelCentro,ModelCentro transaction,,Full site access!,unmapped:modelcentro:full-site-access,Full site access!,,needs mapping,2026-03-13,2026-03-13,2026-03-13,sale date,low,sale date,canonical transaction row,1.0,19.99,13.49,2026-06-11_18-11-15_modelcentro_transactions.csv
ModelCentro,ModelCentro transaction,,Full site access!,unmapped:modelcentro:full-site-access,Full site access!,,needs mapping,2026-03-12,2026-03-12,2026-03-12,sale date,low,sale date,canonical transaction row,1.0,19.99,13.49,2026-06-11_18-11-15_modelcentro_transactions.csv
ModelCentro,ModelCentro transaction,,Full site access!,unmapped:modelcentro:full-site-access,Full site access!,,needs mapping,2026-03-12,2026-03-12,2026-03-12,sale date,low,sale date,canonical transaction row,1.0,19.99,13.49,2026-06-11_18-11-15_modelcentro_transactions.csv
ModelCentro,ModelCentro transaction,,Full site access!,unmapped:modelcentro:full-site-access,Full site access!,,needs mapping,2026-03-12,2026-03-12,2026-03-12,sale date,low,sale date,canonical transaction row,1.0,19.99,13.49,2026-06-11_18-11-15_modelcentro_transactions.csv
ModelCentro,ModelCentro transaction,,Full site access!,unmapped:modelcentro:full-site-access,Full site access!,,needs mapping,2026-03-12,2026-03-12,2026-03-12,sale date,low,sale date,canonical transaction row,1.0,19.99,13.49,2026-06-11_18-11-15_modelcentro_transactions.csv
ModelCentro,ModelCentro transaction,,Full site access!,unmapped:modelcentro:full-site-access,Full site access!,,needs mapping,2026-03-12,2026-03-12,2026-03-12,sale date,low,sale date,canonical transaction row,1.0,19.99,13.49,2026-06-11_18-11-15_modelcentro_transactions.csv
ModelCentro,ModelCentro transaction,,Full site access!,unmapped:modelcentro:full-site-access,Full site access!,,needs mapping,2026-03-11,2026-03-11,2026-03-11,sale date,low,sale date,canonical transaction row,1.0,19.99,13.49,2026-06-11_18-11-15_modelcentro_transactions.csv
ModelCentro,ModelCentro transaction,,Full site access!,unmapped:modelcentro:full-site-access,Full site access!,,needs mapping,2026-03-11,2026-03-11,2026-03-11,sale date,low,sale date,canonical transaction row,1.0,19.99,13.49,2026-06-11_18-11-15_modelcentro_transactions.csv
ModelCentro,ModelCentro transaction,,Full site access!,unmapped:modelcentro:full-site-access,Full site access!,,needs mapping,2026-03-11,2026-03-11,2026-03-11,sale date,low,sale date,canonical transaction row,1.0,19.99,13.49,2026-06-11_18-11-15_modelcentro_transactions.csv
ModelCentro,ModelCentro transaction,,Full site access!,unmapped:modelcentro:full-site-access,Full site access!,,needs mapping,2026-03-10,2026-03-10,2026-03-10,sale date,low,sale date,canonical transaction row,1.0,19.99,13.49,2026-06-11_18-11-15_modelcentro_transactions.csv
ModelCentro,ModelCentro transaction,,Full site access!,unmapped:modelcentro:full-site-access,Full site access!,,needs mapping,2026-03-10,2026-03-10,2026-03-10,sale date,low,sale date,canonical transaction row,1.0,19.99,13.49,2026-06-11_18-11-15_modelcentro_transactions.csv
ModelCentro,ModelCentro transaction,,Full site access!,unmapped:modelcentro:full-site-access,Full site access!,,needs mapping,2026-03-10,2026-03-10,2026-03-10,sale date,low,sale date,canonical transaction row,1.0,19.99,13.49,2026-06-11_18-11-15_modelcentro_transactions.csv
ModelCentro,ModelCentro transaction,,Full site access!,unmapped:modelcentro:full-site-access,Full site access!,,needs mapping,2026-03-10,2026-03-10,2026-03-10,sale date,low,sale date,canonical transaction row,1.0,19.99,13.49,2026-06-11_18-11-15_modelcentro_transactions.csv
ModelCentro,ModelCentro transaction,,Full site access!,unmapped:modelcentro:full-site-access,Full site access!,,needs mapping,2026-03-09,2026-03-09,2026-03-09,sale date,low,sale date,canonical transaction row,1.0,19.99,13.49,2026-06-11_18-11-15_modelcentro_transactions.csv
ModelCentro,ModelCentro transaction,,Full site access!,unmapped:modelcentro:full-site-access,Full site access!,,needs mapping,2026-03-09,2026-03-09,2026-03-09,sale date,low,sale date,canonical transaction row,1.0,19.99,13.49,2026-06-11_18-11-15_modelcentro_transactions.csv
ModelCentro,ModelCentro transaction,,Full site access!,unmapped:modelcentro:full-site-access,Full site access!,,needs mapping,2026-03-09,2026-03-09,2026-03-09,sale date,low,sale date,canonical transaction row,1.0,19.99,13.49,2026-06-11_18-11-15_modelcentro_transactions.csv
ModelCentro,ModelCentro transaction,,Full site access!,unmapped:modelcentro:full-site-access,Full site access!,,needs mapping,2026-03-09,2026-03-09,2026-03-09,sale date,low,sale date,canonical transaction row,1.0,19.99,13.49,2026-06-11_18-11-15_modelcentro_transactions.csv
ModelCentro,ModelCentro transaction,,Full site access!,unmapped:modelcentro:full-site-access,Full site access!,,needs mapping,2026-03-09,2026-03-09,2026-03-09,sale date,low,sale date,canonical transaction row,1.0,19.99,13.49,2026-06-11_18-11-15_modelcentro_transactions.csv
ModelCentro,ModelCentro transaction,,1 Month Membership,unmapped:modelcentro:1-month-membership,1 Month Membership,,needs mapping,2026-03-09,2026-03-09,2026-03-09,sale date,low,sale date,canonical transaction row,1.0,19.99,13.49,2026-06-11_18-11-15_modelcentro_transactions.csv
ModelCentro,ModelCentro transaction,,Full site access!,unmapped:modelcentro:full-site-access,Full site access!,,needs mapping,2026-03-09,2026-03-09,2026-03-09,sale date,low,sale date,canonical transaction row,1.0,19.99,13.49,2026-06-11_18-11-15_modelcentro_transactions.csv
ModelCentro,ModelCentro transaction,,Full site access!,unmapped:modelcentro:full-site-access,Full site access!,,needs mapping,2026-03-09,2026-03-09,2026-03-09,sale date,low,sale date,canonical transaction row,1.0,19.99,13.49,2026-06-11_18-11-15_modelcentro_transactions.csv
ModelCentro,ModelCentro transaction,,Full site access!,unmapped:modelcentro:full-site-access,Full site access!,,needs mapping,2026-03-09,2026-03-09,2026-03-09,sale date,low,sale date,canonical transaction row,1.0,19.99,13.49,2026-06-11_18-11-15_modelcentro_transactions.csv
ModelCentro,ModelCentro transaction,,Full site access!,unmapped:modelcentro:full-site-access,Full site access!,,needs mapping,2026-03-08,2026-03-08,2026-03-08,sale date,low,sale date,canonical transaction row,1.0,19.99,13.49,2026-06-11_18-11-15_modelcentro_transactions.csv
ModelCentro,ModelCentro transaction,,Full site access!,unmapped:modelcentro:full-site-access,Full site access!,,needs mapping,2026-03-08,2026-03-08,2026-03-08,sale date,low,sale date,canonical transaction row,1.0,19.99,13.49,2026-06-11_18-11-15_modelcentro_transactions.csv
ModelCentro,ModelCentro transaction,,Full site access!,unmapped:modelcentro:full-site-access,Full site access!,,needs mapping,2026-03-08,2026-03-08,2026-03-08,sale date,low,sale date,canonical transaction row,1.0,19.99,4.49,2026-06-11_18-11-15_modelcentro_transactions.csv
ModelCentro,ModelCentro transaction,,Full site access!,unmapped:modelcentro:full-site-access,Full site access!,,needs mapping,2026-03-08,2026-03-08,2026-03-08,sale date,low,sale date,canonical transaction row,1.0,19.99,13.49,2026-06-11_18-11-15_modelcentro_transactions.csv
ModelCentro,ModelCentro transaction,,Full site access!,unmapped:modelcentro:full-site-access,Full site access!,,needs mapping,2026-03-08,2026-03-08,2026-03-08,sale date,low,sale date,canonical transaction row,1.0,19.99,13.49,2026-06-11_18-11-15_modelcentro_transactions.csv
ModelCentro,ModelCentro transaction,,Full site access!,unmapped:modelcentro:full-site-access,Full site access!,,needs mapping,2026-03-08,2026-03-08,2026-03-08,sale date,low,sale date,canonical transaction row,1.0,19.99,13.49,2026-06-11_18-11-15_modelcentro_transactions.csv
ModelCentro,ModelCentro transaction,,Full site access!,unmapped:modelcentro:full-site-access,Full site access!,,needs mapping,2026-03-08,2026-03-08,2026-03-08,sale date,low,sale date,canonical transaction row,1.0,19.99,13.49,2026-06-11_18-11-15_modelcentro_transactions.csv
ModelCentro,ModelCentro transaction,,Full site access!,unmapped:modelcentro:full-site-access,Full site access!,,needs mapping,2026-03-08,2026-03-08,2026-03-08,sale date,low,sale date,canonical transaction row,1.0,19.99,13.49,2026-06-11_18-11-15_modelcentro_transactions.csv
ModelCentro,ModelCentro transaction,,Full site access!,unmapped:modelcentro:full-site-access,Full site access!,,needs mapping,2026-03-08,2026-03-08,2026-03-08,sale date,low,sale date,canonical transaction row,1.0,19.99,13.49,2026-06-11_18-11-15_modelcentro_transactions.csv
ModelCentro,ModelCentro transaction,,Full site access!,unmapped:modelcentro:full-site-access,Full site access!,,needs mapping,2026-03-08,2026-03-08,2026-03-08,sale date,low,sale date,canonical transaction row,1.0,19.99,4.49,2026-06-11_18-11-15_modelcentro_transactions.csv
ModelCentro,ModelCentro transaction,,Full site access!,unmapped:modelcentro:full-site-access,Full site access!,,needs mapping,2026-03-08,2026-03-08,2026-03-08,sale date,low,sale date,canonical transaction row,1.0,19.99,13.49,2026-06-11_18-11-15_modelcentro_transactions.csv
ModelCentro,ModelCentro transaction,,Full site access!,unmapped:modelcentro:full-site-access,Full site access!,,needs mapping,2026-03-08,2026-03-08,2026-03-08,sale date,low,sale date,canonical transaction row,1.0,19.99,13.49,2026-06-11_18-11-15_modelcentro_transactions.csv
ModelCentro,ModelCentro transaction,,Full site access!,unmapped:modelcentro:full-site-access,Full site access!,,needs mapping,2026-03-07,2026-03-07,2026-03-07,sale date,low,sale date,canonical transaction row,1.0,19.99,13.49,2026-06-11_18-11-15_modelcentro_transactions.csv
ModelCentro,ModelCentro transaction,,Full site access!,unmapped:modelcentro:full-site-access,Full site access!,,needs mapping,2026-03-07,2026-03-07,2026-03-07,sale date,low,sale date,canonical transaction row,1.0,19.99,13.49,2026-06-11_18-11-15_modelcentro_transactions.csv
ModelCentro,ModelCentro transaction,,Full site access!,unmapped:modelcentro:full-site-access,Full site access!,,needs mapping,2026-03-07,2026-03-07,2026-03-07,sale date,low,sale date,canonical transaction row,1.0,19.99,13.49,2026-06-11_18-11-15_modelcentro_transactions.csv
ModelCentro,ModelCentro transaction,,Full site access!,unmapped:modelcentro:full-site-access,Full site access!,,needs mapping,2026-03-07,2026-03-07,2026-03-07,sale date,low,sale date,canonical transaction row,1.0,19.99,13.49,2026-06-11_18-11-15_modelcentro_transactions.csv
ModelCentro,ModelCentro transaction,,Full site access!,unmapped:modelcentro:full-site-access,Full site access!,,needs mapping,2026-03-07,2026-03-07,2026-03-07,sale date,low,sale date,canonical transaction row,1.0,19.99,13.49,2026-06-11_18-11-15_modelcentro_transactions.csv
ModelCentro,ModelCentro transaction,,Full site access!,unmapped:modelcentro:full-site-access,Full site access!,,needs mapping,2026-03-07,2026-03-07,2026-03-07,sale date,low,sale date,canonical transaction row,1.0,19.99,13.49,2026-06-11_18-11-15_modelcentro_transactions.csv
ModelCentro,ModelCentro transaction,,Full site access!,unmapped:modelcentro:full-site-access,Full site access!,,needs mapping,2026-03-06,2026-03-06,2026-03-06,sale date,low,sale date,canonical transaction row,1.0,19.99,13.49,2026-06-11_18-11-15_modelcentro_transactions.csv
ModelCentro,ModelCentro transaction,,Full site access!,unmapped:modelcentro:full-site-access,Full site access!,,needs mapping,2026-03-06,2026-03-06,2026-03-06,sale date,low,sale date,canonical transaction row,1.0,19.99,13.49,2026-06-11_18-11-15_modelcentro_transactions.csv
ModelCentro,ModelCentro transaction,,Full site access!,unmapped:modelcentro:full-site-access,Full site access!,,needs mapping,2026-03-06,2026-03-06,2026-03-06,sale date,low,sale date,canonical transaction row,1.0,19.99,13.49,2026-06-11_18-11-15_modelcentro_transactions.csv
ModelCentro,ModelCentro transaction,,Full site access!,unmapped:modelcentro:full-site-access,Full site access!,,needs mapping,2026-03-06,2026-03-06,2026-03-06,sale date,low,sale date,canonical transaction row,1.0,19.99,13.49,2026-06-11_18-11-15_modelcentro_transactions.csv
ModelCentro,ModelCentro transaction,,Full site access!,unmapped:modelcentro:full-site-access,Full site access!,,needs mapping,2026-03-06,2026-03-06,2026-03-06,sale date,low,sale date,canonical transaction row,1.0,19.99,13.49,2026-06-11_18-11-15_modelcentro_transactions.csv
ModelCentro,ModelCentro transaction,,Full site access!,unmapped:modelcentro:full-site-access,Full site access!,,needs mapping,2026-03-06,2026-03-06,2026-03-06,sale date,low,sale date,canonical transaction row,1.0,19.99,13.49,2026-06-11_18-11-15_modelcentro_transactions.csv
ModelCentro,ModelCentro transaction,,Full site access!,unmapped:modelcentro:full-site-access,Full site access!,,needs mapping,2026-03-06,2026-03-06,2026-03-06,sale date,low,sale date,canonical transaction row,1.0,19.99,13.49,2026-06-11_18-11-15_modelcentro_transactions.csv
ModelCentro,ModelCentro transaction,,Full site access!,unmapped:modelcentro:full-site-access,Full site access!,,needs mapping,2026-03-06,2026-03-06,2026-03-06,sale date,low,sale date,canonical transaction row,1.0,19.99,13.49,2026-06-11_18-11-15_modelcentro_transactions.csv
ModelCentro,ModelCentro transaction,,Full site access!,unmapped:modelcentro:full-site-access,Full site access!,,needs mapping,2026-03-05,2026-03-05,2026-03-05,sale date,low,sale date,canonical transaction row,1.0,19.99,13.49,2026-06-11_18-11-15_modelcentro_transactions.csv
ModelCentro,ModelCentro transaction,,Full site access!,unmapped:modelcentro:full-site-access,Full site access!,,needs mapping,2026-03-05,2026-03-05,2026-03-05,sale date,low,sale date,canonical transaction row,1.0,19.99,13.49,2026-06-11_18-11-15_modelcentro_transactions.csv
ModelCentro,ModelCentro transaction,,Full site access!,unmapped:modelcentro:full-site-access,Full site access!,,needs mapping,2026-03-05,2026-03-05,2026-03-05,sale date,low,sale date,canonical transaction row,1.0,19.99,13.49,2026-06-11_18-11-15_modelcentro_transactions.csv
ModelCentro,ModelCentro transaction,,Full site access!,unmapped:modelcentro:full-site-access,Full site access!,,needs mapping,2026-03-05,2026-03-05,2026-03-05,sale date,low,sale date,canonical transaction row,1.0,19.99,13.49,2026-06-11_18-11-15_modelcentro_transactions.csv
ModelCentro,ModelCentro transaction,,Full site access!,unmapped:modelcentro:full-site-access,Full site access!,,needs mapping,2026-03-05,2026-03-05,2026-03-05,sale date,low,sale date,canonical transaction row,1.0,19.99,13.49,2026-06-11_18-11-15_modelcentro_transactions.csv
ModelCentro,ModelCentro transaction,,Full site access!,unmapped:modelcentro:full-site-access,Full site access!,,needs mapping,2026-03-04,2026-03-04,2026-03-04,sale date,low,sale date,canonical transaction row,1.0,19.99,13.49,2026-06-11_18-11-15_modelcentro_transactions.csv
ModelCentro,ModelCentro transaction,,1 Month Membership,unmapped:modelcentro:1-month-membership,1 Month Membership,,needs mapping,2026-03-04,2026-03-04,2026-03-04,sale date,low,sale date,canonical transaction row,1.0,19.99,13.49,2026-06-11_18-11-15_modelcentro_transactions.csv
ModelCentro,ModelCentro transaction,,Full site access!,unmapped:modelcentro:full-site-access,Full site access!,,needs mapping,2026-03-04,2026-03-04,2026-03-04,sale date,low,sale date,canonical transaction row,1.0,19.99,13.49,2026-06-11_18-11-15_modelcentro_transactions.csv
ModelCentro,ModelCentro transaction,,Full site access!,unmapped:modelcentro:full-site-access,Full site access!,,needs mapping,2026-03-04,2026-03-04,2026-03-04,sale date,low,sale date,canonical transaction row,1.0,19.99,13.49,2026-06-11_18-11-15_modelcentro_transactions.csv
ModelCentro,ModelCentro transaction,,Full site access!,unmapped:modelcentro:full-site-access,Full site access!,,needs mapping,2026-03-04,2026-03-04,2026-03-04,sale date,low,sale date,canonical transaction row,1.0,19.99,13.49,2026-06-11_18-11-15_modelcentro_transactions.csv
ModelCentro,ModelCentro transaction,,Full site access!,unmapped:modelcentro:full-site-access,Full site access!,,needs mapping,2026-03-04,2026-03-04,2026-03-04,sale date,low,sale date,canonical transaction row,1.0,19.99,13.49,2026-06-11_18-11-15_modelcentro_transactions.csv
ModelCentro,ModelCentro transaction,,Full site access!,unmapped:modelcentro:full-site-access,Full site access!,,needs mapping,2026-03-04,2026-03-04,2026-03-04,sale date,low,sale date,canonical transaction row,1.0,19.99,13.49,2026-06-11_18-11-15_modelcentro_transactions.csv
ModelCentro,ModelCentro transaction,,Full site access!,unmapped:modelcentro:full-site-access,Full site access!,,needs mapping,2026-03-04,2026-03-04,2026-03-04,sale date,low,sale date,canonical transaction row,1.0,19.99,13.49,2026-06-11_18-11-15_modelcentro_transactions.csv
ModelCentro,ModelCentro transaction,,Full site access!,unmapped:modelcentro:full-site-access,Full site access!,,needs mapping,2026-03-03,2026-03-03,2026-03-03,sale date,low,sale date,canonical transaction row,1.0,19.99,13.49,2026-06-11_18-11-15_modelcentro_transactions.csv
ModelCentro,ModelCentro transaction,,1 Month Membership,unmapped:modelcentro:1-month-membership,1 Month Membership,,needs mapping,2026-03-03,2026-03-03,2026-03-03,sale date,low,sale date,canonical transaction row,1.0,19.99,13.49,2026-06-11_18-11-15_modelcentro_transactions.csv
ModelCentro,ModelCentro transaction,,1 Month Membership,unmapped:modelcentro:1-month-membership,1 Month Membership,,needs mapping,2026-03-03,2026-03-03,2026-03-03,sale date,low,sale date,canonical transaction row,1.0,19.99,13.49,2026-06-11_18-11-15_modelcentro_transactions.csv
ModelCentro,ModelCentro transaction,,Full site access!,unmapped:modelcentro:full-site-access,Full site access!,,needs mapping,2026-03-03,2026-03-03,2026-03-03,sale date,low,sale date,canonical transaction row,1.0,19.99,13.49,2026-06-11_18-11-15_modelcentro_transactions.csv
ModelCentro,ModelCentro transaction,,Full site access!,unmapped:modelcentro:full-site-access,Full site access!,,needs mapping,2026-03-03,2026-03-03,2026-03-03,sale date,low,sale date,canonical transaction row,1.0,19.99,13.49,2026-06-11_18-11-15_modelcentro_transactions.csv
ModelCentro,ModelCentro transaction,,Full site access!,unmapped:modelcentro:full-site-access,Full site access!,,needs mapping,2026-03-02,2026-03-02,2026-03-02,sale date,low,sale date,canonical transaction row,1.0,19.99,13.49,2026-06-11_18-11-15_modelcentro_transactions.csv
ModelCentro,ModelCentro transaction,,Full site access!,unmapped:modelcentro:full-site-access,Full site access!,,needs mapping,2026-03-02,2026-03-02,2026-03-02,sale date,low,sale date,canonical transaction row,1.0,19.99,13.49,2026-06-11_18-11-15_modelcentro_transactions.csv
ModelCentro,ModelCentro transaction,,Full site access!,unmapped:modelcentro:full-site-access,Full site access!,,needs mapping,2026-03-02,2026-03-02,2026-03-02,sale date,low,sale date,canonical transaction row,1.0,19.99,13.49,2026-06-11_18-11-15_modelcentro_transactions.csv
ModelCentro,ModelCentro transaction,,Full site access!,unmapped:modelcentro:full-site-access,Full site access!,,needs mapping,2026-03-02,2026-03-02,2026-03-02,sale date,low,sale date,canonical transaction row,1.0,19.99,13.49,2026-06-11_18-11-15_modelcentro_transactions.csv
ModelCentro,ModelCentro transaction,,Full site access!,unmapped:modelcentro:full-site-access,Full site access!,,needs mapping,2026-03-02,2026-03-02,2026-03-02,sale date,low,sale date,canonical transaction row,1.0,19.99,13.49,2026-06-11_18-11-15_modelcentro_transactions.csv
ModelCentro,ModelCentro transaction,,Full site access!,unmapped:modelcentro:full-site-access,Full site access!,,needs mapping,2026-03-02,2026-03-02,2026-03-02,sale date,low,sale date,canonical transaction row,1.0,19.99,13.49,2026-06-11_18-11-15_modelcentro_transactions.csv
ModelCentro,ModelCentro transaction,,Full site access!,unmapped:modelcentro:full-site-access,Full site access!,,needs mapping,2026-03-02,2026-03-02,2026-03-02,sale date,low,sale date,canonical transaction row,1.0,19.99,13.49,2026-06-11_18-11-15_modelcentro_transactions.csv
ModelCentro,ModelCentro transaction,,Full site access!,unmapped:modelcentro:full-site-access,Full site access!,,needs mapping,2026-03-02,2026-03-02,2026-03-02,sale date,low,sale date,canonical transaction row,1.0,19.99,13.49,2026-06-11_18-11-15_modelcentro_transactions.csv
ModelCentro,ModelCentro transaction,,Full site access!,unmapped:modelcentro:full-site-access,Full site access!,,needs mapping,2026-03-01,2026-03-01,2026-03-01,sale date,low,sale date,canonical transaction row,1.0,19.99,13.49,2026-06-11_18-11-15_modelcentro_transactions.csv
ModelCentro,ModelCentro transaction,,Full site access!,unmapped:modelcentro:full-site-access,Full site access!,,needs mapping,2026-03-01,2026-03-01,2026-03-01,sale date,low,sale date,canonical transaction row,1.0,19.99,13.49,2026-06-11_18-11-15_modelcentro_transactions.csv
ModelCentro,ModelCentro transaction,,Full site access!,unmapped:modelcentro:full-site-access,Full site access!,,needs mapping,2026-03-01,2026-03-01,2026-03-01,sale date,low,sale date,canonical transaction row,1.0,19.99,13.49,2026-06-11_18-11-15_modelcentro_transactions.csv
ModelCentro,ModelCentro transaction,,Full site access!,unmapped:modelcentro:full-site-access,Full site access!,,needs mapping,2026-03-01,2026-03-01,2026-03-01,sale date,low,sale date,canonical transaction row,1.0,19.99,13.49,2026-06-11_18-11-15_modelcentro_transactions.csv
ModelCentro,ModelCentro transaction,,Full site access!,unmapped:modelcentro:full-site-access,Full site access!,,needs mapping,2026-03-01,2026-03-01,2026-03-01,sale date,low,sale date,canonical transaction row,1.0,19.99,13.49,2026-06-11_18-11-15_modelcentro_transactions.csv
ModelCentro,ModelCentro transaction,,Full site access!,unmapped:modelcentro:full-site-access,Full site access!,,needs mapping,2026-03-01,2026-03-01,2026-03-01,sale date,low,sale date,canonical transaction row,1.0,19.99,13.49,2026-06-11_18-11-15_modelcentro_transactions.csv
ModelCentro,ModelCentro transaction,,Full site access!,unmapped:modelcentro:full-site-access,Full site access!,,needs mapping,2026-02-28,2026-02-28,2026-02-28,sale date,low,sale date,canonical transaction row,1.0,19.99,13.49,2026-06-11_18-11-15_modelcentro_transactions.csv
ModelCentro,ModelCentro transaction,,Full site access!,unmapped:modelcentro:full-site-access,Full site access!,,needs mapping,2026-02-28,2026-02-28,2026-02-28,sale date,low,sale date,canonical transaction row,1.0,19.99,13.49,2026-06-11_18-11-15_modelcentro_transactions.csv
ModelCentro,ModelCentro transaction,,Full site access!,unmapped:modelcentro:full-site-access,Full site access!,,needs mapping,2026-02-28,2026-02-28,2026-02-28,sale date,low,sale date,canonical transaction row,1.0,19.99,13.49,2026-06-11_18-11-15_modelcentro_transactions.csv
ModelCentro,ModelCentro transaction,,Full site access!,unmapped:modelcentro:full-site-access,Full site access!,,needs mapping,2026-02-28,2026-02-28,2026-02-28,sale date,low,sale date,canonical transaction row,1.0,19.99,13.49,2026-06-11_18-11-15_modelcentro_transactions.csv
ModelCentro,ModelCentro transaction,,Full site access!,unmapped:modelcentro:full-site-access,Full site access!,,needs mapping,2026-02-28,2026-02-28,2026-02-28,sale date,low,sale date,canonical transaction row,1.0,19.99,13.49,2026-06-11_18-11-15_modelcentro_transactions.csv
ModelCentro,ModelCentro transaction,,Full site access!,unmapped:modelcentro:full-site-access,Full site access!,,needs mapping,2026-02-27,2026-02-27,2026-02-27,sale date,low,sale date,canonical transaction row,1.0,19.99,13.49,2026-06-11_18-11-15_modelcentro_transactions.csv
ModelCentro,ModelCentro transaction,,Full site access!,unmapped:modelcentro:full-site-access,Full site access!,,needs mapping,2026-02-27,2026-02-27,2026-02-27,sale date,low,sale date,canonical transaction row,1.0,19.99,13.49,2026-06-11_18-11-15_modelcentro_transactions.csv
ModelCentro,ModelCentro transaction,,Full site access!,unmapped:modelcentro:full-site-access,Full site access!,,needs mapping,2026-02-27,2026-02-27,2026-02-27,sale date,low,sale date,canonical transaction row,1.0,19.99,4.49,2026-06-11_18-11-15_modelcentro_transactions.csv
ModelCentro,ModelCentro transaction,,Full site access!,unmapped:modelcentro:full-site-access,Full site access!,,needs mapping,2026-02-27,2026-02-27,2026-02-27,sale date,low,sale date,canonical transaction row,1.0,19.99,13.49,2026-06-11_18-11-15_modelcentro_transactions.csv
ModelCentro,ModelCentro transaction,,Full site access!,unmapped:modelcentro:full-site-access,Full site access!,,needs mapping,2026-02-26,2026-02-26,2026-02-26,sale date,low,sale date,canonical transaction row,1.0,19.99,13.49,2026-06-11_18-11-15_modelcentro_transactions.csv
ModelCentro,ModelCentro transaction,,Full site access!,unmapped:modelcentro:full-site-access,Full site access!,,needs mapping,2026-02-26,2026-02-26,2026-02-26,sale date,low,sale date,canonical transaction row,1.0,19.99,4.49,2026-06-11_18-11-15_modelcentro_transactions.csv
ModelCentro,ModelCentro transaction,,Full site access!,unmapped:modelcentro:full-site-access,Full site access!,,needs mapping,2026-02-26,2026-02-26,2026-02-26,sale date,low,sale date,canonical transaction row,1.0,19.99,13.49,2026-06-11_18-11-15_modelcentro_transactions.csv
ModelCentro,ModelCentro transaction,,Full site access!,unmapped:modelcentro:full-site-access,Full site access!,,needs mapping,2026-02-26,2026-02-26,2026-02-26,sale date,low,sale date,canonical transaction row,1.0,19.99,13.49,2026-06-11_18-11-15_modelcentro_transactions.csv
ModelCentro,ModelCentro transaction,,Full site access!,unmapped:modelcentro:full-site-access,Full site access!,,needs mapping,2026-02-26,2026-02-26,2026-02-26,sale date,low,sale date,canonical transaction row,1.0,19.99,13.49,2026-06-11_18-11-15_modelcentro_transactions.csv
ModelCentro,ModelCentro transaction,,Full site access!,unmapped:modelcentro:full-site-access,Full site access!,,needs mapping,2026-02-26,2026-02-26,2026-02-26,sale date,low,sale date,canonical transaction row,1.0,19.99,13.49,2026-06-11_18-11-15_modelcentro_transactions.csv
ModelCentro,ModelCentro transaction,,Full site access!,unmapped:modelcentro:full-site-access,Full site access!,,needs mapping,2026-02-25,2026-02-25,2026-02-25,sale date,low,sale date,canonical transaction row,1.0,19.99,13.49,2026-06-11_18-11-15_modelcentro_transactions.csv
ModelCentro,ModelCentro transaction,,Full site access!,unmapped:modelcentro:full-site-access,Full site access!,,needs mapping,2026-02-25,2026-02-25,2026-02-25,sale date,low,sale date,canonical transaction row,1.0,19.99,13.49,2026-06-11_18-11-15_modelcentro_transactions.csv
ModelCentro,ModelCentro transaction,,Full site access!,unmapped:modelcentro:full-site-access,Full site access!,,needs mapping,2026-02-25,2026-02-25,2026-02-25,sale date,low,sale date,canonical transaction row,1.0,19.99,4.49,2026-06-11_18-11-15_modelcentro_transactions.csv
ModelCentro,ModelCentro transaction,,1 Month Membership,unmapped:modelcentro:1-month-membership,1 Month Membership,,needs mapping,2026-02-25,2026-02-25,2026-02-25,sale date,low,sale date,canonical transaction row,1.0,19.99,13.49,2026-06-11_18-11-15_modelcentro_transactions.csv
ModelCentro,ModelCentro transaction,,Full site access!,unmapped:modelcentro:full-site-access,Full site access!,,needs mapping,2026-02-25,2026-02-25,2026-02-25,sale date,low,sale date,canonical transaction row,1.0,19.99,13.49,2026-06-11_18-11-15_modelcentro_transactions.csv
ModelCentro,ModelCentro transaction,,Full site access!,unmapped:modelcentro:full-site-access,Full site access!,,needs mapping,2026-02-25,2026-02-25,2026-02-25,sale date,low,sale date,canonical transaction row,1.0,19.99,13.49,2026-06-11_18-11-15_modelcentro_transactions.csv
ModelCentro,ModelCentro transaction,,1 Month Membership,unmapped:modelcentro:1-month-membership,1 Month Membership,,needs mapping,2026-02-24,2026-02-24,2026-02-24,sale date,low,sale date,canonical transaction row,1.0,19.99,13.49,2026-06-11_18-11-15_modelcentro_transactions.csv
ModelCentro,ModelCentro transaction,,Full site access!,unmapped:modelcentro:full-site-access,Full site access!,,needs mapping,2026-02-24,2026-02-24,2026-02-24,sale date,low,sale date,canonical transaction row,1.0,19.99,13.49,2026-06-11_18-11-15_modelcentro_transactions.csv
ModelCentro,ModelCentro transaction,,Full site access!,unmapped:modelcentro:full-site-access,Full site access!,,needs mapping,2026-02-24,2026-02-24,2026-02-24,sale date,low,sale date,canonical transaction row,1.0,19.99,13.49,2026-06-11_18-11-15_modelcentro_transactions.csv
ModelCentro,ModelCentro transaction,,Full site access!,unmapped:modelcentro:full-site-access,Full site access!,,needs mapping,2026-02-24,2026-02-24,2026-02-24,sale date,low,sale date,canonical transaction row,1.0,19.99,13.49,2026-06-11_18-11-15_modelcentro_transactions.csv
ModelCentro,ModelCentro transaction,,Full site access!,unmapped:modelcentro:full-site-access,Full site access!,,needs mapping,2026-02-24,2026-02-24,2026-02-24,sale date,low,sale date,canonical transaction row,1.0,19.99,13.49,2026-06-11_18-11-15_modelcentro_transactions.csv
ModelCentro,ModelCentro transaction,,Tight Clothes Get Me Hot,Video 0191,Tight Clothes Make Growing SSBBW Horny,Video,mapped,2026-02-23,2026-02-23,2023-07-31,master content release date,high,sale date,canonical transaction row,1.0,13.99,9.44,2026-06-11_18-11-15_modelcentro_transactions.csv
ModelCentro,ModelCentro transaction,,Full site access!,unmapped:modelcentro:full-site-access,Full site access!,,needs mapping,2026-02-23,2026-02-23,2026-02-23,sale date,low,sale date,canonical transaction row,1.0,19.99,13.49,2026-06-11_18-11-15_modelcentro_transactions.csv
ModelCentro,ModelCentro transaction,,Full site access!,unmapped:modelcentro:full-site-access,Full site access!,,needs mapping,2026-02-23,2026-02-23,2026-02-23,sale date,low,sale date,canonical transaction row,1.0,19.99,13.49,2026-06-11_18-11-15_modelcentro_transactions.csv
ModelCentro,ModelCentro transaction,,Full site access!,unmapped:modelcentro:full-site-access,Full site access!,,needs mapping,2026-02-23,2026-02-23,2026-02-23,sale date,low,sale date,canonical transaction row,1.0,19.99,13.49,2026-06-11_18-11-15_modelcentro_transactions.csv
ModelCentro,ModelCentro transaction,,Full site access!,unmapped:modelcentro:full-site-access,Full site access!,,needs mapping,2026-02-23,2026-02-23,2026-02-23,sale date,low,sale date,canonical transaction row,1.0,19.99,13.49,2026-06-11_18-11-15_modelcentro_transactions.csv
ModelCentro,ModelCentro transaction,,Full site access!,unmapped:modelcentro:full-site-access,Full site access!,,needs mapping,2026-02-23,2026-02-23,2026-02-23,sale date,low,sale date,canonical transaction row,1.0,19.99,13.49,2026-06-11_18-11-15_modelcentro_transactions.csv
ModelCentro,ModelCentro transaction,,Full site access!,unmapped:modelcentro:full-site-access,Full site access!,,needs mapping,2026-02-22,2026-02-22,2026-02-22,sale date,low,sale date,canonical transaction row,1.0,19.99,13.49,2026-06-11_18-11-15_modelcentro_transactions.csv
ModelCentro,ModelCentro transaction,,Full site access!,unmapped:modelcentro:full-site-access,Full site access!,,needs mapping,2026-02-22,2026-02-22,2026-02-22,sale date,low,sale date,canonical transaction row,1.0,19.99,13.49,2026-06-11_18-11-15_modelcentro_transactions.csv
ModelCentro,ModelCentro transaction,,Full site access!,unmapped:modelcentro:full-site-access,Full site access!,,needs mapping,2026-02-22,2026-02-22,2026-02-22,sale date,low,sale date,canonical transaction row,1.0,19.99,13.49,2026-06-11_18-11-15_modelcentro_transactions.csv
ModelCentro,ModelCentro transaction,,Full site access!,unmapped:modelcentro:full-site-access,Full site access!,,needs mapping,2026-02-21,2026-02-21,2026-02-21,sale date,low,sale date,canonical transaction row,1.0,19.99,13.49,2026-06-11_18-11-15_modelcentro_transactions.csv
ModelCentro,ModelCentro transaction,,Full site access!,unmapped:modelcentro:full-site-access,Full site access!,,needs mapping,2026-02-21,2026-02-21,2026-02-21,sale date,low,sale date,canonical transaction row,1.0,19.99,13.49,2026-06-11_18-11-15_modelcentro_transactions.csv
ModelCentro,ModelCentro transaction,,Full site access!,unmapped:modelcentro:full-site-access,Full site access!,,needs mapping,2026-02-20,2026-02-20,2026-02-20,sale date,low,sale date,canonical transaction row,1.0,19.99,13.49,2026-06-11_18-11-15_modelcentro_transactions.csv
ModelCentro,ModelCentro transaction,,Full site access!,unmapped:modelcentro:full-site-access,Full site access!,,needs mapping,2026-02-20,2026-02-20,2026-02-20,sale date,low,sale date,canonical transaction row,1.0,19.99,13.49,2026-06-11_18-11-15_modelcentro_transactions.csv
ModelCentro,ModelCentro transaction,,Full site access!,unmapped:modelcentro:full-site-access,Full site access!,,needs mapping,2026-02-20,2026-02-20,2026-02-20,sale date,low,sale date,canonical transaction row,1.0,19.99,13.49,2026-06-11_18-11-15_modelcentro_transactions.csv
ModelCentro,ModelCentro transaction,,Full site access!,unmapped:modelcentro:full-site-access,Full site access!,,needs mapping,2026-02-19,2026-02-19,2026-02-19,sale date,low,sale date,canonical transaction row,1.0,19.99,13.49,2026-06-11_18-11-15_modelcentro_transactions.csv
ModelCentro,ModelCentro transaction,,Full site access!,unmapped:modelcentro:full-site-access,Full site access!,,needs mapping,2026-02-19,2026-02-19,2026-02-19,sale date,low,sale date,canonical transaction row,1.0,19.99,13.49,2026-06-11_18-11-15_modelcentro_transactions.csv
ModelCentro,ModelCentro transaction,,Full site access!,unmapped:modelcentro:full-site-access,Full site access!,,needs mapping,2026-02-19,2026-02-19,2026-02-19,sale date,low,sale date,canonical transaction row,1.0,19.99,13.49,2026-06-11_18-11-15_modelcentro_transactions.csv
ModelCentro,ModelCentro transaction,,Full site access!,unmapped:modelcentro:full-site-access,Full site access!,,needs mapping,2026-02-19,2026-02-19,2026-02-19,sale date,low,sale date,canonical transaction row,1.0,19.99,13.49,2026-06-11_18-11-15_modelcentro_transactions.csv
ModelCentro,ModelCentro transaction,,Full site access!,unmapped:modelcentro:full-site-access,Full site access!,,needs mapping,2026-02-19,2026-02-19,2026-02-19,sale date,low,sale date,canonical transaction row,1.0,19.99,13.49,2026-06-11_18-11-15_modelcentro_transactions.csv
ModelCentro,ModelCentro transaction,,Full site access!,unmapped:modelcentro:full-site-access,Full site access!,,needs mapping,2026-02-18,2026-02-18,2026-02-18,sale date,low,sale date,canonical transaction row,1.0,19.99,13.49,2026-06-11_18-11-15_modelcentro_transactions.csv
ModelCentro,ModelCentro transaction,,Full site access!,unmapped:modelcentro:full-site-access,Full site access!,,needs mapping,2026-02-18,2026-02-18,2026-02-18,sale date,low,sale date,canonical transaction row,1.0,19.99,13.49,2026-06-11_18-11-15_modelcentro_transactions.csv
ModelCentro,ModelCentro transaction,,1 Month Membership,unmapped:modelcentro:1-month-membership,1 Month Membership,,needs mapping,2026-02-18,2026-02-18,2026-02-18,sale date,low,sale date,canonical transaction row,1.0,19.99,13.49,2026-06-11_18-11-15_modelcentro_transactions.csv
ModelCentro,ModelCentro transaction,,Full site access!,unmapped:modelcentro:full-site-access,Full site access!,,needs mapping,2026-02-18,2026-02-18,2026-02-18,sale date,low,sale date,canonical transaction row,1.0,19.99,13.49,2026-06-11_18-11-15_modelcentro_transactions.csv
ModelCentro,ModelCentro transaction,,Full site access!,unmapped:modelcentro:full-site-access,Full site access!,,needs mapping,2026-02-18,2026-02-18,2026-02-18,sale date,low,sale date,canonical transaction row,1.0,19.99,13.49,2026-06-11_18-11-15_modelcentro_transactions.csv
ModelCentro,ModelCentro transaction,,Full site access!,unmapped:modelcentro:full-site-access,Full site access!,,needs mapping,2026-02-18,2026-02-18,2026-02-18,sale date,low,sale date,canonical transaction row,1.0,19.99,13.49,2026-06-11_18-11-15_modelcentro_transactions.csv
ModelCentro,ModelCentro transaction,,1 Month Membership,unmapped:modelcentro:1-month-membership,1 Month Membership,,needs mapping,2026-02-18,2026-02-18,2026-02-18,sale date,low,sale date,canonical transaction row,1.0,19.99,13.49,2026-06-11_18-11-15_modelcentro_transactions.csv
ModelCentro,ModelCentro transaction,,Full site access!,unmapped:modelcentro:full-site-access,Full site access!,,needs mapping,2026-02-18,2026-02-18,2026-02-18,sale date,low,sale date,canonical transaction row,1.0,19.99,13.49,2026-06-11_18-11-15_modelcentro_transactions.csv
ModelCentro,ModelCentro transaction,,Full site access!,unmapped:modelcentro:full-site-access,Full site access!,,needs mapping,2026-02-17,2026-02-17,2026-02-17,sale date,low,sale date,canonical transaction row,1.0,19.99,13.49,2026-06-11_18-11-15_modelcentro_transactions.csv
ModelCentro,ModelCentro transaction,,Full site access!,unmapped:modelcentro:full-site-access,Full site access!,,needs mapping,2026-02-17,2026-02-17,2026-02-17,sale date,low,sale date,canonical transaction row,1.0,19.99,13.49,2026-06-11_18-11-15_modelcentro_transactions.csv
ModelCentro,ModelCentro transaction,,Full site access!,unmapped:modelcentro:full-site-access,Full site access!,,needs mapping,2026-02-17,2026-02-17,2026-02-17,sale date,low,sale date,canonical transaction row,1.0,19.99,13.49,2026-06-11_18-11-15_modelcentro_transactions.csv
ModelCentro,ModelCentro transaction,,Full site access!,unmapped:modelcentro:full-site-access,Full site access!,,needs mapping,2026-02-17,2026-02-17,2026-02-17,sale date,low,sale date,canonical transaction row,1.0,19.99,13.49,2026-06-11_18-11-15_modelcentro_transactions.csv
ModelCentro,ModelCentro transaction,,Full site access!,unmapped:modelcentro:full-site-access,Full site access!,,needs mapping,2026-02-16,2026-02-16,2026-02-16,sale date,low,sale date,canonical transaction row,1.0,19.99,13.49,2026-06-11_18-11-15_modelcentro_transactions.csv
ModelCentro,ModelCentro transaction,,Full site access!,unmapped:modelcentro:full-site-access,Full site access!,,needs mapping,2026-02-16,2026-02-16,2026-02-16,sale date,low,sale date,canonical transaction row,1.0,19.99,13.49,2026-06-11_18-11-15_modelcentro_transactions.csv
ModelCentro,ModelCentro transaction,,Full site access!,unmapped:modelcentro:full-site-access,Full site access!,,needs mapping,2026-02-16,2026-02-16,2026-02-16,sale date,low,sale date,canonical transaction row,1.0,19.99,13.49,2026-06-11_18-11-15_modelcentro_transactions.csv
ModelCentro,ModelCentro transaction,,Full site access!,unmapped:modelcentro:full-site-access,Full site access!,,needs mapping,2026-02-16,2026-02-16,2026-02-16,sale date,low,sale date,canonical transaction row,1.0,19.99,13.49,2026-06-11_18-11-15_modelcentro_transactions.csv
ModelCentro,ModelCentro transaction,,Full site access!,unmapped:modelcentro:full-site-access,Full site access!,,needs mapping,2026-02-16,2026-02-16,2026-02-16,sale date,low,sale date,canonical transaction row,1.0,19.99,13.49,2026-06-11_18-11-15_modelcentro_transactions.csv
ModelCentro,ModelCentro transaction,,Full site access!,unmapped:modelcentro:full-site-access,Full site access!,,needs mapping,2026-02-16,2026-02-16,2026-02-16,sale date,low,sale date,canonical transaction row,1.0,19.99,13.49,2026-06-11_18-11-15_modelcentro_transactions.csv
ModelCentro,ModelCentro transaction,,Full site access!,unmapped:modelcentro:full-site-access,Full site access!,,needs mapping,2026-02-16,2026-02-16,2026-02-16,sale date,low,sale date,canonical transaction row,1.0,19.99,13.49,2026-06-11_18-11-15_modelcentro_transactions.csv
ModelCentro,ModelCentro transaction,,Full site access!,unmapped:modelcentro:full-site-access,Full site access!,,needs mapping,2026-02-16,2026-02-16,2026-02-16,sale date,low,sale date,canonical transaction row,1.0,19.99,13.49,2026-06-11_18-11-15_modelcentro_transactions.csv
ModelCentro,ModelCentro transaction,,1 Month Membership,unmapped:modelcentro:1-month-membership,1 Month Membership,,needs mapping,2026-02-15,2026-02-15,2026-02-15,sale date,low,sale date,canonical transaction row,1.0,19.99,13.49,2026-06-11_18-11-15_modelcentro_transactions.csv
ModelCentro,ModelCentro transaction,,Full site access!,unmapped:modelcentro:full-site-access,Full site access!,,needs mapping,2026-02-15,2026-02-15,2026-02-15,sale date,low,sale date,canonical transaction row,1.0,19.99,13.49,2026-06-11_18-11-15_modelcentro_transactions.csv
ModelCentro,ModelCentro transaction,,Full site access!,unmapped:modelcentro:full-site-access,Full site access!,,needs mapping,2026-02-15,2026-02-15,2026-02-15,sale date,low,sale date,canonical transaction row,1.0,19.99,13.49,2026-06-11_18-11-15_modelcentro_transactions.csv
ModelCentro,ModelCentro transaction,,Full site access!,unmapped:modelcentro:full-site-access,Full site access!,,needs mapping,2026-02-15,2026-02-15,2026-02-15,sale date,low,sale date,canonical transaction row,1.0,19.99,13.49,2026-06-11_18-11-15_modelcentro_transactions.csv
ModelCentro,ModelCentro transaction,,Full site access!,unmapped:modelcentro:full-site-access,Full site access!,,needs mapping,2026-02-15,2026-02-15,2026-02-15,sale date,low,sale date,canonical transaction row,1.0,19.99,13.49,2026-06-11_18-11-15_modelcentro_transactions.csv
ModelCentro,ModelCentro transaction,,Full site access!,unmapped:modelcentro:full-site-access,Full site access!,,needs mapping,2026-02-15,2026-02-15,2026-02-15,sale date,low,sale date,canonical transaction row,1.0,19.99,13.49,2026-06-11_18-11-15_modelcentro_transactions.csv
ModelCentro,ModelCentro transaction,,Full site access!,unmapped:modelcentro:full-site-access,Full site access!,,needs mapping,2026-02-15,2026-02-15,2026-02-15,sale date,low,sale date,canonical transaction row,1.0,19.99,13.49,2026-06-11_18-11-15_modelcentro_transactions.csv
ModelCentro,ModelCentro transaction,,Full site access!,unmapped:modelcentro:full-site-access,Full site access!,,needs mapping,2026-02-14,2026-02-14,2026-02-14,sale date,low,sale date,canonical transaction row,1.0,19.99,13.49,2026-06-11_18-11-15_modelcentro_transactions.csv
ModelCentro,ModelCentro transaction,,Full site access!,unmapped:modelcentro:full-site-access,Full site access!,,needs mapping,2026-02-14,2026-02-14,2026-02-14,sale date,low,sale date,canonical transaction row,1.0,19.99,13.49,2026-06-11_18-11-15_modelcentro_transactions.csv
ModelCentro,ModelCentro transaction,,1 Month Membership,unmapped:modelcentro:1-month-membership,1 Month Membership,,needs mapping,2026-02-14,2026-02-14,2026-02-14,sale date,low,sale date,canonical transaction row,1.0,19.99,4.49,2026-06-11_18-11-15_modelcentro_transactions.csv
ModelCentro,ModelCentro transaction,,Full site access!,unmapped:modelcentro:full-site-access,Full site access!,,needs mapping,2026-02-13,2026-02-13,2026-02-13,sale date,low,sale date,canonical transaction row,1.0,19.99,13.49,2026-06-11_18-11-15_modelcentro_transactions.csv
ModelCentro,ModelCentro transaction,,Full site access!,unmapped:modelcentro:full-site-access,Full site access!,,needs mapping,2026-02-13,2026-02-13,2026-02-13,sale date,low,sale date,canonical transaction row,1.0,19.99,13.49,2026-06-11_18-11-15_modelcentro_transactions.csv
ModelCentro,ModelCentro transaction,,Full site access!,unmapped:modelcentro:full-site-access,Full site access!,,needs mapping,2026-02-13,2026-02-13,2026-02-13,sale date,low,sale date,canonical transaction row,1.0,19.99,13.49,2026-06-11_18-11-15_modelcentro_transactions.csv
ModelCentro,ModelCentro transaction,,Full site access!,unmapped:modelcentro:full-site-access,Full site access!,,needs mapping,2026-02-13,2026-02-13,2026-02-13,sale date,low,sale date,canonical transaction row,1.0,19.99,13.49,2026-06-11_18-11-15_modelcentro_transactions.csv
ModelCentro,ModelCentro transaction,,Full site access!,unmapped:modelcentro:full-site-access,Full site access!,,needs mapping,2026-02-13,2026-02-13,2026-02-13,sale date,low,sale date,canonical transaction row,1.0,19.99,13.49,2026-06-11_18-11-15_modelcentro_transactions.csv
ModelCentro,ModelCentro transaction,,Full site access!,unmapped:modelcentro:full-site-access,Full site access!,,needs mapping,2026-02-13,2026-02-13,2026-02-13,sale date,low,sale date,canonical transaction row,1.0,19.99,13.49,2026-06-11_18-11-15_modelcentro_transactions.csv
ModelCentro,ModelCentro transaction,,Full site access!,unmapped:modelcentro:full-site-access,Full site access!,,needs mapping,2026-02-13,2026-02-13,2026-02-13,sale date,low,sale date,canonical transaction row,1.0,19.99,13.49,2026-06-11_18-11-15_modelcentro_transactions.csv
ModelCentro,ModelCentro transaction,,Full site access!,unmapped:modelcentro:full-site-access,Full site access!,,needs mapping,2026-02-12,2026-02-12,2026-02-12,sale date,low,sale date,canonical transaction row,1.0,19.99,13.49,2026-06-11_18-11-15_modelcentro_transactions.csv
ModelCentro,ModelCentro transaction,,Full site access!,unmapped:modelcentro:full-site-access,Full site access!,,needs mapping,2026-02-11,2026-02-11,2026-02-11,sale date,low,sale date,canonical transaction row,1.0,19.99,13.49,2026-06-11_18-11-15_modelcentro_transactions.csv
ModelCentro,ModelCentro transaction,,Full site access!,unmapped:modelcentro:full-site-access,Full site access!,,needs mapping,2026-02-11,2026-02-11,2026-02-11,sale date,low,sale date,canonical transaction row,1.0,19.99,13.49,2026-06-11_18-11-15_modelcentro_transactions.csv
ModelCentro,ModelCentro transaction,,Full site access!,unmapped:modelcentro:full-site-access,Full site access!,,needs mapping,2026-02-11,2026-02-11,2026-02-11,sale date,low,sale date,canonical transaction row,1.0,19.99,13.49,2026-06-11_18-11-15_modelcentro_transactions.csv
ModelCentro,ModelCentro transaction,,Full site access!,unmapped:modelcentro:full-site-access,Full site access!,,needs mapping,2026-02-11,2026-02-11,2026-02-11,sale date,low,sale date,canonical transaction row,1.0,19.99,13.49,2026-06-11_18-11-15_modelcentro_transactions.csv
ModelCentro,ModelCentro transaction,,Full site access!,unmapped:modelcentro:full-site-access,Full site access!,,needs mapping,2026-02-10,2026-02-10,2026-02-10,sale date,low,sale date,canonical transaction row,1.0,19.99,13.49,2026-06-11_18-11-15_modelcentro_transactions.csv
ModelCentro,ModelCentro transaction,,Full site access!,unmapped:modelcentro:full-site-access,Full site access!,,needs mapping,2026-02-10,2026-02-10,2026-02-10,sale date,low,sale date,canonical transaction row,1.0,19.99,13.49,2026-06-11_18-11-15_modelcentro_transactions.csv
ModelCentro,ModelCentro transaction,,Full site access!,unmapped:modelcentro:full-site-access,Full site access!,,needs mapping,2026-02-10,2026-02-10,2026-02-10,sale date,low,sale date,canonical transaction row,1.0,19.99,13.49,2026-06-11_18-11-15_modelcentro_transactions.csv
ModelCentro,ModelCentro transaction,,Full site access!,unmapped:modelcentro:full-site-access,Full site access!,,needs mapping,2026-02-09,2026-02-09,2026-02-09,sale date,low,sale date,canonical transaction row,1.0,19.99,13.49,2026-06-11_18-11-15_modelcentro_transactions.csv
ModelCentro,ModelCentro transaction,,Full site access!,unmapped:modelcentro:full-site-access,Full site access!,,needs mapping,2026-02-09,2026-02-09,2026-02-09,sale date,low,sale date,canonical transaction row,1.0,19.99,13.49,2026-06-11_18-11-15_modelcentro_transactions.csv
ModelCentro,ModelCentro transaction,,Red Couch Fuck,unmapped:modelcentro:red-couch-fuck,Red Couch Fuck,,needs mapping,2026-02-09,2026-02-09,2026-02-09,sale date,low,sale date,canonical transaction row,1.0,9.99,6.74,2026-06-11_18-11-15_modelcentro_transactions.csv
ModelCentro,ModelCentro transaction,,Full site access!,unmapped:modelcentro:full-site-access,Full site access!,,needs mapping,2026-02-09,2026-02-09,2026-02-09,sale date,low,sale date,canonical transaction row,1.0,-19.99,-13.49,2026-06-11_18-11-15_modelcentro_transactions.csv
ModelCentro,ModelCentro transaction,,Full site access!,unmapped:modelcentro:full-site-access,Full site access!,,needs mapping,2026-02-09,2026-02-09,2026-02-09,sale date,low,sale date,canonical transaction row,1.0,19.99,13.49,2026-06-11_18-11-15_modelcentro_transactions.csv
ModelCentro,ModelCentro transaction,,Full site access!,unmapped:modelcentro:full-site-access,Full site access!,,needs mapping,2026-02-08,2026-02-08,2026-02-08,sale date,low,sale date,canonical transaction row,1.0,19.99,13.49,2026-06-11_18-11-15_modelcentro_transactions.csv
ModelCentro,ModelCentro transaction,,Full site access!,unmapped:modelcentro:full-site-access,Full site access!,,needs mapping,2026-02-08,2026-02-08,2026-02-08,sale date,low,sale date,canonical transaction row,1.0,19.99,13.49,2026-06-11_18-11-15_modelcentro_transactions.csv
ModelCentro,ModelCentro transaction,,Full site access!,unmapped:modelcentro:full-site-access,Full site access!,,needs mapping,2026-02-08,2026-02-08,2026-02-08,sale date,low,sale date,canonical transaction row,1.0,19.99,13.49,2026-06-11_18-11-15_modelcentro_transactions.csv
ModelCentro,ModelCentro transaction,,Full site access!,unmapped:modelcentro:full-site-access,Full site access!,,needs mapping,2026-02-08,2026-02-08,2026-02-08,sale date,low,sale date,canonical transaction row,1.0,19.99,13.49,2026-06-11_18-11-15_modelcentro_transactions.csv
ModelCentro,ModelCentro transaction,,Full site access!,unmapped:modelcentro:full-site-access,Full site access!,,needs mapping,2026-02-07,2026-02-07,2026-02-07,sale date,low,sale date,canonical transaction row,1.0,19.99,13.49,2026-06-11_18-11-15_modelcentro_transactions.csv
ModelCentro,ModelCentro transaction,,Full site access!,unmapped:modelcentro:full-site-access,Full site access!,,needs mapping,2026-02-07,2026-02-07,2026-02-07,sale date,low,sale date,canonical transaction row,1.0,19.99,13.49,2026-06-11_18-11-15_modelcentro_transactions.csv
ModelCentro,ModelCentro transaction,,Full site access!,unmapped:modelcentro:full-site-access,Full site access!,,needs mapping,2026-02-07,2026-02-07,2026-02-07,sale date,low,sale date,canonical transaction row,1.0,19.99,13.49,2026-06-11_18-11-15_modelcentro_transactions.csv
ModelCentro,ModelCentro transaction,,Full site access!,unmapped:modelcentro:full-site-access,Full site access!,,needs mapping,2026-02-07,2026-02-07,2026-02-07,sale date,low,sale date,canonical transaction row,1.0,19.99,13.49,2026-06-11_18-11-15_modelcentro_transactions.csv
ModelCentro,ModelCentro transaction,,1 Month Membership,unmapped:modelcentro:1-month-membership,1 Month Membership,,needs mapping,2026-02-07,2026-02-07,2026-02-07,sale date,low,sale date,canonical transaction row,1.0,19.99,13.49,2026-06-11_18-11-15_modelcentro_transactions.csv
ModelCentro,ModelCentro transaction,,Full site access!,unmapped:modelcentro:full-site-access,Full site access!,,needs mapping,2026-02-06,2026-02-06,2026-02-06,sale date,low,sale date,canonical transaction row,1.0,19.99,13.49,2026-06-11_18-11-15_modelcentro_transactions.csv
ModelCentro,ModelCentro transaction,,Full site access!,unmapped:modelcentro:full-site-access,Full site access!,,needs mapping,2026-02-06,2026-02-06,2026-02-06,sale date,low,sale date,canonical transaction row,1.0,19.99,13.49,2026-06-11_18-11-15_modelcentro_transactions.csv
ModelCentro,ModelCentro transaction,,Full site access!,unmapped:modelcentro:full-site-access,Full site access!,,needs mapping,2026-02-06,2026-02-06,2026-02-06,sale date,low,sale date,canonical transaction row,1.0,19.99,13.49,2026-06-11_18-11-15_modelcentro_transactions.csv
ModelCentro,ModelCentro transaction,,Full site access!,unmapped:modelcentro:full-site-access,Full site access!,,needs mapping,2026-02-06,2026-02-06,2026-02-06,sale date,low,sale date,canonical transaction row,1.0,19.99,13.49,2026-06-11_18-11-15_modelcentro_transactions.csv
ModelCentro,ModelCentro transaction,,Full site access!,unmapped:modelcentro:full-site-access,Full site access!,,needs mapping,2026-02-06,2026-02-06,2026-02-06,sale date,low,sale date,canonical transaction row,1.0,19.99,13.49,2026-06-11_18-11-15_modelcentro_transactions.csv
ModelCentro,ModelCentro transaction,,Full site access!,unmapped:modelcentro:full-site-access,Full site access!,,needs mapping,2026-02-06,2026-02-06,2026-02-06,sale date,low,sale date,canonical transaction row,1.0,19.99,13.49,2026-06-11_18-11-15_modelcentro_transactions.csv
ModelCentro,ModelCentro transaction,,Full site access!,unmapped:modelcentro:full-site-access,Full site access!,,needs mapping,2026-02-06,2026-02-06,2026-02-06,sale date,low,sale date,canonical transaction row,1.0,-19.99,-13.49,2026-06-11_18-11-15_modelcentro_transactions.csv
ModelCentro,ModelCentro transaction,,Full site access!,unmapped:modelcentro:full-site-access,Full site access!,,needs mapping,2026-02-06,2026-02-06,2026-02-06,sale date,low,sale date,canonical transaction row,1.0,-19.99,-13.49,2026-06-11_18-11-15_modelcentro_transactions.csv
ModelCentro,ModelCentro transaction,,Full site access!,unmapped:modelcentro:full-site-access,Full site access!,,needs mapping,2026-02-06,2026-02-06,2026-02-06,sale date,low,sale date,canonical transaction row,1.0,19.99,13.49,2026-06-11_18-11-15_modelcentro_transactions.csv
ModelCentro,ModelCentro transaction,,Full site access!,unmapped:modelcentro:full-site-access,Full site access!,,needs mapping,2026-02-06,2026-02-06,2026-02-06,sale date,low,sale date,canonical transaction row,1.0,19.99,4.49,2026-06-11_18-11-15_modelcentro_transactions.csv
ModelCentro,ModelCentro transaction,,Full site access!,unmapped:modelcentro:full-site-access,Full site access!,,needs mapping,2026-02-06,2026-02-06,2026-02-06,sale date,low,sale date,canonical transaction row,1.0,19.99,13.49,2026-06-11_18-11-15_modelcentro_transactions.csv
ModelCentro,ModelCentro transaction,,Full site access!,unmapped:modelcentro:full-site-access,Full site access!,,needs mapping,2026-02-05,2026-02-05,2026-02-05,sale date,low,sale date,canonical transaction row,1.0,19.99,13.49,2026-06-11_18-11-15_modelcentro_transactions.csv
ModelCentro,ModelCentro transaction,,Full site access!,unmapped:modelcentro:full-site-access,Full site access!,,needs mapping,2026-02-05,2026-02-05,2026-02-05,sale date,low,sale date,canonical transaction row,1.0,19.99,13.49,2026-06-11_18-11-15_modelcentro_transactions.csv
ModelCentro,ModelCentro transaction,,Full site access!,unmapped:modelcentro:full-site-access,Full site access!,,needs mapping,2026-02-04,2026-02-04,2026-02-04,sale date,low,sale date,canonical transaction row,1.0,19.99,13.49,2026-06-11_18-11-15_modelcentro_transactions.csv
ModelCentro,ModelCentro transaction,,Full site access!,unmapped:modelcentro:full-site-access,Full site access!,,needs mapping,2026-02-04,2026-02-04,2026-02-04,sale date,low,sale date,canonical transaction row,1.0,19.99,13.49,2026-06-11_18-11-15_modelcentro_transactions.csv
ModelCentro,ModelCentro transaction,,Full site access!,unmapped:modelcentro:full-site-access,Full site access!,,needs mapping,2026-02-04,2026-02-04,2026-02-04,sale date,low,sale date,canonical transaction row,1.0,19.99,13.49,2026-06-11_18-11-15_modelcentro_transactions.csv
ModelCentro,ModelCentro transaction,,Full site access!,unmapped:modelcentro:full-site-access,Full site access!,,needs mapping,2026-02-03,2026-02-03,2026-02-03,sale date,low,sale date,canonical transaction row,1.0,19.99,13.49,2026-06-11_18-11-15_modelcentro_transactions.csv
ModelCentro,ModelCentro transaction,,Full site access!,unmapped:modelcentro:full-site-access,Full site access!,,needs mapping,2026-02-03,2026-02-03,2026-02-03,sale date,low,sale date,canonical transaction row,1.0,19.99,13.49,2026-06-11_18-11-15_modelcentro_transactions.csv
ModelCentro,ModelCentro transaction,,Full site access!,unmapped:modelcentro:full-site-access,Full site access!,,needs mapping,2026-02-03,2026-02-03,2026-02-03,sale date,low,sale date,canonical transaction row,1.0,19.99,13.49,2026-06-11_18-11-15_modelcentro_transactions.csv
ModelCentro,ModelCentro transaction,,Full site access!,unmapped:modelcentro:full-site-access,Full site access!,,needs mapping,2026-02-03,2026-02-03,2026-02-03,sale date,low,sale date,canonical transaction row,1.0,19.99,13.49,2026-06-11_18-11-15_modelcentro_transactions.csv
ModelCentro,ModelCentro transaction,,Full site access!,unmapped:modelcentro:full-site-access,Full site access!,,needs mapping,2026-02-02,2026-02-02,2026-02-02,sale date,low,sale date,canonical transaction row,1.0,19.99,13.49,2026-06-11_18-11-15_modelcentro_transactions.csv
ModelCentro,ModelCentro transaction,,Full site access!,unmapped:modelcentro:full-site-access,Full site access!,,needs mapping,2026-02-02,2026-02-02,2026-02-02,sale date,low,sale date,canonical transaction row,1.0,19.99,13.49,2026-06-11_18-11-15_modelcentro_transactions.csv
ModelCentro,ModelCentro transaction,,Full site access!,unmapped:modelcentro:full-site-access,Full site access!,,needs mapping,2026-02-02,2026-02-02,2026-02-02,sale date,low,sale date,canonical transaction row,1.0,19.99,13.49,2026-06-11_18-11-15_modelcentro_transactions.csv
ModelCentro,ModelCentro transaction,,1 Month Membership,unmapped:modelcentro:1-month-membership,1 Month Membership,,needs mapping,2026-02-02,2026-02-02,2026-02-02,sale date,low,sale date,canonical transaction row,1.0,19.99,13.49,2026-06-11_18-11-15_modelcentro_transactions.csv
ModelCentro,ModelCentro transaction,,Full site access!,unmapped:modelcentro:full-site-access,Full site access!,,needs mapping,2026-02-02,2026-02-02,2026-02-02,sale date,low,sale date,canonical transaction row,1.0,19.99,13.49,2026-06-11_18-11-15_modelcentro_transactions.csv
ModelCentro,ModelCentro transaction,,Full site access!,unmapped:modelcentro:full-site-access,Full site access!,,needs mapping,2026-02-02,2026-02-02,2026-02-02,sale date,low,sale date,canonical transaction row,1.0,19.99,13.49,2026-06-11_18-11-15_modelcentro_transactions.csv
ModelCentro,ModelCentro transaction,,Full site access!,unmapped:modelcentro:full-site-access,Full site access!,,needs mapping,2026-02-02,2026-02-02,2026-02-02,sale date,low,sale date,canonical transaction row,1.0,19.99,13.49,2026-06-11_18-11-15_modelcentro_transactions.csv
ModelCentro,ModelCentro transaction,,Full site access!,unmapped:modelcentro:full-site-access,Full site access!,,needs mapping,2026-02-02,2026-02-02,2026-02-02,sale date,low,sale date,canonical transaction row,1.0,19.99,13.49,2026-06-11_18-11-15_modelcentro_transactions.csv
ModelCentro,ModelCentro transaction,,Full site access!,unmapped:modelcentro:full-site-access,Full site access!,,needs mapping,2026-02-02,2026-02-02,2026-02-02,sale date,low,sale date,canonical transaction row,1.0,19.99,13.49,2026-06-11_18-11-15_modelcentro_transactions.csv
ModelCentro,ModelCentro transaction,,Full site access!,unmapped:modelcentro:full-site-access,Full site access!,,needs mapping,2026-02-01,2026-02-01,2026-02-01,sale date,low,sale date,canonical transaction row,1.0,19.99,13.49,2026-06-11_18-11-15_modelcentro_transactions.csv
ModelCentro,ModelCentro transaction,,1 Month Membership,unmapped:modelcentro:1-month-membership,1 Month Membership,,needs mapping,2026-02-01,2026-02-01,2026-02-01,sale date,low,sale date,canonical transaction row,1.0,19.99,13.49,2026-06-11_18-11-15_modelcentro_transactions.csv
ModelCentro,ModelCentro transaction,,1 Month Membership,unmapped:modelcentro:1-month-membership,1 Month Membership,,needs mapping,2026-02-01,2026-02-01,2026-02-01,sale date,low,sale date,canonical transaction row,1.0,19.99,13.49,2026-06-11_18-11-15_modelcentro_transactions.csv
ModelCentro,ModelCentro transaction,,Full site access!,unmapped:modelcentro:full-site-access,Full site access!,,needs mapping,2026-02-01,2026-02-01,2026-02-01,sale date,low,sale date,canonical transaction row,1.0,19.99,13.49,2026-06-11_18-11-15_modelcentro_transactions.csv
ModelCentro,ModelCentro transaction,,Full site access!,unmapped:modelcentro:full-site-access,Full site access!,,needs mapping,2026-02-01,2026-02-01,2026-02-01,sale date,low,sale date,canonical transaction row,1.0,19.99,13.49,2026-06-11_18-11-15_modelcentro_transactions.csv
ModelCentro,ModelCentro transaction,,Full site access!,unmapped:modelcentro:full-site-access,Full site access!,,needs mapping,2026-02-01,2026-02-01,2026-02-01,sale date,low,sale date,canonical transaction row,1.0,19.99,13.49,2026-06-11_18-11-15_modelcentro_transactions.csv
ModelCentro,ModelCentro transaction,,Full site access!,unmapped:modelcentro:full-site-access,Full site access!,,needs mapping,2026-02-01,2026-02-01,2026-02-01,sale date,low,sale date,canonical transaction row,1.0,19.99,13.49,2026-06-11_18-11-15_modelcentro_transactions.csv
ModelCentro,ModelCentro transaction,,Full site access!,unmapped:modelcentro:full-site-access,Full site access!,,needs mapping,2026-01-31,2026-01-31,2026-01-31,sale date,low,sale date,canonical transaction row,1.0,19.99,13.49,2026-06-11_18-11-15_modelcentro_transactions.csv
ModelCentro,ModelCentro transaction,,Full site access!,unmapped:modelcentro:full-site-access,Full site access!,,needs mapping,2026-01-31,2026-01-31,2026-01-31,sale date,low,sale date,canonical transaction row,1.0,19.99,13.49,2026-06-11_18-11-15_modelcentro_transactions.csv
ModelCentro,ModelCentro transaction,,Full site access!,unmapped:modelcentro:full-site-access,Full site access!,,needs mapping,2026-01-31,2026-01-31,2026-01-31,sale date,low,sale date,canonical transaction row,1.0,19.99,13.49,2026-06-11_18-11-15_modelcentro_transactions.csv
ModelCentro,ModelCentro transaction,,Full site access!,unmapped:modelcentro:full-site-access,Full site access!,,needs mapping,2026-01-31,2026-01-31,2026-01-31,sale date,low,sale date,canonical transaction row,1.0,19.99,13.49,2026-06-11_18-11-15_modelcentro_transactions.csv
ModelCentro,ModelCentro transaction,,Full site access!,unmapped:modelcentro:full-site-access,Full site access!,,needs mapping,2026-01-31,2026-01-31,2026-01-31,sale date,low,sale date,canonical transaction row,1.0,19.99,13.49,2026-06-11_18-11-15_modelcentro_transactions.csv
ModelCentro,ModelCentro transaction,,Full site access!,unmapped:modelcentro:full-site-access,Full site access!,,needs mapping,2026-01-31,2026-01-31,2026-01-31,sale date,low,sale date,canonical transaction row,1.0,19.99,13.49,2026-06-11_18-11-15_modelcentro_transactions.csv
ModelCentro,ModelCentro transaction,,Full site access!,unmapped:modelcentro:full-site-access,Full site access!,,needs mapping,2026-01-30,2026-01-30,2026-01-30,sale date,low,sale date,canonical transaction row,1.0,19.99,13.49,2026-06-11_18-11-15_modelcentro_transactions.csv
ModelCentro,ModelCentro transaction,,Full site access!,unmapped:modelcentro:full-site-access,Full site access!,,needs mapping,2026-01-30,2026-01-30,2026-01-30,sale date,low,sale date,canonical transaction row,1.0,19.99,13.49,2026-06-11_18-11-15_modelcentro_transactions.csv
ModelCentro,ModelCentro transaction,,Full site access!,unmapped:modelcentro:full-site-access,Full site access!,,needs mapping,2026-01-30,2026-01-30,2026-01-30,sale date,low,sale date,canonical transaction row,1.0,19.99,13.49,2026-06-11_18-11-15_modelcentro_transactions.csv
ModelCentro,ModelCentro transaction,,Full site access!,unmapped:modelcentro:full-site-access,Full site access!,,needs mapping,2026-01-30,2026-01-30,2026-01-30,sale date,low,sale date,canonical transaction row,1.0,19.99,13.49,2026-06-11_18-11-15_modelcentro_transactions.csv
ModelCentro,ModelCentro transaction,,Full site access!,unmapped:modelcentro:full-site-access,Full site access!,,needs mapping,2026-01-30,2026-01-30,2026-01-30,sale date,low,sale date,canonical transaction row,1.0,19.99,13.49,2026-06-11_18-11-15_modelcentro_transactions.csv
ModelCentro,ModelCentro transaction,,Full site access!,unmapped:modelcentro:full-site-access,Full site access!,,needs mapping,2026-01-30,2026-01-30,2026-01-30,sale date,low,sale date,canonical transaction row,1.0,19.99,13.49,2026-06-11_18-11-15_modelcentro_transactions.csv
ModelCentro,ModelCentro transaction,,Full site access!,unmapped:modelcentro:full-site-access,Full site access!,,needs mapping,2026-01-30,2026-01-30,2026-01-30,sale date,low,sale date,canonical transaction row,1.0,19.99,13.49,2026-06-11_18-11-15_modelcentro_transactions.csv
ModelCentro,ModelCentro transaction,,Full site access!,unmapped:modelcentro:full-site-access,Full site access!,,needs mapping,2026-01-30,2026-01-30,2026-01-30,sale date,low,sale date,canonical transaction row,1.0,19.99,13.49,2026-06-11_18-11-15_modelcentro_transactions.csv
ModelCentro,ModelCentro transaction,,Full site access!,unmapped:modelcentro:full-site-access,Full site access!,,needs mapping,2026-01-30,2026-01-30,2026-01-30,sale date,low,sale date,canonical transaction row,1.0,19.99,13.49,2026-06-11_18-11-15_modelcentro_transactions.csv
ModelCentro,ModelCentro transaction,,Full site access!,unmapped:modelcentro:full-site-access,Full site access!,,needs mapping,2026-01-30,2026-01-30,2026-01-30,sale date,low,sale date,canonical transaction row,1.0,19.99,13.49,2026-06-11_18-11-15_modelcentro_transactions.csv
ModelCentro,ModelCentro transaction,,Full site access!,unmapped:modelcentro:full-site-access,Full site access!,,needs mapping,2026-01-29,2026-01-29,2026-01-29,sale date,low,sale date,canonical transaction row,1.0,19.99,13.49,2026-06-11_18-11-15_modelcentro_transactions.csv
ModelCentro,ModelCentro transaction,,Full site access!,unmapped:modelcentro:full-site-access,Full site access!,,needs mapping,2026-01-29,2026-01-29,2026-01-29,sale date,low,sale date,canonical transaction row,1.0,19.99,13.49,2026-06-11_18-11-15_modelcentro_transactions.csv
ModelCentro,ModelCentro transaction,,Full site access!,unmapped:modelcentro:full-site-access,Full site access!,,needs mapping,2026-01-29,2026-01-29,2026-01-29,sale date,low,sale date,canonical transaction row,1.0,19.99,13.49,2026-06-11_18-11-15_modelcentro_transactions.csv
ModelCentro,ModelCentro transaction,,Full site access!,unmapped:modelcentro:full-site-access,Full site access!,,needs mapping,2026-01-28,2026-01-28,2026-01-28,sale date,low,sale date,canonical transaction row,1.0,19.99,13.49,2026-06-11_18-11-15_modelcentro_transactions.csv
ModelCentro,ModelCentro transaction,,Full site access!,unmapped:modelcentro:full-site-access,Full site access!,,needs mapping,2026-01-28,2026-01-28,2026-01-28,sale date,low,sale date,canonical transaction row,1.0,19.99,13.49,2026-06-11_18-11-15_modelcentro_transactions.csv
ModelCentro,ModelCentro transaction,,Full site access!,unmapped:modelcentro:full-site-access,Full site access!,,needs mapping,2026-01-27,2026-01-27,2026-01-27,sale date,low,sale date,canonical transaction row,1.0,19.99,13.49,2026-06-11_18-11-15_modelcentro_transactions.csv
ModelCentro,ModelCentro transaction,,Full site access!,unmapped:modelcentro:full-site-access,Full site access!,,needs mapping,2026-01-27,2026-01-27,2026-01-27,sale date,low,sale date,canonical transaction row,1.0,19.99,4.49,2026-06-11_18-11-15_modelcentro_transactions.csv
ModelCentro,ModelCentro transaction,,Full site access!,unmapped:modelcentro:full-site-access,Full site access!,,needs mapping,2026-01-27,2026-01-27,2026-01-27,sale date,low,sale date,canonical transaction row,1.0,19.99,13.49,2026-06-11_18-11-15_modelcentro_transactions.csv
ModelCentro,ModelCentro transaction,,Full site access!,unmapped:modelcentro:full-site-access,Full site access!,,needs mapping,2026-01-27,2026-01-27,2026-01-27,sale date,low,sale date,canonical transaction row,1.0,19.99,13.49,2026-06-11_18-11-15_modelcentro_transactions.csv
ModelCentro,ModelCentro transaction,,Full site access!,unmapped:modelcentro:full-site-access,Full site access!,,needs mapping,2026-01-27,2026-01-27,2026-01-27,sale date,low,sale date,canonical transaction row,1.0,19.99,13.49,2026-06-11_18-11-15_modelcentro_transactions.csv
ModelCentro,ModelCentro transaction,,Full site access!,unmapped:modelcentro:full-site-access,Full site access!,,needs mapping,2026-01-27,2026-01-27,2026-01-27,sale date,low,sale date,canonical transaction row,1.0,19.99,13.49,2026-06-11_18-11-15_modelcentro_transactions.csv
ModelCentro,ModelCentro transaction,,Full site access!,unmapped:modelcentro:full-site-access,Full site access!,,needs mapping,2026-01-26,2026-01-26,2026-01-26,sale date,low,sale date,canonical transaction row,1.0,19.99,13.49,2026-06-11_18-11-15_modelcentro_transactions.csv
ModelCentro,ModelCentro transaction,,Full site access!,unmapped:modelcentro:full-site-access,Full site access!,,needs mapping,2026-01-26,2026-01-26,2026-01-26,sale date,low,sale date,canonical transaction row,1.0,19.99,13.49,2026-06-11_18-11-15_modelcentro_transactions.csv
ModelCentro,ModelCentro transaction,,Full site access!,unmapped:modelcentro:full-site-access,Full site access!,,needs mapping,2026-01-26,2026-01-26,2026-01-26,sale date,low,sale date,canonical transaction row,1.0,19.99,13.49,2026-06-11_18-11-15_modelcentro_transactions.csv
ModelCentro,ModelCentro transaction,,Full site access!,unmapped:modelcentro:full-site-access,Full site access!,,needs mapping,2026-01-26,2026-01-26,2026-01-26,sale date,low,sale date,canonical transaction row,1.0,19.99,4.49,2026-06-11_18-11-15_modelcentro_transactions.csv
ModelCentro,ModelCentro transaction,,Full site access!,unmapped:modelcentro:full-site-access,Full site access!,,needs mapping,2026-01-26,2026-01-26,2026-01-26,sale date,low,sale date,canonical transaction row,1.0,19.99,13.49,2026-06-11_18-11-15_modelcentro_transactions.csv
ModelCentro,ModelCentro transaction,,1 Month Membership,unmapped:modelcentro:1-month-membership,1 Month Membership,,needs mapping,2026-01-26,2026-01-26,2026-01-26,sale date,low,sale date,canonical transaction row,1.0,19.99,13.49,2026-06-11_18-11-15_modelcentro_transactions.csv
ModelCentro,ModelCentro transaction,,Full site access!,unmapped:modelcentro:full-site-access,Full site access!,,needs mapping,2026-01-26,2026-01-26,2026-01-26,sale date,low,sale date,canonical transaction row,1.0,19.99,13.49,2026-06-11_18-11-15_modelcentro_transactions.csv
ModelCentro,ModelCentro transaction,,Full site access!,unmapped:modelcentro:full-site-access,Full site access!,,needs mapping,2026-01-25,2026-01-25,2026-01-25,sale date,low,sale date,canonical transaction row,1.0,19.99,13.49,2026-06-11_18-11-15_modelcentro_transactions.csv
ModelCentro,ModelCentro transaction,,1 Month Membership,unmapped:modelcentro:1-month-membership,1 Month Membership,,needs mapping,2026-01-25,2026-01-25,2026-01-25,sale date,low,sale date,canonical transaction row,1.0,19.99,13.49,2026-06-11_18-11-15_modelcentro_transactions.csv
ModelCentro,ModelCentro transaction,,Full site access!,unmapped:modelcentro:full-site-access,Full site access!,,needs mapping,2026-01-25,2026-01-25,2026-01-25,sale date,low,sale date,canonical transaction row,1.0,19.99,13.49,2026-06-11_18-11-15_modelcentro_transactions.csv
ModelCentro,ModelCentro transaction,,Full site access!,unmapped:modelcentro:full-site-access,Full site access!,,needs mapping,2026-01-25,2026-01-25,2026-01-25,sale date,low,sale date,canonical transaction row,1.0,19.99,13.49,2026-06-11_18-11-15_modelcentro_transactions.csv
ModelCentro,ModelCentro transaction,,Full site access!,unmapped:modelcentro:full-site-access,Full site access!,,needs mapping,2026-01-25,2026-01-25,2026-01-25,sale date,low,sale date,canonical transaction row,1.0,19.99,13.49,2026-06-11_18-11-15_modelcentro_transactions.csv
ModelCentro,ModelCentro transaction,,Full site access!,unmapped:modelcentro:full-site-access,Full site access!,,needs mapping,2026-01-25,2026-01-25,2026-01-25,sale date,low,sale date,canonical transaction row,1.0,19.99,13.49,2026-06-11_18-11-15_modelcentro_transactions.csv
ModelCentro,ModelCentro transaction,,Full site access!,unmapped:modelcentro:full-site-access,Full site access!,,needs mapping,2026-01-25,2026-01-25,2026-01-25,sale date,low,sale date,canonical transaction row,1.0,19.99,13.49,2026-06-11_18-11-15_modelcentro_transactions.csv
ModelCentro,ModelCentro transaction,,Full site access!,unmapped:modelcentro:full-site-access,Full site access!,,needs mapping,2026-01-24,2026-01-24,2026-01-24,sale date,low,sale date,canonical transaction row,1.0,19.99,13.49,2026-06-11_18-11-15_modelcentro_transactions.csv
ModelCentro,ModelCentro transaction,,Full site access!,unmapped:modelcentro:full-site-access,Full site access!,,needs mapping,2026-01-24,2026-01-24,2026-01-24,sale date,low,sale date,canonical transaction row,1.0,19.99,13.49,2026-06-11_18-11-15_modelcentro_transactions.csv
ModelCentro,ModelCentro transaction,,Full site access!,unmapped:modelcentro:full-site-access,Full site access!,,needs mapping,2026-01-24,2026-01-24,2026-01-24,sale date,low,sale date,canonical transaction row,1.0,19.99,13.49,2026-06-11_18-11-15_modelcentro_transactions.csv
ModelCentro,ModelCentro transaction,,Full site access!,unmapped:modelcentro:full-site-access,Full site access!,,needs mapping,2026-01-24,2026-01-24,2026-01-24,sale date,low,sale date,canonical transaction row,1.0,19.99,13.49,2026-06-11_18-11-15_modelcentro_transactions.csv
ModelCentro,ModelCentro transaction,,Full site access!,unmapped:modelcentro:full-site-access,Full site access!,,needs mapping,2026-01-23,2026-01-23,2026-01-23,sale date,low,sale date,canonical transaction row,1.0,19.99,13.49,2026-06-11_18-11-15_modelcentro_transactions.csv
ModelCentro,ModelCentro transaction,,Full site access!,unmapped:modelcentro:full-site-access,Full site access!,,needs mapping,2026-01-22,2026-01-22,2026-01-22,sale date,low,sale date,canonical transaction row,1.0,19.99,13.49,2026-06-11_18-11-15_modelcentro_transactions.csv
ModelCentro,ModelCentro transaction,,Full site access!,unmapped:modelcentro:full-site-access,Full site access!,,needs mapping,2026-01-22,2026-01-22,2026-01-22,sale date,low,sale date,canonical transaction row,1.0,19.99,13.49,2026-06-11_18-11-15_modelcentro_transactions.csv
ModelCentro,ModelCentro transaction,,Full site access!,unmapped:modelcentro:full-site-access,Full site access!,,needs mapping,2026-01-22,2026-01-22,2026-01-22,sale date,low,sale date,canonical transaction row,1.0,19.99,13.49,2026-06-11_18-11-15_modelcentro_transactions.csv
ModelCentro,ModelCentro transaction,,Full site access!,unmapped:modelcentro:full-site-access,Full site access!,,needs mapping,2026-01-22,2026-01-22,2026-01-22,sale date,low,sale date,canonical transaction row,1.0,19.99,13.49,2026-06-11_18-11-15_modelcentro_transactions.csv
ModelCentro,ModelCentro transaction,,Donut Stuffing and Glass Dildo Riding,Video 0147,Donut Stuffing and Glass Dildo Riding,Video,mapped,2026-01-22,2026-01-22,2021-09-26,master content release date,high,sale date,canonical transaction row,1.0,11.99,8.09,2026-06-11_18-11-15_modelcentro_transactions.csv
ModelCentro,ModelCentro transaction,,Full site access!,unmapped:modelcentro:full-site-access,Full site access!,,needs mapping,2026-01-22,2026-01-22,2026-01-22,sale date,low,sale date,canonical transaction row,1.0,19.99,13.49,2026-06-11_18-11-15_modelcentro_transactions.csv
ModelCentro,ModelCentro transaction,,Full site access!,unmapped:modelcentro:full-site-access,Full site access!,,needs mapping,2026-01-21,2026-01-21,2026-01-21,sale date,low,sale date,canonical transaction row,1.0,19.99,13.49,2026-06-11_18-11-15_modelcentro_transactions.csv
ModelCentro,ModelCentro transaction,,Full site access!,unmapped:modelcentro:full-site-access,Full site access!,,needs mapping,2026-01-21,2026-01-21,2026-01-21,sale date,low,sale date,canonical transaction row,1.0,19.99,13.49,2026-06-11_18-11-15_modelcentro_transactions.csv
ModelCentro,ModelCentro transaction,,Full site access!,unmapped:modelcentro:full-site-access,Full site access!,,needs mapping,2026-01-21,2026-01-21,2026-01-21,sale date,low,sale date,canonical transaction row,1.0,19.99,13.49,2026-06-11_18-11-15_modelcentro_transactions.csv
ModelCentro,ModelCentro transaction,,Full site access!,unmapped:modelcentro:full-site-access,Full site access!,,needs mapping,2026-01-21,2026-01-21,2026-01-21,sale date,low,sale date,canonical transaction row,1.0,19.99,13.49,2026-06-11_18-11-15_modelcentro_transactions.csv
ModelCentro,ModelCentro transaction,,Full site access!,unmapped:modelcentro:full-site-access,Full site access!,,needs mapping,2026-01-20,2026-01-20,2026-01-20,sale date,low,sale date,canonical transaction row,1.0,19.99,13.49,2026-06-11_18-11-15_modelcentro_transactions.csv
ModelCentro,ModelCentro transaction,,Full site access!,unmapped:modelcentro:full-site-access,Full site access!,,needs mapping,2026-01-20,2026-01-20,2026-01-20,sale date,low,sale date,canonical transaction row,1.0,19.99,13.49,2026-06-11_18-11-15_modelcentro_transactions.csv
ModelCentro,ModelCentro transaction,,Full site access!,unmapped:modelcentro:full-site-access,Full site access!,,needs mapping,2026-01-20,2026-01-20,2026-01-20,sale date,low,sale date,canonical transaction row,1.0,19.99,13.49,2026-06-11_18-11-15_modelcentro_transactions.csv
ModelCentro,ModelCentro transaction,,Full site access!,unmapped:modelcentro:full-site-access,Full site access!,,needs mapping,2026-01-20,2026-01-20,2026-01-20,sale date,low,sale date,canonical transaction row,1.0,19.99,13.49,2026-06-11_18-11-15_modelcentro_transactions.csv
ModelCentro,ModelCentro transaction,,12 Month Membership - Best Value!,unmapped:modelcentro:12-month-membership-best-value,12 Month Membership - Best Value!,,needs mapping,2026-01-20,2026-01-20,2026-01-20,sale date,low,sale date,canonical transaction row,1.0,156.0,105.3,2026-06-11_18-11-15_modelcentro_transactions.csv
ModelCentro,ModelCentro transaction,,Full site access!,unmapped:modelcentro:full-site-access,Full site access!,,needs mapping,2026-01-20,2026-01-20,2026-01-20,sale date,low,sale date,canonical transaction row,1.0,19.99,13.49,2026-06-11_18-11-15_modelcentro_transactions.csv
ModelCentro,ModelCentro transaction,,Full site access!,unmapped:modelcentro:full-site-access,Full site access!,,needs mapping,2026-01-20,2026-01-20,2026-01-20,sale date,low,sale date,canonical transaction row,1.0,19.99,13.49,2026-06-11_18-11-15_modelcentro_transactions.csv
ModelCentro,ModelCentro transaction,,Full site access!,unmapped:modelcentro:full-site-access,Full site access!,,needs mapping,2026-01-20,2026-01-20,2026-01-20,sale date,low,sale date,canonical transaction row,1.0,19.99,13.49,2026-06-11_18-11-15_modelcentro_transactions.csv
ModelCentro,ModelCentro transaction,,Full site access!,unmapped:modelcentro:full-site-access,Full site access!,,needs mapping,2026-01-19,2026-01-19,2026-01-19,sale date,low,sale date,canonical transaction row,1.0,19.99,13.49,2026-06-11_18-11-15_modelcentro_transactions.csv
ModelCentro,ModelCentro transaction,,Full site access!,unmapped:modelcentro:full-site-access,Full site access!,,needs mapping,2026-01-19,2026-01-19,2026-01-19,sale date,low,sale date,canonical transaction row,1.0,19.99,13.49,2026-06-11_18-11-15_modelcentro_transactions.csv
ModelCentro,ModelCentro transaction,,Full site access!,unmapped:modelcentro:full-site-access,Full site access!,,needs mapping,2026-01-19,2026-01-19,2026-01-19,sale date,low,sale date,canonical transaction row,1.0,19.99,13.49,2026-06-11_18-11-15_modelcentro_transactions.csv
ModelCentro,ModelCentro transaction,,1 Month Membership,unmapped:modelcentro:1-month-membership,1 Month Membership,,needs mapping,2026-01-19,2026-01-19,2026-01-19,sale date,low,sale date,canonical transaction row,1.0,19.99,13.49,2026-06-11_18-11-15_modelcentro_transactions.csv
ModelCentro,ModelCentro transaction,,Full site access!,unmapped:modelcentro:full-site-access,Full site access!,,needs mapping,2026-01-19,2026-01-19,2026-01-19,sale date,low,sale date,canonical transaction row,1.0,19.99,13.49,2026-06-11_18-11-15_modelcentro_transactions.csv
ModelCentro,ModelCentro transaction,,Full site access!,unmapped:modelcentro:full-site-access,Full site access!,,needs mapping,2026-01-19,2026-01-19,2026-01-19,sale date,low,sale date,canonical transaction row,1.0,19.99,13.49,2026-06-11_18-11-15_modelcentro_transactions.csv
ModelCentro,ModelCentro transaction,,Full site access!,unmapped:modelcentro:full-site-access,Full site access!,,needs mapping,2026-01-19,2026-01-19,2026-01-19,sale date,low,sale date,canonical transaction row,1.0,19.99,13.49,2026-06-11_18-11-15_modelcentro_transactions.csv
ModelCentro,ModelCentro transaction,,1 Month Membership,unmapped:modelcentro:1-month-membership,1 Month Membership,,needs mapping,2026-01-19,2026-01-19,2026-01-19,sale date,low,sale date,canonical transaction row,1.0,19.99,13.49,2026-06-11_18-11-15_modelcentro_transactions.csv
ModelCentro,ModelCentro transaction,,Full site access!,unmapped:modelcentro:full-site-access,Full site access!,,needs mapping,2026-01-19,2026-01-19,2026-01-19,sale date,low,sale date,canonical transaction row,1.0,19.99,13.49,2026-06-11_18-11-15_modelcentro_transactions.csv
ModelCentro,ModelCentro transaction,,Full site access!,unmapped:modelcentro:full-site-access,Full site access!,,needs mapping,2026-01-19,2026-01-19,2026-01-19,sale date,low,sale date,canonical transaction row,1.0,19.99,13.49,2026-06-11_18-11-15_modelcentro_transactions.csv
ModelCentro,ModelCentro transaction,,Full site access!,unmapped:modelcentro:full-site-access,Full site access!,,needs mapping,2026-01-19,2026-01-19,2026-01-19,sale date,low,sale date,canonical transaction row,1.0,19.99,13.49,2026-06-11_18-11-15_modelcentro_transactions.csv
ModelCentro,ModelCentro transaction,,Full site access!,unmapped:modelcentro:full-site-access,Full site access!,,needs mapping,2026-01-19,2026-01-19,2026-01-19,sale date,low,sale date,canonical transaction row,1.0,19.99,4.49,2026-06-11_18-11-15_modelcentro_transactions.csv
ModelCentro,ModelCentro transaction,,Full site access!,unmapped:modelcentro:full-site-access,Full site access!,,needs mapping,2026-01-18,2026-01-18,2026-01-18,sale date,low,sale date,canonical transaction row,1.0,19.99,13.49,2026-06-11_18-11-15_modelcentro_transactions.csv
ModelCentro,ModelCentro transaction,,Full site access!,unmapped:modelcentro:full-site-access,Full site access!,,needs mapping,2026-01-18,2026-01-18,2026-01-18,sale date,low,sale date,canonical transaction row,1.0,19.99,13.49,2026-06-11_18-11-15_modelcentro_transactions.csv
ModelCentro,ModelCentro transaction,,Full site access!,unmapped:modelcentro:full-site-access,Full site access!,,needs mapping,2026-01-18,2026-01-18,2026-01-18,sale date,low,sale date,canonical transaction row,1.0,19.99,13.49,2026-06-11_18-11-15_modelcentro_transactions.csv
ModelCentro,ModelCentro transaction,,Full site access!,unmapped:modelcentro:full-site-access,Full site access!,,needs mapping,2026-01-18,2026-01-18,2026-01-18,sale date,low,sale date,canonical transaction row,1.0,19.99,13.49,2026-06-11_18-11-15_modelcentro_transactions.csv
ModelCentro,ModelCentro transaction,,Full site access!,unmapped:modelcentro:full-site-access,Full site access!,,needs mapping,2026-01-18,2026-01-18,2026-01-18,sale date,low,sale date,canonical transaction row,1.0,19.99,13.49,2026-06-11_18-11-15_modelcentro_transactions.csv
ModelCentro,ModelCentro transaction,,Full site access!,unmapped:modelcentro:full-site-access,Full site access!,,needs mapping,2026-01-18,2026-01-18,2026-01-18,sale date,low,sale date,canonical transaction row,1.0,19.99,13.49,2026-06-11_18-11-15_modelcentro_transactions.csv
ModelCentro,ModelCentro transaction,,Full site access!,unmapped:modelcentro:full-site-access,Full site access!,,needs mapping,2026-01-18,2026-01-18,2026-01-18,sale date,low,sale date,canonical transaction row,1.0,19.99,13.49,2026-06-11_18-11-15_modelcentro_transactions.csv
ModelCentro,ModelCentro transaction,,Full site access!,unmapped:modelcentro:full-site-access,Full site access!,,needs mapping,2026-01-17,2026-01-17,2026-01-17,sale date,low,sale date,canonical transaction row,1.0,19.99,13.49,2026-06-11_18-11-15_modelcentro_transactions.csv
ModelCentro,ModelCentro transaction,,Full site access!,unmapped:modelcentro:full-site-access,Full site access!,,needs mapping,2026-01-17,2026-01-17,2026-01-17,sale date,low,sale date,canonical transaction row,1.0,19.99,13.49,2026-06-11_18-11-15_modelcentro_transactions.csv
ModelCentro,ModelCentro transaction,,Full site access!,unmapped:modelcentro:full-site-access,Full site access!,,needs mapping,2026-01-17,2026-01-17,2026-01-17,sale date,low,sale date,canonical transaction row,1.0,19.99,13.49,2026-06-11_18-11-15_modelcentro_transactions.csv
ModelCentro,ModelCentro transaction,,Full site access!,unmapped:modelcentro:full-site-access,Full site access!,,needs mapping,2026-01-17,2026-01-17,2026-01-17,sale date,low,sale date,canonical transaction row,1.0,19.99,13.49,2026-06-11_18-11-15_modelcentro_transactions.csv
ModelCentro,ModelCentro transaction,,Full site access!,unmapped:modelcentro:full-site-access,Full site access!,,needs mapping,2026-01-17,2026-01-17,2026-01-17,sale date,low,sale date,canonical transaction row,1.0,19.99,13.49,2026-06-11_18-11-15_modelcentro_transactions.csv
ModelCentro,ModelCentro transaction,,Full site access!,unmapped:modelcentro:full-site-access,Full site access!,,needs mapping,2026-01-17,2026-01-17,2026-01-17,sale date,low,sale date,canonical transaction row,1.0,19.99,13.49,2026-06-11_18-11-15_modelcentro_transactions.csv
ModelCentro,ModelCentro transaction,,Full site access!,unmapped:modelcentro:full-site-access,Full site access!,,needs mapping,2026-01-17,2026-01-17,2026-01-17,sale date,low,sale date,canonical transaction row,1.0,19.99,13.49,2026-06-11_18-11-15_modelcentro_transactions.csv
ModelCentro,ModelCentro transaction,,Full site access!,unmapped:modelcentro:full-site-access,Full site access!,,needs mapping,2026-01-17,2026-01-17,2026-01-17,sale date,low,sale date,canonical transaction row,1.0,19.99,13.49,2026-06-11_18-11-15_modelcentro_transactions.csv
ModelCentro,ModelCentro transaction,,Full site access!,unmapped:modelcentro:full-site-access,Full site access!,,needs mapping,2026-01-16,2026-01-16,2026-01-16,sale date,low,sale date,canonical transaction row,1.0,19.99,13.49,2026-06-11_18-11-15_modelcentro_transactions.csv
ModelCentro,ModelCentro transaction,,Full site access!,unmapped:modelcentro:full-site-access,Full site access!,,needs mapping,2026-01-16,2026-01-16,2026-01-16,sale date,low,sale date,canonical transaction row,1.0,19.99,13.49,2026-06-11_18-11-15_modelcentro_transactions.csv
ModelCentro,ModelCentro transaction,,Full site access!,unmapped:modelcentro:full-site-access,Full site access!,,needs mapping,2026-01-16,2026-01-16,2026-01-16,sale date,low,sale date,canonical transaction row,1.0,19.99,13.49,2026-06-11_18-11-15_modelcentro_transactions.csv
ModelCentro,ModelCentro transaction,,1 Month Membership,unmapped:modelcentro:1-month-membership,1 Month Membership,,needs mapping,2026-01-16,2026-01-16,2026-01-16,sale date,low,sale date,canonical transaction row,1.0,19.99,13.49,2026-06-11_18-11-15_modelcentro_transactions.csv
ModelCentro,ModelCentro transaction,,Full site access!,unmapped:modelcentro:full-site-access,Full site access!,,needs mapping,2026-01-16,2026-01-16,2026-01-16,sale date,low,sale date,canonical transaction row,1.0,19.99,13.49,2026-06-11_18-11-15_modelcentro_transactions.csv
ModelCentro,ModelCentro transaction,,Full site access!,unmapped:modelcentro:full-site-access,Full site access!,,needs mapping,2026-01-16,2026-01-16,2026-01-16,sale date,low,sale date,canonical transaction row,1.0,19.99,13.49,2026-06-11_18-11-15_modelcentro_transactions.csv
ModelCentro,ModelCentro transaction,,Full site access!,unmapped:modelcentro:full-site-access,Full site access!,,needs mapping,2026-01-16,2026-01-16,2026-01-16,sale date,low,sale date,canonical transaction row,1.0,19.99,13.49,2026-06-11_18-11-15_modelcentro_transactions.csv
ModelCentro,ModelCentro transaction,,Full site access!,unmapped:modelcentro:full-site-access,Full site access!,,needs mapping,2026-01-16,2026-01-16,2026-01-16,sale date,low,sale date,canonical transaction row,1.0,19.99,13.49,2026-06-11_18-11-15_modelcentro_transactions.csv
ModelCentro,ModelCentro transaction,,Full site access!,unmapped:modelcentro:full-site-access,Full site access!,,needs mapping,2026-01-16,2026-01-16,2026-01-16,sale date,low,sale date,canonical transaction row,1.0,19.99,13.49,2026-06-11_18-11-15_modelcentro_transactions.csv
ModelCentro,ModelCentro transaction,,Full site access!,unmapped:modelcentro:full-site-access,Full site access!,,needs mapping,2026-01-16,2026-01-16,2026-01-16,sale date,low,sale date,canonical transaction row,1.0,19.99,13.49,2026-06-11_18-11-15_modelcentro_transactions.csv
ModelCentro,ModelCentro transaction,,Full site access!,unmapped:modelcentro:full-site-access,Full site access!,,needs mapping,2026-01-15,2026-01-15,2026-01-15,sale date,low,sale date,canonical transaction row,1.0,19.99,13.49,2026-06-11_18-11-15_modelcentro_transactions.csv
ModelCentro,ModelCentro transaction,,Full site access!,unmapped:modelcentro:full-site-access,Full site access!,,needs mapping,2026-01-15,2026-01-15,2026-01-15,sale date,low,sale date,canonical transaction row,1.0,19.99,13.49,2026-06-11_18-11-15_modelcentro_transactions.csv
ModelCentro,ModelCentro transaction,,1 Month Membership,unmapped:modelcentro:1-month-membership,1 Month Membership,,needs mapping,2026-01-15,2026-01-15,2026-01-15,sale date,low,sale date,canonical transaction row,1.0,19.99,4.49,2026-06-11_18-11-15_modelcentro_transactions.csv
ModelCentro,ModelCentro transaction,,Full site access!,unmapped:modelcentro:full-site-access,Full site access!,,needs mapping,2026-01-15,2026-01-15,2026-01-15,sale date,low,sale date,canonical transaction row,1.0,19.99,13.49,2026-06-11_18-11-15_modelcentro_transactions.csv
ModelCentro,ModelCentro transaction,,Full site access!,unmapped:modelcentro:full-site-access,Full site access!,,needs mapping,2026-01-14,2026-01-14,2026-01-14,sale date,low,sale date,canonical transaction row,1.0,19.99,13.49,2026-06-11_18-11-15_modelcentro_transactions.csv
ModelCentro,ModelCentro transaction,,Full site access!,unmapped:modelcentro:full-site-access,Full site access!,,needs mapping,2026-01-14,2026-01-14,2026-01-14,sale date,low,sale date,canonical transaction row,1.0,19.99,13.49,2026-06-11_18-11-15_modelcentro_transactions.csv
ModelCentro,ModelCentro transaction,,Full site access!,unmapped:modelcentro:full-site-access,Full site access!,,needs mapping,2026-01-14,2026-01-14,2026-01-14,sale date,low,sale date,canonical transaction row,1.0,19.99,13.49,2026-06-11_18-11-15_modelcentro_transactions.csv
ModelCentro,ModelCentro transaction,,Full site access!,unmapped:modelcentro:full-site-access,Full site access!,,needs mapping,2026-01-14,2026-01-14,2026-01-14,sale date,low,sale date,canonical transaction row,1.0,19.99,13.49,2026-06-11_18-11-15_modelcentro_transactions.csv
ModelCentro,ModelCentro transaction,,Full site access!,unmapped:modelcentro:full-site-access,Full site access!,,needs mapping,2026-01-14,2026-01-14,2026-01-14,sale date,low,sale date,canonical transaction row,1.0,19.99,13.49,2026-06-11_18-11-15_modelcentro_transactions.csv
ModelCentro,ModelCentro transaction,,Full site access!,unmapped:modelcentro:full-site-access,Full site access!,,needs mapping,2026-01-13,2026-01-13,2026-01-13,sale date,low,sale date,canonical transaction row,1.0,19.99,13.49,2026-06-11_18-11-15_modelcentro_transactions.csv
ModelCentro,ModelCentro transaction,,Fat Jiggly Ass,Video 0135,Fat Jiggly Ass,Video,mapped,2026-01-13,2026-01-13,2021-06-12,master content release date,high,sale date,canonical transaction row,1.0,9.99,6.74,2026-06-11_18-11-15_modelcentro_transactions.csv
ModelCentro,ModelCentro transaction,,Full site access!,unmapped:modelcentro:full-site-access,Full site access!,,needs mapping,2026-01-13,2026-01-13,2026-01-13,sale date,low,sale date,canonical transaction row,1.0,19.99,13.49,2026-06-11_18-11-15_modelcentro_transactions.csv
ModelCentro,ModelCentro transaction,,Full site access!,unmapped:modelcentro:full-site-access,Full site access!,,needs mapping,2026-01-12,2026-01-12,2026-01-12,sale date,low,sale date,canonical transaction row,1.0,19.99,13.49,2026-06-11_18-11-15_modelcentro_transactions.csv
ModelCentro,ModelCentro transaction,,Full site access!,unmapped:modelcentro:full-site-access,Full site access!,,needs mapping,2026-01-12,2026-01-12,2026-01-12,sale date,low,sale date,canonical transaction row,1.0,19.99,13.49,2026-06-11_18-11-15_modelcentro_transactions.csv
ModelCentro,ModelCentro transaction,,Full site access!,unmapped:modelcentro:full-site-access,Full site access!,,needs mapping,2026-01-12,2026-01-12,2026-01-12,sale date,low,sale date,canonical transaction row,1.0,19.99,13.49,2026-06-11_18-11-15_modelcentro_transactions.csv
ModelCentro,ModelCentro transaction,,Full site access!,unmapped:modelcentro:full-site-access,Full site access!,,needs mapping,2026-01-12,2026-01-12,2026-01-12,sale date,low,sale date,canonical transaction row,1.0,19.99,13.49,2026-06-11_18-11-15_modelcentro_transactions.csv
ModelCentro,ModelCentro transaction,,Full site access!,unmapped:modelcentro:full-site-access,Full site access!,,needs mapping,2026-01-12,2026-01-12,2026-01-12,sale date,low,sale date,canonical transaction row,1.0,20.49,13.83,2026-06-11_18-11-15_modelcentro_transactions.csv
ModelCentro,ModelCentro transaction,,Full site access!,unmapped:modelcentro:full-site-access,Full site access!,,needs mapping,2026-01-12,2026-01-12,2026-01-12,sale date,low,sale date,canonical transaction row,1.0,19.99,13.49,2026-06-11_18-11-15_modelcentro_transactions.csv
ModelCentro,ModelCentro transaction,,Full site access!,unmapped:modelcentro:full-site-access,Full site access!,,needs mapping,2026-01-11,2026-01-11,2026-01-11,sale date,low,sale date,canonical transaction row,1.0,19.99,13.49,2026-06-11_18-11-15_modelcentro_transactions.csv
ModelCentro,ModelCentro transaction,,Full site access!,unmapped:modelcentro:full-site-access,Full site access!,,needs mapping,2026-01-11,2026-01-11,2026-01-11,sale date,low,sale date,canonical transaction row,1.0,19.99,13.49,2026-06-11_18-11-15_modelcentro_transactions.csv
ModelCentro,ModelCentro transaction,,Full site access!,unmapped:modelcentro:full-site-access,Full site access!,,needs mapping,2026-01-11,2026-01-11,2026-01-11,sale date,low,sale date,canonical transaction row,1.0,19.99,13.49,2026-06-11_18-11-15_modelcentro_transactions.csv
ModelCentro,ModelCentro transaction,,Full site access!,unmapped:modelcentro:full-site-access,Full site access!,,needs mapping,2026-01-11,2026-01-11,2026-01-11,sale date,low,sale date,canonical transaction row,1.0,19.99,13.49,2026-06-11_18-11-15_modelcentro_transactions.csv
ModelCentro,ModelCentro transaction,,Fuck Me POV,Video 0061,Fuck Me POV,Video,mapped,2026-01-11,2026-01-11,2019-11-13,master content release date,high,sale date,canonical transaction row,1.0,14.99,10.11,2026-06-11_18-11-15_modelcentro_transactions.csv
ModelCentro,ModelCentro transaction,,Full site access!,unmapped:modelcentro:full-site-access,Full site access!,,needs mapping,2026-01-10,2026-01-10,2026-01-10,sale date,low,sale date,canonical transaction row,1.0,19.99,13.49,2026-06-11_18-11-15_modelcentro_transactions.csv
ModelCentro,ModelCentro transaction,,Full site access!,unmapped:modelcentro:full-site-access,Full site access!,,needs mapping,2026-01-10,2026-01-10,2026-01-10,sale date,low,sale date,canonical transaction row,1.0,19.99,13.49,2026-06-11_18-11-15_modelcentro_transactions.csv
ModelCentro,ModelCentro transaction,,Full site access!,unmapped:modelcentro:full-site-access,Full site access!,,needs mapping,2026-01-10,2026-01-10,2026-01-10,sale date,low,sale date,canonical transaction row,1.0,19.99,13.49,2026-06-11_18-11-15_modelcentro_transactions.csv
ModelCentro,ModelCentro transaction,,Full site access!,unmapped:modelcentro:full-site-access,Full site access!,,needs mapping,2026-01-10,2026-01-10,2026-01-10,sale date,low,sale date,canonical transaction row,1.0,19.99,13.49,2026-06-11_18-11-15_modelcentro_transactions.csv
ModelCentro,ModelCentro transaction,,Full site access!,unmapped:modelcentro:full-site-access,Full site access!,,needs mapping,2026-01-10,2026-01-10,2026-01-10,sale date,low,sale date,canonical transaction row,1.0,19.99,13.49,2026-06-11_18-11-15_modelcentro_transactions.csv
ModelCentro,ModelCentro transaction,,Full site access!,unmapped:modelcentro:full-site-access,Full site access!,,needs mapping,2026-01-10,2026-01-10,2026-01-10,sale date,low,sale date,canonical transaction row,1.0,19.99,13.49,2026-06-11_18-11-15_modelcentro_transactions.csv
ModelCentro,ModelCentro transaction,,Full site access!,unmapped:modelcentro:full-site-access,Full site access!,,needs mapping,2026-01-10,2026-01-10,2026-01-10,sale date,low,sale date,canonical transaction row,1.0,19.99,13.49,2026-06-11_18-11-15_modelcentro_transactions.csv
ModelCentro,ModelCentro transaction,,Full site access!,unmapped:modelcentro:full-site-access,Full site access!,,needs mapping,2026-01-10,2026-01-10,2026-01-10,sale date,low,sale date,canonical transaction row,1.0,19.99,13.49,2026-06-11_18-11-15_modelcentro_transactions.csv
ModelCentro,ModelCentro transaction,,Full site access!,unmapped:modelcentro:full-site-access,Full site access!,,needs mapping,2026-01-10,2026-01-10,2026-01-10,sale date,low,sale date,canonical transaction row,1.0,19.99,13.49,2026-06-11_18-11-15_modelcentro_transactions.csv
ModelCentro,ModelCentro transaction,,Friends With Benefits,Video 0203,Friends With Benefits,Video,mapped,2026-01-09,2026-01-09,2023-11-18,master content release date,high,sale date,canonical transaction row,1.0,14.99,10.11,2026-06-11_18-11-15_modelcentro_transactions.csv
ModelCentro,ModelCentro transaction,,Full site access!,unmapped:modelcentro:full-site-access,Full site access!,,needs mapping,2026-01-09,2026-01-09,2026-01-09,sale date,low,sale date,canonical transaction row,1.0,19.99,13.49,2026-06-11_18-11-15_modelcentro_transactions.csv
ModelCentro,ModelCentro transaction,,Full site access!,unmapped:modelcentro:full-site-access,Full site access!,,needs mapping,2026-01-09,2026-01-09,2026-01-09,sale date,low,sale date,canonical transaction row,1.0,19.99,13.49,2026-06-11_18-11-15_modelcentro_transactions.csv
ModelCentro,ModelCentro transaction,,Full site access!,unmapped:modelcentro:full-site-access,Full site access!,,needs mapping,2026-01-09,2026-01-09,2026-01-09,sale date,low,sale date,canonical transaction row,1.0,19.99,13.49,2026-06-11_18-11-15_modelcentro_transactions.csv
ModelCentro,ModelCentro transaction,,Full site access!,unmapped:modelcentro:full-site-access,Full site access!,,needs mapping,2026-01-09,2026-01-09,2026-01-09,sale date,low,sale date,canonical transaction row,1.0,19.99,13.49,2026-06-11_18-11-15_modelcentro_transactions.csv
ModelCentro,ModelCentro transaction,,Full site access!,unmapped:modelcentro:full-site-access,Full site access!,,needs mapping,2026-01-08,2026-01-08,2026-01-08,sale date,low,sale date,canonical transaction row,1.0,19.99,13.49,2026-06-11_18-11-15_modelcentro_transactions.csv
ModelCentro,ModelCentro transaction,,Full site access!,unmapped:modelcentro:full-site-access,Full site access!,,needs mapping,2026-01-08,2026-01-08,2026-01-08,sale date,low,sale date,canonical transaction row,1.0,19.99,13.49,2026-06-11_18-11-15_modelcentro_transactions.csv
ModelCentro,ModelCentro transaction,,Full site access!,unmapped:modelcentro:full-site-access,Full site access!,,needs mapping,2026-01-08,2026-01-08,2026-01-08,sale date,low,sale date,canonical transaction row,1.0,19.99,13.49,2026-06-11_18-11-15_modelcentro_transactions.csv
ModelCentro,ModelCentro transaction,,Full site access!,unmapped:modelcentro:full-site-access,Full site access!,,needs mapping,2026-01-08,2026-01-08,2026-01-08,sale date,low,sale date,canonical transaction row,1.0,-19.99,-13.49,2026-06-11_18-11-15_modelcentro_transactions.csv
ModelCentro,ModelCentro transaction,,1 Month Membership,unmapped:modelcentro:1-month-membership,1 Month Membership,,needs mapping,2026-01-08,2026-01-08,2026-01-08,sale date,low,sale date,canonical transaction row,1.0,19.99,13.49,2026-06-11_18-11-15_modelcentro_transactions.csv
ModelCentro,ModelCentro transaction,,Fat Party Girl Gets the Wrong Room,Video 0153,Fat Party Girl Gets the Wrong Room,Video,mapped,2026-01-08,2026-01-08,2021-11-14,master content release date,high,sale date,canonical transaction row,1.0,11.99,8.09,2026-06-11_18-11-15_modelcentro_transactions.csv
ModelCentro,ModelCentro transaction,,Full site access!,unmapped:modelcentro:full-site-access,Full site access!,,needs mapping,2026-01-08,2026-01-08,2026-01-08,sale date,low,sale date,canonical transaction row,1.0,19.99,13.49,2026-06-11_18-11-15_modelcentro_transactions.csv
ModelCentro,ModelCentro transaction,,Full site access!,unmapped:modelcentro:full-site-access,Full site access!,,needs mapping,2026-01-08,2026-01-08,2026-01-08,sale date,low,sale date,canonical transaction row,1.0,19.99,13.49,2026-06-11_18-11-15_modelcentro_transactions.csv
ModelCentro,ModelCentro transaction,,Full site access!,unmapped:modelcentro:full-site-access,Full site access!,,needs mapping,2026-01-08,2026-01-08,2026-01-08,sale date,low,sale date,canonical transaction row,1.0,19.99,13.49,2026-06-11_18-11-15_modelcentro_transactions.csv
ModelCentro,ModelCentro transaction,,Full site access!,unmapped:modelcentro:full-site-access,Full site access!,,needs mapping,2026-01-07,2026-01-07,2026-01-07,sale date,low,sale date,canonical transaction row,1.0,19.99,13.49,2026-06-11_18-11-15_modelcentro_transactions.csv
ModelCentro,ModelCentro transaction,,Full site access!,unmapped:modelcentro:full-site-access,Full site access!,,needs mapping,2026-01-07,2026-01-07,2026-01-07,sale date,low,sale date,canonical transaction row,1.0,19.99,13.49,2026-06-11_18-11-15_modelcentro_transactions.csv
ModelCentro,ModelCentro transaction,,Full site access!,unmapped:modelcentro:full-site-access,Full site access!,,needs mapping,2026-01-07,2026-01-07,2026-01-07,sale date,low,sale date,canonical transaction row,1.0,19.99,13.49,2026-06-11_18-11-15_modelcentro_transactions.csv
ModelCentro,ModelCentro transaction,,Full site access!,unmapped:modelcentro:full-site-access,Full site access!,,needs mapping,2026-01-07,2026-01-07,2026-01-07,sale date,low,sale date,canonical transaction row,1.0,-19.99,-4.49,2026-06-11_18-11-15_modelcentro_transactions.csv
ModelCentro,ModelCentro transaction,,Full site access!,unmapped:modelcentro:full-site-access,Full site access!,,needs mapping,2026-01-07,2026-01-07,2026-01-07,sale date,low,sale date,canonical transaction row,1.0,19.99,13.49,2026-06-11_18-11-15_modelcentro_transactions.csv
ModelCentro,ModelCentro transaction,,Full site access!,unmapped:modelcentro:full-site-access,Full site access!,,needs mapping,2026-01-07,2026-01-07,2026-01-07,sale date,low,sale date,canonical transaction row,1.0,19.99,4.49,2026-06-11_18-11-15_modelcentro_transactions.csv
ModelCentro,ModelCentro transaction,,Full site access!,unmapped:modelcentro:full-site-access,Full site access!,,needs mapping,2026-01-07,2026-01-07,2026-01-07,sale date,low,sale date,canonical transaction row,1.0,19.99,13.49,2026-06-11_18-11-15_modelcentro_transactions.csv
ModelCentro,ModelCentro transaction,,Full site access!,unmapped:modelcentro:full-site-access,Full site access!,,needs mapping,2026-01-06,2026-01-06,2026-01-06,sale date,low,sale date,canonical transaction row,1.0,19.99,13.49,2026-06-11_18-11-15_modelcentro_transactions.csv
ModelCentro,ModelCentro transaction,,Full site access!,unmapped:modelcentro:full-site-access,Full site access!,,needs mapping,2026-01-06,2026-01-06,2026-01-06,sale date,low,sale date,canonical transaction row,1.0,19.99,13.49,2026-06-11_18-11-15_modelcentro_transactions.csv
ModelCentro,ModelCentro transaction,,Full site access!,unmapped:modelcentro:full-site-access,Full site access!,,needs mapping,2026-01-06,2026-01-06,2026-01-06,sale date,low,sale date,canonical transaction row,1.0,19.99,13.49,2026-06-11_18-11-15_modelcentro_transactions.csv
ModelCentro,ModelCentro transaction,,Full site access!,unmapped:modelcentro:full-site-access,Full site access!,,needs mapping,2026-01-06,2026-01-06,2026-01-06,sale date,low,sale date,canonical transaction row,1.0,19.99,13.49,2026-06-11_18-11-15_modelcentro_transactions.csv
ModelCentro,ModelCentro transaction,,Full site access!,unmapped:modelcentro:full-site-access,Full site access!,,needs mapping,2026-01-05,2026-01-05,2026-01-05,sale date,low,sale date,canonical transaction row,1.0,19.99,13.49,2026-06-11_18-11-15_modelcentro_transactions.csv
ModelCentro,ModelCentro transaction,,Full site access!,unmapped:modelcentro:full-site-access,Full site access!,,needs mapping,2026-01-05,2026-01-05,2026-01-05,sale date,low,sale date,canonical transaction row,1.0,19.99,13.49,2026-06-11_18-11-15_modelcentro_transactions.csv
ModelCentro,ModelCentro transaction,,Full site access!,unmapped:modelcentro:full-site-access,Full site access!,,needs mapping,2026-01-05,2026-01-05,2026-01-05,sale date,low,sale date,canonical transaction row,1.0,19.99,13.49,2026-06-11_18-11-15_modelcentro_transactions.csv
ModelCentro,ModelCentro transaction,,3 Month Membership,unmapped:modelcentro:3-month-membership,3 Month Membership,,needs mapping,2026-01-05,2026-01-05,2026-01-05,sale date,low,sale date,canonical transaction row,1.0,50.0,33.75,2026-06-11_18-11-15_modelcentro_transactions.csv
ModelCentro,ModelCentro transaction,,Full site access!,unmapped:modelcentro:full-site-access,Full site access!,,needs mapping,2026-01-04,2026-01-04,2026-01-04,sale date,low,sale date,canonical transaction row,1.0,19.99,13.49,2026-06-11_18-11-15_modelcentro_transactions.csv
ModelCentro,ModelCentro transaction,,Full site access!,unmapped:modelcentro:full-site-access,Full site access!,,needs mapping,2026-01-04,2026-01-04,2026-01-04,sale date,low,sale date,canonical transaction row,1.0,19.99,13.49,2026-06-11_18-11-15_modelcentro_transactions.csv
ModelCentro,ModelCentro transaction,,Full site access!,unmapped:modelcentro:full-site-access,Full site access!,,needs mapping,2026-01-04,2026-01-04,2026-01-04,sale date,low,sale date,canonical transaction row,1.0,19.99,13.49,2026-06-11_18-11-15_modelcentro_transactions.csv
ModelCentro,ModelCentro transaction,,Full site access!,unmapped:modelcentro:full-site-access,Full site access!,,needs mapping,2026-01-04,2026-01-04,2026-01-04,sale date,low,sale date,canonical transaction row,1.0,19.99,13.49,2026-06-11_18-11-15_modelcentro_transactions.csv
ModelCentro,ModelCentro transaction,,Full site access!,unmapped:modelcentro:full-site-access,Full site access!,,needs mapping,2026-01-04,2026-01-04,2026-01-04,sale date,low,sale date,canonical transaction row,1.0,19.99,13.49,2026-06-11_18-11-15_modelcentro_transactions.csv
ModelCentro,ModelCentro transaction,,Full site access!,unmapped:modelcentro:full-site-access,Full site access!,,needs mapping,2026-01-04,2026-01-04,2026-01-04,sale date,low,sale date,canonical transaction row,1.0,19.99,13.49,2026-06-11_18-11-15_modelcentro_transactions.csv
ModelCentro,ModelCentro transaction,,Full site access!,unmapped:modelcentro:full-site-access,Full site access!,,needs mapping,2026-01-04,2026-01-04,2026-01-04,sale date,low,sale date,canonical transaction row,1.0,19.99,13.49,2026-06-11_18-11-15_modelcentro_transactions.csv
ModelCentro,ModelCentro transaction,,Full site access!,unmapped:modelcentro:full-site-access,Full site access!,,needs mapping,2026-01-04,2026-01-04,2026-01-04,sale date,low,sale date,canonical transaction row,1.0,19.99,13.49,2026-06-11_18-11-15_modelcentro_transactions.csv
ModelCentro,ModelCentro transaction,,Full site access!,unmapped:modelcentro:full-site-access,Full site access!,,needs mapping,2026-01-03,2026-01-03,2026-01-03,sale date,low,sale date,canonical transaction row,1.0,19.99,13.49,2026-06-11_18-11-15_modelcentro_transactions.csv
ModelCentro,ModelCentro transaction,,Full site access!,unmapped:modelcentro:full-site-access,Full site access!,,needs mapping,2026-01-03,2026-01-03,2026-01-03,sale date,low,sale date,canonical transaction row,1.0,19.99,13.49,2026-06-11_18-11-15_modelcentro_transactions.csv
ModelCentro,ModelCentro transaction,,1 Month Membership,unmapped:modelcentro:1-month-membership,1 Month Membership,,needs mapping,2026-01-03,2026-01-03,2026-01-03,sale date,low,sale date,canonical transaction row,1.0,19.99,13.49,2026-06-11_18-11-15_modelcentro_transactions.csv
ModelCentro,ModelCentro transaction,,Full site access!,unmapped:modelcentro:full-site-access,Full site access!,,needs mapping,2026-01-03,2026-01-03,2026-01-03,sale date,low,sale date,canonical transaction row,1.0,19.99,13.49,2026-06-11_18-11-15_modelcentro_transactions.csv
ModelCentro,ModelCentro transaction,,Full site access!,unmapped:modelcentro:full-site-access,Full site access!,,needs mapping,2026-01-03,2026-01-03,2026-01-03,sale date,low,sale date,canonical transaction row,1.0,19.99,13.49,2026-06-11_18-11-15_modelcentro_transactions.csv
ModelCentro,ModelCentro transaction,,Full site access!,unmapped:modelcentro:full-site-access,Full site access!,,needs mapping,2026-01-03,2026-01-03,2026-01-03,sale date,low,sale date,canonical transaction row,1.0,19.99,13.49,2026-06-11_18-11-15_modelcentro_transactions.csv
ModelCentro,ModelCentro transaction,,Full site access!,unmapped:modelcentro:full-site-access,Full site access!,,needs mapping,2026-01-03,2026-01-03,2026-01-03,sale date,low,sale date,canonical transaction row,1.0,19.99,13.49,2026-06-11_18-11-15_modelcentro_transactions.csv
ModelCentro,ModelCentro transaction,,Full site access!,unmapped:modelcentro:full-site-access,Full site access!,,needs mapping,2026-01-02,2026-01-02,2026-01-02,sale date,low,sale date,canonical transaction row,1.0,19.99,13.49,2026-06-11_18-11-15_modelcentro_transactions.csv
ModelCentro,ModelCentro transaction,,Full site access!,unmapped:modelcentro:full-site-access,Full site access!,,needs mapping,2026-01-02,2026-01-02,2026-01-02,sale date,low,sale date,canonical transaction row,1.0,19.99,13.49,2026-06-11_18-11-15_modelcentro_transactions.csv
ModelCentro,ModelCentro transaction,,1 Month Membership,unmapped:modelcentro:1-month-membership,1 Month Membership,,needs mapping,2026-01-02,2026-01-02,2026-01-02,sale date,low,sale date,canonical transaction row,1.0,19.99,13.49,2026-06-11_18-11-15_modelcentro_transactions.csv
ModelCentro,ModelCentro transaction,,Full site access!,unmapped:modelcentro:full-site-access,Full site access!,,needs mapping,2026-01-02,2026-01-02,2026-01-02,sale date,low,sale date,canonical transaction row,1.0,19.99,13.49,2026-06-11_18-11-15_modelcentro_transactions.csv
ModelCentro,ModelCentro transaction,,1 Month Membership,unmapped:modelcentro:1-month-membership,1 Month Membership,,needs mapping,2026-01-02,2026-01-02,2026-01-02,sale date,low,sale date,canonical transaction row,1.0,19.99,13.49,2026-06-11_18-11-15_modelcentro_transactions.csv
ModelCentro,ModelCentro transaction,,Full site access!,unmapped:modelcentro:full-site-access,Full site access!,,needs mapping,2026-01-02,2026-01-02,2026-01-02,sale date,low,sale date,canonical transaction row,1.0,19.99,13.49,2026-06-11_18-11-15_modelcentro_transactions.csv
ModelCentro,ModelCentro transaction,,Full site access!,unmapped:modelcentro:full-site-access,Full site access!,,needs mapping,2026-01-02,2026-01-02,2026-01-02,sale date,low,sale date,canonical transaction row,1.0,19.99,13.49,2026-06-11_18-11-15_modelcentro_transactions.csv
ModelCentro,ModelCentro transaction,,Full site access!,unmapped:modelcentro:full-site-access,Full site access!,,needs mapping,2026-01-02,2026-01-02,2026-01-02,sale date,low,sale date,canonical transaction row,1.0,19.99,13.49,2026-06-11_18-11-15_modelcentro_transactions.csv
ModelCentro,ModelCentro transaction,,Full site access!,unmapped:modelcentro:full-site-access,Full site access!,,needs mapping,2026-01-01,2026-01-01,2026-01-01,sale date,low,sale date,canonical transaction row,1.0,19.99,4.49,2026-06-11_18-11-15_modelcentro_transactions.csv
ModelCentro,ModelCentro transaction,,Full site access!,unmapped:modelcentro:full-site-access,Full site access!,,needs mapping,2026-01-01,2026-01-01,2026-01-01,sale date,low,sale date,canonical transaction row,1.0,19.99,13.49,2026-06-11_18-11-15_modelcentro_transactions.csv
ModelCentro,ModelCentro transaction,,Sucking and Fucking in the Sun,Video 0077,BBW Twerks and Fucks With Toy,Video,mapped,2026-01-01,2026-01-01,2020-04-01,master content release date,high,sale date,canonical transaction row,1.0,12.99,8.76,2026-06-11_18-11-15_modelcentro_transactions.csv
ModelCentro,ModelCentro transaction,,Full site access!,unmapped:modelcentro:full-site-access,Full site access!,,needs mapping,2026-01-01,2026-01-01,2026-01-01,sale date,low,sale date,canonical transaction row,1.0,19.99,13.49,2026-06-11_18-11-15_modelcentro_transactions.csv
ModelCentro,ModelCentro transaction,,Lick My Sweaty Crevices Clean,Video 0144,Sweaty Fatty Makes You Lick Her Crevices,Video,mapped,2026-01-01,2026-01-01,2021-09-06,master content release date,high,sale date,canonical transaction row,1.0,14.99,10.11,2026-06-11_18-11-15_modelcentro_transactions.csv
ModelCentro,ModelCentro transaction,,Cumming is the Best Exercise,Video 0142,Cumming is the Best Exercise,Video,mapped,2026-01-01,2026-01-01,2021-08-29,master content release date,high,sale date,canonical transaction row,1.0,10.99,7.41,2026-06-11_18-11-15_modelcentro_transactions.csv
ModelCentro,ModelCentro transaction,,Full site access!,unmapped:modelcentro:full-site-access,Full site access!,,needs mapping,2026-01-01,2026-01-01,2026-01-01,sale date,low,sale date,canonical transaction row,1.0,19.99,13.49,2026-06-11_18-11-15_modelcentro_transactions.csv
ModelCentro,ModelCentro transaction,,Full site access!,unmapped:modelcentro:full-site-access,Full site access!,,needs mapping,2026-01-01,2026-01-01,2026-01-01,sale date,low,sale date,canonical transaction row,1.0,19.99,13.49,2026-06-11_18-11-15_modelcentro_transactions.csv
ModelCentro,ModelCentro transaction,,Full site access!,unmapped:modelcentro:full-site-access,Full site access!,,needs mapping,2026-01-01,2026-01-01,2026-01-01,sale date,low,sale date,canonical transaction row,1.0,19.99,13.49,2026-06-11_18-11-15_modelcentro_transactions.csv
ModelCentro,ModelCentro transaction,,Full site access!,unmapped:modelcentro:full-site-access,Full site access!,,needs mapping,2026-01-01,2026-01-01,2026-01-01,sale date,low,sale date,canonical transaction row,1.0,19.99,13.49,2026-06-11_18-11-15_modelcentro_transactions.csv
ModelCentro,ModelCentro transaction,,Full site access!,unmapped:modelcentro:full-site-access,Full site access!,,needs mapping,2026-06-12,2026-06-12,2026-06-12,sale date,low,sale date,canonical transaction row,1.0,19.99,13.49,2026-06-12_07-34-35_modelcentro_transactions.csv
ModelCentro,ModelCentro transaction,,Full site access!,unmapped:modelcentro:full-site-access,Full site access!,,needs mapping,2026-06-12,2026-06-12,2026-06-12,sale date,low,sale date,canonical transaction row,1.0,-19.99,-13.49,2026-06-12_07-34-35_modelcentro_transactions.csv
ModelCentro,ModelCentro transaction,,Full site access!,unmapped:modelcentro:full-site-access,Full site access!,,needs mapping,2026-06-12,2026-06-12,2026-06-12,sale date,low,sale date,canonical transaction row,1.0,19.99,13.49,2026-06-12_07-34-35_modelcentro_transactions.csv
ModelCentro,ModelCentro transaction,,Full site access!,unmapped:modelcentro:full-site-access,Full site access!,,needs mapping,2026-06-12,2026-06-12,2026-06-12,sale date,low,sale date,canonical transaction row,1.0,19.99,13.49,2026-06-12_07-34-35_modelcentro_transactions.csv
ModelCentro,ModelCentro transaction,,Full site access!,unmapped:modelcentro:full-site-access,Full site access!,,needs mapping,2026-06-13,2026-06-13,2026-06-13,sale date,low,sale date,canonical transaction row,1.0,19.99,13.49,2026-06-13_07-34-05_modelcentro_transactions.csv
ModelCentro,ModelCentro transaction,,Full site access!,unmapped:modelcentro:full-site-access,Full site access!,,needs mapping,2026-06-12,2026-06-12,2026-06-12,sale date,low,sale date,canonical transaction row,1.0,19.99,13.49,2026-06-13_07-34-05_modelcentro_transactions.csv
ModelCentro,ModelCentro transaction,,Full site access!,unmapped:modelcentro:full-site-access,Full site access!,,needs mapping,2026-06-12,2026-06-12,2026-06-12,sale date,low,sale date,canonical transaction row,1.0,19.99,13.49,2026-06-13_07-34-05_modelcentro_transactions.csv
ModelCentro,ModelCentro transaction,,Full site access!,unmapped:modelcentro:full-site-access,Full site access!,,needs mapping,2026-06-12,2026-06-12,2026-06-12,sale date,low,sale date,canonical transaction row,1.0,19.67,13.27,2026-06-13_07-34-05_modelcentro_transactions.csv
ModelCentro,ModelCentro transaction,,Full site access!,unmapped:modelcentro:full-site-access,Full site access!,,needs mapping,2026-06-12,2026-06-12,2026-06-12,sale date,low,sale date,canonical transaction row,1.0,19.99,13.49,2026-06-13_07-34-05_modelcentro_transactions.csv
ModelCentro,ModelCentro transaction,,Full site access!,unmapped:modelcentro:full-site-access,Full site access!,,needs mapping,2026-06-12,2026-06-12,2026-06-12,sale date,low,sale date,canonical transaction row,1.0,19.99,13.49,2026-06-13_07-34-05_modelcentro_transactions.csv
ModelCentro,ModelCentro transaction,,Full site access!,unmapped:modelcentro:full-site-access,Full site access!,,needs mapping,2026-06-12,2026-06-12,2026-06-12,sale date,low,sale date,canonical transaction row,1.0,19.99,13.49,2026-06-13_07-34-05_modelcentro_transactions.csv
ModelCentro,ModelCentro transaction,,Full site access!,unmapped:modelcentro:full-site-access,Full site access!,,needs mapping,2026-06-14,2026-06-14,2026-06-14,sale date,low,sale date,canonical transaction row,1.0,19.99,13.49,2026-06-14_15-42-07_modelcentro_transactions.csv
ModelCentro,ModelCentro transaction,,Full site access!,unmapped:modelcentro:full-site-access,Full site access!,,needs mapping,2026-06-14,2026-06-14,2026-06-14,sale date,low,sale date,canonical transaction row,1.0,19.99,13.49,2026-06-14_15-42-07_modelcentro_transactions.csv
ModelCentro,ModelCentro transaction,,Full site access!,unmapped:modelcentro:full-site-access,Full site access!,,needs mapping,2026-06-13,2026-06-13,2026-06-13,sale date,low,sale date,canonical transaction row,1.0,19.99,13.49,2026-06-14_15-42-07_modelcentro_transactions.csv
ModelCentro,ModelCentro transaction,,Full site access!,unmapped:modelcentro:full-site-access,Full site access!,,needs mapping,2026-06-15,2026-06-15,2026-06-15,sale date,low,sale date,canonical transaction row,1.0,19.99,13.49,2026-06-15_07-35-37_modelcentro_transactions.csv
ModelCentro,ModelCentro transaction,,Full site access!,unmapped:modelcentro:full-site-access,Full site access!,,needs mapping,2026-06-15,2026-06-15,2026-06-15,sale date,low,sale date,canonical transaction row,1.0,19.99,13.49,2026-06-15_07-35-37_modelcentro_transactions.csv
ModelCentro,ModelCentro transaction,,Full site access!,unmapped:modelcentro:full-site-access,Full site access!,,needs mapping,2026-06-15,2026-06-15,2026-06-15,sale date,low,sale date,canonical transaction row,1.0,19.99,13.49,2026-06-15_07-35-37_modelcentro_transactions.csv
ModelCentro,ModelCentro transaction,,Full site access!,unmapped:modelcentro:full-site-access,Full site access!,,needs mapping,2026-06-15,2026-06-15,2026-06-15,sale date,low,sale date,canonical transaction row,1.0,19.99,13.49,2026-06-15_07-35-37_modelcentro_transactions.csv
ModelCentro,ModelCentro transaction,,Full site access!,unmapped:modelcentro:full-site-access,Full site access!,,needs mapping,2026-06-14,2026-06-14,2026-06-14,sale date,low,sale date,canonical transaction row,1.0,19.99,13.49,2026-06-15_07-35-37_modelcentro_transactions.csv
ModelCentro,ModelCentro transaction,,Full site access!,unmapped:modelcentro:full-site-access,Full site access!,,needs mapping,2026-06-16,2026-06-16,2026-06-16,sale date,low,sale date,canonical transaction row,1.0,19.99,13.49,2026-06-16_07-34-26_modelcentro_transactions.csv
ModelCentro,ModelCentro transaction,,Full site access!,unmapped:modelcentro:full-site-access,Full site access!,,needs mapping,2026-06-16,2026-06-16,2026-06-16,sale date,low,sale date,canonical transaction row,1.0,19.99,13.49,2026-06-16_07-34-26_modelcentro_transactions.csv
ModelCentro,ModelCentro transaction,,Full site access!,unmapped:modelcentro:full-site-access,Full site access!,,needs mapping,2026-06-16,2026-06-16,2026-06-16,sale date,low,sale date,canonical transaction row,1.0,19.99,13.49,2026-06-16_07-34-26_modelcentro_transactions.csv
ModelCentro,ModelCentro transaction,,Full site access!,unmapped:modelcentro:full-site-access,Full site access!,,needs mapping,2026-06-16,2026-06-16,2026-06-16,sale date,low,sale date,canonical transaction row,1.0,19.99,13.49,2026-06-16_07-34-26_modelcentro_transactions.csv
ModelCentro,ModelCentro transaction,,Full site access!,unmapped:modelcentro:full-site-access,Full site access!,,needs mapping,2026-06-16,2026-06-16,2026-06-16,sale date,low,sale date,canonical transaction row,1.0,19.99,13.49,2026-06-16_07-34-26_modelcentro_transactions.csv
ModelCentro,ModelCentro transaction,,Full site access!,unmapped:modelcentro:full-site-access,Full site access!,,needs mapping,2026-06-16,2026-06-16,2026-06-16,sale date,low,sale date,canonical transaction row,1.0,19.99,13.49,2026-06-16_07-34-26_modelcentro_transactions.csv
ModelCentro,ModelCentro transaction,,Full site access!,unmapped:modelcentro:full-site-access,Full site access!,,needs mapping,2026-06-16,2026-06-16,2026-06-16,sale date,low,sale date,canonical transaction row,1.0,19.99,13.49,2026-06-16_07-34-26_modelcentro_transactions.csv
ModelCentro,ModelCentro transaction,,Full site access!,unmapped:modelcentro:full-site-access,Full site access!,,needs mapping,2026-06-16,2026-06-16,2026-06-16,sale date,low,sale date,canonical transaction row,1.0,19.99,4.49,2026-06-16_07-34-26_modelcentro_transactions.csv
ModelCentro,ModelCentro transaction,,Full site access!,unmapped:modelcentro:full-site-access,Full site access!,,needs mapping,2026-06-16,2026-06-16,2026-06-16,sale date,low,sale date,canonical transaction row,1.0,19.99,13.49,2026-06-16_07-34-26_modelcentro_transactions.csv
ModelCentro,ModelCentro transaction,,Full site access!,unmapped:modelcentro:full-site-access,Full site access!,,needs mapping,2026-06-16,2026-06-16,2026-06-16,sale date,low,sale date,canonical transaction row,1.0,19.99,13.49,2026-06-16_07-34-26_modelcentro_transactions.csv
ModelCentro,ModelCentro transaction,,1 Month Membership,unmapped:modelcentro:1-month-membership,1 Month Membership,,needs mapping,2026-06-15,2026-06-15,2026-06-15,sale date,low,sale date,canonical transaction row,1.0,19.99,13.49,2026-06-16_07-34-26_modelcentro_transactions.csv
ModelCentro,ModelCentro transaction,,Full site access!,unmapped:modelcentro:full-site-access,Full site access!,,needs mapping,2026-06-15,2026-06-15,2026-06-15,sale date,low,sale date,canonical transaction row,1.0,19.99,13.49,2026-06-16_07-34-26_modelcentro_transactions.csv
ModelCentro,ModelCentro transaction,,Full site access!,unmapped:modelcentro:full-site-access,Full site access!,,needs mapping,2026-06-15,2026-06-15,2026-06-15,sale date,low,sale date,canonical transaction row,1.0,19.99,13.49,2026-06-16_07-34-26_modelcentro_transactions.csv
ModelCentro,ModelCentro transaction,,Full site access!,unmapped:modelcentro:full-site-access,Full site access!,,needs mapping,2026-06-08,2026-06-08,2026-06-08,sale date,low,sale date,canonical transaction row,1.0,19.99,13.49,2026-06-16_07-34-26_modelcentro_transactions.csv
ModelCentro,ModelCentro transaction,,Full site access!,unmapped:modelcentro:full-site-access,Full site access!,,needs mapping,2026-06-08,2026-06-08,2026-06-08,sale date,low,sale date,canonical transaction row,1.0,19.99,13.49,2026-06-16_07-34-26_modelcentro_transactions.csv
ModelCentro,ModelCentro transaction,,Full site access!,unmapped:modelcentro:full-site-access,Full site access!,,needs mapping,2026-06-08,2026-06-08,2026-06-08,sale date,low,sale date,canonical transaction row,1.0,19.99,13.49,2026-06-16_07-34-26_modelcentro_transactions.csv
ModelCentro,ModelCentro transaction,,Full site access!,unmapped:modelcentro:full-site-access,Full site access!,,needs mapping,2026-06-08,2026-06-08,2026-06-08,sale date,low,sale date,canonical transaction row,1.0,19.99,13.49,2026-06-16_07-34-26_modelcentro_transactions.csv
ModelCentro,ModelCentro transaction,,Full site access!,unmapped:modelcentro:full-site-access,Full site access!,,needs mapping,2026-06-07,2026-06-07,2026-06-07,sale date,low,sale date,canonical transaction row,1.0,19.99,13.49,2026-06-16_07-34-26_modelcentro_transactions.csv
ModelCentro,ModelCentro transaction,,Full site access!,unmapped:modelcentro:full-site-access,Full site access!,,needs mapping,2026-06-07,2026-06-07,2026-06-07,sale date,low,sale date,canonical transaction row,1.0,19.99,13.49,2026-06-16_07-34-26_modelcentro_transactions.csv
ModelCentro,ModelCentro transaction,,Full site access!,unmapped:modelcentro:full-site-access,Full site access!,,needs mapping,2026-06-07,2026-06-07,2026-06-07,sale date,low,sale date,canonical transaction row,1.0,19.99,13.49,2026-06-16_07-34-26_modelcentro_transactions.csv
ModelCentro,ModelCentro transaction,,1 Month Membership,unmapped:modelcentro:1-month-membership,1 Month Membership,,needs mapping,2026-06-07,2026-06-07,2026-06-07,sale date,low,sale date,canonical transaction row,1.0,19.99,13.49,2026-06-16_07-34-26_modelcentro_transactions.csv
ModelCentro,ModelCentro transaction,,Full site access!,unmapped:modelcentro:full-site-access,Full site access!,,needs mapping,2026-06-07,2026-06-07,2026-06-07,sale date,low,sale date,canonical transaction row,1.0,19.99,13.49,2026-06-16_07-34-26_modelcentro_transactions.csv
ModelCentro,ModelCentro transaction,,Stripper Lets You Fuck in VIP - POV solo,Video 0143,Stripper Lets You Fuck in VIP - POV solo,Video,mapped,2026-06-07,2026-06-07,2021-09-03,master content release date,high,sale date,canonical transaction row,1.0,10.99,7.41,2026-06-16_07-34-26_modelcentro_transactions.csv
ModelCentro,ModelCentro transaction,,Full site access!,unmapped:modelcentro:full-site-access,Full site access!,,needs mapping,2026-06-07,2026-06-07,2026-06-07,sale date,low,sale date,canonical transaction row,1.0,19.99,13.49,2026-06-16_07-34-26_modelcentro_transactions.csv
ModelCentro,ModelCentro transaction,,Full site access!,unmapped:modelcentro:full-site-access,Full site access!,,needs mapping,2026-06-07,2026-06-07,2026-06-07,sale date,low,sale date,canonical transaction row,1.0,19.99,13.49,2026-06-16_07-34-26_modelcentro_transactions.csv
ModelCentro,ModelCentro transaction,,Full site access!,unmapped:modelcentro:full-site-access,Full site access!,,needs mapping,2026-06-06,2026-06-06,2026-06-06,sale date,low,sale date,canonical transaction row,1.0,19.99,13.49,2026-06-16_07-34-26_modelcentro_transactions.csv
ModelCentro,ModelCentro transaction,,Full site access!,unmapped:modelcentro:full-site-access,Full site access!,,needs mapping,2026-06-06,2026-06-06,2026-06-06,sale date,low,sale date,canonical transaction row,1.0,19.99,13.49,2026-06-16_07-34-26_modelcentro_transactions.csv
ModelCentro,ModelCentro transaction,,Full site access!,unmapped:modelcentro:full-site-access,Full site access!,,needs mapping,2026-06-06,2026-06-06,2026-06-06,sale date,low,sale date,canonical transaction row,1.0,19.99,13.49,2026-06-16_07-34-26_modelcentro_transactions.csv
ModelCentro,ModelCentro transaction,,Full site access!,unmapped:modelcentro:full-site-access,Full site access!,,needs mapping,2026-06-06,2026-06-06,2026-06-06,sale date,low,sale date,canonical transaction row,1.0,19.99,4.49,2026-06-16_07-34-26_modelcentro_transactions.csv
ModelCentro,ModelCentro transaction,,Full site access!,unmapped:modelcentro:full-site-access,Full site access!,,needs mapping,2026-06-06,2026-06-06,2026-06-06,sale date,low,sale date,canonical transaction row,1.0,19.99,13.49,2026-06-16_07-34-26_modelcentro_transactions.csv
ModelCentro,ModelCentro transaction,,Full site access!,unmapped:modelcentro:full-site-access,Full site access!,,needs mapping,2026-06-06,2026-06-06,2026-06-06,sale date,low,sale date,canonical transaction row,1.0,19.99,13.49,2026-06-16_07-34-26_modelcentro_transactions.csv
ModelCentro,ModelCentro transaction,,Full site access!,unmapped:modelcentro:full-site-access,Full site access!,,needs mapping,2026-06-06,2026-06-06,2026-06-06,sale date,low,sale date,canonical transaction row,1.0,19.99,13.49,2026-06-16_07-34-26_modelcentro_transactions.csv
ModelCentro,ModelCentro transaction,,Full site access!,unmapped:modelcentro:full-site-access,Full site access!,,needs mapping,2026-06-06,2026-06-06,2026-06-06,sale date,low,sale date,canonical transaction row,1.0,19.99,13.49,2026-06-16_07-34-26_modelcentro_transactions.csv
ModelCentro,ModelCentro transaction,,Full site access!,unmapped:modelcentro:full-site-access,Full site access!,,needs mapping,2026-06-06,2026-06-06,2026-06-06,sale date,low,sale date,canonical transaction row,1.0,19.99,13.49,2026-06-16_07-34-26_modelcentro_transactions.csv
ModelCentro,ModelCentro transaction,,Full site access!,unmapped:modelcentro:full-site-access,Full site access!,,needs mapping,2026-06-06,2026-06-06,2026-06-06,sale date,low,sale date,canonical transaction row,1.0,19.99,4.49,2026-06-16_07-34-26_modelcentro_transactions.csv
ModelCentro,ModelCentro transaction,,Full site access!,unmapped:modelcentro:full-site-access,Full site access!,,needs mapping,2026-06-06,2026-06-06,2026-06-06,sale date,low,sale date,canonical transaction row,1.0,19.99,13.49,2026-06-16_07-34-26_modelcentro_transactions.csv
ModelCentro,ModelCentro transaction,,Full site access!,unmapped:modelcentro:full-site-access,Full site access!,,needs mapping,2026-06-06,2026-06-06,2026-06-06,sale date,low,sale date,canonical transaction row,1.0,19.99,13.49,2026-06-16_07-34-26_modelcentro_transactions.csv
ModelCentro,ModelCentro transaction,,Full site access!,unmapped:modelcentro:full-site-access,Full site access!,,needs mapping,2026-06-05,2026-06-05,2026-06-05,sale date,low,sale date,canonical transaction row,1.0,19.99,13.49,2026-06-16_07-34-26_modelcentro_transactions.csv
ModelCentro,ModelCentro transaction,,Full site access!,unmapped:modelcentro:full-site-access,Full site access!,,needs mapping,2026-06-05,2026-06-05,2026-06-05,sale date,low,sale date,canonical transaction row,1.0,19.99,13.49,2026-06-16_07-34-26_modelcentro_transactions.csv
ModelCentro,ModelCentro transaction,,Full site access!,unmapped:modelcentro:full-site-access,Full site access!,,needs mapping,2026-06-05,2026-06-05,2026-06-05,sale date,low,sale date,canonical transaction row,1.0,19.99,13.49,2026-06-16_07-34-26_modelcentro_transactions.csv
ModelCentro,ModelCentro transaction,,Full site access!,unmapped:modelcentro:full-site-access,Full site access!,,needs mapping,2026-06-05,2026-06-05,2026-06-05,sale date,low,sale date,canonical transaction row,1.0,19.99,13.49,2026-06-16_07-34-26_modelcentro_transactions.csv
ModelCentro,ModelCentro transaction,,Full site access!,unmapped:modelcentro:full-site-access,Full site access!,,needs mapping,2026-06-05,2026-06-05,2026-06-05,sale date,low,sale date,canonical transaction row,1.0,19.99,13.49,2026-06-16_07-34-26_modelcentro_transactions.csv
ModelCentro,ModelCentro transaction,,Full site access!,unmapped:modelcentro:full-site-access,Full site access!,,needs mapping,2026-06-05,2026-06-05,2026-06-05,sale date,low,sale date,canonical transaction row,1.0,19.99,13.49,2026-06-16_07-34-26_modelcentro_transactions.csv
ModelCentro,ModelCentro transaction,,Full site access!,unmapped:modelcentro:full-site-access,Full site access!,,needs mapping,2026-06-04,2026-06-04,2026-06-04,sale date,low,sale date,canonical transaction row,1.0,19.99,13.49,2026-06-16_07-34-26_modelcentro_transactions.csv
ModelCentro,ModelCentro transaction,,Full site access!,unmapped:modelcentro:full-site-access,Full site access!,,needs mapping,2026-06-04,2026-06-04,2026-06-04,sale date,low,sale date,canonical transaction row,1.0,19.99,13.49,2026-06-16_07-34-26_modelcentro_transactions.csv
ModelCentro,ModelCentro transaction,,Full site access!,unmapped:modelcentro:full-site-access,Full site access!,,needs mapping,2026-06-04,2026-06-04,2026-06-04,sale date,low,sale date,canonical transaction row,1.0,19.99,13.49,2026-06-16_07-34-26_modelcentro_transactions.csv
ModelCentro,ModelCentro transaction,,Full site access!,unmapped:modelcentro:full-site-access,Full site access!,,needs mapping,2026-06-04,2026-06-04,2026-06-04,sale date,low,sale date,canonical transaction row,1.0,19.99,13.49,2026-06-16_07-34-26_modelcentro_transactions.csv
ModelCentro,ModelCentro transaction,,Full site access!,unmapped:modelcentro:full-site-access,Full site access!,,needs mapping,2026-06-03,2026-06-03,2026-06-03,sale date,low,sale date,canonical transaction row,1.0,19.99,13.49,2026-06-16_07-34-26_modelcentro_transactions.csv
ModelCentro,ModelCentro transaction,,Full site access!,unmapped:modelcentro:full-site-access,Full site access!,,needs mapping,2026-06-03,2026-06-03,2026-06-03,sale date,low,sale date,canonical transaction row,1.0,19.99,13.49,2026-06-16_07-34-26_modelcentro_transactions.csv
ModelCentro,ModelCentro transaction,,Full site access!,unmapped:modelcentro:full-site-access,Full site access!,,needs mapping,2026-06-03,2026-06-03,2026-06-03,sale date,low,sale date,canonical transaction row,1.0,19.99,13.49,2026-06-16_07-34-26_modelcentro_transactions.csv
ModelCentro,ModelCentro transaction,,Full site access!,unmapped:modelcentro:full-site-access,Full site access!,,needs mapping,2026-06-03,2026-06-03,2026-06-03,sale date,low,sale date,canonical transaction row,1.0,19.99,13.49,2026-06-16_07-34-26_modelcentro_transactions.csv
ModelCentro,ModelCentro transaction,,Full site access!,unmapped:modelcentro:full-site-access,Full site access!,,needs mapping,2026-06-03,2026-06-03,2026-06-03,sale date,low,sale date,canonical transaction row,1.0,19.99,13.49,2026-06-16_07-34-26_modelcentro_transactions.csv
ModelCentro,ModelCentro transaction,,Full site access!,unmapped:modelcentro:full-site-access,Full site access!,,needs mapping,2026-06-02,2026-06-02,2026-06-02,sale date,low,sale date,canonical transaction row,1.0,19.99,13.49,2026-06-16_07-34-26_modelcentro_transactions.csv
ModelCentro,ModelCentro transaction,,Full site access!,unmapped:modelcentro:full-site-access,Full site access!,,needs mapping,2026-06-02,2026-06-02,2026-06-02,sale date,low,sale date,canonical transaction row,1.0,19.99,13.49,2026-06-16_07-34-26_modelcentro_transactions.csv
ModelCentro,ModelCentro transaction,,Full site access!,unmapped:modelcentro:full-site-access,Full site access!,,needs mapping,2026-06-02,2026-06-02,2026-06-02,sale date,low,sale date,canonical transaction row,1.0,19.99,13.49,2026-06-16_07-34-26_modelcentro_transactions.csv
ModelCentro,ModelCentro transaction,,Full site access!,unmapped:modelcentro:full-site-access,Full site access!,,needs mapping,2026-06-02,2026-06-02,2026-06-02,sale date,low,sale date,canonical transaction row,1.0,19.99,13.49,2026-06-16_07-34-26_modelcentro_transactions.csv
ModelCentro,ModelCentro transaction,,Full site access!,unmapped:modelcentro:full-site-access,Full site access!,,needs mapping,2026-06-02,2026-06-02,2026-06-02,sale date,low,sale date,canonical transaction row,1.0,19.99,13.49,2026-06-16_07-34-26_modelcentro_transactions.csv
ModelCentro,ModelCentro transaction,,Full site access!,unmapped:modelcentro:full-site-access,Full site access!,,needs mapping,2026-06-02,2026-06-02,2026-06-02,sale date,low,sale date,canonical transaction row,1.0,19.99,13.49,2026-06-16_07-34-26_modelcentro_transactions.csv
ModelCentro,ModelCentro transaction,,Full site access!,unmapped:modelcentro:full-site-access,Full site access!,,needs mapping,2026-06-02,2026-06-02,2026-06-02,sale date,low,sale date,canonical transaction row,1.0,19.99,13.49,2026-06-16_07-34-26_modelcentro_transactions.csv
ModelCentro,ModelCentro transaction,,Full site access!,unmapped:modelcentro:full-site-access,Full site access!,,needs mapping,2026-06-02,2026-06-02,2026-06-02,sale date,low,sale date,canonical transaction row,1.0,19.99,13.49,2026-06-16_07-34-26_modelcentro_transactions.csv
ModelCentro,ModelCentro transaction,,Full site access!,unmapped:modelcentro:full-site-access,Full site access!,,needs mapping,2026-06-02,2026-06-02,2026-06-02,sale date,low,sale date,canonical transaction row,1.0,19.99,13.49,2026-06-16_07-34-26_modelcentro_transactions.csv
ModelCentro,ModelCentro transaction,,Full site access!,unmapped:modelcentro:full-site-access,Full site access!,,needs mapping,2026-06-28,2026-06-28,2026-06-28,sale date,low,sale date,canonical transaction row,1.0,19.99,13.49,2026-06-28_13-56-42_modelcentro_transactions.csv
ModelCentro,ModelCentro transaction,,Full site access!,unmapped:modelcentro:full-site-access,Full site access!,,needs mapping,2026-06-28,2026-06-28,2026-06-28,sale date,low,sale date,canonical transaction row,1.0,19.99,13.49,2026-06-28_13-56-42_modelcentro_transactions.csv
ModelCentro,ModelCentro transaction,,Full site access!,unmapped:modelcentro:full-site-access,Full site access!,,needs mapping,2026-06-28,2026-06-28,2026-06-28,sale date,low,sale date,canonical transaction row,1.0,19.99,13.49,2026-06-28_13-56-42_modelcentro_transactions.csv
ModelCentro,ModelCentro transaction,,Full site access!,unmapped:modelcentro:full-site-access,Full site access!,,needs mapping,2026-06-28,2026-06-28,2026-06-28,sale date,low,sale date,canonical transaction row,1.0,19.99,13.49,2026-06-28_13-56-42_modelcentro_transactions.csv
ModelCentro,ModelCentro transaction,,Full site access!,unmapped:modelcentro:full-site-access,Full site access!,,needs mapping,2026-06-28,2026-06-28,2026-06-28,sale date,low,sale date,canonical transaction row,1.0,19.99,13.49,2026-06-28_13-56-42_modelcentro_transactions.csv
ModelCentro,ModelCentro transaction,,Full site access!,unmapped:modelcentro:full-site-access,Full site access!,,needs mapping,2026-06-27,2026-06-27,2026-06-27,sale date,low,sale date,canonical transaction row,1.0,19.99,13.49,2026-06-28_13-56-42_modelcentro_transactions.csv
ModelCentro,ModelCentro transaction,,Full site access!,unmapped:modelcentro:full-site-access,Full site access!,,needs mapping,2026-06-27,2026-06-27,2026-06-27,sale date,low,sale date,canonical transaction row,1.0,19.99,13.49,2026-06-28_13-56-42_modelcentro_transactions.csv
ModelCentro,ModelCentro transaction,,Full site access!,unmapped:modelcentro:full-site-access,Full site access!,,needs mapping,2026-06-27,2026-06-27,2026-06-27,sale date,low,sale date,canonical transaction row,1.0,19.99,13.49,2026-06-28_13-56-42_modelcentro_transactions.csv
ModelCentro,ModelCentro transaction,,Full site access!,unmapped:modelcentro:full-site-access,Full site access!,,needs mapping,2026-06-27,2026-06-27,2026-06-27,sale date,low,sale date,canonical transaction row,1.0,19.99,13.49,2026-06-28_13-56-42_modelcentro_transactions.csv
ModelCentro,ModelCentro transaction,,Full site access!,unmapped:modelcentro:full-site-access,Full site access!,,needs mapping,2026-06-27,2026-06-27,2026-06-27,sale date,low,sale date,canonical transaction row,1.0,19.99,13.49,2026-06-28_13-56-42_modelcentro_transactions.csv
ModelCentro,ModelCentro transaction,,Full site access!,unmapped:modelcentro:full-site-access,Full site access!,,needs mapping,2026-06-27,2026-06-27,2026-06-27,sale date,low,sale date,canonical transaction row,1.0,19.99,13.49,2026-06-28_13-56-42_modelcentro_transactions.csv
ModelCentro,ModelCentro transaction,,Full site access!,unmapped:modelcentro:full-site-access,Full site access!,,needs mapping,2026-06-27,2026-06-27,2026-06-27,sale date,low,sale date,canonical transaction row,1.0,19.99,13.49,2026-06-28_13-56-42_modelcentro_transactions.csv
ModelCentro,ModelCentro transaction,,Full site access!,unmapped:modelcentro:full-site-access,Full site access!,,needs mapping,2026-06-26,2026-06-26,2026-06-26,sale date,low,sale date,canonical transaction row,1.0,-19.99,-13.49,2026-06-28_13-56-42_modelcentro_transactions.csv
ModelCentro,ModelCentro transaction,,Full site access!,unmapped:modelcentro:full-site-access,Full site access!,,needs mapping,2026-06-26,2026-06-26,2026-06-26,sale date,low,sale date,canonical transaction row,1.0,19.99,13.49,2026-06-28_13-56-42_modelcentro_transactions.csv
ModelCentro,ModelCentro transaction,,Full site access!,unmapped:modelcentro:full-site-access,Full site access!,,needs mapping,2026-06-26,2026-06-26,2026-06-26,sale date,low,sale date,canonical transaction row,1.0,19.99,13.49,2026-06-28_13-56-42_modelcentro_transactions.csv
ModelCentro,ModelCentro transaction,,Full site access!,unmapped:modelcentro:full-site-access,Full site access!,,needs mapping,2026-06-26,2026-06-26,2026-06-26,sale date,low,sale date,canonical transaction row,1.0,19.99,4.49,2026-06-28_13-56-42_modelcentro_transactions.csv
ModelCentro,ModelCentro transaction,,Full site access!,unmapped:modelcentro:full-site-access,Full site access!,,needs mapping,2026-06-26,2026-06-26,2026-06-26,sale date,low,sale date,canonical transaction row,1.0,19.99,13.49,2026-06-28_13-56-42_modelcentro_transactions.csv
ModelCentro,ModelCentro transaction,,Full site access!,unmapped:modelcentro:full-site-access,Full site access!,,needs mapping,2026-06-26,2026-06-26,2026-06-26,sale date,low,sale date,canonical transaction row,1.0,19.99,13.49,2026-06-28_13-56-42_modelcentro_transactions.csv
ModelCentro,ModelCentro transaction,,Full site access!,unmapped:modelcentro:full-site-access,Full site access!,,needs mapping,2026-06-26,2026-06-26,2026-06-26,sale date,low,sale date,canonical transaction row,1.0,19.99,13.49,2026-06-28_13-56-42_modelcentro_transactions.csv
ModelCentro,ModelCentro transaction,,Full site access!,unmapped:modelcentro:full-site-access,Full site access!,,needs mapping,2026-06-26,2026-06-26,2026-06-26,sale date,low,sale date,canonical transaction row,1.0,19.99,13.49,2026-06-28_13-56-42_modelcentro_transactions.csv
ModelCentro,ModelCentro transaction,,Full site access!,unmapped:modelcentro:full-site-access,Full site access!,,needs mapping,2026-06-26,2026-06-26,2026-06-26,sale date,low,sale date,canonical transaction row,1.0,19.99,13.49,2026-06-28_13-56-42_modelcentro_transactions.csv
ModelCentro,ModelCentro transaction,,Full site access!,unmapped:modelcentro:full-site-access,Full site access!,,needs mapping,2026-06-26,2026-06-26,2026-06-26,sale date,low,sale date,canonical transaction row,1.0,19.99,13.49,2026-06-28_13-56-42_modelcentro_transactions.csv
ModelCentro,ModelCentro transaction,,Full site access!,unmapped:modelcentro:full-site-access,Full site access!,,needs mapping,2026-06-26,2026-06-26,2026-06-26,sale date,low,sale date,canonical transaction row,1.0,19.99,13.49,2026-06-28_13-56-42_modelcentro_transactions.csv
ModelCentro,ModelCentro transaction,,Full site access!,unmapped:modelcentro:full-site-access,Full site access!,,needs mapping,2026-06-25,2026-06-25,2026-06-25,sale date,low,sale date,canonical transaction row,1.0,19.99,13.49,2026-06-28_13-56-42_modelcentro_transactions.csv
ModelCentro,ModelCentro transaction,,Full site access!,unmapped:modelcentro:full-site-access,Full site access!,,needs mapping,2026-06-25,2026-06-25,2026-06-25,sale date,low,sale date,canonical transaction row,1.0,19.99,13.49,2026-06-28_13-56-42_modelcentro_transactions.csv
ModelCentro,ModelCentro transaction,,Full site access!,unmapped:modelcentro:full-site-access,Full site access!,,needs mapping,2026-06-25,2026-06-25,2026-06-25,sale date,low,sale date,canonical transaction row,1.0,19.99,4.49,2026-06-28_13-56-42_modelcentro_transactions.csv
ModelCentro,ModelCentro transaction,,Full site access!,unmapped:modelcentro:full-site-access,Full site access!,,needs mapping,2026-06-25,2026-06-25,2026-06-25,sale date,low,sale date,canonical transaction row,1.0,19.99,13.49,2026-06-28_13-56-42_modelcentro_transactions.csv
ModelCentro,ModelCentro transaction,,Full site access!,unmapped:modelcentro:full-site-access,Full site access!,,needs mapping,2026-06-25,2026-06-25,2026-06-25,sale date,low,sale date,canonical transaction row,1.0,19.99,13.49,2026-06-28_13-56-42_modelcentro_transactions.csv
ModelCentro,ModelCentro transaction,,Full site access!,unmapped:modelcentro:full-site-access,Full site access!,,needs mapping,2026-06-25,2026-06-25,2026-06-25,sale date,low,sale date,canonical transaction row,1.0,19.99,13.49,2026-06-28_13-56-42_modelcentro_transactions.csv
ModelCentro,ModelCentro transaction,,Full site access!,unmapped:modelcentro:full-site-access,Full site access!,,needs mapping,2026-06-25,2026-06-25,2026-06-25,sale date,low,sale date,canonical transaction row,1.0,19.99,13.49,2026-06-28_13-56-42_modelcentro_transactions.csv
ModelCentro,ModelCentro transaction,,Full site access!,unmapped:modelcentro:full-site-access,Full site access!,,needs mapping,2026-06-24,2026-06-24,2026-06-24,sale date,low,sale date,canonical transaction row,1.0,19.99,13.49,2026-06-28_13-56-42_modelcentro_transactions.csv
ModelCentro,ModelCentro transaction,,Full site access!,unmapped:modelcentro:full-site-access,Full site access!,,needs mapping,2026-06-24,2026-06-24,2026-06-24,sale date,low,sale date,canonical transaction row,1.0,19.99,13.49,2026-06-28_13-56-42_modelcentro_transactions.csv
ModelCentro,ModelCentro transaction,,1 Month Membership,unmapped:modelcentro:1-month-membership,1 Month Membership,,needs mapping,2026-06-24,2026-06-24,2026-06-24,sale date,low,sale date,canonical transaction row,1.0,19.99,13.49,2026-06-28_13-56-42_modelcentro_transactions.csv
ModelCentro,ModelCentro transaction,,Full site access!,unmapped:modelcentro:full-site-access,Full site access!,,needs mapping,2026-06-24,2026-06-24,2026-06-24,sale date,low,sale date,canonical transaction row,1.0,19.99,13.49,2026-06-28_13-56-42_modelcentro_transactions.csv
ModelCentro,ModelCentro transaction,,Full site access!,unmapped:modelcentro:full-site-access,Full site access!,,needs mapping,2026-06-24,2026-06-24,2026-06-24,sale date,low,sale date,canonical transaction row,1.0,19.99,13.49,2026-06-28_13-56-42_modelcentro_transactions.csv
ModelCentro,ModelCentro transaction,,Full site access!,unmapped:modelcentro:full-site-access,Full site access!,,needs mapping,2026-06-24,2026-06-24,2026-06-24,sale date,low,sale date,canonical transaction row,1.0,19.99,13.49,2026-06-28_13-56-42_modelcentro_transactions.csv
ModelCentro,ModelCentro transaction,,Full site access!,unmapped:modelcentro:full-site-access,Full site access!,,needs mapping,2026-06-24,2026-06-24,2026-06-24,sale date,low,sale date,canonical transaction row,1.0,19.99,13.49,2026-06-28_13-56-42_modelcentro_transactions.csv
ModelCentro,ModelCentro transaction,,Full site access!,unmapped:modelcentro:full-site-access,Full site access!,,needs mapping,2026-06-23,2026-06-23,2026-06-23,sale date,low,sale date,canonical transaction row,1.0,19.99,13.49,2026-06-28_13-56-42_modelcentro_transactions.csv
ModelCentro,ModelCentro transaction,,Full site access!,unmapped:modelcentro:full-site-access,Full site access!,,needs mapping,2026-06-23,2026-06-23,2026-06-23,sale date,low,sale date,canonical transaction row,1.0,19.99,13.49,2026-06-28_13-56-42_modelcentro_transactions.csv
ModelCentro,ModelCentro transaction,,Full site access!,unmapped:modelcentro:full-site-access,Full site access!,,needs mapping,2026-06-23,2026-06-23,2026-06-23,sale date,low,sale date,canonical transaction row,1.0,19.99,13.49,2026-06-28_13-56-42_modelcentro_transactions.csv
ModelCentro,ModelCentro transaction,,Full site access!,unmapped:modelcentro:full-site-access,Full site access!,,needs mapping,2026-06-23,2026-06-23,2026-06-23,sale date,low,sale date,canonical transaction row,1.0,19.99,13.49,2026-06-28_13-56-42_modelcentro_transactions.csv
ModelCentro,ModelCentro transaction,,Full site access!,unmapped:modelcentro:full-site-access,Full site access!,,needs mapping,2026-06-23,2026-06-23,2026-06-23,sale date,low,sale date,canonical transaction row,1.0,19.99,13.49,2026-06-28_13-56-42_modelcentro_transactions.csv
ModelCentro,ModelCentro transaction,,Full site access!,unmapped:modelcentro:full-site-access,Full site access!,,needs mapping,2026-06-23,2026-06-23,2026-06-23,sale date,low,sale date,canonical transaction row,1.0,19.99,13.49,2026-06-28_13-56-42_modelcentro_transactions.csv
ModelCentro,ModelCentro transaction,,Full site access!,unmapped:modelcentro:full-site-access,Full site access!,,needs mapping,2026-06-22,2026-06-22,2026-06-22,sale date,low,sale date,canonical transaction row,1.0,19.99,13.49,2026-06-28_13-56-42_modelcentro_transactions.csv
ModelCentro,ModelCentro transaction,,Full site access!,unmapped:modelcentro:full-site-access,Full site access!,,needs mapping,2026-06-22,2026-06-22,2026-06-22,sale date,low,sale date,canonical transaction row,1.0,19.99,13.49,2026-06-28_13-56-42_modelcentro_transactions.csv
ModelCentro,ModelCentro transaction,,Full site access!,unmapped:modelcentro:full-site-access,Full site access!,,needs mapping,2026-06-22,2026-06-22,2026-06-22,sale date,low,sale date,canonical transaction row,1.0,19.99,4.49,2026-06-28_13-56-42_modelcentro_transactions.csv
ModelCentro,ModelCentro transaction,,Full site access!,unmapped:modelcentro:full-site-access,Full site access!,,needs mapping,2026-06-22,2026-06-22,2026-06-22,sale date,low,sale date,canonical transaction row,1.0,19.99,13.49,2026-06-28_13-56-42_modelcentro_transactions.csv
ModelCentro,ModelCentro transaction,,Full site access!,unmapped:modelcentro:full-site-access,Full site access!,,needs mapping,2026-06-22,2026-06-22,2026-06-22,sale date,low,sale date,canonical transaction row,1.0,19.99,13.49,2026-06-28_13-56-42_modelcentro_transactions.csv
ModelCentro,ModelCentro transaction,,Full site access!,unmapped:modelcentro:full-site-access,Full site access!,,needs mapping,2026-06-22,2026-06-22,2026-06-22,sale date,low,sale date,canonical transaction row,1.0,19.99,13.49,2026-06-28_13-56-42_modelcentro_transactions.csv
ModelCentro,ModelCentro transaction,,Full site access!,unmapped:modelcentro:full-site-access,Full site access!,,needs mapping,2026-06-21,2026-06-21,2026-06-21,sale date,low,sale date,canonical transaction row,1.0,19.99,13.49,2026-06-28_13-56-42_modelcentro_transactions.csv
ModelCentro,ModelCentro transaction,,Full site access!,unmapped:modelcentro:full-site-access,Full site access!,,needs mapping,2026-06-21,2026-06-21,2026-06-21,sale date,low,sale date,canonical transaction row,1.0,19.99,13.49,2026-06-28_13-56-42_modelcentro_transactions.csv
ModelCentro,ModelCentro transaction,,Full site access!,unmapped:modelcentro:full-site-access,Full site access!,,needs mapping,2026-06-21,2026-06-21,2026-06-21,sale date,low,sale date,canonical transaction row,1.0,19.99,13.49,2026-06-28_13-56-42_modelcentro_transactions.csv
ModelCentro,ModelCentro transaction,,Full site access!,unmapped:modelcentro:full-site-access,Full site access!,,needs mapping,2026-06-21,2026-06-21,2026-06-21,sale date,low,sale date,canonical transaction row,1.0,19.99,13.49,2026-06-28_13-56-42_modelcentro_transactions.csv
ModelCentro,ModelCentro transaction,,Full site access!,unmapped:modelcentro:full-site-access,Full site access!,,needs mapping,2026-06-21,2026-06-21,2026-06-21,sale date,low,sale date,canonical transaction row,1.0,19.99,13.49,2026-06-28_13-56-42_modelcentro_transactions.csv
ModelCentro,ModelCentro transaction,,Full site access!,unmapped:modelcentro:full-site-access,Full site access!,,needs mapping,2026-06-21,2026-06-21,2026-06-21,sale date,low,sale date,canonical transaction row,1.0,19.99,13.49,2026-06-28_13-56-42_modelcentro_transactions.csv
ModelCentro,ModelCentro transaction,,Full site access!,unmapped:modelcentro:full-site-access,Full site access!,,needs mapping,2026-06-21,2026-06-21,2026-06-21,sale date,low,sale date,canonical transaction row,1.0,19.99,13.49,2026-06-28_13-56-42_modelcentro_transactions.csv
ModelCentro,ModelCentro transaction,,Full site access!,unmapped:modelcentro:full-site-access,Full site access!,,needs mapping,2026-06-20,2026-06-20,2026-06-20,sale date,low,sale date,canonical transaction row,1.0,19.99,13.49,2026-06-28_13-56-42_modelcentro_transactions.csv
ModelCentro,ModelCentro transaction,,Full site access!,unmapped:modelcentro:full-site-access,Full site access!,,needs mapping,2026-06-20,2026-06-20,2026-06-20,sale date,low,sale date,canonical transaction row,1.0,-19.99,-13.49,2026-06-28_13-56-42_modelcentro_transactions.csv
ModelCentro,ModelCentro transaction,,Full site access!,unmapped:modelcentro:full-site-access,Full site access!,,needs mapping,2026-06-20,2026-06-20,2026-06-20,sale date,low,sale date,canonical transaction row,1.0,19.99,13.49,2026-06-28_13-56-42_modelcentro_transactions.csv
ModelCentro,ModelCentro transaction,,Full site access!,unmapped:modelcentro:full-site-access,Full site access!,,needs mapping,2026-06-20,2026-06-20,2026-06-20,sale date,low,sale date,canonical transaction row,1.0,19.99,13.49,2026-06-28_13-56-42_modelcentro_transactions.csv
ModelCentro,ModelCentro transaction,,Full site access!,unmapped:modelcentro:full-site-access,Full site access!,,needs mapping,2026-06-20,2026-06-20,2026-06-20,sale date,low,sale date,canonical transaction row,1.0,19.99,13.49,2026-06-28_13-56-42_modelcentro_transactions.csv
ModelCentro,ModelCentro transaction,,Full site access!,unmapped:modelcentro:full-site-access,Full site access!,,needs mapping,2026-06-19,2026-06-19,2026-06-19,sale date,low,sale date,canonical transaction row,1.0,19.99,13.49,2026-06-28_13-56-42_modelcentro_transactions.csv
ModelCentro,ModelCentro transaction,,Full site access!,unmapped:modelcentro:full-site-access,Full site access!,,needs mapping,2026-06-19,2026-06-19,2026-06-19,sale date,low,sale date,canonical transaction row,1.0,19.99,13.49,2026-06-28_13-56-42_modelcentro_transactions.csv
ModelCentro,ModelCentro transaction,,Full site access!,unmapped:modelcentro:full-site-access,Full site access!,,needs mapping,2026-06-19,2026-06-19,2026-06-19,sale date,low,sale date,canonical transaction row,1.0,19.99,13.49,2026-06-28_13-56-42_modelcentro_transactions.csv
ModelCentro,ModelCentro transaction,,Full site access!,unmapped:modelcentro:full-site-access,Full site access!,,needs mapping,2026-06-19,2026-06-19,2026-06-19,sale date,low,sale date,canonical transaction row,1.0,19.99,13.49,2026-06-28_13-56-42_modelcentro_transactions.csv
ModelCentro,ModelCentro transaction,,Full site access!,unmapped:modelcentro:full-site-access,Full site access!,,needs mapping,2026-06-19,2026-06-19,2026-06-19,sale date,low,sale date,canonical transaction row,1.0,19.99,13.49,2026-06-28_13-56-42_modelcentro_transactions.csv
ModelCentro,ModelCentro transaction,,Full site access!,unmapped:modelcentro:full-site-access,Full site access!,,needs mapping,2026-06-19,2026-06-19,2026-06-19,sale date,low,sale date,canonical transaction row,1.0,19.99,13.49,2026-06-28_13-56-42_modelcentro_transactions.csv
ModelCentro,ModelCentro transaction,,Full site access!,unmapped:modelcentro:full-site-access,Full site access!,,needs mapping,2026-06-19,2026-06-19,2026-06-19,sale date,low,sale date,canonical transaction row,1.0,19.99,13.49,2026-06-28_13-56-42_modelcentro_transactions.csv
ModelCentro,ModelCentro transaction,,Full site access!,unmapped:modelcentro:full-site-access,Full site access!,,needs mapping,2026-06-19,2026-06-19,2026-06-19,sale date,low,sale date,canonical transaction row,1.0,19.99,13.49,2026-06-28_13-56-42_modelcentro_transactions.csv
ModelCentro,ModelCentro transaction,,Full site access!,unmapped:modelcentro:full-site-access,Full site access!,,needs mapping,2026-06-19,2026-06-19,2026-06-19,sale date,low,sale date,canonical transaction row,1.0,19.99,13.49,2026-06-28_13-56-42_modelcentro_transactions.csv
ModelCentro,ModelCentro transaction,,Full site access!,unmapped:modelcentro:full-site-access,Full site access!,,needs mapping,2026-06-18,2026-06-18,2026-06-18,sale date,low,sale date,canonical transaction row,1.0,19.99,13.49,2026-06-28_13-56-42_modelcentro_transactions.csv
ModelCentro,ModelCentro transaction,,1 Month Membership,unmapped:modelcentro:1-month-membership,1 Month Membership,,needs mapping,2026-06-18,2026-06-18,2026-06-18,sale date,low,sale date,canonical transaction row,1.0,19.99,13.49,2026-06-28_13-56-42_modelcentro_transactions.csv
ModelCentro,ModelCentro transaction,,Full site access!,unmapped:modelcentro:full-site-access,Full site access!,,needs mapping,2026-06-18,2026-06-18,2026-06-18,sale date,low,sale date,canonical transaction row,1.0,19.99,13.49,2026-06-28_13-56-42_modelcentro_transactions.csv
ModelCentro,ModelCentro transaction,,Full site access!,unmapped:modelcentro:full-site-access,Full site access!,,needs mapping,2026-06-18,2026-06-18,2026-06-18,sale date,low,sale date,canonical transaction row,1.0,19.99,13.49,2026-06-28_13-56-42_modelcentro_transactions.csv
ModelCentro,ModelCentro transaction,,Full site access!,unmapped:modelcentro:full-site-access,Full site access!,,needs mapping,2026-06-18,2026-06-18,2026-06-18,sale date,low,sale date,canonical transaction row,1.0,19.99,13.49,2026-06-28_13-56-42_modelcentro_transactions.csv
ModelCentro,ModelCentro transaction,,Full site access!,unmapped:modelcentro:full-site-access,Full site access!,,needs mapping,2026-06-18,2026-06-18,2026-06-18,sale date,low,sale date,canonical transaction row,1.0,19.99,13.49,2026-06-28_13-56-42_modelcentro_transactions.csv
ModelCentro,ModelCentro transaction,,Full site access!,unmapped:modelcentro:full-site-access,Full site access!,,needs mapping,2026-06-18,2026-06-18,2026-06-18,sale date,low,sale date,canonical transaction row,1.0,19.99,13.49,2026-06-28_13-56-42_modelcentro_transactions.csv
ModelCentro,ModelCentro transaction,,1 Month Membership,unmapped:modelcentro:1-month-membership,1 Month Membership,,needs mapping,2026-06-18,2026-06-18,2026-06-18,sale date,low,sale date,canonical transaction row,1.0,19.99,13.49,2026-06-28_13-56-42_modelcentro_transactions.csv
ModelCentro,ModelCentro transaction,,Full site access!,unmapped:modelcentro:full-site-access,Full site access!,,needs mapping,2026-06-18,2026-06-18,2026-06-18,sale date,low,sale date,canonical transaction row,1.0,19.99,13.49,2026-06-28_13-56-42_modelcentro_transactions.csv
ModelCentro,ModelCentro transaction,,Full site access!,unmapped:modelcentro:full-site-access,Full site access!,,needs mapping,2026-06-18,2026-06-18,2026-06-18,sale date,low,sale date,canonical transaction row,1.0,19.99,13.49,2026-06-28_13-56-42_modelcentro_transactions.csv
ModelCentro,ModelCentro transaction,,Full site access!,unmapped:modelcentro:full-site-access,Full site access!,,needs mapping,2026-06-17,2026-06-17,2026-06-17,sale date,low,sale date,canonical transaction row,1.0,19.99,13.49,2026-06-28_13-56-42_modelcentro_transactions.csv
ModelCentro,ModelCentro transaction,,Full site access!,unmapped:modelcentro:full-site-access,Full site access!,,needs mapping,2026-06-17,2026-06-17,2026-06-17,sale date,low,sale date,canonical transaction row,1.0,19.99,13.49,2026-06-28_13-56-42_modelcentro_transactions.csv
ModelCentro,ModelCentro transaction,,Full site access!,unmapped:modelcentro:full-site-access,Full site access!,,needs mapping,2026-06-17,2026-06-17,2026-06-17,sale date,low,sale date,canonical transaction row,1.0,19.99,13.49,2026-06-28_13-56-42_modelcentro_transactions.csv
ModelCentro,ModelCentro transaction,,Full site access!,unmapped:modelcentro:full-site-access,Full site access!,,needs mapping,2026-06-17,2026-06-17,2026-06-17,sale date,low,sale date,canonical transaction row,1.0,19.99,13.49,2026-06-28_13-56-42_modelcentro_transactions.csv
ModelCentro,ModelCentro transaction,,Full site access!,unmapped:modelcentro:full-site-access,Full site access!,,needs mapping,2026-06-17,2026-06-17,2026-06-17,sale date,low,sale date,canonical transaction row,1.0,19.99,13.49,2026-06-28_13-56-42_modelcentro_transactions.csv
ModelCentro,ModelCentro transaction,,Full site access!,unmapped:modelcentro:full-site-access,Full site access!,,needs mapping,2026-06-16,2026-06-16,2026-06-16,sale date,low,sale date,canonical transaction row,1.0,19.99,13.49,2026-06-28_13-56-42_modelcentro_transactions.csv
ModelCentro,ModelCentro transaction,,Full site access!,unmapped:modelcentro:full-site-access,Full site access!,,needs mapping,2026-06-16,2026-06-16,2026-06-16,sale date,low,sale date,canonical transaction row,1.0,19.99,13.49,2026-06-28_13-56-42_modelcentro_transactions.csv
ModelCentro,ModelCentro transaction,,Full site access!,unmapped:modelcentro:full-site-access,Full site access!,,needs mapping,2026-06-16,2026-06-16,2026-06-16,sale date,low,sale date,canonical transaction row,1.0,19.99,13.49,2026-06-28_13-56-42_modelcentro_transactions.csv
ModelCentro,ModelCentro transaction,,1 Month Membership,unmapped:modelcentro:1-month-membership,1 Month Membership,,needs mapping,2026-06-15,2026-06-15,2026-06-15,sale date,low,sale date,canonical transaction row,1.0,19.99,13.49,2026-06-28_13-56-42_modelcentro_transactions.csv
ModelCentro,ModelCentro transaction,,Full site access!,unmapped:modelcentro:full-site-access,Full site access!,,needs mapping,2026-06-15,2026-06-15,2026-06-15,sale date,low,sale date,canonical transaction row,1.0,19.99,13.49,2026-06-28_13-56-42_modelcentro_transactions.csv
ModelCentro,ModelCentro transaction,,Full site access!,unmapped:modelcentro:full-site-access,Full site access!,,needs mapping,2026-06-15,2026-06-15,2026-06-15,sale date,low,sale date,canonical transaction row,1.0,19.99,13.49,2026-06-28_13-56-42_modelcentro_transactions.csv
ModelCentro,ModelCentro transaction,,Full site access!,unmapped:modelcentro:full-site-access,Full site access!,,needs mapping,2026-06-15,2026-06-15,2026-06-15,sale date,low,sale date,canonical transaction row,1.0,19.99,13.49,2026-06-28_13-56-42_modelcentro_transactions.csv
ModelCentro,ModelCentro transaction,,Full site access!,unmapped:modelcentro:full-site-access,Full site access!,,needs mapping,2026-06-15,2026-06-15,2026-06-15,sale date,low,sale date,canonical transaction row,1.0,19.99,13.49,2026-06-28_13-56-42_modelcentro_transactions.csv
ModelCentro,ModelCentro transaction,,Full site access!,unmapped:modelcentro:full-site-access,Full site access!,,needs mapping,2026-06-15,2026-06-15,2026-06-15,sale date,low,sale date,canonical transaction row,1.0,19.99,13.49,2026-06-28_13-56-42_modelcentro_transactions.csv
ModelCentro,ModelCentro transaction,,Full site access!,unmapped:modelcentro:full-site-access,Full site access!,,needs mapping,2026-06-15,2026-06-15,2026-06-15,sale date,low,sale date,canonical transaction row,1.0,19.99,13.49,2026-06-28_13-56-42_modelcentro_transactions.csv
ModelCentro,ModelCentro transaction,,Full site access!,unmapped:modelcentro:full-site-access,Full site access!,,needs mapping,2026-06-14,2026-06-14,2026-06-14,sale date,low,sale date,canonical transaction row,1.0,19.99,13.49,2026-06-28_13-56-42_modelcentro_transactions.csv
ModelCentro,ModelCentro transaction,,Full site access!,unmapped:modelcentro:full-site-access,Full site access!,,needs mapping,2026-06-14,2026-06-14,2026-06-14,sale date,low,sale date,canonical transaction row,1.0,19.99,13.49,2026-06-28_13-56-42_modelcentro_transactions.csv
ModelCentro,ModelCentro transaction,,Full site access!,unmapped:modelcentro:full-site-access,Full site access!,,needs mapping,2026-06-14,2026-06-14,2026-06-14,sale date,low,sale date,canonical transaction row,1.0,19.99,13.49,2026-06-28_13-56-42_modelcentro_transactions.csv
ModelCentro,ModelCentro transaction,,Full site access!,unmapped:modelcentro:full-site-access,Full site access!,,needs mapping,2026-06-13,2026-06-13,2026-06-13,sale date,low,sale date,canonical transaction row,1.0,19.99,13.49,2026-06-28_13-56-42_modelcentro_transactions.csv
ModelCentro,ModelCentro transaction,,Full site access!,unmapped:modelcentro:full-site-access,Full site access!,,needs mapping,2026-06-13,2026-06-13,2026-06-13,sale date,low,sale date,canonical transaction row,1.0,19.99,13.49,2026-06-28_13-56-42_modelcentro_transactions.csv
ModelCentro,ModelCentro transaction,,Full site access!,unmapped:modelcentro:full-site-access,Full site access!,,needs mapping,2026-06-12,2026-06-12,2026-06-12,sale date,low,sale date,canonical transaction row,1.0,19.99,13.49,2026-06-28_13-56-42_modelcentro_transactions.csv
ModelCentro,ModelCentro transaction,,Full site access!,unmapped:modelcentro:full-site-access,Full site access!,,needs mapping,2026-06-12,2026-06-12,2026-06-12,sale date,low,sale date,canonical transaction row,1.0,19.99,13.49,2026-06-28_13-56-42_modelcentro_transactions.csv
ModelCentro,ModelCentro transaction,,Full site access!,unmapped:modelcentro:full-site-access,Full site access!,,needs mapping,2026-06-12,2026-06-12,2026-06-12,sale date,low,sale date,canonical transaction row,1.0,19.67,13.27,2026-06-28_13-56-42_modelcentro_transactions.csv
ModelCentro,ModelCentro transaction,,Full site access!,unmapped:modelcentro:full-site-access,Full site access!,,needs mapping,2026-06-12,2026-06-12,2026-06-12,sale date,low,sale date,canonical transaction row,1.0,19.99,13.49,2026-06-28_13-56-42_modelcentro_transactions.csv
ModelCentro,ModelCentro transaction,,Full site access!,unmapped:modelcentro:full-site-access,Full site access!,,needs mapping,2026-06-12,2026-06-12,2026-06-12,sale date,low,sale date,canonical transaction row,1.0,19.99,13.49,2026-06-28_13-56-42_modelcentro_transactions.csv
ModelCentro,ModelCentro transaction,,Full site access!,unmapped:modelcentro:full-site-access,Full site access!,,needs mapping,2026-06-12,2026-06-12,2026-06-12,sale date,low,sale date,canonical transaction row,1.0,19.99,13.49,2026-06-28_13-56-42_modelcentro_transactions.csv
ModelCentro,ModelCentro transaction,,Full site access!,unmapped:modelcentro:full-site-access,Full site access!,,needs mapping,2026-06-12,2026-06-12,2026-06-12,sale date,low,sale date,canonical transaction row,1.0,19.99,13.49,2026-06-28_13-56-42_modelcentro_transactions.csv
ModelCentro,ModelCentro transaction,,Full site access!,unmapped:modelcentro:full-site-access,Full site access!,,needs mapping,2026-06-12,2026-06-12,2026-06-12,sale date,low,sale date,canonical transaction row,1.0,-19.99,-13.49,2026-06-28_13-56-42_modelcentro_transactions.csv
ModelCentro,ModelCentro transaction,,Full site access!,unmapped:modelcentro:full-site-access,Full site access!,,needs mapping,2026-06-12,2026-06-12,2026-06-12,sale date,low,sale date,canonical transaction row,1.0,19.99,13.49,2026-06-28_13-56-42_modelcentro_transactions.csv
ModelCentro,ModelCentro transaction,,Full site access!,unmapped:modelcentro:full-site-access,Full site access!,,needs mapping,2026-06-12,2026-06-12,2026-06-12,sale date,low,sale date,canonical transaction row,1.0,19.99,13.49,2026-06-28_13-56-42_modelcentro_transactions.csv
ModelCentro,ModelCentro transaction,,Full site access!,unmapped:modelcentro:full-site-access,Full site access!,,needs mapping,2026-06-11,2026-06-11,2026-06-11,sale date,low,sale date,canonical transaction row,1.0,19.99,13.49,2026-06-28_13-56-42_modelcentro_transactions.csv
ModelCentro,ModelCentro transaction,,Full site access!,unmapped:modelcentro:full-site-access,Full site access!,,needs mapping,2026-06-11,2026-06-11,2026-06-11,sale date,low,sale date,canonical transaction row,1.0,19.99,13.49,2026-06-28_13-56-42_modelcentro_transactions.csv
ModelCentro,ModelCentro transaction,,Full site access!,unmapped:modelcentro:full-site-access,Full site access!,,needs mapping,2026-06-11,2026-06-11,2026-06-11,sale date,low,sale date,canonical transaction row,1.0,19.99,13.49,2026-06-28_13-56-42_modelcentro_transactions.csv
ModelCentro,ModelCentro transaction,,Full site access!,unmapped:modelcentro:full-site-access,Full site access!,,needs mapping,2026-06-11,2026-06-11,2026-06-11,sale date,low,sale date,canonical transaction row,1.0,19.99,13.49,2026-06-28_13-56-42_modelcentro_transactions.csv
ModelCentro,ModelCentro transaction,,Full site access!,unmapped:modelcentro:full-site-access,Full site access!,,needs mapping,2026-06-11,2026-06-11,2026-06-11,sale date,low,sale date,canonical transaction row,1.0,19.99,13.49,2026-06-28_13-56-42_modelcentro_transactions.csv
ModelCentro,ModelCentro transaction,,Full site access!,unmapped:modelcentro:full-site-access,Full site access!,,needs mapping,2026-06-11,2026-06-11,2026-06-11,sale date,low,sale date,canonical transaction row,1.0,19.99,13.49,2026-06-28_13-56-42_modelcentro_transactions.csv
ModelCentro,ModelCentro transaction,,Full site access!,unmapped:modelcentro:full-site-access,Full site access!,,needs mapping,2026-06-10,2026-06-10,2026-06-10,sale date,low,sale date,canonical transaction row,1.0,19.99,13.49,2026-06-28_13-56-42_modelcentro_transactions.csv
ModelCentro,ModelCentro transaction,,Full site access!,unmapped:modelcentro:full-site-access,Full site access!,,needs mapping,2026-06-10,2026-06-10,2026-06-10,sale date,low,sale date,canonical transaction row,1.0,19.99,13.49,2026-06-28_13-56-42_modelcentro_transactions.csv
ModelCentro,ModelCentro transaction,,Full site access!,unmapped:modelcentro:full-site-access,Full site access!,,needs mapping,2026-06-10,2026-06-10,2026-06-10,sale date,low,sale date,canonical transaction row,1.0,19.99,13.49,2026-06-28_13-56-42_modelcentro_transactions.csv
ModelCentro,ModelCentro transaction,,Full site access!,unmapped:modelcentro:full-site-access,Full site access!,,needs mapping,2026-06-10,2026-06-10,2026-06-10,sale date,low,sale date,canonical transaction row,1.0,19.99,13.49,2026-06-28_13-56-42_modelcentro_transactions.csv
ModelCentro,ModelCentro transaction,,Full site access!,unmapped:modelcentro:full-site-access,Full site access!,,needs mapping,2026-06-10,2026-06-10,2026-06-10,sale date,low,sale date,canonical transaction row,1.0,19.99,13.49,2026-06-28_13-56-42_modelcentro_transactions.csv
ModelCentro,ModelCentro transaction,,Full site access!,unmapped:modelcentro:full-site-access,Full site access!,,needs mapping,2026-06-10,2026-06-10,2026-06-10,sale date,low,sale date,canonical transaction row,1.0,19.99,13.49,2026-06-28_13-56-42_modelcentro_transactions.csv
ModelCentro,ModelCentro transaction,,Full site access!,unmapped:modelcentro:full-site-access,Full site access!,,needs mapping,2026-06-09,2026-06-09,2026-06-09,sale date,low,sale date,canonical transaction row,1.0,19.99,13.49,2026-06-28_13-56-42_modelcentro_transactions.csv
ModelCentro,ModelCentro transaction,,Full site access!,unmapped:modelcentro:full-site-access,Full site access!,,needs mapping,2026-06-09,2026-06-09,2026-06-09,sale date,low,sale date,canonical transaction row,1.0,19.99,13.49,2026-06-28_13-56-42_modelcentro_transactions.csv
ModelCentro,ModelCentro transaction,,Full site access!,unmapped:modelcentro:full-site-access,Full site access!,,needs mapping,2026-06-09,2026-06-09,2026-06-09,sale date,low,sale date,canonical transaction row,1.0,19.99,13.49,2026-06-28_13-56-42_modelcentro_transactions.csv
ModelCentro,ModelCentro transaction,,Full site access!,unmapped:modelcentro:full-site-access,Full site access!,,needs mapping,2026-06-09,2026-06-09,2026-06-09,sale date,low,sale date,canonical transaction row,1.0,19.99,13.49,2026-06-28_13-56-42_modelcentro_transactions.csv
ModelCentro,ModelCentro transaction,,Full site access!,unmapped:modelcentro:full-site-access,Full site access!,,needs mapping,2026-06-29,2026-06-29,2026-06-29,sale date,low,sale date,canonical transaction row,1.0,19.99,13.49,2026-06-28_21-48-31_modelcentro_transactions.csv
ModelCentro,ModelCentro transaction,,Full site access!,unmapped:modelcentro:full-site-access,Full site access!,,needs mapping,2026-06-29,2026-06-29,2026-06-29,sale date,low,sale date,canonical transaction row,1.0,19.99,13.49,2026-06-28_21-48-31_modelcentro_transactions.csv
ModelCentro,ModelCentro transaction,,Full site access!,unmapped:modelcentro:full-site-access,Full site access!,,needs mapping,2026-06-29,2026-06-29,2026-06-29,sale date,low,sale date,canonical transaction row,1.0,19.99,13.49,2026-06-28_21-48-31_modelcentro_transactions.csv
ModelCentro,ModelCentro transaction,,Full site access!,unmapped:modelcentro:full-site-access,Full site access!,,needs mapping,2026-06-28,2026-06-28,2026-06-28,sale date,low,sale date,canonical transaction row,1.0,19.99,13.49,2026-06-28_21-48-31_modelcentro_transactions.csv
ModelCentro,ModelCentro transaction,,Full site access!,unmapped:modelcentro:full-site-access,Full site access!,,needs mapping,2026-06-28,2026-06-28,2026-06-28,sale date,low,sale date,canonical transaction row,1.0,19.99,13.49,2026-06-28_21-48-31_modelcentro_transactions.csv
ModelCentro,ModelCentro transaction,,Full site access!,unmapped:modelcentro:full-site-access,Full site access!,,needs mapping,2026-06-29,2026-06-29,2026-06-29,sale date,low,sale date,canonical transaction row,1.0,19.99,13.49,2026-06-29_07-39-20_modelcentro_transactions.csv
ModelCentro,ModelCentro transaction,,Full site access!,unmapped:modelcentro:full-site-access,Full site access!,,needs mapping,2026-06-29,2026-06-29,2026-06-29,sale date,low,sale date,canonical transaction row,1.0,19.99,13.49,2026-06-29_07-39-20_modelcentro_transactions.csv
ModelCentro,ModelCentro transaction,,Full site access!,unmapped:modelcentro:full-site-access,Full site access!,,needs mapping,2026-06-29,2026-06-29,2026-06-29,sale date,low,sale date,canonical transaction row,1.0,19.99,13.49,2026-06-29_07-39-20_modelcentro_transactions.csv
ModelCentro,ModelCentro transaction,,Full site access!,unmapped:modelcentro:full-site-access,Full site access!,,needs mapping,2026-06-29,2026-06-29,2026-06-29,sale date,low,sale date,canonical transaction row,1.0,19.99,13.49,2026-06-29_07-39-20_modelcentro_transactions.csv
ModelCentro,ModelCentro transaction,,Full site access!,unmapped:modelcentro:full-site-access,Full site access!,,needs mapping,2026-06-29,2026-06-29,2026-06-29,sale date,low,sale date,canonical transaction row,1.0,19.99,13.49,2026-06-29_07-39-20_modelcentro_transactions.csv
ModelCentro,ModelCentro transaction,,Full site access!,unmapped:modelcentro:full-site-access,Full site access!,,needs mapping,2026-06-30,2026-06-30,2026-06-30,sale date,low,sale date,canonical transaction row,1.0,19.99,13.49,2026-06-30_11-45-37_modelcentro_transactions.csv
ModelCentro,ModelCentro transaction,,Full site access!,unmapped:modelcentro:full-site-access,Full site access!,,needs mapping,2026-06-30,2026-06-30,2026-06-30,sale date,low,sale date,canonical transaction row,1.0,19.99,13.49,2026-06-30_11-45-37_modelcentro_transactions.csv
ModelCentro,ModelCentro transaction,,Full site access!,unmapped:modelcentro:full-site-access,Full site access!,,needs mapping,2026-06-30,2026-06-30,2026-06-30,sale date,low,sale date,canonical transaction row,1.0,19.99,13.49,2026-06-30_11-45-37_modelcentro_transactions.csv
ModelCentro,ModelCentro transaction,,Full site access!,unmapped:modelcentro:full-site-access,Full site access!,,needs mapping,2026-06-30,2026-06-30,2026-06-30,sale date,low,sale date,canonical transaction row,1.0,19.99,13.49,2026-06-30_11-45-37_modelcentro_transactions.csv
ModelCentro,ModelCentro transaction,,Full site access!,unmapped:modelcentro:full-site-access,Full site access!,,needs mapping,2026-06-30,2026-06-30,2026-06-30,sale date,low,sale date,canonical transaction row,1.0,19.99,13.49,2026-06-30_11-45-37_modelcentro_transactions.csv
ModelCentro,ModelCentro transaction,,Full site access!,unmapped:modelcentro:full-site-access,Full site access!,,needs mapping,2026-06-29,2026-06-29,2026-06-29,sale date,low,sale date,canonical transaction row,1.0,19.99,13.49,2026-06-30_11-45-37_modelcentro_transactions.csv
ModelCentro,ModelCentro transaction,,Full site access!,unmapped:modelcentro:full-site-access,Full site access!,,needs mapping,2026-06-29,2026-06-29,2026-06-29,sale date,low,sale date,canonical transaction row,1.0,19.99,13.49,2026-06-30_11-45-37_modelcentro_transactions.csv
ModelCentro,ModelCentro transaction,,Full site access!,unmapped:modelcentro:full-site-access,Full site access!,,needs mapping,2026-06-29,2026-06-29,2026-06-29,sale date,low,sale date,canonical transaction row,1.0,19.99,13.49,2026-06-30_11-45-37_modelcentro_transactions.csv
ModelCentro,ModelCentro transaction,,Full site access!,unmapped:modelcentro:full-site-access,Full site access!,,needs mapping,2026-06-29,2026-06-29,2026-06-29,sale date,low,sale date,canonical transaction row,1.0,19.99,13.49,2026-06-30_11-45-37_modelcentro_transactions.csv
ModelCentro,ModelCentro transaction,,Full site access!,unmapped:modelcentro:full-site-access,Full site access!,,needs mapping,2026-06-29,2026-06-29,2026-06-29,sale date,low,sale date,canonical transaction row,1.0,19.99,13.49,2026-06-30_11-45-37_modelcentro_transactions.csv
ModelCentro,ModelCentro transaction,,Full site access!,unmapped:modelcentro:full-site-access,Full site access!,,needs mapping,2026-06-29,2026-06-29,2026-06-29,sale date,low,sale date,canonical transaction row,1.0,19.99,13.49,2026-06-30_11-45-37_modelcentro_transactions.csv
ModelCentro,ModelCentro transaction,,Full site access!,unmapped:modelcentro:full-site-access,Full site access!,,needs mapping,2026-06-29,2026-06-29,2026-06-29,sale date,low,sale date,canonical transaction row,1.0,19.99,13.49,2026-06-30_11-45-37_modelcentro_transactions.csv
ModelCentro,ModelCentro transaction,,Full site access!,unmapped:modelcentro:full-site-access,Full site access!,,needs mapping,2026-06-22,2026-06-22,2026-06-22,sale date,low,sale date,canonical transaction row,1.0,19.99,13.49,2026-06-30_11-45-37_modelcentro_transactions.csv
ModelCentro,ModelCentro transaction,,Full site access!,unmapped:modelcentro:full-site-access,Full site access!,,needs mapping,2026-06-22,2026-06-22,2026-06-22,sale date,low,sale date,canonical transaction row,1.0,19.99,13.49,2026-06-30_11-45-37_modelcentro_transactions.csv
ModelCentro,ModelCentro transaction,,Full site access!,unmapped:modelcentro:full-site-access,Full site access!,,needs mapping,2026-06-22,2026-06-22,2026-06-22,sale date,low,sale date,canonical transaction row,1.0,19.99,4.49,2026-06-30_11-45-37_modelcentro_transactions.csv
ModelCentro,ModelCentro transaction,,Full site access!,unmapped:modelcentro:full-site-access,Full site access!,,needs mapping,2026-06-22,2026-06-22,2026-06-22,sale date,low,sale date,canonical transaction row,1.0,19.99,13.49,2026-06-30_11-45-37_modelcentro_transactions.csv
ModelCentro,ModelCentro transaction,,Full site access!,unmapped:modelcentro:full-site-access,Full site access!,,needs mapping,2026-06-22,2026-06-22,2026-06-22,sale date,low,sale date,canonical transaction row,1.0,19.99,13.49,2026-06-30_11-45-37_modelcentro_transactions.csv
ModelCentro,ModelCentro transaction,,Full site access!,unmapped:modelcentro:full-site-access,Full site access!,,needs mapping,2026-06-22,2026-06-22,2026-06-22,sale date,low,sale date,canonical transaction row,1.0,19.99,13.49,2026-06-30_11-45-37_modelcentro_transactions.csv
ModelCentro,ModelCentro transaction,,Full site access!,unmapped:modelcentro:full-site-access,Full site access!,,needs mapping,2026-06-21,2026-06-21,2026-06-21,sale date,low,sale date,canonical transaction row,1.0,19.99,13.49,2026-06-30_11-45-37_modelcentro_transactions.csv
ModelCentro,ModelCentro transaction,,Full site access!,unmapped:modelcentro:full-site-access,Full site access!,,needs mapping,2026-06-21,2026-06-21,2026-06-21,sale date,low,sale date,canonical transaction row,1.0,19.99,13.49,2026-06-30_11-45-37_modelcentro_transactions.csv
ModelCentro,ModelCentro transaction,,Full site access!,unmapped:modelcentro:full-site-access,Full site access!,,needs mapping,2026-06-21,2026-06-21,2026-06-21,sale date,low,sale date,canonical transaction row,1.0,19.99,13.49,2026-06-30_11-45-37_modelcentro_transactions.csv
ModelCentro,ModelCentro transaction,,Full site access!,unmapped:modelcentro:full-site-access,Full site access!,,needs mapping,2026-06-21,2026-06-21,2026-06-21,sale date,low,sale date,canonical transaction row,1.0,19.99,13.49,2026-06-30_11-45-37_modelcentro_transactions.csv
ModelCentro,ModelCentro transaction,,Full site access!,unmapped:modelcentro:full-site-access,Full site access!,,needs mapping,2026-06-21,2026-06-21,2026-06-21,sale date,low,sale date,canonical transaction row,1.0,19.99,13.49,2026-06-30_11-45-37_modelcentro_transactions.csv
ModelCentro,ModelCentro transaction,,Full site access!,unmapped:modelcentro:full-site-access,Full site access!,,needs mapping,2026-06-21,2026-06-21,2026-06-21,sale date,low,sale date,canonical transaction row,1.0,19.99,13.49,2026-06-30_11-45-37_modelcentro_transactions.csv
ModelCentro,ModelCentro transaction,,Full site access!,unmapped:modelcentro:full-site-access,Full site access!,,needs mapping,2026-06-21,2026-06-21,2026-06-21,sale date,low,sale date,canonical transaction row,1.0,19.99,13.49,2026-06-30_11-45-37_modelcentro_transactions.csv
ModelCentro,ModelCentro transaction,,Full site access!,unmapped:modelcentro:full-site-access,Full site access!,,needs mapping,2026-06-20,2026-06-20,2026-06-20,sale date,low,sale date,canonical transaction row,1.0,19.99,13.49,2026-06-30_11-45-37_modelcentro_transactions.csv
ModelCentro,ModelCentro transaction,,Full site access!,unmapped:modelcentro:full-site-access,Full site access!,,needs mapping,2026-06-20,2026-06-20,2026-06-20,sale date,low,sale date,canonical transaction row,1.0,-19.99,-13.49,2026-06-30_11-45-37_modelcentro_transactions.csv
ModelCentro,ModelCentro transaction,,Full site access!,unmapped:modelcentro:full-site-access,Full site access!,,needs mapping,2026-06-20,2026-06-20,2026-06-20,sale date,low,sale date,canonical transaction row,1.0,19.99,13.49,2026-06-30_11-45-37_modelcentro_transactions.csv
ModelCentro,ModelCentro transaction,,Full site access!,unmapped:modelcentro:full-site-access,Full site access!,,needs mapping,2026-06-20,2026-06-20,2026-06-20,sale date,low,sale date,canonical transaction row,1.0,19.99,13.49,2026-06-30_11-45-37_modelcentro_transactions.csv
ModelCentro,ModelCentro transaction,,Full site access!,unmapped:modelcentro:full-site-access,Full site access!,,needs mapping,2026-06-20,2026-06-20,2026-06-20,sale date,low,sale date,canonical transaction row,1.0,19.99,13.49,2026-06-30_11-45-37_modelcentro_transactions.csv
ModelCentro,ModelCentro transaction,,Full site access!,unmapped:modelcentro:full-site-access,Full site access!,,needs mapping,2026-06-19,2026-06-19,2026-06-19,sale date,low,sale date,canonical transaction row,1.0,19.99,13.49,2026-06-30_11-45-37_modelcentro_transactions.csv
ModelCentro,ModelCentro transaction,,Full site access!,unmapped:modelcentro:full-site-access,Full site access!,,needs mapping,2026-06-19,2026-06-19,2026-06-19,sale date,low,sale date,canonical transaction row,1.0,19.99,13.49,2026-06-30_11-45-37_modelcentro_transactions.csv
ModelCentro,ModelCentro transaction,,Full site access!,unmapped:modelcentro:full-site-access,Full site access!,,needs mapping,2026-06-19,2026-06-19,2026-06-19,sale date,low,sale date,canonical transaction row,1.0,19.99,13.49,2026-06-30_11-45-37_modelcentro_transactions.csv
ModelCentro,ModelCentro transaction,,Full site access!,unmapped:modelcentro:full-site-access,Full site access!,,needs mapping,2026-06-19,2026-06-19,2026-06-19,sale date,low,sale date,canonical transaction row,1.0,19.99,13.49,2026-06-30_11-45-37_modelcentro_transactions.csv
ModelCentro,ModelCentro transaction,,Full site access!,unmapped:modelcentro:full-site-access,Full site access!,,needs mapping,2026-06-19,2026-06-19,2026-06-19,sale date,low,sale date,canonical transaction row,1.0,19.99,13.49,2026-06-30_11-45-37_modelcentro_transactions.csv
ModelCentro,ModelCentro transaction,,Full site access!,unmapped:modelcentro:full-site-access,Full site access!,,needs mapping,2026-06-19,2026-06-19,2026-06-19,sale date,low,sale date,canonical transaction row,1.0,19.99,13.49,2026-06-30_11-45-37_modelcentro_transactions.csv
ModelCentro,ModelCentro transaction,,Full site access!,unmapped:modelcentro:full-site-access,Full site access!,,needs mapping,2026-06-19,2026-06-19,2026-06-19,sale date,low,sale date,canonical transaction row,1.0,19.99,13.49,2026-06-30_11-45-37_modelcentro_transactions.csv
ModelCentro,ModelCentro transaction,,Full site access!,unmapped:modelcentro:full-site-access,Full site access!,,needs mapping,2026-06-19,2026-06-19,2026-06-19,sale date,low,sale date,canonical transaction row,1.0,19.99,13.49,2026-06-30_11-45-37_modelcentro_transactions.csv
ModelCentro,ModelCentro transaction,,Full site access!,unmapped:modelcentro:full-site-access,Full site access!,,needs mapping,2026-06-19,2026-06-19,2026-06-19,sale date,low,sale date,canonical transaction row,1.0,19.99,13.49,2026-06-30_11-45-37_modelcentro_transactions.csv
ModelCentro,ModelCentro transaction,,Full site access!,unmapped:modelcentro:full-site-access,Full site access!,,needs mapping,2026-06-18,2026-06-18,2026-06-18,sale date,low,sale date,canonical transaction row,1.0,19.99,13.49,2026-06-30_11-45-37_modelcentro_transactions.csv
ModelCentro,ModelCentro transaction,,1 Month Membership,unmapped:modelcentro:1-month-membership,1 Month Membership,,needs mapping,2026-06-18,2026-06-18,2026-06-18,sale date,low,sale date,canonical transaction row,1.0,19.99,13.49,2026-06-30_11-45-37_modelcentro_transactions.csv
ModelCentro,ModelCentro transaction,,Full site access!,unmapped:modelcentro:full-site-access,Full site access!,,needs mapping,2026-06-18,2026-06-18,2026-06-18,sale date,low,sale date,canonical transaction row,1.0,19.99,13.49,2026-06-30_11-45-37_modelcentro_transactions.csv
ModelCentro,ModelCentro transaction,,Full site access!,unmapped:modelcentro:full-site-access,Full site access!,,needs mapping,2026-06-18,2026-06-18,2026-06-18,sale date,low,sale date,canonical transaction row,1.0,19.99,13.49,2026-06-30_11-45-37_modelcentro_transactions.csv
ModelCentro,ModelCentro transaction,,Full site access!,unmapped:modelcentro:full-site-access,Full site access!,,needs mapping,2026-06-18,2026-06-18,2026-06-18,sale date,low,sale date,canonical transaction row,1.0,19.99,13.49,2026-06-30_11-45-37_modelcentro_transactions.csv
ModelCentro,ModelCentro transaction,,Full site access!,unmapped:modelcentro:full-site-access,Full site access!,,needs mapping,2026-06-18,2026-06-18,2026-06-18,sale date,low,sale date,canonical transaction row,1.0,19.99,13.49,2026-06-30_11-45-37_modelcentro_transactions.csv
ModelCentro,ModelCentro transaction,,Full site access!,unmapped:modelcentro:full-site-access,Full site access!,,needs mapping,2026-06-18,2026-06-18,2026-06-18,sale date,low,sale date,canonical transaction row,1.0,19.99,13.49,2026-06-30_11-45-37_modelcentro_transactions.csv
ModelCentro,ModelCentro transaction,,1 Month Membership,unmapped:modelcentro:1-month-membership,1 Month Membership,,needs mapping,2026-06-18,2026-06-18,2026-06-18,sale date,low,sale date,canonical transaction row,1.0,19.99,13.49,2026-06-30_11-45-37_modelcentro_transactions.csv
ModelCentro,ModelCentro transaction,,Full site access!,unmapped:modelcentro:full-site-access,Full site access!,,needs mapping,2026-06-18,2026-06-18,2026-06-18,sale date,low,sale date,canonical transaction row,1.0,19.99,13.49,2026-06-30_11-45-37_modelcentro_transactions.csv
ModelCentro,ModelCentro transaction,,Full site access!,unmapped:modelcentro:full-site-access,Full site access!,,needs mapping,2026-06-18,2026-06-18,2026-06-18,sale date,low,sale date,canonical transaction row,1.0,19.99,13.49,2026-06-30_11-45-37_modelcentro_transactions.csv
ModelCentro,ModelCentro transaction,,Full site access!,unmapped:modelcentro:full-site-access,Full site access!,,needs mapping,2026-06-17,2026-06-17,2026-06-17,sale date,low,sale date,canonical transaction row,1.0,19.99,13.49,2026-06-30_11-45-37_modelcentro_transactions.csv
ModelCentro,ModelCentro transaction,,Full site access!,unmapped:modelcentro:full-site-access,Full site access!,,needs mapping,2026-06-17,2026-06-17,2026-06-17,sale date,low,sale date,canonical transaction row,1.0,19.99,13.49,2026-06-30_11-45-37_modelcentro_transactions.csv
ModelCentro,ModelCentro transaction,,Full site access!,unmapped:modelcentro:full-site-access,Full site access!,,needs mapping,2026-06-17,2026-06-17,2026-06-17,sale date,low,sale date,canonical transaction row,1.0,19.99,13.49,2026-06-30_11-45-37_modelcentro_transactions.csv
ModelCentro,ModelCentro transaction,,Full site access!,unmapped:modelcentro:full-site-access,Full site access!,,needs mapping,2026-06-17,2026-06-17,2026-06-17,sale date,low,sale date,canonical transaction row,1.0,19.99,13.49,2026-06-30_11-45-37_modelcentro_transactions.csv
ModelCentro,ModelCentro transaction,,Full site access!,unmapped:modelcentro:full-site-access,Full site access!,,needs mapping,2026-06-17,2026-06-17,2026-06-17,sale date,low,sale date,canonical transaction row,1.0,19.99,13.49,2026-06-30_11-45-37_modelcentro_transactions.csv
ModelCentro,ModelCentro transaction,,Full site access!,unmapped:modelcentro:full-site-access,Full site access!,,needs mapping,2026-06-16,2026-06-16,2026-06-16,sale date,low,sale date,canonical transaction row,1.0,19.99,13.49,2026-06-30_11-45-37_modelcentro_transactions.csv
ModelCentro,ModelCentro transaction,,Full site access!,unmapped:modelcentro:full-site-access,Full site access!,,needs mapping,2026-06-16,2026-06-16,2026-06-16,sale date,low,sale date,canonical transaction row,1.0,19.99,13.49,2026-06-30_11-45-37_modelcentro_transactions.csv
ModelCentro,ModelCentro transaction,,Full site access!,unmapped:modelcentro:full-site-access,Full site access!,,needs mapping,2026-06-16,2026-06-16,2026-06-16,sale date,low,sale date,canonical transaction row,1.0,19.99,13.49,2026-06-30_11-45-37_modelcentro_transactions.csv
ModelCentro,ModelCentro transaction,,Full site access!,unmapped:modelcentro:full-site-access,Full site access!,,needs mapping,2026-06-16,2026-06-16,2026-06-16,sale date,low,sale date,canonical transaction row,1.0,19.99,13.49,2026-06-30_11-45-37_modelcentro_transactions.csv
ModelCentro,ModelCentro transaction,,Full site access!,unmapped:modelcentro:full-site-access,Full site access!,,needs mapping,2026-06-16,2026-06-16,2026-06-16,sale date,low,sale date,canonical transaction row,1.0,19.99,13.49,2026-06-30_11-45-37_modelcentro_transactions.csv
ModelCentro,ModelCentro transaction,,Full site access!,unmapped:modelcentro:full-site-access,Full site access!,,needs mapping,2026-06-16,2026-06-16,2026-06-16,sale date,low,sale date,canonical transaction row,1.0,19.99,13.49,2026-06-30_11-45-37_modelcentro_transactions.csv
ModelCentro,ModelCentro transaction,,Full site access!,unmapped:modelcentro:full-site-access,Full site access!,,needs mapping,2026-06-16,2026-06-16,2026-06-16,sale date,low,sale date,canonical transaction row,1.0,19.99,13.49,2026-06-30_11-45-37_modelcentro_transactions.csv
ModelCentro,ModelCentro transaction,,Full site access!,unmapped:modelcentro:full-site-access,Full site access!,,needs mapping,2026-06-16,2026-06-16,2026-06-16,sale date,low,sale date,canonical transaction row,1.0,19.99,13.49,2026-06-30_11-45-37_modelcentro_transactions.csv
ModelCentro,ModelCentro transaction,,Full site access!,unmapped:modelcentro:full-site-access,Full site access!,,needs mapping,2026-06-16,2026-06-16,2026-06-16,sale date,low,sale date,canonical transaction row,1.0,19.99,13.49,2026-06-30_11-45-37_modelcentro_transactions.csv
ModelCentro,ModelCentro transaction,,Full site access!,unmapped:modelcentro:full-site-access,Full site access!,,needs mapping,2026-06-16,2026-06-16,2026-06-16,sale date,low,sale date,canonical transaction row,1.0,19.99,13.49,2026-06-30_11-45-37_modelcentro_transactions.csv
ModelCentro,ModelCentro transaction,,Full site access!,unmapped:modelcentro:full-site-access,Full site access!,,needs mapping,2026-06-16,2026-06-16,2026-06-16,sale date,low,sale date,canonical transaction row,1.0,19.99,4.49,2026-06-30_11-45-37_modelcentro_transactions.csv
ModelCentro,ModelCentro transaction,,Full site access!,unmapped:modelcentro:full-site-access,Full site access!,,needs mapping,2026-06-16,2026-06-16,2026-06-16,sale date,low,sale date,canonical transaction row,1.0,19.99,13.49,2026-06-30_11-45-37_modelcentro_transactions.csv
ModelCentro,ModelCentro transaction,,Full site access!,unmapped:modelcentro:full-site-access,Full site access!,,needs mapping,2026-06-16,2026-06-16,2026-06-16,sale date,low,sale date,canonical transaction row,1.0,19.99,13.49,2026-06-30_11-45-37_modelcentro_transactions.csv
ModelCentro,ModelCentro transaction,,Full site access!,unmapped:modelcentro:full-site-access,Full site access!,,needs mapping,2026-07-01,2026-07-01,2026-07-01,sale date,low,sale date,canonical transaction row,1.0,19.99,13.49,2026-07-01_11-37-40_modelcentro_transactions.csv
ModelCentro,ModelCentro transaction,,1 Month Membership,unmapped:modelcentro:1-month-membership,1 Month Membership,,needs mapping,2026-07-01,2026-07-01,2026-07-01,sale date,low,sale date,canonical transaction row,1.0,19.99,13.49,2026-07-01_11-37-40_modelcentro_transactions.csv
ModelCentro,ModelCentro transaction,,1 Month Membership,unmapped:modelcentro:1-month-membership,1 Month Membership,,needs mapping,2026-07-01,2026-07-01,2026-07-01,sale date,low,sale date,canonical transaction row,1.0,19.99,13.49,2026-07-01_11-37-40_modelcentro_transactions.csv
ModelCentro,ModelCentro transaction,,Full site access!,unmapped:modelcentro:full-site-access,Full site access!,,needs mapping,2026-07-01,2026-07-01,2026-07-01,sale date,low,sale date,canonical transaction row,1.0,19.99,13.49,2026-07-01_11-37-40_modelcentro_transactions.csv
ModelCentro,ModelCentro transaction,,Full site access!,unmapped:modelcentro:full-site-access,Full site access!,,needs mapping,2026-07-01,2026-07-01,2026-07-01,sale date,low,sale date,canonical transaction row,1.0,19.99,13.49,2026-07-01_11-37-40_modelcentro_transactions.csv
ModelCentro,ModelCentro transaction,,Full site access!,unmapped:modelcentro:full-site-access,Full site access!,,needs mapping,2026-07-01,2026-07-01,2026-07-01,sale date,low,sale date,canonical transaction row,1.0,19.99,13.49,2026-07-01_11-37-40_modelcentro_transactions.csv
ModelCentro,ModelCentro transaction,,Full site access!,unmapped:modelcentro:full-site-access,Full site access!,,needs mapping,2026-07-01,2026-07-01,2026-07-01,sale date,low,sale date,canonical transaction row,1.0,19.99,13.49,2026-07-01_11-37-40_modelcentro_transactions.csv
ModelCentro,ModelCentro transaction,,Full site access!,unmapped:modelcentro:full-site-access,Full site access!,,needs mapping,2026-06-30,2026-06-30,2026-06-30,sale date,low,sale date,canonical transaction row,1.0,19.99,13.49,2026-07-01_11-37-40_modelcentro_transactions.csv
ModelCentro,ModelCentro transaction,,Tight Clothes Get Me Hot,Video 0191,Tight Clothes Make Growing SSBBW Horny,Video,mapped,2026-06-30,2026-06-30,2023-07-31,master content release date,high,sale date,canonical transaction row,1.0,13.99,9.44,2026-07-01_11-37-40_modelcentro_transactions.csv
ModelCentro,ModelCentro transaction,,Full site access!,unmapped:modelcentro:full-site-access,Full site access!,,needs mapping,2026-06-30,2026-06-30,2026-06-30,sale date,low,sale date,canonical transaction row,1.0,19.99,13.49,2026-07-01_11-37-40_modelcentro_transactions.csv
ModelCentro,ModelCentro transaction,,Full site access!,unmapped:modelcentro:full-site-access,Full site access!,,needs mapping,2026-07-02,2026-07-02,2026-07-02,sale date,low,sale date,canonical transaction row,1.0,19.99,13.49,2026-07-02_13-24-23_modelcentro_transactions.csv
ModelCentro,ModelCentro transaction,,Full site access!,unmapped:modelcentro:full-site-access,Full site access!,,needs mapping,2026-07-02,2026-07-02,2026-07-02,sale date,low,sale date,canonical transaction row,1.0,19.99,13.49,2026-07-02_13-24-23_modelcentro_transactions.csv
ModelCentro,ModelCentro transaction,,Full site access!,unmapped:modelcentro:full-site-access,Full site access!,,needs mapping,2026-07-02,2026-07-02,2026-07-02,sale date,low,sale date,canonical transaction row,1.0,19.99,13.49,2026-07-02_13-24-23_modelcentro_transactions.csv
ModelCentro,ModelCentro transaction,,Full site access!,unmapped:modelcentro:full-site-access,Full site access!,,needs mapping,2026-07-02,2026-07-02,2026-07-02,sale date,low,sale date,canonical transaction row,1.0,19.99,13.49,2026-07-02_13-24-23_modelcentro_transactions.csv
ModelCentro,ModelCentro transaction,,Gaining Cheerleader Girlfriend,Video 0200,Gaining Cheerleader Girlfriend,Video,mapped,2026-07-02,2026-07-02,2023-10-16,master content release date,high,sale date,canonical transaction row,1.0,17.99,12.14,2026-07-02_13-24-23_modelcentro_transactions.csv
ModelCentro,ModelCentro transaction,,Friends With Benefits,Video 0203,Friends With Benefits,Video,mapped,2026-07-02,2026-07-02,2023-11-18,master content release date,high,sale date,canonical transaction row,1.0,14.99,10.11,2026-07-02_13-24-23_modelcentro_transactions.csv
ModelCentro,ModelCentro transaction,,Clean Up Your Sweaty Dom GF,Video 0177,Fat Dom GF Makes you Clean Sweaty Ass and Pussy,Video,mapped,2026-07-02,2026-07-02,2023-05-03,master content release date,high,sale date,canonical transaction row,1.0,11.99,8.09,2026-07-02_13-24-23_modelcentro_transactions.csv
ModelCentro,ModelCentro transaction,,POV Morning Sex,Video 0162,POV Morning Sex,Video,mapped,2026-07-02,2026-07-02,2022-03-29,master content release date,high,sale date,canonical transaction row,1.0,10.99,7.41,2026-07-02_13-24-23_modelcentro_transactions.csv
ModelCentro,ModelCentro transaction,,Full site access!,unmapped:modelcentro:full-site-access,Full site access!,,needs mapping,2026-07-03,2026-07-03,2026-07-03,sale date,low,sale date,canonical transaction row,1.0,19.99,13.49,2026-07-03_07-40-08_modelcentro_transactions.csv
ModelCentro,ModelCentro transaction,,Full site access!,unmapped:modelcentro:full-site-access,Full site access!,,needs mapping,2026-07-03,2026-07-03,2026-07-03,sale date,low,sale date,canonical transaction row,1.0,19.99,13.49,2026-07-03_07-40-08_modelcentro_transactions.csv
ModelCentro,ModelCentro transaction,,Full site access!,unmapped:modelcentro:full-site-access,Full site access!,,needs mapping,2026-07-03,2026-07-03,2026-07-03,sale date,low,sale date,canonical transaction row,1.0,19.99,13.49,2026-07-03_07-40-08_modelcentro_transactions.csv
ModelCentro,ModelCentro transaction,,Full site access!,unmapped:modelcentro:full-site-access,Full site access!,,needs mapping,2026-07-03,2026-07-03,2026-07-03,sale date,low,sale date,canonical transaction row,1.0,19.99,13.49,2026-07-03_07-40-08_modelcentro_transactions.csv
ModelCentro,ModelCentro transaction,,Full site access!,unmapped:modelcentro:full-site-access,Full site access!,,needs mapping,2026-07-02,2026-07-02,2026-07-02,sale date,low,sale date,canonical transaction row,1.0,19.99,13.49,2026-07-03_07-40-08_modelcentro_transactions.csv
ModelCentro,ModelCentro transaction,,Full site access!,unmapped:modelcentro:full-site-access,Full site access!,,needs mapping,2026-07-02,2026-07-02,2026-07-02,sale date,low,sale date,canonical transaction row,1.0,19.99,13.49,2026-07-03_07-40-08_modelcentro_transactions.csv
ModelCentro,ModelCentro transaction,,Full site access!,unmapped:modelcentro:full-site-access,Full site access!,,needs mapping,2026-07-02,2026-07-02,2026-07-02,sale date,low,sale date,canonical transaction row,1.0,19.99,13.49,2026-07-03_07-40-08_modelcentro_transactions.csv
ModelCentro,ModelCentro transaction,,Full site access!,unmapped:modelcentro:full-site-access,Full site access!,,needs mapping,2026-07-04,2026-07-04,2026-07-04,sale date,low,sale date,canonical transaction row,1.0,19.99,13.49,2026-07-04_16-52-10_modelcentro_transactions_regular_chrome.csv
ModelCentro,ModelCentro transaction,,Modeling My Fat,Video 0202,BBW Struts and Jiggles Out of My Jeans,Video,mapped,2026-07-04,2026-07-04,2023-11-10,master content release date,high,sale date,canonical transaction row,1.0,14.99,10.11,2026-07-04_16-52-10_modelcentro_transactions_regular_chrome.csv
ModelCentro,ModelCentro transaction,,Ass in Tights Worship and Teasing,Video 0181,SSBBW Ass Worship in Thong and Tights,Video,mapped,2026-07-04,2026-07-04,2023-05-30,master content release date,high,sale date,canonical transaction row,1.0,15.99,10.79,2026-07-04_16-52-10_modelcentro_transactions_regular_chrome.csv
ModelCentro,ModelCentro transaction,,3 Month Membership,unmapped:modelcentro:3-month-membership,3 Month Membership,,needs mapping,2026-07-04,2026-07-04,2026-07-04,sale date,low,sale date,canonical transaction row,1.0,50.0,33.75,2026-07-04_16-52-10_modelcentro_transactions_regular_chrome.csv
ModelCentro,ModelCentro transaction,,Full site access!,unmapped:modelcentro:full-site-access,Full site access!,,needs mapping,2026-07-04,2026-07-04,2026-07-04,sale date,low,sale date,canonical transaction row,1.0,19.99,13.49,2026-07-04_16-52-10_modelcentro_transactions_regular_chrome.csv
ModelCentro,ModelCentro transaction,,Full site access!,unmapped:modelcentro:full-site-access,Full site access!,,needs mapping,2026-07-03,2026-07-03,2026-07-03,sale date,low,sale date,canonical transaction row,1.0,19.99,13.49,2026-07-04_16-52-10_modelcentro_transactions_regular_chrome.csv
ModelCentro,ModelCentro transaction,,Full site access!,unmapped:modelcentro:full-site-access,Full site access!,,needs mapping,2026-07-03,2026-07-03,2026-07-03,sale date,low,sale date,canonical transaction row,1.0,19.99,13.49,2026-07-04_16-52-10_modelcentro_transactions_regular_chrome.csv
ModelCentro,ModelCentro transaction,,Full site access!,unmapped:modelcentro:full-site-access,Full site access!,,needs mapping,2026-05-14,2026-05-14,2026-05-14,sale date,low,sale date,canonical transaction row,1.0,19.99,13.49,2026-07-04_18-03-58_modelcentro_transactions.csv
ModelCentro,ModelCentro transaction,,Full site access!,unmapped:modelcentro:full-site-access,Full site access!,,needs mapping,2026-05-02,2026-05-02,2026-05-02,sale date,low,sale date,canonical transaction row,1.0,19.99,13.49,2026-07-04_18-03-58_modelcentro_transactions.csv
ModelCentro,ModelCentro transaction,,Full site access!,unmapped:modelcentro:full-site-access,Full site access!,,needs mapping,2026-01-10,2026-01-10,2026-01-10,sale date,low,sale date,canonical transaction row,1.0,19.99,13.49,2026-07-04_18-03-58_modelcentro_transactions.csv
ModelCentro,ModelCentro transaction,,Full site access!,unmapped:modelcentro:full-site-access,Full site access!,,needs mapping,2026-07-05,2026-07-05,2026-07-05,sale date,low,sale date,canonical transaction row,1.0,19.99,13.49,2026-07-05_15-50-54_modelcentro_transactions.csv
ModelCentro,ModelCentro transaction,,Full site access!,unmapped:modelcentro:full-site-access,Full site access!,,needs mapping,2026-07-05,2026-07-05,2026-07-05,sale date,low,sale date,canonical transaction row,1.0,19.99,13.49,2026-07-05_15-50-54_modelcentro_transactions.csv
ModelCentro,ModelCentro transaction,,Full site access!,unmapped:modelcentro:full-site-access,Full site access!,,needs mapping,2026-07-05,2026-07-05,2026-07-05,sale date,low,sale date,canonical transaction row,1.0,19.99,13.49,2026-07-05_15-50-54_modelcentro_transactions.csv
Clips4Sale,C4S title snapshot,33788719,Best Friend's Step-Mommy Shows You How to Please SSBBW,Video 0289,Best Friend's Mom Teases You,Video,mapped,2026-05-22,2026-05-22,2026-05-21,master content release date,high,release date,supplemental lifetime title snapshot,157.0,4393.38,2636.03,2026-07-05_15-35-35_title_summary_2026-01-01_to_2026-07-05_Sales_Summary_by_Title_1-01-2026_to_1-01-2026.csv
Clips4Sale,C4S title snapshot,32818231,Gassy SSBBW Giantess Vores You,Video 0281,Gassy Giantess Gobbles You Up,Video,mapped,2026-01-30,2026-01-30,2026-01-30,master content release date,high,release date,supplemental lifetime title snapshot,77.0,1923.72,1154.23,2026-07-05_15-35-35_title_summary_2026-01-01_to_2026-07-05_Sales_Summary_by_Title_1-01-2026_to_1-01-2026.csv
Clips4Sale,C4S title snapshot,33118559,Your Gluttonous Girlfriend Can't Hold Back Farts,Video 0284,Stuffed Girlfriend Gets Gassy,Video,mapped,2026-03-11,2026-03-11,2026-03-11,master content release date,high,release date,supplemental lifetime title snapshot,95.0,1898.42,1139.05,2026-07-05_15-35-35_title_summary_2026-01-01_to_2026-07-05_Sales_Summary_by_Title_1-01-2026_to_1-01-2026.csv
Clips4Sale,C4S title snapshot,33543205,Gaining SSBBW Gets Horny While Stuffing Pizza,Video 0286,Stuffed and Horny,Video,mapped,2026-04-21,2026-04-21,2026-04-20,master content release date,high,release date,supplemental lifetime title snapshot,47.0,1738.22,1042.93,2026-07-05_15-35-35_title_summary_2026-01-01_to_2026-07-05_Sales_Summary_by_Title_1-01-2026_to_1-01-2026.csv
Clips4Sale,C4S title snapshot,34040665,Greedy SSBBW Devours Roommates Leftovers,Video 0291,Greedy SSBBW Devours Roommates Leftovers,Video,mapped,2026-06-27,2026-06-27,2026-06-27,master content release date,high,release date,supplemental lifetime title snapshot,43.0,1590.28,954.17,2026-07-05_15-35-35_title_summary_2026-01-01_to_2026-07-05_Sales_Summary_by_Title_1-01-2026_to_1-01-2026.csv
Clips4Sale,C4S title snapshot,33004811,Greedy SSBBW Rapid Growth Until Pop,Video 0282,Diet Pills Gone Wrong,Video,mapped,2026-02-22,2026-02-22,2026-02-22,master content release date,high,release date,supplemental lifetime title snapshot,106.0,1588.23,952.94,2026-07-05_15-35-35_title_summary_2026-01-01_to_2026-07-05_Sales_Summary_by_Title_1-01-2026_to_1-01-2026.csv
Clips4Sale,C4S title snapshot,32593851,Growing SSBBW Ex Rides You POV,Video 0280,Ex GF Got Fat - Holiday Hookup,Video,mapped,2025-12-27,2025-12-27,2025-12-26,master content release date,high,release date,supplemental lifetime title snapshot,72.0,1582.8,949.68,2026-07-05_15-35-35_title_summary_2026-01-01_to_2026-07-05_Sales_Summary_by_Title_1-01-2026_to_1-01-2026.csv
Clips4Sale,C4S title snapshot,33923475,Fucking Your Stuffed SSBBW Girlfriend POV,Video 0290,Fucking Your Stuffed SSBBW Girlfriend POV,Video,mapped,2026-06-11,2026-06-11,2026-06-11,master content release date,high,release date,supplemental lifetime title snapshot,64.0,1349.93,809.96,2026-07-05_15-35-35_title_summary_2026-01-01_to_2026-07-05_Sales_Summary_by_Title_1-01-2026_to_1-01-2026.csv
Clips4Sale,C4S title snapshot,33083747,Your Job Depends on How Well You Feed Me,Video 0283,HR Fatty Makes You Her Feeder POV,Video,mapped,2026-03-04,2026-03-04,2026-03-04,master content release date,high,release date,supplemental lifetime title snapshot,58.0,1159.03,695.42,2026-07-05_15-35-35_title_summary_2026-01-01_to_2026-07-05_Sales_Summary_by_Title_1-01-2026_to_1-01-2026.csv
Clips4Sale,C4S title snapshot,31534051,Cursed Cake Makes Greedy SSBBW Explode,Video 0271,Co-workers' Revenge: Cake Stuffing and Rapid Growth,Video,mapped,2025-07-21,2025-07-21,2025-07-21,master content release date,high,release date,supplemental lifetime title snapshot,38.0,1063.37,638.02,2026-07-05_15-35-35_title_summary_2026-01-01_to_2026-07-05_Sales_Summary_by_Title_1-01-2026_to_1-01-2026.csv
Clips4Sale,C4S title snapshot,33595021,Gaining SSBBW Smoking and Kitchen Tour,Video 0287,The Diet of a Gaining SSBBW,Video,mapped,2026-04-27,2026-04-27,2026-04-27,master content release date,high,release date,supplemental lifetime title snapshot,34.0,951.43,570.86,2026-07-05_15-35-35_title_summary_2026-01-01_to_2026-07-05_Sales_Summary_by_Title_1-01-2026_to_1-01-2026.csv
Clips4Sale,C4S title snapshot,32430185,Greedy SSBBW Stuffs Whole Thanksgiving Dinner,Video 0279,Greedy SSBBW Stuffs Whole Thanksgiving Dinner,Video,mapped,2025-12-01,2025-12-01,2025-12-01,master content release date,high,release date,supplemental lifetime title snapshot,27.0,863.55,518.13,2026-07-05_15-35-35_title_summary_2026-01-01_to_2026-07-05_Sales_Summary_by_Title_1-01-2026_to_1-01-2026.csv
Clips4Sale,C4S title snapshot,33664361,Gaining SSBBW Wants to Reach 600lbs,Video 0288,Gaining SSBBW Wants to Reach 600lbs,Video,mapped,2026-05-04,2026-05-04,2026-05-04,master content release date,high,release date,supplemental lifetime title snapshot,43.0,859.28,515.57,2026-07-05_15-35-35_title_summary_2026-01-01_to_2026-07-05_Sales_Summary_by_Title_1-01-2026_to_1-01-2026.csv
Clips4Sale,C4S title snapshot,33428121,Gaining SSBBW Smokes and Shares Workout Routine,Video 0285,Exercise After Gaining,Video,mapped,2026-04-06,2026-04-06,2026-04-06,master content release date,high,release date,supplemental lifetime title snapshot,26.0,727.57,436.54,2026-07-05_15-35-35_title_summary_2026-01-01_to_2026-07-05_Sales_Summary_by_Title_1-01-2026_to_1-01-2026.csv
Clips4Sale,C4S title snapshot,30943493,SSBBW Burps and Farts While Stuffing,Video 0267,SSBBW Burps and Farts While Stuffing,Video,mapped,2025-04-17,2025-04-17,2025-04-16,master content release date,high,release date,supplemental lifetime title snapshot,20.0,699.67,419.8,2026-07-05_15-35-35_title_summary_2026-01-01_to_2026-07-05_Sales_Summary_by_Title_1-01-2026_to_1-01-2026.csv
Clips4Sale,C4S title snapshot,32335365,SSBBW Psychologist III: Making You My Feeder POV,Video 0278,Therapist Turns You Into a Feeder Part 3,Video,mapped,2025-11-20,2025-11-20,2025-11-19,master content release date,high,release date,supplemental lifetime title snapshot,17.0,509.72,305.83,2026-07-05_15-35-35_title_summary_2026-01-01_to_2026-07-05_Sales_Summary_by_Title_1-01-2026_to_1-01-2026.csv
Clips4Sale,C4S title snapshot,31325075,Horny SSBBW Neighbor Wants Your Baby POV,Video 0270,Neighbor Gets Bred,Video,mapped,2025-06-16,2025-06-16,2025-06-10,master content release date,high,release date,supplemental lifetime title snapshot,21.0,440.65,264.39,2026-07-05_15-35-35_title_summary_2026-01-01_to_2026-07-05_Sales_Summary_by_Title_1-01-2026_to_1-01-2026.csv
Clips4Sale,C4S title snapshot,32299209,Gaining SSBBW Dorothy Fucks Wizard POV,Video 0277,Dorothy Returns to Oz POV,Video,mapped,2025-11-14,2025-11-14,2025-11-14,master content release date,high,release date,supplemental lifetime title snapshot,16.0,383.73,230.24,2026-07-05_15-35-35_title_summary_2026-01-01_to_2026-07-05_Sales_Summary_by_Title_1-01-2026_to_1-01-2026.csv
Clips4Sale,C4S title snapshot,30632943,Gaining SSBBW Wife Fucks You POV,Video 0261,Wife Wants to Stop Gaining the Reboot,Video,mapped,2025-02-24,2025-02-24,2025-02-20,master content release date,high,release date,supplemental lifetime title snapshot,17.0,373.72,224.23,2026-07-05_15-35-35_title_summary_2026-01-01_to_2026-07-05_Sales_Summary_by_Title_1-01-2026_to_1-01-2026.csv
Clips4Sale,C4S title snapshot,31663021,SSBBW Squashes You Under Ass and Feet,Video 0273,SSBBW Squashes You Under Ass and Feet,Video,mapped,2025-08-10,2025-08-10,2025-08-09,master content release date,high,release date,supplemental lifetime title snapshot,20.0,359.67,215.8,2026-07-05_15-35-35_title_summary_2026-01-01_to_2026-07-05_Sales_Summary_by_Title_1-01-2026_to_1-01-2026.csv
Clips4Sale,C4S title snapshot,30931393,SSBBW Stuffs in the Car Until Stuck,Video 0266,Stuffing Until I'm Stuck,Video,mapped,2025-04-14,2025-04-14,2025-04-11,master content release date,high,release date,supplemental lifetime title snapshot,12.0,347.8,208.68,2026-07-05_15-35-35_title_summary_2026-01-01_to_2026-07-05_Sales_Summary_by_Title_1-01-2026_to_1-01-2026.csv
Clips4Sale,C4S title snapshot,30985471,Horny SSBBW Secretly Cums During Meeting,Video 0268,Work Meeting Masturbation,Video,mapped,2025-04-23,2025-04-23,2025-04-23,master content release date,high,release date,supplemental lifetime title snapshot,13.0,285.78,171.47,2026-07-05_15-35-35_title_summary_2026-01-01_to_2026-07-05_Sales_Summary_by_Title_1-01-2026_to_1-01-2026.csv
Clips4Sale,C4S title snapshot,31897715,Gaining SSBBW Smoking and Clothes Try On,Video 0275,Fitting My Fat Body,Video,mapped,2025-09-15,2025-09-15,2025-09-14,master content release date,high,release date,supplemental lifetime title snapshot,10.0,279.83,167.9,2026-07-05_15-35-35_title_summary_2026-01-01_to_2026-07-05_Sales_Summary_by_Title_1-01-2026_to_1-01-2026.csv
Clips4Sale,C4S title snapshot,32167641,Gassy SSBBW Ignores You and Stuffs,Video 0276,Hungry Girlfriend Ignores You,Video,mapped,2025-10-24,2025-10-24,2025-10-18,master content release date,high,release date,supplemental lifetime title snapshot,16.0,255.73,153.44,2026-07-05_15-35-35_title_summary_2026-01-01_to_2026-07-05_Sales_Summary_by_Title_1-01-2026_to_1-01-2026.csv
Clips4Sale,C4S title snapshot,29971791,SSBBW Ex Wants to Get Pregnant,Video 0249,SSBBW Ex Wants to Get Pregnant,Video,mapped,2024-10-27,2024-10-27,2024-10-27,master content release date,high,release date,supplemental lifetime title snapshot,18.0,251.7,151.02,2026-07-05_15-35-35_title_summary_2026-01-01_to_2026-07-05_Sales_Summary_by_Title_1-01-2026_to_1-01-2026.csv
Clips4Sale,C4S title snapshot,29360577,SSBBW Feedee Stuffing and Makeout POV,Video 0241,Stuffing and Makeout POV,Video,mapped,2024-07-03,2024-07-03,2024-07-01,master content release date,high,release date,supplemental lifetime title snapshot,10.0,249.83,149.9,2026-07-05_15-35-35_title_summary_2026-01-01_to_2026-07-05_Sales_Summary_by_Title_1-01-2026_to_1-01-2026.csv
Clips4Sale,C4S title snapshot,28962713,Smelly SSBBW Makes You Worship Ass,Video 0228,Worship My Sweaty Ass,Video,mapped,2024-04-24,2024-04-24,2024-04-22,master content release date,high,release date,supplemental lifetime title snapshot,11.0,230.82,138.49,2026-07-05_15-35-35_title_summary_2026-01-01_to_2026-07-05_Sales_Summary_by_Title_1-01-2026_to_1-01-2026.csv
Clips4Sale,C4S title snapshot,30176343,Growing SSBBW Belly and Ass Worship,Video 0255,Worship My Sweaty Fat,Video,mapped,2024-12-05,2024-12-05,2024-12-04,master content release date,high,release date,supplemental lifetime title snapshot,9.0,224.85,134.91,2026-07-05_15-35-35_title_summary_2026-01-01_to_2026-07-05_Sales_Summary_by_Title_1-01-2026_to_1-01-2026.csv
Clips4Sale,C4S title snapshot,29961257,SSBBW Girlfriend Grows into 14-foot Giantess,Video 0248,SSBBW Girlfriend Grows into 14-foot Giantess,Video,mapped,2024-10-25,2024-10-25,2024-10-25,master content release date,high,release date,supplemental lifetime title snapshot,10.0,219.83,131.9,2026-07-05_15-35-35_title_summary_2026-01-01_to_2026-07-05_Sales_Summary_by_Title_1-01-2026_to_1-01-2026.csv
Clips4Sale,C4S title snapshot,29411945,Shy SSBBW Concierge Fucks You POV,Video 0243,Hotel Concierge Fucking POV,Video,mapped,2024-07-10,2024-07-10,2024-07-10,master content release date,high,release date,supplemental lifetime title snapshot,12.0,215.8,129.48,2026-07-05_15-35-35_title_summary_2026-01-01_to_2026-07-05_Sales_Summary_by_Title_1-01-2026_to_1-01-2026.csv
Clips4Sale,C4S title snapshot,28864735,SSBBW Rapid Growth Riding You POV,Video 0221,Magical Belly Growth and Riding POV,Video,mapped,2024-03-31,2024-03-31,2024-03-31,master content release date,high,release date,supplemental lifetime title snapshot,9.0,206.85,124.11,2026-07-05_15-35-35_title_summary_2026-01-01_to_2026-07-05_Sales_Summary_by_Title_1-01-2026_to_1-01-2026.csv
Clips4Sale,C4S title snapshot,30186929,SSBBW Girlfriend Encourages Mutual Gain POV,Video 0256,Mutual Gaining Fantasy,Video,mapped,2024-12-09,2024-12-09,2024-12-05,master content release date,high,release date,supplemental lifetime title snapshot,8.0,199.87,119.92,2026-07-05_15-35-35_title_summary_2026-01-01_to_2026-07-05_Sales_Summary_by_Title_1-01-2026_to_1-01-2026.csv
Clips4Sale,C4S title snapshot,27682807,Chair Breaking Under Huge SSBBW,Video 0186,Chair Breaking Under Huge SSBBW,Video,mapped,2023-09-01,2023-09-01,2023-06-21,master content release date,high,release date,supplemental lifetime title snapshot,8.0,199.87,119.92,2026-07-05_15-35-35_title_summary_2026-01-01_to_2026-07-05_Sales_Summary_by_Title_1-01-2026_to_1-01-2026.csv
Clips4Sale,C4S title snapshot,30722815,Gaining SSBBW Stuffs Face Post-Workout,Video 0264,After-Gym Stuffing,Video,mapped,2025-03-11,2025-03-11,2025-03-10,master content release date,high,release date,supplemental lifetime title snapshot,10.0,199.83,119.9,2026-07-05_15-35-35_title_summary_2026-01-01_to_2026-07-05_Sales_Summary_by_Title_1-01-2026_to_1-01-2026.csv
Clips4Sale,C4S title snapshot,28285473,Fat Friend Wants to be Friends with Benefits,Video 0203,Friends With Benefits,Video,mapped,2023-11-21,2023-11-21,2023-11-18,master content release date,high,release date,supplemental lifetime title snapshot,11.0,186.82,112.09,2026-07-05_15-35-35_title_summary_2026-01-01_to_2026-07-05_Sales_Summary_by_Title_1-01-2026_to_1-01-2026.csv
Clips4Sale,C4S title snapshot,30670805,SSBBW Rips Leggings and Fucks Pussy,Video 0263,SSBBW Rips Leggings and Fucks Pussy,Video,mapped,2025-03-06,2025-03-06,2025-03-02,master content release date,high,release date,supplemental lifetime title snapshot,9.0,179.85,107.91,2026-07-05_15-35-35_title_summary_2026-01-01_to_2026-07-05_Sales_Summary_by_Title_1-01-2026_to_1-01-2026.csv
Clips4Sale,C4S title snapshot,31696939,SSBBW Pussy Licking and Toe Sucking,Video 0274,Pantyhose Pussy Licking and Toe Sucking,Video,mapped,2025-08-16,2025-08-16,2025-08-16,master content release date,high,release date,supplemental lifetime title snapshot,8.0,175.87,105.52,2026-07-05_15-35-35_title_summary_2026-01-01_to_2026-07-05_Sales_Summary_by_Title_1-01-2026_to_1-01-2026.csv
Clips4Sale,C4S title snapshot,30746667,SSBBW Does Steamy Striptease for You,Video 0265,Dripping Wet Strip Tease,Video,mapped,2025-03-17,2025-03-17,2025-03-14,master content release date,high,release date,supplemental lifetime title snapshot,8.0,175.87,105.52,2026-07-05_15-35-35_title_summary_2026-01-01_to_2026-07-05_Sales_Summary_by_Title_1-01-2026_to_1-01-2026.csv
Clips4Sale,C4S title snapshot,29059243,Your SSBBW Wife Denies Getting Fatter,Video 0232,Your Wife Accidentally Gains,Video,mapped,2024-05-08,2024-05-08,2024-05-06,master content release date,high,release date,supplemental lifetime title snapshot,7.0,174.88,104.93,2026-07-05_15-35-35_title_summary_2026-01-01_to_2026-07-05_Sales_Summary_by_Title_1-01-2026_to_1-01-2026.csv
Clips4Sale,C4S title snapshot,29128127,SSBBW Psychologist Makes You Worship Belly,Video 0235,Your Therapist Turns You Into a Feeder Part 1,Video,mapped,2024-05-19,2024-05-19,2024-05-16,master content release date,high,release date,supplemental lifetime title snapshot,7.0,174.88,104.93,2026-07-05_15-35-35_title_summary_2026-01-01_to_2026-07-05_Sales_Summary_by_Title_1-01-2026_to_1-01-2026.csv
Clips4Sale,C4S title snapshot,31572629,Growing SSBBW Smokes Cigarette in Tight Shirt,Video 0272,Smoking a cigarette in an outgrown shirt,Video,mapped,2025-07-28,2025-07-28,2025-07-27,master content release date,high,release date,supplemental lifetime title snapshot,9.0,170.85,102.51,2026-07-05_15-35-35_title_summary_2026-01-01_to_2026-07-05_Sales_Summary_by_Title_1-01-2026_to_1-01-2026.csv
Clips4Sale,C4S title snapshot,28923215,Horny SSBBW Squirts on First Date,Video 0225,Squirting on the First Date,Video,mapped,2024-04-11,2024-04-11,2024-04-10,master content release date,high,release date,supplemental lifetime title snapshot,6.0,161.9,97.14,2026-07-05_15-35-35_title_summary_2026-01-01_to_2026-07-05_Sales_Summary_by_Title_1-01-2026_to_1-01-2026.csv
Clips4Sale,C4S title snapshot,30215799,SSBBW Jiggles Fat for Your Cum Part 2,Video 0257,Cum for My Fat Part 2,Video,mapped,2024-12-17,2024-12-17,2024-12-11,master content release date,high,release date,supplemental lifetime title snapshot,9.0,161.85,97.11,2026-07-05_15-35-35_title_summary_2026-01-01_to_2026-07-05_Sales_Summary_by_Title_1-01-2026_to_1-01-2026.csv
Clips4Sale,C4S title snapshot,27485631,Fat Dom GF Makes you Clean Sweaty Ass and Pussy,Video 0177,Fat Dom GF Makes you Clean Sweaty Ass and Pussy,Video,mapped,2023-05-03,2023-05-03,2023-05-03,master content release date,high,release date,supplemental lifetime title snapshot,10.0,159.83,95.9,2026-07-05_15-35-35_title_summary_2026-01-01_to_2026-07-05_Sales_Summary_by_Title_1-01-2026_to_1-01-2026.csv
Clips4Sale,C4S title snapshot,30154579,SSBBW Smokes After Thanksgiving Stuffing,Video 0254,SSBBW Smokes After Thanksgiving Stuffing,Video,mapped,2024-11-29,2024-11-29,2024-11-29,master content release date,high,release date,supplemental lifetime title snapshot,5.0,149.92,89.95,2026-07-05_15-35-35_title_summary_2026-01-01_to_2026-07-05_Sales_Summary_by_Title_1-01-2026_to_1-01-2026.csv
Clips4Sale,C4S title snapshot,27990241,SSBBW Car Struggles and Topless Driving,Video 0194,SSBBW Car Struggles and Topless Driving,Video,mapped,2023-09-07,2023-09-07,2023-08-31,master content release date,high,release date,supplemental lifetime title snapshot,7.0,146.88,88.13,2026-07-05_15-35-35_title_summary_2026-01-01_to_2026-07-05_Sales_Summary_by_Title_1-01-2026_to_1-01-2026.csv
Clips4Sale,C4S title snapshot,30088371,SSBBW Fruit Crush with 72-Inch Ass,Video 0253,Fresh Squeezed Fruit Crush,Video,mapped,2024-11-24,2024-11-24,2024-11-20,master content release date,high,release date,supplemental lifetime title snapshot,6.0,131.9,79.14,2026-07-05_15-35-35_title_summary_2026-01-01_to_2026-07-05_Sales_Summary_by_Title_1-01-2026_to_1-01-2026.csv
Clips4Sale,C4S title snapshot,30382621,Greedy SSBBW Girlfriend Vores You POV,Video 0259,Boyfriend Gets Vored,Video,mapped,2025-01-12,2025-01-12,2024-12-23,master content release date,high,release date,supplemental lifetime title snapshot,6.0,131.9,79.14,2026-07-05_15-35-35_title_summary_2026-01-01_to_2026-07-05_Sales_Summary_by_Title_1-01-2026_to_1-01-2026.csv
Clips4Sale,C4S title snapshot,30664187,Smoking SSBBW Gets Ready Voyeur Cam,Video 0262,Voyeur Watches Me Get Ready,Video,mapped,2025-03-03,2025-03-03,2025-02-28,master content release date,high,release date,supplemental lifetime title snapshot,6.0,125.9,75.54,2026-07-05_15-35-35_title_summary_2026-01-01_to_2026-07-05_Sales_Summary_by_Title_1-01-2026_to_1-01-2026.csv
Clips4Sale,C4S title snapshot,30065969,"SSBBW Giantess Teasing, Shrinking, and Vore",Video 0252,Resist Temptation or Get Swallowed,Video,mapped,2024-11-19,2024-11-19,2024-11-16,master content release date,high,release date,supplemental lifetime title snapshot,5.0,124.92,74.95,2026-07-05_15-35-35_title_summary_2026-01-01_to_2026-07-05_Sales_Summary_by_Title_1-01-2026_to_1-01-2026.csv
Clips4Sale,C4S title snapshot,30601241,Submissive SSBBW Gaining and Titty Fucking,Video 0260,Gaining for Daddy,Video,mapped,2025-02-19,2025-02-19,2025-02-17,master content release date,high,release date,supplemental lifetime title snapshot,5.0,119.92,71.95,2026-07-05_15-35-35_title_summary_2026-01-01_to_2026-07-05_Sales_Summary_by_Title_1-01-2026_to_1-01-2026.csv
Clips4Sale,C4S title snapshot,29475599,Stuffed SSBBW Wife Wants to Fuck,Video 0247,Anniversary Fuck POV,Video,mapped,2024-07-28,2024-07-28,2024-07-25,master content release date,high,release date,supplemental lifetime title snapshot,6.0,119.9,71.94,2026-07-05_15-35-35_title_summary_2026-01-01_to_2026-07-05_Sales_Summary_by_Title_1-01-2026_to_1-01-2026.csv
Clips4Sale,C4S title snapshot,30060709,SSBBW Jiggles Fat for Your Cum,Video 0251,Cum for My Fat,Video,mapped,2024-11-14,2024-11-14,2024-11-13,master content release date,high,release date,supplemental lifetime title snapshot,7.0,118.88,71.33,2026-07-05_15-35-35_title_summary_2026-01-01_to_2026-07-05_Sales_Summary_by_Title_1-01-2026_to_1-01-2026.csv
Clips4Sale,C4S title snapshot,29284585,Horny SSBBW Jiggles for Your Cum,Video 0237,Horny SSBBW Jiggles for Your Cum,Video,mapped,2024-06-14,2024-06-14,2024-06-14,master content release date,high,release date,supplemental lifetime title snapshot,6.0,107.9,64.74,2026-07-05_15-35-35_title_summary_2026-01-01_to_2026-07-05_Sales_Summary_by_Title_1-01-2026_to_1-01-2026.csv
Clips4Sale,C4S title snapshot,29434323,Growing SSBBW Begs to be Impregnated,Video 0244,Impregnation Fantasy Chat,Video,mapped,2024-07-14,2024-07-14,2024-07-11,master content release date,high,release date,supplemental lifetime title snapshot,7.0,104.88,62.93,2026-07-05_15-35-35_title_summary_2026-01-01_to_2026-07-05_Sales_Summary_by_Title_1-01-2026_to_1-01-2026.csv
Clips4Sale,C4S title snapshot,28798697,SSBBW Slut Seduces You Into Impregnation POV,Video 0218,Seducing You Into Impregnation,Video,mapped,2024-03-17,2024-03-17,2024-03-15,master content release date,high,release date,supplemental lifetime title snapshot,6.0,101.9,61.14,2026-07-05_15-35-35_title_summary_2026-01-01_to_2026-07-05_Sales_Summary_by_Title_1-01-2026_to_1-01-2026.csv
Clips4Sale,C4S title snapshot,28454685,Horny SSBBW Jiggles and Bounces POV Solo,Video 0209,Morning SSBBW Fuck POV Solo,Video,mapped,2024-01-12,2024-01-12,2023-12-29,master content release date,high,release date,supplemental lifetime title snapshot,6.0,101.9,61.14,2026-07-05_15-35-35_title_summary_2026-01-01_to_2026-07-05_Sales_Summary_by_Title_1-01-2026_to_1-01-2026.csv
Clips4Sale,C4S title snapshot,31019213,SSBBW Psychologist II: Facestuffing and Gaining,Video 0269,Therapist Turns You Into a Feeder Part 2,Video,mapped,2025-04-29,2025-04-29,2025-04-27,master content release date,high,release date,supplemental lifetime title snapshot,4.0,99.93,59.96,2026-07-05_15-35-35_title_summary_2026-01-01_to_2026-07-05_Sales_Summary_by_Title_1-01-2026_to_1-01-2026.csv
Clips4Sale,C4S title snapshot,29317905,SSBBW Giantess Rubs Pussy on You,Video 0239,SSBBW Giantess Rubs Pussy on You,Video,mapped,2024-06-21,2024-06-21,2024-06-21,master content release date,high,release date,supplemental lifetime title snapshot,6.0,89.9,53.94,2026-07-05_15-35-35_title_summary_2026-01-01_to_2026-07-05_Sales_Summary_by_Title_1-01-2026_to_1-01-2026.csv
Clips4Sale,C4S title snapshot,28407177,SSBBW Gets Stuck in the Doorway,Video 0207,SSBBW Gets Stuck in the Doorway,Video,mapped,2023-12-18,2023-12-18,2023-12-17,master content release date,high,release date,supplemental lifetime title snapshot,5.0,84.92,50.95,2026-07-05_15-35-35_title_summary_2026-01-01_to_2026-07-05_Sales_Summary_by_Title_1-01-2026_to_1-01-2026.csv
Clips4Sale,C4S title snapshot,29100737,Old Fling Grows Into Massive SSBBW,Video 0233,Your Fave Hookup Got Fat,Video,mapped,2024-05-12,2024-05-12,2024-05-10,master content release date,high,release date,supplemental lifetime title snapshot,4.0,83.93,50.36,2026-07-05_15-35-35_title_summary_2026-01-01_to_2026-07-05_Sales_Summary_by_Title_1-01-2026_to_1-01-2026.csv
Clips4Sale,C4S title snapshot,29465941,Dominant Boss Makes You Worship Belly,Video 0245,Belly Worship to Keep Your Job,Video,mapped,2024-07-21,2024-07-21,2024-07-18,master content release date,high,release date,supplemental lifetime title snapshot,5.0,79.92,47.95,2026-07-05_15-35-35_title_summary_2026-01-01_to_2026-07-05_Sales_Summary_by_Title_1-01-2026_to_1-01-2026.csv
Clips4Sale,C4S title snapshot,28771123,Horny SSBBW Succubus Grows for Your Cum POV,Video 0216,Horny SSBBW Succubus Grows for Your Cum POV,Video,mapped,2024-03-10,2024-03-10,2024-03-10,master content release date,high,release date,supplemental lifetime title snapshot,4.0,75.93,45.56,2026-07-05_15-35-35_title_summary_2026-01-01_to_2026-07-05_Sales_Summary_by_Title_1-01-2026_to_1-01-2026.csv
Clips4Sale,C4S title snapshot,27963883,Fat Girl Walks in Sexy Black Bodystocking,Video 0187,Fat Girl Walks in Sexy Black Bodystocking,Video,mapped,2023-09-01,2023-09-01,2023-07-07,master content release date,high,release date,supplemental lifetime title snapshot,4.0,75.93,45.56,2026-07-05_15-35-35_title_summary_2026-01-01_to_2026-07-05_Sales_Summary_by_Title_1-01-2026_to_1-01-2026.csv
Clips4Sale,C4S title snapshot,28871581,SSBBW Stuffing & Crushing You POV,Video 0223,Growing SSBBW Stuffs 5000 Calories While Sitting on You POV 🤤🌮,Video,mapped,2024-04-08,2024-04-08,2024-04-01,master content release date,high,release date,supplemental lifetime title snapshot,3.0,74.95,44.97,2026-07-05_15-35-35_title_summary_2026-01-01_to_2026-07-05_Sales_Summary_by_Title_1-01-2026_to_1-01-2026.csv
Clips4Sale,C4S title snapshot,29037291,Growing SSBBW Cums While Stuffing Pizza,Video 0231,Large Pizza and Fat Pussy,Video,mapped,2024-05-05,2024-05-05,2024-05-02,master content release date,high,release date,supplemental lifetime title snapshot,3.0,74.95,44.97,2026-07-05_15-35-35_title_summary_2026-01-01_to_2026-07-05_Sales_Summary_by_Title_1-01-2026_to_1-01-2026.csv
Clips4Sale,C4S title snapshot,27949821,SSBBW Loves Being Bigger Than You,Video 0195,SSBBW Loves Being Bigger Than You,Video,mapped,2023-09-03,2023-09-03,2023-09-03,master content release date,high,release date,supplemental lifetime title snapshot,4.0,71.93,43.16,2026-07-05_15-35-35_title_summary_2026-01-01_to_2026-07-05_Sales_Summary_by_Title_1-01-2026_to_1-01-2026.csv
Clips4Sale,C4S title snapshot,25867347,Fat Party Girl Gets the Wrong Room POV Solo,Video 0153,Fat Party Girl Gets the Wrong Room,Video,mapped,2022-01-27,2022-01-27,2021-11-14,master content release date,high,release date,supplemental lifetime title snapshot,11.0,71.5,42.9,2026-07-05_15-35-35_title_summary_2026-01-01_to_2026-07-05_Sales_Summary_by_Title_1-01-2026_to_1-01-2026.csv
Clips4Sale,C4S title snapshot,32593851,Chargeback Forgiveness 106266925,exact-title:chargeback-forgiveness-106266925,Chargeback Forgiveness 106266925,Video,auto exact-title,2025-12-27,2025-12-27,2025-12-27,C4S date added,medium,release date,supplemental lifetime title snapshot,3.0,69.95,41.97,2026-07-05_15-35-35_title_summary_2026-01-01_to_2026-07-05_Sales_Summary_by_Title_1-01-2026_to_1-01-2026.csv
Clips4Sale,C4S title snapshot,28102771,SSBBW Hottie Makes Her Fat Pussy Cum,Video 0199,Vibe Until I Cum,Video,mapped,2023-10-07,2023-10-07,2023-10-05,master content release date,high,release date,supplemental lifetime title snapshot,5.0,69.92,41.95,2026-07-05_15-35-35_title_summary_2026-01-01_to_2026-07-05_Sales_Summary_by_Title_1-01-2026_to_1-01-2026.csv
Clips4Sale,C4S title snapshot,28959823,SSBBW Turns Feeder Boyfriend Into Cuckold,Video 0227,Cuckolded By Your Feedee Girlfriend,Video,mapped,2024-04-21,2024-04-21,2024-04-20,master content release date,high,release date,supplemental lifetime title snapshot,4.0,63.93,38.36,2026-07-05_15-35-35_title_summary_2026-01-01_to_2026-07-05_Sales_Summary_by_Title_1-01-2026_to_1-01-2026.csv
Clips4Sale,C4S title snapshot,29475607,Unaware Horny SSBBW Plays With Herself,Video 0246,Secretly Watching Masturbation,Video,mapped,2024-07-24,2024-07-24,2024-07-22,master content release date,high,release date,supplemental lifetime title snapshot,4.0,59.93,35.96,2026-07-05_15-35-35_title_summary_2026-01-01_to_2026-07-05_Sales_Summary_by_Title_1-01-2026_to_1-01-2026.csv
Clips4Sale,C4S title snapshot,29395095,Gaining SSBBW Mistress Teases You POV,Video 0242,Crawling Back to Your Fat Mistress,Video,mapped,2024-07-07,2024-07-07,2024-07-04,master content release date,high,release date,supplemental lifetime title snapshot,4.0,51.93,31.16,2026-07-05_15-35-35_title_summary_2026-01-01_to_2026-07-05_Sales_Summary_by_Title_1-01-2026_to_1-01-2026.csv
Clips4Sale,C4S title snapshot,28378185,SSBBW Loves Being Bigger Than You Part 2,Video 0206,Bigger Than You Tease Part 2,Video,mapped,2023-12-14,2023-12-14,2023-12-11,master content release date,high,release date,supplemental lifetime title snapshot,3.0,50.95,30.57,2026-07-05_15-35-35_title_summary_2026-01-01_to_2026-07-05_Sales_Summary_by_Title_1-01-2026_to_1-01-2026.csv
Clips4Sale,C4S title snapshot,28864821,Gaining Horny SSBBW Date Wants You POV,Video 0222,Fatter Than the Pictures,Video,mapped,2024-04-03,2024-04-03,2024-04-01,master content release date,high,release date,supplemental lifetime title snapshot,3.0,50.95,30.57,2026-07-05_15-35-35_title_summary_2026-01-01_to_2026-07-05_Sales_Summary_by_Title_1-01-2026_to_1-01-2026.csv
Clips4Sale,C4S title snapshot,24023235,Cover You In Squirt POV,Video 0098,Cover You In Cum POV,Video,mapped,2020-11-11,2020-11-11,2020-08-02,master content release date,high,release date,supplemental lifetime title snapshot,5.0,49.92,29.95,2026-07-05_15-35-35_title_summary_2026-01-01_to_2026-07-05_Sales_Summary_by_Title_1-01-2026_to_1-01-2026.csv
Clips4Sale,C4S title snapshot,28927213,SSBBW Stuffs Burgers POV (VISION PRO),exact-title:ssbbw-stuffs-burgers-pov-vision-pro,SSBBW Stuffs Burgers POV (VISION PRO),Video,auto exact-title,2024-04-12,2024-04-12,2024-04-12,C4S date added,medium,release date,supplemental lifetime title snapshot,2.0,47.97,28.78,2026-07-05_15-35-35_title_summary_2026-01-01_to_2026-07-05_Sales_Summary_by_Title_1-01-2026_to_1-01-2026.csv
Clips4Sale,C4S title snapshot,27818857,Tight Clothes Make Growing SSBBW Horny,Video 0191,Tight Clothes Make Growing SSBBW Horny,Video,mapped,2023-09-07,2023-09-07,2023-07-31,master content release date,high,release date,supplemental lifetime title snapshot,3.0,47.95,28.77,2026-07-05_15-35-35_title_summary_2026-01-01_to_2026-07-05_Sales_Summary_by_Title_1-01-2026_to_1-01-2026.csv
Clips4Sale,C4S title snapshot,28692105,SSBBW Jiggles Thighs and Asss,Video 0214,SSBBW Jiggles Fat Thighs and Ass,Video,mapped,2024-02-25,2024-02-25,2024-02-22,master content release date,high,release date,supplemental lifetime title snapshot,3.0,47.95,28.77,2026-07-05_15-35-35_title_summary_2026-01-01_to_2026-07-05_Sales_Summary_by_Title_1-01-2026_to_1-01-2026.csv
Clips4Sale,C4S title snapshot,24564879,Your Cum Makes Me Gain,Video 0119,Your Cum Makes Me Gain,Video,mapped,2021-02-19,2021-02-19,2021-01-03,master content release date,high,release date,supplemental lifetime title snapshot,4.0,47.93,28.76,2026-07-05_15-35-35_title_summary_2026-01-01_to_2026-07-05_Sales_Summary_by_Title_1-01-2026_to_1-01-2026.csv
Clips4Sale,C4S title snapshot,29332669,Gaining SSBBW Makes Her Buttons Pop,Video 0240,Gaining SSBBW Makes Her Buttons Pop,Video,mapped,2024-06-25,2024-06-25,2024-06-25,master content release date,high,release date,supplemental lifetime title snapshot,3.0,44.95,26.97,2026-07-05_15-35-35_title_summary_2026-01-01_to_2026-07-05_Sales_Summary_by_Title_1-01-2026_to_1-01-2026.csv
Clips4Sale,C4S title snapshot,27012947,SSBBW Giantess GFE,Video 0167,SSBBW Giantess GFE,Video,mapped,2022-12-29,2022-12-29,2022-12-16,master content release date,high,release date,supplemental lifetime title snapshot,5.0,42.5,25.5,2026-07-05_15-35-35_title_summary_2026-01-01_to_2026-07-05_Sales_Summary_by_Title_1-01-2026_to_1-01-2026.csv
Clips4Sale,C4S title snapshot,28442905,SSBBW Mrs Claus Lets You Eat Ass and Pussy,Video 0208,SSBBW Mrs Claus Lets You Eat Ass and Pussy,Video,mapped,2023-12-27,2023-12-27,2023-12-27,master content release date,high,release date,supplemental lifetime title snapshot,3.0,41.95,25.17,2026-07-05_15-35-35_title_summary_2026-01-01_to_2026-07-05_Sales_Summary_by_Title_1-01-2026_to_1-01-2026.csv
Clips4Sale,C4S title snapshot,28766245,SSBBW Hanging Belly and Fat Clapping,Video 0215,Heavy Hanging Belly,Video,mapped,2024-03-12,2024-03-12,2024-03-09,master content release date,high,release date,supplemental lifetime title snapshot,3.0,41.95,25.17,2026-07-05_15-35-35_title_summary_2026-01-01_to_2026-07-05_Sales_Summary_by_Title_1-01-2026_to_1-01-2026.csv
Clips4Sale,C4S title snapshot,24023281,Smoking and Sensual Belly Rubbing,Video 0094,Smoking and Sensual Rubbing,Video,mapped,2020-11-14,2020-11-14,2020-07-05,master content release date,high,release date,supplemental lifetime title snapshot,4.0,39.93,23.96,2026-07-05_15-35-35_title_summary_2026-01-01_to_2026-07-05_Sales_Summary_by_Title_1-01-2026_to_1-01-2026.csv
Clips4Sale,C4S title snapshot,24019637,Fat Girl Pillow Grinding and Moaning,Video 0079,Horny Pillow Grinding,Video,mapped,2020-11-06,2020-11-06,2020-04-11,master content release date,high,release date,supplemental lifetime title snapshot,4.0,39.93,23.96,2026-07-05_15-35-35_title_summary_2026-01-01_to_2026-07-05_Sales_Summary_by_Title_1-01-2026_to_1-01-2026.csv
Clips4Sale,C4S title snapshot,26184677,Fatty Jumping on the Squeaky Bed,Video 0157,Jumping on the Squeaky Bed,Video,mapped,2022-05-06,2022-05-06,2021-12-21,master content release date,high,release date,supplemental lifetime title snapshot,6.0,39.0,23.4,2026-07-05_15-35-35_title_summary_2026-01-01_to_2026-07-05_Sales_Summary_by_Title_1-01-2026_to_1-01-2026.csv
Clips4Sale,C4S title snapshot,26444891,BBW Morning Sex POV Solo,Video 0162,POV Morning Sex,Video,mapped,2022-08-11,2022-08-11,2022-03-29,master content release date,high,release date,supplemental lifetime title snapshot,6.0,39.0,23.4,2026-07-05_15-35-35_title_summary_2026-01-01_to_2026-07-05_Sales_Summary_by_Title_1-01-2026_to_1-01-2026.csv
Clips4Sale,C4S title snapshot,24019181,400lb SSBBW Sits On Your Chest,Video 0053,Weight on Your Chest,Video,mapped,2020-10-25,2020-10-25,2019-09-13,master content release date,high,release date,supplemental lifetime title snapshot,3.0,35.95,21.57,2026-07-05_15-35-35_title_summary_2026-01-01_to_2026-07-05_Sales_Summary_by_Title_1-01-2026_to_1-01-2026.csv
Clips4Sale,C4S title snapshot,27386809,SSBBW Plays with Fat Pussy and Bounces on Your Cock,Video 0174,Bouncing on Your Cock,Video,mapped,2023-04-05,2023-04-05,2023-03-15,master content release date,high,release date,supplemental lifetime title snapshot,5.0,35.0,21.0,2026-07-05_15-35-35_title_summary_2026-01-01_to_2026-07-05_Sales_Summary_by_Title_1-01-2026_to_1-01-2026.csv
Clips4Sale,C4S title snapshot,27040951,SSBBW No Hands Cake Stuffing,Video 0170,SSBBW No Hands Cake Stuffing,Video,mapped,2023-01-06,2023-01-06,2023-01-06,master content release date,high,release date,supplemental lifetime title snapshot,5.0,35.0,21.0,2026-07-05_15-35-35_title_summary_2026-01-01_to_2026-07-05_Sales_Summary_by_Title_1-01-2026_to_1-01-2026.csv
Clips4Sale,C4S title snapshot,30335991,Gaining SSBBW Measurements and Weigh-In,Video 0258,Measurements and Weigh-In,Video,mapped,2025-01-06,2025-01-06,2024-12-18,master content release date,high,release date,supplemental lifetime title snapshot,1.0,34.98,20.99,2026-07-05_15-35-35_title_summary_2026-01-01_to_2026-07-05_Sales_Summary_by_Title_1-01-2026_to_1-01-2026.csv
Clips4Sale,C4S title snapshot,24415359,Red Satin Shorts Fat Booty Worship,Video 0116,Red Satin Shorts Fat Booty Worship,Video,mapped,2021-01-18,2021-01-18,2020-11-29,master content release date,high,release date,supplemental lifetime title snapshot,5.0,34.92,20.95,2026-07-05_15-35-35_title_summary_2026-01-01_to_2026-07-05_Sales_Summary_by_Title_1-01-2026_to_1-01-2026.csv
Clips4Sale,C4S title snapshot,29016135,Unaware SSBBW Smokes and Outgrows Clothes,Video 0229,Unaware SSBBW Smokes and Outgrows Clothes,Video,mapped,2024-05-01,2024-05-01,2024-04-24,master content release date,high,release date,supplemental lifetime title snapshot,2.0,33.97,20.38,2026-07-05_15-35-35_title_summary_2026-01-01_to_2026-07-05_Sales_Summary_by_Title_1-01-2026_to_1-01-2026.csv
Clips4Sale,C4S title snapshot,26444825,Fat Girl Sucks and Rides Dildo,Video 0160,Side-view Sucking and Riding,Video,mapped,2022-08-04,2022-08-04,2022-02-16,master content release date,high,release date,supplemental lifetime title snapshot,5.0,32.5,19.5,2026-07-05_15-35-35_title_summary_2026-01-01_to_2026-07-05_Sales_Summary_by_Title_1-01-2026_to_1-01-2026.csv
Clips4Sale,C4S title snapshot,28832493,SSBBW Oil Play and Fat Jiggling,Video 0220,Bouncing My Oiled-Up Fat,Video,mapped,2024-03-24,2024-03-24,2024-03-23,master content release date,high,release date,supplemental lifetime title snapshot,2.0,31.97,19.18,2026-07-05_15-35-35_title_summary_2026-01-01_to_2026-07-05_Sales_Summary_by_Title_1-01-2026_to_1-01-2026.csv
Clips4Sale,C4S title snapshot,28153391,Fat Witch Needs Your Cum for Her Potion,Video 0201,Witch's Brew,Video,mapped,2023-10-21,2023-10-21,2023-10-18,master content release date,high,release date,supplemental lifetime title snapshot,2.0,31.97,19.18,2026-07-05_15-35-35_title_summary_2026-01-01_to_2026-07-05_Sales_Summary_by_Title_1-01-2026_to_1-01-2026.csv
Clips4Sale,C4S title snapshot,27461085,Fatty Stuffs T Bell and Weighs In,Video 0176,Stuffing My Face with Fast Food,Video,mapped,2023-04-25,2023-04-25,2023-04-25,master content release date,high,release date,supplemental lifetime title snapshot,3.0,28.5,17.1,2026-07-05_15-35-35_title_summary_2026-01-01_to_2026-07-05_Sales_Summary_by_Title_1-01-2026_to_1-01-2026.csv
Clips4Sale,C4S title snapshot,25704201,Fat Naked Yoga,Video 0150,Fat Naked Yoga,Video,mapped,2021-12-05,2021-12-05,2021-10-19,master content release date,high,release date,supplemental lifetime title snapshot,4.0,28.0,16.8,2026-07-05_15-35-35_title_summary_2026-01-01_to_2026-07-05_Sales_Summary_by_Title_1-01-2026_to_1-01-2026.csv
Clips4Sale,C4S title snapshot,31534051,Chargeback Forgiveness 106267173,exact-title:chargeback-forgiveness-106267173,Chargeback Forgiveness 106267173,Video,auto exact-title,2025-07-21,2025-07-21,2025-07-21,C4S date added,medium,release date,supplemental lifetime title snapshot,1.0,27.98,16.79,2026-07-05_15-35-35_title_summary_2026-01-01_to_2026-07-05_Sales_Summary_by_Title_1-01-2026_to_1-01-2026.csv
Clips4Sale,C4S title snapshot,26444807,Denim Shorts BBW Ass Worship,Video 0159,Jean Shorts Face-Sitting,Video,mapped,2022-08-01,2022-08-01,2022-01-28,master content release date,high,release date,supplemental lifetime title snapshot,5.0,27.5,16.5,2026-07-05_15-35-35_title_summary_2026-01-01_to_2026-07-05_Sales_Summary_by_Title_1-01-2026_to_1-01-2026.csv
Clips4Sale,C4S title snapshot,27929649,Fatty Chugs Three Large Milkshakes,Video 0192,Fatty Chugs Three Large Milkshakes,Video,mapped,2023-08-31,2023-08-31,2023-08-24,master content release date,high,release date,supplemental lifetime title snapshot,1.0,26.98,16.19,2026-07-05_15-35-35_title_summary_2026-01-01_to_2026-07-05_Sales_Summary_by_Title_1-01-2026_to_1-01-2026.csv
Clips4Sale,C4S title snapshot,27080333,SSBBW Bloats and Burps with Milkshake and Soda,Video 0171,Milkshake and Soda Bloated Belly Belching,Video,mapped,2023-01-17,2023-01-17,2023-01-17,master content release date,high,release date,supplemental lifetime title snapshot,4.0,26.0,15.6,2026-07-05_15-35-35_title_summary_2026-01-01_to_2026-07-05_Sales_Summary_by_Title_1-01-2026_to_1-01-2026.csv
Clips4Sale,C4S title snapshot,24858325,Stroke and Cum with a Fatty,Video 0124,Stroke and Cum Together,Video,mapped,2021-04-22,2021-04-22,2021-03-04,master content release date,high,release date,supplemental lifetime title snapshot,2.0,25.97,15.58,2026-07-05_15-35-35_title_summary_2026-01-01_to_2026-07-05_Sales_Summary_by_Title_1-01-2026_to_1-01-2026.csv
Clips4Sale,C4S title snapshot,24973307,BBW Striptease and Lapdance POV,Video 0128,BBW Striptease and Lapdance POV,Video,mapped,2021-05-24,2021-05-24,2021-04-04,master content release date,high,release date,supplemental lifetime title snapshot,2.0,25.97,15.58,2026-07-05_15-35-35_title_summary_2026-01-01_to_2026-07-05_Sales_Summary_by_Title_1-01-2026_to_1-01-2026.csv
Clips4Sale,C4S title snapshot,24731639,BBW Gives Smoky BJ and Vibes Fat Pussy,Video 0121,Smoky BJ and Pussy Vibe,Video,mapped,2021-03-25,2021-03-25,2021-01-27,master content release date,high,release date,supplemental lifetime title snapshot,2.0,25.97,15.58,2026-07-05_15-35-35_title_summary_2026-01-01_to_2026-07-05_Sales_Summary_by_Title_1-01-2026_to_1-01-2026.csv
Clips4Sale,C4S title snapshot,25664651,Sexy BBW Wants to Masturbate Together,Video 0148,Masturbating Together,Video,mapped,2021-11-22,2021-11-22,2021-10-02,master content release date,high,release date,supplemental lifetime title snapshot,3.0,25.5,15.3,2026-07-05_15-35-35_title_summary_2026-01-01_to_2026-07-05_Sales_Summary_by_Title_1-01-2026_to_1-01-2026.csv
Clips4Sale,C4S title snapshot,26461421,Kneel and Eat My Fat BBW Pussy,Video 0163,Kneel and Eat My Fat Pussy,Video,mapped,2022-08-15,2022-08-15,2022-05-07,master content release date,high,release date,supplemental lifetime title snapshot,3.0,25.5,15.3,2026-07-05_15-35-35_title_summary_2026-01-01_to_2026-07-05_Sales_Summary_by_Title_1-01-2026_to_1-01-2026.csv
Clips4Sale,C4S title snapshot,28324321,SSBBW Babe Gobbles Entire Pie,Video 0204,SSBBW Babe Gobbles Entire Pie,Video,mapped,2023-11-27,2023-11-27,2023-11-27,master content release date,high,release date,supplemental lifetime title snapshot,1.0,23.98,14.39,2026-07-05_15-35-35_title_summary_2026-01-01_to_2026-07-05_Sales_Summary_by_Title_1-01-2026_to_1-01-2026.csv
Clips4Sale,C4S title snapshot,24019359,Oiled-Up BBW Bounces Fat For You,Video 0064,Oiled-Up Bouncing,Video,mapped,2020-10-30,2020-10-30,2019-11-29,master content release date,high,release date,supplemental lifetime title snapshot,2.0,23.97,14.38,2026-07-05_15-35-35_title_summary_2026-01-01_to_2026-07-05_Sales_Summary_by_Title_1-01-2026_to_1-01-2026.csv
Clips4Sale,C4S title snapshot,28054807,Worship My Fat SSBBW Body,Video 0197,Worship My Fat SSBBW Body,Video,mapped,2023-09-22,2023-09-22,2023-09-20,master content release date,high,release date,supplemental lifetime title snapshot,1.0,22.98,13.79,2026-07-05_15-35-35_title_summary_2026-01-01_to_2026-07-05_Sales_Summary_by_Title_1-01-2026_to_1-01-2026.csv
Clips4Sale,C4S title snapshot,30632943,Chargeback Forgiveness 109127975,exact-title:chargeback-forgiveness-109127975,Chargeback Forgiveness 109127975,Video,auto exact-title,2025-02-24,2025-02-24,2025-02-24,C4S date added,medium,release date,supplemental lifetime title snapshot,1.0,21.98,13.19,2026-07-05_15-35-35_title_summary_2026-01-01_to_2026-07-05_Sales_Summary_by_Title_1-01-2026_to_1-01-2026.csv
Clips4Sale,C4S title snapshot,29961257,Chargeback Forgiveness 106266719,exact-title:chargeback-forgiveness-106266719,Chargeback Forgiveness 106266719,Video,auto exact-title,2024-10-25,2024-10-25,2024-10-25,C4S date added,medium,release date,supplemental lifetime title snapshot,1.0,21.98,13.19,2026-07-05_15-35-35_title_summary_2026-01-01_to_2026-07-05_Sales_Summary_by_Title_1-01-2026_to_1-01-2026.csv
Clips4Sale,C4S title snapshot,25616717,BBW Spread and Begging for Anal,Video 0145,Spread and Begging for Anal,Video,mapped,2021-11-07,2021-11-07,2021-09-17,master content release date,high,release date,supplemental lifetime title snapshot,3.0,21.0,12.6,2026-07-05_15-35-35_title_summary_2026-01-01_to_2026-07-05_Sales_Summary_by_Title_1-01-2026_to_1-01-2026.csv
Clips4Sale,C4S title snapshot,29285041,SSBBW Oiled Up Jiggling and Bouncing,Video 0238,SSBBW Oiled Up Jiggling and Bouncing,Video,mapped,2024-06-14,2024-06-14,2024-06-14,master content release date,high,release date,supplemental lifetime title snapshot,1.0,20.98,12.59,2026-07-05_15-35-35_title_summary_2026-01-01_to_2026-07-05_Sales_Summary_by_Title_1-01-2026_to_1-01-2026.csv
Clips4Sale,C4S title snapshot,27276267,SSBBW Catwalk and Fat Bouncing in Heels,Video 0173,Fatty Catwalks in Blue Lace and Heels,Video,mapped,2023-03-09,2023-03-09,2023-03-09,master content release date,high,release date,supplemental lifetime title snapshot,2.0,19.0,11.4,2026-07-05_15-35-35_title_summary_2026-01-01_to_2026-07-05_Sales_Summary_by_Title_1-01-2026_to_1-01-2026.csv
Clips4Sale,C4S title snapshot,28626979,Hot Fatty Shows Off SSBBW Body in Lingerie and Heels,Video 0213,Jiggly Fatty Struts for You,Video,mapped,2024-02-12,2024-02-12,2024-02-09,master content release date,high,release date,supplemental lifetime title snapshot,1.0,18.98,11.39,2026-07-05_15-35-35_title_summary_2026-01-01_to_2026-07-05_Sales_Summary_by_Title_1-01-2026_to_1-01-2026.csv
Clips4Sale,C4S title snapshot,26786437,Feedee BBW Wife Wants to Stop Gaining POV,Video 0146,Feedee BBW Wants to Stop Gaining POV,Video,mapped,2022-11-01,2022-11-01,2021-09-23,master content release date,high,release date,supplemental lifetime title snapshot,2.0,18.0,10.8,2026-07-05_15-35-35_title_summary_2026-01-01_to_2026-07-05_Sales_Summary_by_Title_1-01-2026_to_1-01-2026.csv
Clips4Sale,C4S title snapshot,28106135,Naked Fatty Tells You How to Stroke,Video 0198,Naked Fatty Tells You How to Stroke,Video,mapped,2023-10-12,2023-10-12,2023-10-05,master content release date,high,release date,supplemental lifetime title snapshot,1.0,17.98,10.79,2026-07-05_15-35-35_title_summary_2026-01-01_to_2026-07-05_Sales_Summary_by_Title_1-01-2026_to_1-01-2026.csv
Clips4Sale,C4S title snapshot,24019625,BBW Catwalk and Belly Bounce in Heels,Video 0072,Jiggly Catwalk,Video,mapped,2020-11-03,2020-11-03,2020-02-16,master content release date,high,release date,supplemental lifetime title snapshot,2.0,17.97,10.78,2026-07-05_15-35-35_title_summary_2026-01-01_to_2026-07-05_Sales_Summary_by_Title_1-01-2026_to_1-01-2026.csv
Clips4Sale,C4S title snapshot,24023269,Tight Dress Fat Bouncing,Video 0097,Tight Dress Belly Bouncing,Video,mapped,2020-11-13,2020-11-13,2020-07-26,master content release date,high,release date,supplemental lifetime title snapshot,3.0,17.95,10.77,2026-07-05_15-35-35_title_summary_2026-01-01_to_2026-07-05_Sales_Summary_by_Title_1-01-2026_to_1-01-2026.csv
Clips4Sale,C4S title snapshot,25766689,BBW Dancing and Masturbating in the Mirror,Video 0152,Feeling Myself in the Mirror,Video,mapped,2021-12-25,2021-12-25,2021-11-08,master content release date,high,release date,supplemental lifetime title snapshot,2.0,17.0,10.2,2026-07-05_15-35-35_title_summary_2026-01-01_to_2026-07-05_Sales_Summary_by_Title_1-01-2026_to_1-01-2026.csv
Clips4Sale,C4S title snapshot,27675129,SSBBW Lingerie Tease and JOI w Countdown,Video 0182,SSBBW Lingerie Tease and JOI w Countdown,Video,mapped,2023-09-07,2023-09-07,2023-05-31,master content release date,high,release date,supplemental lifetime title snapshot,1.0,16.98,10.19,2026-07-05_15-35-35_title_summary_2026-01-01_to_2026-07-05_Sales_Summary_by_Title_1-01-2026_to_1-01-2026.csv
Clips4Sale,C4S title snapshot,28801307,Licking Whipped Cream Off of My Fat SSBBW Tits,Video 0219,Messy Whipped Cream Tits,Video,mapped,2024-03-20,2024-03-20,2024-03-18,master content release date,high,release date,supplemental lifetime title snapshot,1.0,16.98,10.19,2026-07-05_15-35-35_title_summary_2026-01-01_to_2026-07-05_Sales_Summary_by_Title_1-01-2026_to_1-01-2026.csv
Clips4Sale,C4S title snapshot,29016135,Chargeback Forgiveness 106573449,exact-title:chargeback-forgiveness-106573449,Chargeback Forgiveness 106573449,Video,auto exact-title,2024-05-01,2024-05-01,2024-05-01,C4S date added,medium,release date,supplemental lifetime title snapshot,1.0,16.98,10.19,2026-07-05_15-35-35_title_summary_2026-01-01_to_2026-07-05_Sales_Summary_by_Title_1-01-2026_to_1-01-2026.csv
Clips4Sale,C4S title snapshot,25509723,BBW Fucks Dripping Pussy With Dildo,Video 0140,Dildo Fucking My Wet and Drippy Pussy,Video,mapped,2021-10-02,2021-10-02,2021-08-08,master content release date,high,release date,supplemental lifetime title snapshot,1.0,16.98,10.19,2026-07-05_15-35-35_title_summary_2026-01-01_to_2026-07-05_Sales_Summary_by_Title_1-01-2026_to_1-01-2026.csv
Clips4Sale,C4S title snapshot,27012965,SSBBW Black Bikini Catwalk in Heels,Video 0168,SSBBW Black Bikini Catwalk in Heels,Video,mapped,2022-12-29,2022-12-29,2022-12-17,master content release date,high,release date,supplemental lifetime title snapshot,2.0,16.0,9.6,2026-07-05_15-35-35_title_summary_2026-01-01_to_2026-07-05_Sales_Summary_by_Title_1-01-2026_to_1-01-2026.csv
Clips4Sale,C4S title snapshot,24023205,Hot Fatty Stuffs Snack Cakes,Video 0091,Snack Cake Stuffing,Video,mapped,2020-11-09,2020-11-09,2020-06-07,master content release date,high,release date,supplemental lifetime title snapshot,1.0,15.98,9.59,2026-07-05_15-35-35_title_summary_2026-01-01_to_2026-07-05_Sales_Summary_by_Title_1-01-2026_to_1-01-2026.csv
Clips4Sale,C4S title snapshot,24626723,Cum Shot on My Fat Droopy Tits,Video 0120,Fat Nut on My Tits,Video,mapped,2021-03-04,2021-03-04,2021-01-10,master content release date,high,release date,supplemental lifetime title snapshot,1.0,14.98,8.99,2026-07-05_15-35-35_title_summary_2026-01-01_to_2026-07-05_Sales_Summary_by_Title_1-01-2026_to_1-01-2026.csv
Clips4Sale,C4S title snapshot,26046385,Fatty Fucks Herself in the Window,Video 0156,Fuck Me in the Window,Video,mapped,2022-03-24,2022-03-24,2021-12-06,master content release date,high,release date,supplemental lifetime title snapshot,2.0,14.0,8.4,2026-07-05_15-35-35_title_summary_2026-01-01_to_2026-07-05_Sales_Summary_by_Title_1-01-2026_to_1-01-2026.csv
Clips4Sale,C4S title snapshot,25679229,Fat Pussy Dripping on Your Face,Video 0149,Dripping On Your Face,Video,mapped,2021-11-27,2021-11-27,2021-10-09,master content release date,high,release date,supplemental lifetime title snapshot,2.0,14.0,8.4,2026-07-05_15-35-35_title_summary_2026-01-01_to_2026-07-05_Sales_Summary_by_Title_1-01-2026_to_1-01-2026.csv
Clips4Sale,C4S title snapshot,26444779,BBW Squirts in the Bathroom,Video 0158,Hiding from the Holiday Party,Video,mapped,2022-07-28,2022-07-28,2021-12-26,master content release date,high,release date,supplemental lifetime title snapshot,2.0,14.0,8.4,2026-07-05_15-35-35_title_summary_2026-01-01_to_2026-07-05_Sales_Summary_by_Title_1-01-2026_to_1-01-2026.csv
Clips4Sale,C4S title snapshot,27986033,Fat Fitness Instructor Causes Shaking,Video 0196,Fat Fitness Instructor Causes Shaking,Video,mapped,2023-09-07,2023-09-07,2023-09-06,master content release date,high,release date,supplemental lifetime title snapshot,1.0,13.98,8.39,2026-07-05_15-35-35_title_summary_2026-01-01_to_2026-07-05_Sales_Summary_by_Title_1-01-2026_to_1-01-2026.csv
Clips4Sale,C4S title snapshot,29270847,Fat Ass SSBBW Masturbates for You,Video 0236,Teasing You in My Mini Skirt,Video,mapped,2024-06-11,2024-06-11,2024-06-07,master content release date,high,release date,supplemental lifetime title snapshot,1.0,13.98,8.39,2026-07-05_15-35-35_title_summary_2026-01-01_to_2026-07-05_Sales_Summary_by_Title_1-01-2026_to_1-01-2026.csv
Clips4Sale,C4S title snapshot,28102771,Chargeback Forgiveness 106530597,exact-title:chargeback-forgiveness-106530597,Chargeback Forgiveness 106530597,Video,auto exact-title,2023-10-07,2023-10-07,2023-10-07,C4S date added,medium,release date,supplemental lifetime title snapshot,1.0,13.98,8.39,2026-07-05_15-35-35_title_summary_2026-01-01_to_2026-07-05_Sales_Summary_by_Title_1-01-2026_to_1-01-2026.csv
Clips4Sale,C4S title snapshot,24019591,BBW Gets Naughty in the Bath,Video 0066,BBW Bubble Bath,Video,mapped,2020-11-01,2020-11-01,2019-12-30,master content release date,high,release date,supplemental lifetime title snapshot,1.0,13.98,8.39,2026-07-05_15-35-35_title_summary_2026-01-01_to_2026-07-05_Sales_Summary_by_Title_1-01-2026_to_1-01-2026.csv
Clips4Sale,C4S title snapshot,25560449,Fatty BBW Cums Instead of Exercising,Video 0142,Cumming is the Best Exercise,Video,mapped,2021-10-19,2021-10-19,2021-08-29,master content release date,high,release date,supplemental lifetime title snapshot,2.0,13.0,7.8,2026-07-05_15-35-35_title_summary_2026-01-01_to_2026-07-05_Sales_Summary_by_Title_1-01-2026_to_1-01-2026.csv
Clips4Sale,C4S title snapshot,25577519,BBW Stripper Lets You Fuck in VIP,Video 0143,Stripper Lets You Fuck in VIP - POV solo,Video,mapped,2021-10-25,2021-10-25,2021-09-03,master content release date,high,release date,supplemental lifetime title snapshot,2.0,13.0,7.8,2026-07-05_15-35-35_title_summary_2026-01-01_to_2026-07-05_Sales_Summary_by_Title_1-01-2026_to_1-01-2026.csv
Clips4Sale,C4S title snapshot,25927379,BBW Bounces Fat in the Shower,Video 0154,Fat Bouncing in the Shower,Video,mapped,2022-02-15,2022-02-15,2021-11-23,master content release date,high,release date,supplemental lifetime title snapshot,2.0,13.0,7.8,2026-07-05_15-35-35_title_summary_2026-01-01_to_2026-07-05_Sales_Summary_by_Title_1-01-2026_to_1-01-2026.csv
Clips4Sale,C4S title snapshot,28793343,Horny SSBBW Teases Fat Pussy VISION PRO (Spatial Video),exact-title:horny-ssbbw-teases-fat-pussy-vision-pro-spatial-video,Horny SSBBW Teases Fat Pussy VISION PRO (Spatial Video),Video,auto exact-title,2024-03-14,2024-03-14,2024-03-14,C4S date added,medium,release date,supplemental lifetime title snapshot,1.0,12.98,7.79,2026-07-05_15-35-35_title_summary_2026-01-01_to_2026-07-05_Sales_Summary_by_Title_1-01-2026_to_1-01-2026.csv
Clips4Sale,C4S title snapshot,24019609,Blue Jean Fat Ass Worship,Video 0074,Big Ass in Blue Jeans,Video,mapped,2020-11-02,2020-11-02,2020-03-15,master content release date,high,release date,supplemental lifetime title snapshot,1.0,12.98,7.79,2026-07-05_15-35-35_title_summary_2026-01-01_to_2026-07-05_Sales_Summary_by_Title_1-01-2026_to_1-01-2026.csv
Clips4Sale,C4S title snapshot,24028939,BBW Shower,exact-title:bbw-shower,BBW Shower,Video,auto exact-title,2020-11-17,2020-11-17,2020-11-17,C4S date added,medium,release date,supplemental lifetime title snapshot,1.0,12.98,7.79,2026-07-05_15-35-35_title_summary_2026-01-01_to_2026-07-05_Sales_Summary_by_Title_1-01-2026_to_1-01-2026.csv
Clips4Sale,C4S title snapshot,24019337,Touring My Fat Jiggly Body,Video 0057,Touring My Fat Jiggly Body,Video,mapped,2020-10-29,2020-10-29,2019-10-23,master content release date,high,release date,supplemental lifetime title snapshot,1.0,10.98,6.59,2026-07-05_15-35-35_title_summary_2026-01-01_to_2026-07-05_Sales_Summary_by_Title_1-01-2026_to_1-01-2026.csv
Clips4Sale,C4S title snapshot,25132457,Stuffed BBW Struggles to Stand Up,Video 0137,Struggling to Stand,Video,mapped,2021-06-24,2021-06-24,2021-06-24,master content release date,high,release date,supplemental lifetime title snapshot,1.0,10.98,6.59,2026-07-05_15-35-35_title_summary_2026-01-01_to_2026-07-05_Sales_Summary_by_Title_1-01-2026_to_1-01-2026.csv
Clips4Sale,C4S title snapshot,24023189,Nude Tights Fat Ass Worship,Video 0100,Ass Worship in Tights and Heels,Video,mapped,2020-11-08,2020-11-08,2020-08-09,master content release date,high,release date,supplemental lifetime title snapshot,1.0,10.98,6.59,2026-07-05_15-35-35_title_summary_2026-01-01_to_2026-07-05_Sales_Summary_by_Title_1-01-2026_to_1-01-2026.csv
Clips4Sale,C4S title snapshot,24156763,Hot Fatty Fucks Dildo in the Shower,Video 0110,Solo Shower Sex,Video,mapped,2020-11-22,2020-11-22,2020-10-18,master content release date,high,release date,supplemental lifetime title snapshot,1.0,10.98,6.59,2026-07-05_15-35-35_title_summary_2026-01-01_to_2026-07-05_Sales_Summary_by_Title_1-01-2026_to_1-01-2026.csv
Clips4Sale,C4S title snapshot,24028985,Fat Stripper Gives You a Lapdance,Video 0078,Fat Stripper Gives You a Lapdance,Video,mapped,2020-11-20,2020-11-20,2020-04-05,master content release date,high,release date,supplemental lifetime title snapshot,1.0,10.98,6.59,2026-07-05_15-35-35_title_summary_2026-01-01_to_2026-07-05_Sales_Summary_by_Title_1-01-2026_to_1-01-2026.csv
Clips4Sale,C4S title snapshot,24023261,Fatty in the Shower,Video 0069,Fatty in the Shower,Video,mapped,2020-11-12,2020-11-12,2020-01-14,master content release date,high,release date,supplemental lifetime title snapshot,1.0,9.98,5.99,2026-07-05_15-35-35_title_summary_2026-01-01_to_2026-07-05_Sales_Summary_by_Title_1-01-2026_to_1-01-2026.csv
Clips4Sale,C4S title snapshot,24255999,BBW Body Bouncing and Jiggling,Video 0113,Sexy Body Bouncing and Jiggling,Video,mapped,2020-12-13,2020-12-13,2020-11-08,master content release date,high,release date,supplemental lifetime title snapshot,1.0,9.98,5.99,2026-07-05_15-35-35_title_summary_2026-01-01_to_2026-07-05_Sales_Summary_by_Title_1-01-2026_to_1-01-2026.csv
Clips4Sale,C4S title snapshot,24019215,65-Inch Ass Worship,Video 0055,65 Inch Ass Worship,Video,mapped,2020-10-27,2020-10-27,2019-10-05,master content release date,high,release date,supplemental lifetime title snapshot,1.0,9.98,5.99,2026-07-05_15-35-35_title_summary_2026-01-01_to_2026-07-05_Sales_Summary_by_Title_1-01-2026_to_1-01-2026.csv
Clips4Sale,C4S title snapshot,27276295,Bra Changing SSBBW JOI w Cum Countdown,Video 0169,BBW Bra Changing JOI w/ Cum Countdown,Video,mapped,2023-03-09,2023-03-09,2022-12-30,master content release date,high,release date,supplemental lifetime title snapshot,1.0,9.5,5.7,2026-07-05_15-35-35_title_summary_2026-01-01_to_2026-07-05_Sales_Summary_by_Title_1-01-2026_to_1-01-2026.csv
Clips4Sale,C4S title snapshot,27276257,Little Black Dress SSBBW Jiggly Catwalk in Heels,Video 0172,Little Black Dress SSBBW Catwalk,Video,mapped,2023-03-09,2023-03-09,2023-03-02,master content release date,high,release date,supplemental lifetime title snapshot,1.0,9.0,5.4,2026-07-05_15-35-35_title_summary_2026-01-01_to_2026-07-05_Sales_Summary_by_Title_1-01-2026_to_1-01-2026.csv
Clips4Sale,C4S title snapshot,26444841,Fatty Binges T Bell Burritos,Video 0161,Burrito Binge,Video,mapped,2022-08-08,2022-08-08,2022-03-15,master content release date,high,release date,supplemental lifetime title snapshot,1.0,9.0,5.4,2026-07-05_15-35-35_title_summary_2026-01-01_to_2026-07-05_Sales_Summary_by_Title_1-01-2026_to_1-01-2026.csv
Clips4Sale,C4S title snapshot,26904811,BBW Catwalk Bounce and Tease in Heels,Video 0165,BBW Catwalk Bounce and Tease in Heels,Video,mapped,2022-11-29,2022-11-29,2022-11-29,master content release date,high,release date,supplemental lifetime title snapshot,1.0,9.0,5.4,2026-07-05_15-35-35_title_summary_2026-01-01_to_2026-07-05_Sales_Summary_by_Title_1-01-2026_to_1-01-2026.csv
Clips4Sale,C4S title snapshot,24057891,Lady Sublime BBW Fat Body Measurements,Video 0107,Full Body Measurements,Video,mapped,2020-11-22,2020-11-22,2020-09-27,master content release date,high,release date,supplemental lifetime title snapshot,1.0,8.98,5.39,2026-07-05_15-35-35_title_summary_2026-01-01_to_2026-07-05_Sales_Summary_by_Title_1-01-2026_to_1-01-2026.csv
Clips4Sale,C4S title snapshot,24028933,Bouncing My Fat BBW Body,Video 0082,Flopping My Fat Around,Video,mapped,2020-11-16,2020-11-16,2020-04-25,master content release date,high,release date,supplemental lifetime title snapshot,1.0,7.98,4.79,2026-07-05_15-35-35_title_summary_2026-01-01_to_2026-07-05_Sales_Summary_by_Title_1-01-2026_to_1-01-2026.csv
Clips4Sale,C4S title snapshot,24019631,BBW Catwalk in Bodystocking Dress,Video 0102,Hot Pink Catwalk and Fat Bouncing,Video,mapped,2020-11-05,2020-11-05,2020-08-23,master content release date,high,release date,supplemental lifetime title snapshot,1.0,7.98,4.79,2026-07-05_15-35-35_title_summary_2026-01-01_to_2026-07-05_Sales_Summary_by_Title_1-01-2026_to_1-01-2026.csv
Clips4Sale,C4S title snapshot,25750911,Fat Teasing and Pussy Fucking,Video 0151,Fat Tease and Fucking,Video,mapped,2021-12-20,2021-12-20,2021-10-25,master content release date,high,release date,supplemental lifetime title snapshot,1.0,7.0,4.2,2026-07-05_15-35-35_title_summary_2026-01-01_to_2026-07-05_Sales_Summary_by_Title_1-01-2026_to_1-01-2026.csv
Clips4Sale,C4S title snapshot,25637281,Fat Girl Stuffs Donuts and Rides Glass Dildo,Video 0147,Donut Stuffing and Glass Dildo Riding,Video,mapped,2021-11-13,2021-11-13,2021-09-26,master content release date,high,release date,supplemental lifetime title snapshot,1.0,7.0,4.2,2026-07-05_15-35-35_title_summary_2026-01-01_to_2026-07-05_Sales_Summary_by_Title_1-01-2026_to_1-01-2026.csv
Clips4Sale,C4S title snapshot,28102771,Chargeback 106530597,exact-title:chargeback-106530597,Chargeback 106530597,Video,auto exact-title,2023-10-07,2023-10-07,2023-10-07,C4S date added,medium,release date,supplemental lifetime title snapshot,1.0,-13.98,-8.39,2026-07-05_15-35-35_title_summary_2026-01-01_to_2026-07-05_Sales_Summary_by_Title_1-01-2026_to_1-01-2026.csv
Clips4Sale,C4S title snapshot,29016135,Chargeback 106573449,exact-title:chargeback-106573449,Chargeback 106573449,Video,auto exact-title,2024-05-01,2024-05-01,2024-05-01,C4S date added,medium,release date,supplemental lifetime title snapshot,1.0,-16.98,-10.19,2026-07-05_15-35-35_title_summary_2026-01-01_to_2026-07-05_Sales_Summary_by_Title_1-01-2026_to_1-01-2026.csv
Clips4Sale,C4S title snapshot,30670805,Refund 107960967,exact-title:refund-107960967,Refund 107960967,Video,auto exact-title,2025-03-06,2025-03-06,2025-03-06,C4S date added,medium,release date,supplemental lifetime title snapshot,1.0,-19.98,-11.99,2026-07-05_15-35-35_title_summary_2026-01-01_to_2026-07-05_Sales_Summary_by_Title_1-01-2026_to_1-01-2026.csv
Clips4Sale,C4S title snapshot,30632943,Chargeback 109127975,exact-title:chargeback-109127975,Chargeback 109127975,Video,auto exact-title,2025-02-24,2025-02-24,2025-02-24,C4S date added,medium,release date,supplemental lifetime title snapshot,1.0,-21.98,-13.19,2026-07-05_15-35-35_title_summary_2026-01-01_to_2026-07-05_Sales_Summary_by_Title_1-01-2026_to_1-01-2026.csv
Clips4Sale,C4S title snapshot,29961257,Chargeback 106266719,exact-title:chargeback-106266719,Chargeback 106266719,Video,auto exact-title,2024-10-25,2024-10-25,2024-10-25,C4S date added,medium,release date,supplemental lifetime title snapshot,1.0,-21.98,-13.19,2026-07-05_15-35-35_title_summary_2026-01-01_to_2026-07-05_Sales_Summary_by_Title_1-01-2026_to_1-01-2026.csv
Clips4Sale,C4S title snapshot,32818231,Refund 108316959,exact-title:refund-108316959,Refund 108316959,Video,auto exact-title,2026-01-30,2026-01-30,2026-01-30,C4S date added,medium,release date,supplemental lifetime title snapshot,1.0,-24.98,-14.99,2026-07-05_15-35-35_title_summary_2026-01-01_to_2026-07-05_Sales_Summary_by_Title_1-01-2026_to_1-01-2026.csv
Clips4Sale,C4S title snapshot,31534051,Chargeback 106267173,exact-title:chargeback-106267173,Chargeback 106267173,Video,auto exact-title,2025-07-21,2025-07-21,2025-07-21,C4S date added,medium,release date,supplemental lifetime title snapshot,1.0,-27.98,-16.79,2026-07-05_15-35-35_title_summary_2026-01-01_to_2026-07-05_Sales_Summary_by_Title_1-01-2026_to_1-01-2026.csv
Clips4Sale,C4S title snapshot,31325075,Refund 107467635,exact-title:refund-107467635,Refund 107467635,Video,auto exact-title,2025-06-16,2025-06-16,2025-06-16,C4S date added,medium,release date,supplemental lifetime title snapshot,4.0,-63.93,-38.36,2026-07-05_15-35-35_title_summary_2026-01-01_to_2026-07-05_Sales_Summary_by_Title_1-01-2026_to_1-01-2026.csv
Clips4Sale,C4S title snapshot,32593851,Chargeback 106266925,exact-title:chargeback-106266925,Chargeback 106266925,Video,auto exact-title,2025-12-27,2025-12-27,2025-12-27,C4S date added,medium,release date,supplemental lifetime title snapshot,3.0,-69.95,-41.97,2026-07-05_15-35-35_title_summary_2026-01-01_to_2026-07-05_Sales_Summary_by_Title_1-01-2026_to_1-01-2026.csv
Curvage,Curvage title-count allocation,67883,Crushing you flat under my massive 525lb body,Video 0273,SSBBW Squashes You Under Ass and Feet,Video,mapped,2026-01-02,2026-01-02,2025-08-09,master content release date,high,sale date,allocated daily title count,1.0,201.53,149.4,creator_analytics/manual_backfills/curvage_title_counts_all_time_2013-01-01_to_2026-07-04.csv
Curvage,Curvage title-count allocation,68878,Nightmare Thanksgiving guest eats all the food! 🦃🤤,Video 0279,Greedy SSBBW Stuffs Whole Thanksgiving Dinner,Video,mapped,2026-01-04,2026-01-04,2025-12-01,master content release date,high,sale date,allocated daily title count,1.0,78.79,58.41,creator_analytics/manual_backfills/curvage_title_counts_all_time_2013-01-01_to_2026-07-04.csv
Curvage,Curvage title-count allocation,68878,Nightmare Thanksgiving guest eats all the food! 🦃🤤,Video 0279,Greedy SSBBW Stuffs Whole Thanksgiving Dinner,Video,mapped,2026-01-06,2026-01-06,2025-12-01,master content release date,high,sale date,allocated daily title count,1.0,40.81,30.26,creator_analytics/manual_backfills/curvage_title_counts_all_time_2013-01-01_to_2026-07-04.csv
Curvage,Curvage title-count allocation,54801,Thanksgiving stuffing and a cigarette! 🦃🚬,Video 0254,SSBBW Smokes After Thanksgiving Stuffing,Video,mapped,2026-01-06,2026-01-06,2024-11-29,master content release date,high,sale date,allocated daily title count,1.0,38.26,28.36,creator_analytics/manual_backfills/curvage_title_counts_all_time_2013-01-01_to_2026-07-04.csv
Curvage,Curvage title-count allocation,67883,Crushing you flat under my massive 525lb body,Video 0273,SSBBW Squashes You Under Ass and Feet,Video,mapped,2026-01-11,2026-01-11,2025-08-09,master content release date,high,sale date,allocated daily title count,1.0,24.09,17.86,creator_analytics/manual_backfills/curvage_title_counts_all_time_2013-01-01_to_2026-07-04.csv
Curvage,Curvage title-count allocation,68878,Nightmare Thanksgiving guest eats all the food! 🦃🤤,Video 0279,Greedy SSBBW Stuffs Whole Thanksgiving Dinner,Video,mapped,2026-01-11,2026-01-11,2025-12-01,master content release date,high,sale date,allocated daily title count,1.0,42.84,31.76,creator_analytics/manual_backfills/curvage_title_counts_all_time_2013-01-01_to_2026-07-04.csv
Curvage,Curvage title-count allocation,63618,Cursed Cake Makes Greedy Co-worker Explode,Video 0271,Co-workers' Revenge: Cake Stuffing and Rapid Growth,Video,mapped,2026-01-14,2026-01-14,2025-07-21,master content release date,high,sale date,allocated daily title count,2.0,56.09,41.58,creator_analytics/manual_backfills/curvage_title_counts_all_time_2013-01-01_to_2026-07-04.csv
Curvage,Curvage title-count allocation,68878,Nightmare Thanksgiving guest eats all the food! 🦃🤤,Video 0279,Greedy SSBBW Stuffs Whole Thanksgiving Dinner,Video,mapped,2026-01-15,2026-01-15,2025-12-01,master content release date,high,sale date,allocated daily title count,1.0,62.16,46.08,creator_analytics/manual_backfills/curvage_title_counts_all_time_2013-01-01_to_2026-07-04.csv
Curvage,Curvage title-count allocation,63618,Cursed Cake Makes Greedy Co-worker Explode,Video 0271,Co-workers' Revenge: Cake Stuffing and Rapid Growth,Video,mapped,2026-01-18,2026-01-18,2025-07-21,master content release date,high,sale date,allocated daily title count,1.0,61.88,45.87,creator_analytics/manual_backfills/curvage_title_counts_all_time_2013-01-01_to_2026-07-04.csv
Curvage,Curvage title-count allocation,68878,Nightmare Thanksgiving guest eats all the food! 🦃🤤,Video 0279,Greedy SSBBW Stuffs Whole Thanksgiving Dinner,Video,mapped,2026-01-19,2026-01-19,2025-12-01,master content release date,high,sale date,allocated daily title count,1.0,42.94,31.83,creator_analytics/manual_backfills/curvage_title_counts_all_time_2013-01-01_to_2026-07-04.csv
Curvage,Curvage title-count allocation,63618,Cursed Cake Makes Greedy Co-worker Explode,Video 0271,Co-workers' Revenge: Cake Stuffing and Rapid Growth,Video,mapped,2026-01-21,2026-01-21,2025-07-21,master content release date,high,sale date,allocated daily title count,1.0,28.06,20.8,creator_analytics/manual_backfills/curvage_title_counts_all_time_2013-01-01_to_2026-07-04.csv
Curvage,Curvage title-count allocation,68878,Nightmare Thanksgiving guest eats all the food! 🦃🤤,Video 0279,Greedy SSBBW Stuffs Whole Thanksgiving Dinner,Video,mapped,2026-01-21,2026-01-21,2025-12-01,master content release date,high,sale date,allocated daily title count,1.0,32.07,23.78,creator_analytics/manual_backfills/curvage_title_counts_all_time_2013-01-01_to_2026-07-04.csv
Curvage,Curvage title-count allocation,68878,Nightmare Thanksgiving guest eats all the food! 🦃🤤,Video 0279,Greedy SSBBW Stuffs Whole Thanksgiving Dinner,Video,mapped,2026-01-22,2026-01-22,2025-12-01,master content release date,high,sale date,allocated daily title count,1.0,109.14,80.91,creator_analytics/manual_backfills/curvage_title_counts_all_time_2013-01-01_to_2026-07-04.csv
Curvage,Curvage title-count allocation,63618,Cursed Cake Makes Greedy Co-worker Explode,Video 0271,Co-workers' Revenge: Cake Stuffing and Rapid Growth,Video,mapped,2026-01-23,2026-01-23,2025-07-21,master content release date,high,sale date,allocated daily title count,1.0,73.0,54.12,creator_analytics/manual_backfills/curvage_title_counts_all_time_2013-01-01_to_2026-07-04.csv
Curvage,Curvage title-count allocation,63618,Cursed Cake Makes Greedy Co-worker Explode,Video 0271,Co-workers' Revenge: Cake Stuffing and Rapid Growth,Video,mapped,2026-01-24,2026-01-24,2025-07-21,master content release date,high,sale date,allocated daily title count,1.0,41.54,30.8,creator_analytics/manual_backfills/curvage_title_counts_all_time_2013-01-01_to_2026-07-04.csv
Curvage,Curvage title-count allocation,56046,New weigh-in and measurements! 😍,Video 0258,Measurements and Weigh-In,Video,mapped,2026-01-24,2026-01-24,2024-12-18,master content release date,high,sale date,allocated daily title count,1.0,51.93,38.5,creator_analytics/manual_backfills/curvage_title_counts_all_time_2013-01-01_to_2026-07-04.csv
Curvage,Curvage title-count allocation,68878,Nightmare Thanksgiving guest eats all the food! 🦃🤤,Video 0279,Greedy SSBBW Stuffs Whole Thanksgiving Dinner,Video,mapped,2026-01-24,2026-01-24,2025-12-01,master content release date,high,sale date,allocated daily title count,1.0,47.48,35.2,creator_analytics/manual_backfills/curvage_title_counts_all_time_2013-01-01_to_2026-07-04.csv
Curvage,Curvage title-count allocation,67883,Crushing you flat under my massive 525lb body,Video 0273,SSBBW Squashes You Under Ass and Feet,Video,mapped,2026-01-26,2026-01-26,2025-08-09,master content release date,high,sale date,allocated daily title count,1.0,46.14,34.21,creator_analytics/manual_backfills/curvage_title_counts_all_time_2013-01-01_to_2026-07-04.csv
Curvage,Curvage title-count allocation,60064,Stuffing tacos makes me burp and fart! 🌮💨,Video 0267,SSBBW Burps and Farts While Stuffing,Video,mapped,2026-01-26,2026-01-26,2025-04-16,master content release date,high,sale date,allocated daily title count,1.0,89.75,66.53,creator_analytics/manual_backfills/curvage_title_counts_all_time_2013-01-01_to_2026-07-04.csv
Curvage,Curvage title-count allocation,58749,Stuffing My Face After Hitting the Gym! 🍔🥤,Video 0264,After-Gym Stuffing,Video,mapped,2026-01-27,2026-01-27,2025-03-10,master content release date,high,sale date,allocated daily title count,1.0,20.03,14.85,creator_analytics/manual_backfills/curvage_title_counts_all_time_2013-01-01_to_2026-07-04.csv
Curvage,Curvage title-count allocation,60064,Stuffing tacos makes me burp and fart! 🌮💨,Video 0267,SSBBW Burps and Farts While Stuffing,Video,mapped,2026-01-27,2026-01-27,2025-04-16,master content release date,high,sale date,allocated daily title count,1.0,35.05,25.98,creator_analytics/manual_backfills/curvage_title_counts_all_time_2013-01-01_to_2026-07-04.csv
Curvage,Curvage title-count allocation,63618,Cursed Cake Makes Greedy Co-worker Explode,Video 0271,Co-workers' Revenge: Cake Stuffing and Rapid Growth,Video,mapped,2026-01-29,2026-01-29,2025-07-21,master content release date,high,sale date,allocated daily title count,1.0,44.96,33.33,creator_analytics/manual_backfills/curvage_title_counts_all_time_2013-01-01_to_2026-07-04.csv
Curvage,Curvage title-count allocation,63618,Cursed Cake Makes Greedy Co-worker Explode,Video 0271,Co-workers' Revenge: Cake Stuffing and Rapid Growth,Video,mapped,2026-01-30,2026-01-30,2025-07-21,master content release date,high,sale date,allocated daily title count,1.0,31.78,23.56,creator_analytics/manual_backfills/curvage_title_counts_all_time_2013-01-01_to_2026-07-04.csv
Curvage,Curvage title-count allocation,71108,Gassy giantess vores you 👅💨,Video 0281,Gassy Giantess Gobbles You Up,Video,mapped,2026-01-30,2026-01-30,2026-01-30,master content release date,high,sale date,allocated daily title count,10.0,283.77,210.37,creator_analytics/manual_backfills/curvage_title_counts_all_time_2013-01-01_to_2026-07-04.csv
Curvage,Curvage title-count allocation,68878,Nightmare Thanksgiving guest eats all the food! 🦃🤤,Video 0279,Greedy SSBBW Stuffs Whole Thanksgiving Dinner,Video,mapped,2026-01-30,2026-01-30,2025-12-01,master content release date,high,sale date,allocated daily title count,1.0,36.33,26.93,creator_analytics/manual_backfills/curvage_title_counts_all_time_2013-01-01_to_2026-07-04.csv
Curvage,Curvage title-count allocation,48622,Stuffing and making out with your feedee 🤤🍗,Video 0241,Stuffing and Makeout POV,Video,mapped,2026-01-30,2026-01-30,2024-07-01,master content release date,high,sale date,allocated daily title count,1.0,28.38,21.04,creator_analytics/manual_backfills/curvage_title_counts_all_time_2013-01-01_to_2026-07-04.csv
Curvage,Curvage title-count allocation,54801,Thanksgiving stuffing and a cigarette! 🦃🚬,Video 0254,SSBBW Smokes After Thanksgiving Stuffing,Video,mapped,2026-01-30,2026-01-30,2024-11-29,master content release date,high,sale date,allocated daily title count,1.0,34.05,25.25,creator_analytics/manual_backfills/curvage_title_counts_all_time_2013-01-01_to_2026-07-04.csv
Curvage,Curvage title-count allocation,63618,Cursed Cake Makes Greedy Co-worker Explode,Video 0271,Co-workers' Revenge: Cake Stuffing and Rapid Growth,Video,mapped,2026-01-31,2026-01-31,2025-07-21,master content release date,high,sale date,allocated daily title count,1.0,32.62,24.18,creator_analytics/manual_backfills/curvage_title_counts_all_time_2013-01-01_to_2026-07-04.csv
Curvage,Curvage title-count allocation,71108,Gassy giantess vores you 👅💨,Video 0281,Gassy Giantess Gobbles You Up,Video,mapped,2026-01-31,2026-01-31,2026-01-30,master content release date,high,sale date,allocated daily title count,3.0,87.37,64.77,creator_analytics/manual_backfills/curvage_title_counts_all_time_2013-01-01_to_2026-07-04.csv
Curvage,Curvage title-count allocation,63618,Cursed Cake Makes Greedy Co-worker Explode,Video 0271,Co-workers' Revenge: Cake Stuffing and Rapid Growth,Video,mapped,2026-02-01,2026-02-01,2025-07-21,master content release date,high,sale date,allocated daily title count,1.0,28.03,20.78,creator_analytics/manual_backfills/curvage_title_counts_all_time_2013-01-01_to_2026-07-04.csv
Curvage,Curvage title-count allocation,71108,Gassy giantess vores you 👅💨,Video 0281,Gassy Giantess Gobbles You Up,Video,mapped,2026-02-01,2026-02-01,2026-01-30,master content release date,high,sale date,allocated daily title count,3.0,75.09,55.67,creator_analytics/manual_backfills/curvage_title_counts_all_time_2013-01-01_to_2026-07-04.csv
Curvage,Curvage title-count allocation,68878,Nightmare Thanksgiving guest eats all the food! 🦃🤤,Video 0279,Greedy SSBBW Stuffs Whole Thanksgiving Dinner,Video,mapped,2026-02-01,2026-02-01,2025-12-01,master content release date,high,sale date,allocated daily title count,1.0,32.04,23.75,creator_analytics/manual_backfills/curvage_title_counts_all_time_2013-01-01_to_2026-07-04.csv
Curvage,Curvage title-count allocation,63618,Cursed Cake Makes Greedy Co-worker Explode,Video 0271,Co-workers' Revenge: Cake Stuffing and Rapid Growth,Video,mapped,2026-02-02,2026-02-02,2025-07-21,master content release date,high,sale date,allocated daily title count,1.0,28.05,20.79,creator_analytics/manual_backfills/curvage_title_counts_all_time_2013-01-01_to_2026-07-04.csv
Curvage,Curvage title-count allocation,71108,Gassy giantess vores you 👅💨,Video 0281,Gassy Giantess Gobbles You Up,Video,mapped,2026-02-02,2026-02-02,2026-01-30,master content release date,high,sale date,allocated daily title count,1.0,25.04,18.56,creator_analytics/manual_backfills/curvage_title_counts_all_time_2013-01-01_to_2026-07-04.csv
Curvage,Curvage title-count allocation,68878,Nightmare Thanksgiving guest eats all the food! 🦃🤤,Video 0279,Greedy SSBBW Stuffs Whole Thanksgiving Dinner,Video,mapped,2026-02-02,2026-02-02,2025-12-01,master content release date,high,sale date,allocated daily title count,1.0,32.06,23.76,creator_analytics/manual_backfills/curvage_title_counts_all_time_2013-01-01_to_2026-07-04.csv
Curvage,Curvage title-count allocation,71108,Gassy giantess vores you 👅💨,Video 0281,Gassy Giantess Gobbles You Up,Video,mapped,2026-02-03,2026-02-03,2026-01-30,master content release date,high,sale date,allocated daily title count,1.0,92.95,68.91,creator_analytics/manual_backfills/curvage_title_counts_all_time_2013-01-01_to_2026-07-04.csv
Curvage,Curvage title-count allocation,56366,Greedy girlfriend stuffs her face and vores you! 🤤🍔,Video 0259,Boyfriend Gets Vored,Video,mapped,2026-02-04,2026-02-04,2024-12-23,master content release date,high,sale date,allocated daily title count,1.0,40.34,29.91,creator_analytics/manual_backfills/curvage_title_counts_all_time_2013-01-01_to_2026-07-04.csv
Curvage,Curvage title-count allocation,68878,Nightmare Thanksgiving guest eats all the food! 🦃🤤,Video 0279,Greedy SSBBW Stuffs Whole Thanksgiving Dinner,Video,mapped,2026-02-04,2026-02-04,2025-12-01,master content release date,high,sale date,allocated daily title count,1.0,58.68,43.5,creator_analytics/manual_backfills/curvage_title_counts_all_time_2013-01-01_to_2026-07-04.csv
Curvage,Curvage title-count allocation,63618,Cursed Cake Makes Greedy Co-worker Explode,Video 0271,Co-workers' Revenge: Cake Stuffing and Rapid Growth,Video,mapped,2026-02-06,2026-02-06,2025-07-21,master content release date,high,sale date,allocated daily title count,1.0,39.49,29.27,creator_analytics/manual_backfills/curvage_title_counts_all_time_2013-01-01_to_2026-07-04.csv
Curvage,Curvage title-count allocation,71108,Gassy giantess vores you 👅💨,Video 0281,Gassy Giantess Gobbles You Up,Video,mapped,2026-02-06,2026-02-06,2026-01-30,master content release date,high,sale date,allocated daily title count,1.0,35.26,26.14,creator_analytics/manual_backfills/curvage_title_counts_all_time_2013-01-01_to_2026-07-04.csv
Curvage,Curvage title-count allocation,71108,Gassy giantess vores you 👅💨,Video 0281,Gassy Giantess Gobbles You Up,Video,mapped,2026-02-10,2026-02-10,2026-01-30,master content release date,high,sale date,allocated daily title count,1.0,25.01,18.54,creator_analytics/manual_backfills/curvage_title_counts_all_time_2013-01-01_to_2026-07-04.csv
Curvage,Curvage title-count allocation,71108,Gassy giantess vores you 👅💨,Video 0281,Gassy Giantess Gobbles You Up,Video,mapped,2026-02-11,2026-02-11,2026-01-30,master content release date,high,sale date,allocated daily title count,1.0,53.17,39.42,creator_analytics/manual_backfills/curvage_title_counts_all_time_2013-01-01_to_2026-07-04.csv
Curvage,Curvage title-count allocation,58749,Stuffing My Face After Hitting the Gym! 🍔🥤,Video 0264,After-Gym Stuffing,Video,mapped,2026-02-11,2026-02-11,2025-03-10,master content release date,high,sale date,allocated daily title count,1.0,42.53,31.53,creator_analytics/manual_backfills/curvage_title_counts_all_time_2013-01-01_to_2026-07-04.csv
Curvage,Curvage title-count allocation,56366,Greedy girlfriend stuffs her face and vores you! 🤤🍔,Video 0259,Boyfriend Gets Vored,Video,mapped,2026-02-12,2026-02-12,2024-12-23,master content release date,high,sale date,allocated daily title count,1.0,41.42,30.7,creator_analytics/manual_backfills/curvage_title_counts_all_time_2013-01-01_to_2026-07-04.csv
Curvage,Curvage title-count allocation,58749,Stuffing My Face After Hitting the Gym! 🍔🥤,Video 0264,After-Gym Stuffing,Video,mapped,2026-02-12,2026-02-12,2025-03-10,master content release date,high,sale date,allocated daily title count,1.0,37.65,27.91,creator_analytics/manual_backfills/curvage_title_counts_all_time_2013-01-01_to_2026-07-04.csv
Curvage,Curvage title-count allocation,60064,Stuffing tacos makes me burp and fart! 🌮💨,Video 0267,SSBBW Burps and Farts While Stuffing,Video,mapped,2026-02-12,2026-02-12,2025-04-16,master content release date,high,sale date,allocated daily title count,1.0,65.9,48.86,creator_analytics/manual_backfills/curvage_title_counts_all_time_2013-01-01_to_2026-07-04.csv
Curvage,Curvage title-count allocation,45396,Watch my fat jiggle while I struggle to work out! 😅💪,Video 0224,Jiggling SSBBW Working Out in Lingerie,Video,mapped,2026-02-12,2026-02-12,2024-04-10,master content release date,high,sale date,allocated daily title count,1.0,24.47,18.14,creator_analytics/manual_backfills/curvage_title_counts_all_time_2013-01-01_to_2026-07-04.csv
Curvage,Curvage title-count allocation,71108,Gassy giantess vores you 👅💨,Video 0281,Gassy Giantess Gobbles You Up,Video,mapped,2026-02-14,2026-02-14,2026-01-30,master content release date,high,sale date,allocated daily title count,1.0,28.23,20.93,creator_analytics/manual_backfills/curvage_title_counts_all_time_2013-01-01_to_2026-07-04.csv
Curvage,Curvage title-count allocation,68878,Nightmare Thanksgiving guest eats all the food! 🦃🤤,Video 0279,Greedy SSBBW Stuffs Whole Thanksgiving Dinner,Video,mapped,2026-02-14,2026-02-14,2025-12-01,master content release date,high,sale date,allocated daily title count,2.0,72.27,53.57,creator_analytics/manual_backfills/curvage_title_counts_all_time_2013-01-01_to_2026-07-04.csv
Curvage,Curvage title-count allocation,28679,Soda-chugging cutie gets bloated and belches!,Video 0171,Milkshake and Soda Bloated Belly Belching,Video,mapped,2026-02-14,2026-02-14,2023-01-17,master content release date,high,sale date,allocated daily title count,1.0,12.41,9.2,creator_analytics/manual_backfills/curvage_title_counts_all_time_2013-01-01_to_2026-07-04.csv
Curvage,Curvage title-count allocation,71108,Gassy giantess vores you 👅💨,Video 0281,Gassy Giantess Gobbles You Up,Video,mapped,2026-02-17,2026-02-17,2026-01-30,master content release date,high,sale date,allocated daily title count,1.0,46.98,34.83,creator_analytics/manual_backfills/curvage_title_counts_all_time_2013-01-01_to_2026-07-04.csv
Curvage,Curvage title-count allocation,71108,Gassy giantess vores you 👅💨,Video 0281,Gassy Giantess Gobbles You Up,Video,mapped,2026-02-21,2026-02-21,2026-01-30,master content release date,high,sale date,allocated daily title count,1.0,32.02,23.74,creator_analytics/manual_backfills/curvage_title_counts_all_time_2013-01-01_to_2026-07-04.csv
Curvage,Curvage title-count allocation,68878,Nightmare Thanksgiving guest eats all the food! 🦃🤤,Video 0279,Greedy SSBBW Stuffs Whole Thanksgiving Dinner,Video,mapped,2026-02-21,2026-02-21,2025-12-01,master content release date,high,sale date,allocated daily title count,1.0,40.99,30.38,creator_analytics/manual_backfills/curvage_title_counts_all_time_2013-01-01_to_2026-07-04.csv
Curvage,Curvage title-count allocation,63618,Cursed Cake Makes Greedy Co-worker Explode,Video 0271,Co-workers' Revenge: Cake Stuffing and Rapid Growth,Video,mapped,2026-02-22,2026-02-22,2025-07-21,master content release date,high,sale date,allocated daily title count,1.0,44.4,32.92,creator_analytics/manual_backfills/curvage_title_counts_all_time_2013-01-01_to_2026-07-04.csv
Curvage,Curvage title-count allocation,44086,Horny SSBBW Succubus Grows for Your Cum POV,Video 0216,Horny SSBBW Succubus Grows for Your Cum POV,Video,mapped,2026-02-22,2026-02-22,2024-03-10,master content release date,high,sale date,allocated daily title count,1.0,23.78,17.63,creator_analytics/manual_backfills/curvage_title_counts_all_time_2013-01-01_to_2026-07-04.csv
Curvage,Curvage title-count allocation,48622,Stuffing and making out with your feedee 🤤🍗,Video 0241,Stuffing and Makeout POV,Video,mapped,2026-02-22,2026-02-22,2024-07-01,master content release date,high,sale date,allocated daily title count,1.0,39.64,29.39,creator_analytics/manual_backfills/curvage_title_counts_all_time_2013-01-01_to_2026-07-04.csv
Curvage,Curvage title-count allocation,59966,Stuffing in the Car Until I'm Stuck! 🚙🍟,Video 0266,Stuffing Until I'm Stuck,Video,mapped,2026-02-22,2026-02-22,2025-04-11,master content release date,high,sale date,allocated daily title count,1.0,45.99,34.09,creator_analytics/manual_backfills/curvage_title_counts_all_time_2013-01-01_to_2026-07-04.csv
Curvage,Curvage title-count allocation,68878,Nightmare Thanksgiving guest eats all the food! 🦃🤤,Video 0279,Greedy SSBBW Stuffs Whole Thanksgiving Dinner,Video,mapped,2026-02-23,2026-02-23,2025-12-01,master content release date,high,sale date,allocated daily title count,1.0,38.21,28.32,creator_analytics/manual_backfills/curvage_title_counts_all_time_2013-01-01_to_2026-07-04.csv
Curvage,Curvage title-count allocation,72067,Pills make me grow until I pop 💊🍗🎈,Video 0282,Diet Pills Gone Wrong,Video,mapped,2026-02-23,2026-02-23,2026-02-22,master content release date,high,sale date,allocated daily title count,46.0,823.52,610.5,creator_analytics/manual_backfills/curvage_title_counts_all_time_2013-01-01_to_2026-07-04.csv
Curvage,Curvage title-count allocation,33057,Sexy fatty gobbles a dozen ice cream sandwiches!,Video 0183,Hot Fatty Stuffs a Dozen Ice Cream Sandwiches,Video,mapped,2026-02-23,2026-02-23,2023-06-07,master content release date,high,sale date,allocated daily title count,1.0,10.74,7.96,creator_analytics/manual_backfills/curvage_title_counts_all_time_2013-01-01_to_2026-07-04.csv
Curvage,Curvage title-count allocation,58749,Stuffing My Face After Hitting the Gym! 🍔🥤,Video 0264,After-Gym Stuffing,Video,mapped,2026-02-23,2026-02-23,2025-03-10,master content release date,high,sale date,allocated daily title count,1.0,23.87,17.7,creator_analytics/manual_backfills/curvage_title_counts_all_time_2013-01-01_to_2026-07-04.csv
Curvage,Curvage title-count allocation,55022,Your Girlfriend Encourages Mutual Gain POV,Video 0256,Mutual Gaining Fantasy,Video,mapped,2026-02-23,2026-02-23,2024-12-05,master content release date,high,sale date,allocated daily title count,1.0,29.85,22.13,creator_analytics/manual_backfills/curvage_title_counts_all_time_2013-01-01_to_2026-07-04.csv
Curvage,Curvage title-count allocation,72067,Pills make me grow until I pop 💊🍗🎈,Video 0282,Diet Pills Gone Wrong,Video,mapped,2026-02-24,2026-02-24,2026-02-22,master content release date,high,sale date,allocated daily title count,14.0,234.33,173.72,creator_analytics/manual_backfills/curvage_title_counts_all_time_2013-01-01_to_2026-07-04.csv
Curvage,Curvage title-count allocation,60064,Stuffing tacos makes me burp and fart! 🌮💨,Video 0267,SSBBW Burps and Farts While Stuffing,Video,mapped,2026-02-24,2026-02-24,2025-04-16,master content release date,high,sale date,allocated daily title count,1.0,39.07,28.96,creator_analytics/manual_backfills/curvage_title_counts_all_time_2013-01-01_to_2026-07-04.csv
Curvage,Curvage title-count allocation,72067,Pills make me grow until I pop 💊🍗🎈,Video 0282,Diet Pills Gone Wrong,Video,mapped,2026-02-25,2026-02-25,2026-02-22,master content release date,high,sale date,allocated daily title count,8.0,134.03,99.36,creator_analytics/manual_backfills/curvage_title_counts_all_time_2013-01-01_to_2026-07-04.csv
Curvage,Curvage title-count allocation,56046,New weigh-in and measurements! 😍,Video 0258,Measurements and Weigh-In,Video,mapped,2026-02-26,2026-02-26,2024-12-18,master content release date,high,sale date,allocated daily title count,1.0,40.39,29.94,creator_analytics/manual_backfills/curvage_title_counts_all_time_2013-01-01_to_2026-07-04.csv
Curvage,Curvage title-count allocation,68878,Nightmare Thanksgiving guest eats all the food! 🦃🤤,Video 0279,Greedy SSBBW Stuffs Whole Thanksgiving Dinner,Video,mapped,2026-02-26,2026-02-26,2025-12-01,master content release date,high,sale date,allocated daily title count,1.0,36.93,27.38,creator_analytics/manual_backfills/curvage_title_counts_all_time_2013-01-01_to_2026-07-04.csv
Curvage,Curvage title-count allocation,72067,Pills make me grow until I pop 💊🍗🎈,Video 0282,Diet Pills Gone Wrong,Video,mapped,2026-02-26,2026-02-26,2026-02-22,master content release date,high,sale date,allocated daily title count,9.0,155.73,115.45,creator_analytics/manual_backfills/curvage_title_counts_all_time_2013-01-01_to_2026-07-04.csv
Curvage,Curvage title-count allocation,63618,Cursed Cake Makes Greedy Co-worker Explode,Video 0271,Co-workers' Revenge: Cake Stuffing and Rapid Growth,Video,mapped,2026-02-27,2026-02-27,2025-07-21,master content release date,high,sale date,allocated daily title count,1.0,32.2,23.87,creator_analytics/manual_backfills/curvage_title_counts_all_time_2013-01-01_to_2026-07-04.csv
Curvage,Curvage title-count allocation,72067,Pills make me grow until I pop 💊🍗🎈,Video 0282,Diet Pills Gone Wrong,Video,mapped,2026-02-27,2026-02-27,2026-02-22,master content release date,high,sale date,allocated daily title count,5.0,86.21,63.91,creator_analytics/manual_backfills/curvage_title_counts_all_time_2013-01-01_to_2026-07-04.csv
Curvage,Curvage title-count allocation,63618,Cursed Cake Makes Greedy Co-worker Explode,Video 0271,Co-workers' Revenge: Cake Stuffing and Rapid Growth,Video,mapped,2026-02-28,2026-02-28,2025-07-21,master content release date,high,sale date,allocated daily title count,1.0,60.35,44.74,creator_analytics/manual_backfills/curvage_title_counts_all_time_2013-01-01_to_2026-07-04.csv
Curvage,Curvage title-count allocation,72067,Pills make me grow until I pop 💊🍗🎈,Video 0282,Diet Pills Gone Wrong,Video,mapped,2026-02-28,2026-02-28,2026-02-22,master content release date,high,sale date,allocated daily title count,1.0,32.32,23.96,creator_analytics/manual_backfills/curvage_title_counts_all_time_2013-01-01_to_2026-07-04.csv
Curvage,Curvage title-count allocation,71108,Gassy giantess vores you 👅💨,Video 0281,Gassy Giantess Gobbles You Up,Video,mapped,2026-03-01,2026-03-01,2026-01-30,master content release date,high,sale date,allocated daily title count,1.0,31.78,23.56,creator_analytics/manual_backfills/curvage_title_counts_all_time_2013-01-01_to_2026-07-04.csv
Curvage,Curvage title-count allocation,72067,Pills make me grow until I pop 💊🍗🎈,Video 0282,Diet Pills Gone Wrong,Video,mapped,2026-03-01,2026-03-01,2026-02-22,master content release date,high,sale date,allocated daily title count,6.0,114.39,84.8,creator_analytics/manual_backfills/curvage_title_counts_all_time_2013-01-01_to_2026-07-04.csv
Curvage,Curvage title-count allocation,68878,Nightmare Thanksgiving guest eats all the food! 🦃🤤,Video 0279,Greedy SSBBW Stuffs Whole Thanksgiving Dinner,Video,mapped,2026-03-02,2026-03-02,2025-12-01,master content release date,high,sale date,allocated daily title count,1.0,52.75,39.11,creator_analytics/manual_backfills/curvage_title_counts_all_time_2013-01-01_to_2026-07-04.csv
Curvage,Curvage title-count allocation,72067,Pills make me grow until I pop 💊🍗🎈,Video 0282,Diet Pills Gone Wrong,Video,mapped,2026-03-02,2026-03-02,2026-02-22,master content release date,high,sale date,allocated daily title count,2.0,49.44,36.65,creator_analytics/manual_backfills/curvage_title_counts_all_time_2013-01-01_to_2026-07-04.csv
Curvage,Curvage title-count allocation,60064,Stuffing tacos makes me burp and fart! 🌮💨,Video 0267,SSBBW Burps and Farts While Stuffing,Video,mapped,2026-03-02,2026-03-02,2025-04-16,master content release date,high,sale date,allocated daily title count,1.0,57.7,42.77,creator_analytics/manual_backfills/curvage_title_counts_all_time_2013-01-01_to_2026-07-04.csv
Curvage,Curvage title-count allocation,72067,Pills make me grow until I pop 💊🍗🎈,Video 0282,Diet Pills Gone Wrong,Video,mapped,2026-03-03,2026-03-03,2026-02-22,master content release date,high,sale date,allocated daily title count,2.0,44.68,33.12,creator_analytics/manual_backfills/curvage_title_counts_all_time_2013-01-01_to_2026-07-04.csv
Curvage,Curvage title-count allocation,72067,Pills make me grow until I pop 💊🍗🎈,Video 0282,Diet Pills Gone Wrong,Video,mapped,2026-03-04,2026-03-04,2026-02-22,master content release date,high,sale date,allocated daily title count,3.0,44.68,33.12,creator_analytics/manual_backfills/curvage_title_counts_all_time_2013-01-01_to_2026-07-04.csv
Curvage,Curvage title-count allocation,72499,HR manager coerces you into becoming her feeder 🍩🤤,Video 0283,HR Fatty Makes You Her Feeder POV,Video,mapped,2026-03-05,2026-03-05,2026-03-04,master content release date,high,sale date,allocated daily title count,28.0,332.32,246.36,creator_analytics/manual_backfills/curvage_title_counts_all_time_2013-01-01_to_2026-07-04.csv
Curvage,Curvage title-count allocation,72067,Pills make me grow until I pop 💊🍗🎈,Video 0282,Diet Pills Gone Wrong,Video,mapped,2026-03-05,2026-03-05,2026-02-22,master content release date,high,sale date,allocated daily title count,1.0,14.84,11.0,creator_analytics/manual_backfills/curvage_title_counts_all_time_2013-01-01_to_2026-07-04.csv
Curvage,Curvage title-count allocation,55022,Your Girlfriend Encourages Mutual Gain POV,Video 0256,Mutual Gaining Fantasy,Video,mapped,2026-03-05,2026-03-05,2024-12-05,master content release date,high,sale date,allocated daily title count,1.0,24.74,18.34,creator_analytics/manual_backfills/curvage_title_counts_all_time_2013-01-01_to_2026-07-04.csv
Curvage,Curvage title-count allocation,44086,Horny SSBBW Succubus Grows for Your Cum POV,Video 0216,Horny SSBBW Succubus Grows for Your Cum POV,Video,mapped,2026-03-06,2026-03-06,2024-03-10,master content release date,high,sale date,allocated daily title count,1.0,21.22,15.73,creator_analytics/manual_backfills/curvage_title_counts_all_time_2013-01-01_to_2026-07-04.csv
Curvage,Curvage title-count allocation,72499,HR manager coerces you into becoming her feeder 🍩🤤,Video 0283,HR Fatty Makes You Her Feeder POV,Video,mapped,2026-03-06,2026-03-06,2026-03-04,master content release date,high,sale date,allocated daily title count,15.0,254.55,188.71,creator_analytics/manual_backfills/curvage_title_counts_all_time_2013-01-01_to_2026-07-04.csv
Curvage,Curvage title-count allocation,72067,Pills make me grow until I pop 💊🍗🎈,Video 0282,Diet Pills Gone Wrong,Video,mapped,2026-03-06,2026-03-06,2026-02-22,master content release date,high,sale date,allocated daily title count,5.0,106.08,78.64,creator_analytics/manual_backfills/curvage_title_counts_all_time_2013-01-01_to_2026-07-04.csv
Curvage,Curvage title-count allocation,44086,Horny SSBBW Succubus Grows for Your Cum POV,Video 0216,Horny SSBBW Succubus Grows for Your Cum POV,Video,mapped,2026-03-07,2026-03-07,2024-03-10,master content release date,high,sale date,allocated daily title count,1.0,20.28,15.03,creator_analytics/manual_backfills/curvage_title_counts_all_time_2013-01-01_to_2026-07-04.csv
Curvage,Curvage title-count allocation,72499,HR manager coerces you into becoming her feeder 🍩🤤,Video 0283,HR Fatty Makes You Her Feeder POV,Video,mapped,2026-03-07,2026-03-07,2026-03-04,master content release date,high,sale date,allocated daily title count,8.0,129.77,96.2,creator_analytics/manual_backfills/curvage_title_counts_all_time_2013-01-01_to_2026-07-04.csv
Curvage,Curvage title-count allocation,72067,Pills make me grow until I pop 💊🍗🎈,Video 0282,Diet Pills Gone Wrong,Video,mapped,2026-03-07,2026-03-07,2026-02-22,master content release date,high,sale date,allocated daily title count,1.0,20.28,15.03,creator_analytics/manual_backfills/curvage_title_counts_all_time_2013-01-01_to_2026-07-04.csv
Curvage,Curvage title-count allocation,63618,Cursed Cake Makes Greedy Co-worker Explode,Video 0271,Co-workers' Revenge: Cake Stuffing and Rapid Growth,Video,mapped,2026-03-08,2026-03-08,2025-07-21,master content release date,high,sale date,allocated daily title count,2.0,63.71,47.23,creator_analytics/manual_backfills/curvage_title_counts_all_time_2013-01-01_to_2026-07-04.csv
Curvage,Curvage title-count allocation,72499,HR manager coerces you into becoming her feeder 🍩🤤,Video 0283,HR Fatty Makes You Her Feeder POV,Video,mapped,2026-03-08,2026-03-08,2026-03-04,master content release date,high,sale date,allocated daily title count,6.0,81.87,60.69,creator_analytics/manual_backfills/curvage_title_counts_all_time_2013-01-01_to_2026-07-04.csv
Curvage,Curvage title-count allocation,72067,Pills make me grow until I pop 💊🍗🎈,Video 0282,Diet Pills Gone Wrong,Video,mapped,2026-03-08,2026-03-08,2026-02-22,master content release date,high,sale date,allocated daily title count,2.0,34.12,25.29,creator_analytics/manual_backfills/curvage_title_counts_all_time_2013-01-01_to_2026-07-04.csv
Curvage,Curvage title-count allocation,54801,Thanksgiving stuffing and a cigarette! 🦃🚬,Video 0254,SSBBW Smokes After Thanksgiving Stuffing,Video,mapped,2026-03-08,2026-03-08,2024-11-29,master content release date,high,sale date,allocated daily title count,1.0,34.13,25.3,creator_analytics/manual_backfills/curvage_title_counts_all_time_2013-01-01_to_2026-07-04.csv
Curvage,Curvage title-count allocation,72499,HR manager coerces you into becoming her feeder 🍩🤤,Video 0283,HR Fatty Makes You Her Feeder POV,Video,mapped,2026-03-09,2026-03-09,2026-03-04,master content release date,high,sale date,allocated daily title count,8.0,107.85,79.95,creator_analytics/manual_backfills/curvage_title_counts_all_time_2013-01-01_to_2026-07-04.csv
Curvage,Curvage title-count allocation,72067,Pills make me grow until I pop 💊🍗🎈,Video 0282,Diet Pills Gone Wrong,Video,mapped,2026-03-09,2026-03-09,2026-02-22,master content release date,high,sale date,allocated daily title count,2.0,33.71,24.99,creator_analytics/manual_backfills/curvage_title_counts_all_time_2013-01-01_to_2026-07-04.csv
Curvage,Curvage title-count allocation,72499,HR manager coerces you into becoming her feeder 🍩🤤,Video 0283,HR Fatty Makes You Her Feeder POV,Video,mapped,2026-03-10,2026-03-10,2026-03-04,master content release date,high,sale date,allocated daily title count,2.0,31.05,23.02,creator_analytics/manual_backfills/curvage_title_counts_all_time_2013-01-01_to_2026-07-04.csv
Curvage,Curvage title-count allocation,72067,Pills make me grow until I pop 💊🍗🎈,Video 0282,Diet Pills Gone Wrong,Video,mapped,2026-03-10,2026-03-10,2026-02-22,master content release date,high,sale date,allocated daily title count,1.0,19.41,14.39,creator_analytics/manual_backfills/curvage_title_counts_all_time_2013-01-01_to_2026-07-04.csv
Curvage,Curvage title-count allocation,63618,Cursed Cake Makes Greedy Co-worker Explode,Video 0271,Co-workers' Revenge: Cake Stuffing and Rapid Growth,Video,mapped,2026-03-11,2026-03-11,2025-07-21,master content release date,high,sale date,allocated daily title count,1.0,31.77,23.55,creator_analytics/manual_backfills/curvage_title_counts_all_time_2013-01-01_to_2026-07-04.csv
Curvage,Curvage title-count allocation,72499,HR manager coerces you into becoming her feeder 🍩🤤,Video 0283,HR Fatty Makes You Her Feeder POV,Video,mapped,2026-03-11,2026-03-11,2026-03-04,master content release date,high,sale date,allocated daily title count,4.0,54.43,40.35,creator_analytics/manual_backfills/curvage_title_counts_all_time_2013-01-01_to_2026-07-04.csv
Curvage,Curvage title-count allocation,68878,Nightmare Thanksgiving guest eats all the food! 🦃🤤,Video 0279,Greedy SSBBW Stuffs Whole Thanksgiving Dinner,Video,mapped,2026-03-11,2026-03-11,2025-12-01,master content release date,high,sale date,allocated daily title count,1.0,36.31,26.92,creator_analytics/manual_backfills/curvage_title_counts_all_time_2013-01-01_to_2026-07-04.csv
Curvage,Curvage title-count allocation,72067,Pills make me grow until I pop 💊🍗🎈,Video 0282,Diet Pills Gone Wrong,Video,mapped,2026-03-11,2026-03-11,2026-02-22,master content release date,high,sale date,allocated daily title count,2.0,34.03,25.23,creator_analytics/manual_backfills/curvage_title_counts_all_time_2013-01-01_to_2026-07-04.csv
Curvage,Curvage title-count allocation,72725,Your Gluttonous Girlfriend Can't Hold Back Farts 🌯💨,Video 0284,Stuffed Girlfriend Gets Gassy,Video,mapped,2026-03-11,2026-03-11,2026-03-11,master content release date,high,sale date,allocated daily title count,12.0,272.26,201.83,creator_analytics/manual_backfills/curvage_title_counts_all_time_2013-01-01_to_2026-07-04.csv
Curvage,Curvage title-count allocation,56366,Greedy girlfriend stuffs her face and vores you! 🤤🍔,Video 0259,Boyfriend Gets Vored,Video,mapped,2026-03-12,2026-03-12,2024-12-23,master content release date,high,sale date,allocated daily title count,1.0,26.19,19.42,creator_analytics/manual_backfills/curvage_title_counts_all_time_2013-01-01_to_2026-07-04.csv
Curvage,Curvage title-count allocation,72499,HR manager coerces you into becoming her feeder 🍩🤤,Video 0283,HR Fatty Makes You Her Feeder POV,Video,mapped,2026-03-12,2026-03-12,2026-03-04,master content release date,high,sale date,allocated daily title count,4.0,57.13,42.35,creator_analytics/manual_backfills/curvage_title_counts_all_time_2013-01-01_to_2026-07-04.csv
Curvage,Curvage title-count allocation,72067,Pills make me grow until I pop 💊🍗🎈,Video 0282,Diet Pills Gone Wrong,Video,mapped,2026-03-12,2026-03-12,2026-02-22,master content release date,high,sale date,allocated daily title count,3.0,53.57,39.71,creator_analytics/manual_backfills/curvage_title_counts_all_time_2013-01-01_to_2026-07-04.csv
Curvage,Curvage title-count allocation,72725,Your Gluttonous Girlfriend Can't Hold Back Farts 🌯💨,Video 0284,Stuffed Girlfriend Gets Gassy,Video,mapped,2026-03-12,2026-03-12,2026-03-11,master content release date,high,sale date,allocated daily title count,13.0,309.55,229.48,creator_analytics/manual_backfills/curvage_title_counts_all_time_2013-01-01_to_2026-07-04.csv
Curvage,Curvage title-count allocation,56366,Greedy girlfriend stuffs her face and vores you! 🤤🍔,Video 0259,Boyfriend Gets Vored,Video,mapped,2026-03-13,2026-03-13,2024-12-23,master content release date,high,sale date,allocated daily title count,1.0,24.59,18.23,creator_analytics/manual_backfills/curvage_title_counts_all_time_2013-01-01_to_2026-07-04.csv
Curvage,Curvage title-count allocation,72499,HR manager coerces you into becoming her feeder 🍩🤤,Video 0283,HR Fatty Makes You Her Feeder POV,Video,mapped,2026-03-13,2026-03-13,2026-03-04,master content release date,high,sale date,allocated daily title count,2.0,26.81,19.88,creator_analytics/manual_backfills/curvage_title_counts_all_time_2013-01-01_to_2026-07-04.csv
Curvage,Curvage title-count allocation,72067,Pills make me grow until I pop 💊🍗🎈,Video 0282,Diet Pills Gone Wrong,Video,mapped,2026-03-13,2026-03-13,2026-02-22,master content release date,high,sale date,allocated daily title count,1.0,16.76,12.43,creator_analytics/manual_backfills/curvage_title_counts_all_time_2013-01-01_to_2026-07-04.csv
Curvage,Curvage title-count allocation,59966,Stuffing in the Car Until I'm Stuck! 🚙🍟,Video 0266,Stuffing Until I'm Stuck,Video,mapped,2026-03-13,2026-03-13,2025-04-11,master content release date,high,sale date,allocated daily title count,1.0,32.42,24.03,creator_analytics/manual_backfills/curvage_title_counts_all_time_2013-01-01_to_2026-07-04.csv
Curvage,Curvage title-count allocation,72725,Your Gluttonous Girlfriend Can't Hold Back Farts 🌯💨,Video 0284,Stuffed Girlfriend Gets Gassy,Video,mapped,2026-03-13,2026-03-13,2026-03-11,master content release date,high,sale date,allocated daily title count,7.0,156.47,116.0,creator_analytics/manual_backfills/curvage_title_counts_all_time_2013-01-01_to_2026-07-04.csv
Curvage,Curvage title-count allocation,72499,HR manager coerces you into becoming her feeder 🍩🤤,Video 0283,HR Fatty Makes You Her Feeder POV,Video,mapped,2026-03-14,2026-03-14,2026-03-04,master content release date,high,sale date,allocated daily title count,1.0,16.24,12.04,creator_analytics/manual_backfills/curvage_title_counts_all_time_2013-01-01_to_2026-07-04.csv
Curvage,Curvage title-count allocation,72067,Pills make me grow until I pop 💊🍗🎈,Video 0282,Diet Pills Gone Wrong,Video,mapped,2026-03-14,2026-03-14,2026-02-22,master content release date,high,sale date,allocated daily title count,1.0,20.3,15.05,creator_analytics/manual_backfills/curvage_title_counts_all_time_2013-01-01_to_2026-07-04.csv
Curvage,Curvage title-count allocation,72725,Your Gluttonous Girlfriend Can't Hold Back Farts 🌯💨,Video 0284,Stuffed Girlfriend Gets Gassy,Video,mapped,2026-03-14,2026-03-14,2026-03-11,master content release date,high,sale date,allocated daily title count,1.0,27.07,20.07,creator_analytics/manual_backfills/curvage_title_counts_all_time_2013-01-01_to_2026-07-04.csv
Curvage,Curvage title-count allocation,63618,Cursed Cake Makes Greedy Co-worker Explode,Video 0271,Co-workers' Revenge: Cake Stuffing and Rapid Growth,Video,mapped,2026-03-15,2026-03-15,2025-07-21,master content release date,high,sale date,allocated daily title count,1.0,34.29,25.42,creator_analytics/manual_backfills/curvage_title_counts_all_time_2013-01-01_to_2026-07-04.csv
Curvage,Curvage title-count allocation,72499,HR manager coerces you into becoming her feeder 🍩🤤,Video 0283,HR Fatty Makes You Her Feeder POV,Video,mapped,2026-03-15,2026-03-15,2026-03-04,master content release date,high,sale date,allocated daily title count,3.0,44.06,32.66,creator_analytics/manual_backfills/curvage_title_counts_all_time_2013-01-01_to_2026-07-04.csv
Curvage,Curvage title-count allocation,72067,Pills make me grow until I pop 💊🍗🎈,Video 0282,Diet Pills Gone Wrong,Video,mapped,2026-03-15,2026-03-15,2026-02-22,master content release date,high,sale date,allocated daily title count,1.0,18.36,13.61,creator_analytics/manual_backfills/curvage_title_counts_all_time_2013-01-01_to_2026-07-04.csv
Curvage,Curvage title-count allocation,72725,Your Gluttonous Girlfriend Can't Hold Back Farts 🌯💨,Video 0284,Stuffed Girlfriend Gets Gassy,Video,mapped,2026-03-15,2026-03-15,2026-03-11,master content release date,high,sale date,allocated daily title count,3.0,73.46,54.46,creator_analytics/manual_backfills/curvage_title_counts_all_time_2013-01-01_to_2026-07-04.csv
Curvage,Curvage title-count allocation,72499,HR manager coerces you into becoming her feeder 🍩🤤,Video 0283,HR Fatty Makes You Her Feeder POV,Video,mapped,2026-03-16,2026-03-16,2026-03-04,master content release date,high,sale date,allocated daily title count,1.0,11.96,8.86,creator_analytics/manual_backfills/curvage_title_counts_all_time_2013-01-01_to_2026-07-04.csv
Curvage,Curvage title-count allocation,72725,Your Gluttonous Girlfriend Can't Hold Back Farts 🌯💨,Video 0284,Stuffed Girlfriend Gets Gassy,Video,mapped,2026-03-16,2026-03-16,2026-03-11,master content release date,high,sale date,allocated daily title count,6.0,119.6,88.67,creator_analytics/manual_backfills/curvage_title_counts_all_time_2013-01-01_to_2026-07-04.csv
Curvage,Curvage title-count allocation,72499,HR manager coerces you into becoming her feeder 🍩🤤,Video 0283,HR Fatty Makes You Her Feeder POV,Video,mapped,2026-03-17,2026-03-17,2026-03-04,master content release date,high,sale date,allocated daily title count,3.0,48.51,35.96,creator_analytics/manual_backfills/curvage_title_counts_all_time_2013-01-01_to_2026-07-04.csv
Curvage,Curvage title-count allocation,72725,Your Gluttonous Girlfriend Can't Hold Back Farts 🌯💨,Video 0284,Stuffed Girlfriend Gets Gassy,Video,mapped,2026-03-17,2026-03-17,2026-03-11,master content release date,high,sale date,allocated daily title count,1.0,26.96,19.99,creator_analytics/manual_backfills/curvage_title_counts_all_time_2013-01-01_to_2026-07-04.csv
Curvage,Curvage title-count allocation,72499,HR manager coerces you into becoming her feeder 🍩🤤,Video 0283,HR Fatty Makes You Her Feeder POV,Video,mapped,2026-03-18,2026-03-18,2026-03-04,master content release date,high,sale date,allocated daily title count,2.0,40.68,30.16,creator_analytics/manual_backfills/curvage_title_counts_all_time_2013-01-01_to_2026-07-04.csv
Curvage,Curvage title-count allocation,28679,Soda-chugging cutie gets bloated and belches!,Video 0171,Milkshake and Soda Bloated Belly Belching,Video,mapped,2026-03-18,2026-03-18,2023-01-17,master content release date,high,sale date,allocated daily title count,1.0,18.64,13.82,creator_analytics/manual_backfills/curvage_title_counts_all_time_2013-01-01_to_2026-07-04.csv
Curvage,Curvage title-count allocation,72725,Your Gluttonous Girlfriend Can't Hold Back Farts 🌯💨,Video 0284,Stuffed Girlfriend Gets Gassy,Video,mapped,2026-03-18,2026-03-18,2026-03-11,master content release date,high,sale date,allocated daily title count,3.0,101.74,75.42,creator_analytics/manual_backfills/curvage_title_counts_all_time_2013-01-01_to_2026-07-04.csv
Curvage,Curvage title-count allocation,72499,HR manager coerces you into becoming her feeder 🍩🤤,Video 0283,HR Fatty Makes You Her Feeder POV,Video,mapped,2026-03-19,2026-03-19,2026-03-04,master content release date,high,sale date,allocated daily title count,1.0,13.69,10.15,creator_analytics/manual_backfills/curvage_title_counts_all_time_2013-01-01_to_2026-07-04.csv
Curvage,Curvage title-count allocation,68878,Nightmare Thanksgiving guest eats all the food! 🦃🤤,Video 0279,Greedy SSBBW Stuffs Whole Thanksgiving Dinner,Video,mapped,2026-03-19,2026-03-19,2025-12-01,master content release date,high,sale date,allocated daily title count,1.0,36.52,27.07,creator_analytics/manual_backfills/curvage_title_counts_all_time_2013-01-01_to_2026-07-04.csv
Curvage,Curvage title-count allocation,72067,Pills make me grow until I pop 💊🍗🎈,Video 0282,Diet Pills Gone Wrong,Video,mapped,2026-03-19,2026-03-19,2026-02-22,master content release date,high,sale date,allocated daily title count,1.0,17.11,12.69,creator_analytics/manual_backfills/curvage_title_counts_all_time_2013-01-01_to_2026-07-04.csv
Curvage,Curvage title-count allocation,72725,Your Gluttonous Girlfriend Can't Hold Back Farts 🌯💨,Video 0284,Stuffed Girlfriend Gets Gassy,Video,mapped,2026-03-19,2026-03-19,2026-03-11,master content release date,high,sale date,allocated daily title count,4.0,91.28,67.67,creator_analytics/manual_backfills/curvage_title_counts_all_time_2013-01-01_to_2026-07-04.csv
Curvage,Curvage title-count allocation,72067,Pills make me grow until I pop 💊🍗🎈,Video 0282,Diet Pills Gone Wrong,Video,mapped,2026-03-20,2026-03-20,2026-02-22,master content release date,high,sale date,allocated daily title count,1.0,18.51,13.72,creator_analytics/manual_backfills/curvage_title_counts_all_time_2013-01-01_to_2026-07-04.csv
Curvage,Curvage title-count allocation,48622,Stuffing and making out with your feedee 🤤🍗,Video 0241,Stuffing and Makeout POV,Video,mapped,2026-03-20,2026-03-20,2024-07-01,master content release date,high,sale date,allocated daily title count,1.0,30.86,22.88,creator_analytics/manual_backfills/curvage_title_counts_all_time_2013-01-01_to_2026-07-04.csv
Curvage,Curvage title-count allocation,72725,Your Gluttonous Girlfriend Can't Hold Back Farts 🌯💨,Video 0284,Stuffed Girlfriend Gets Gassy,Video,mapped,2026-03-20,2026-03-20,2026-03-11,master content release date,high,sale date,allocated daily title count,2.0,49.37,36.6,creator_analytics/manual_backfills/curvage_title_counts_all_time_2013-01-01_to_2026-07-04.csv
Curvage,Curvage title-count allocation,56366,Greedy girlfriend stuffs her face and vores you! 🤤🍔,Video 0259,Boyfriend Gets Vored,Video,mapped,2026-03-21,2026-03-21,2024-12-23,master content release date,high,sale date,allocated daily title count,1.0,21.87,16.21,creator_analytics/manual_backfills/curvage_title_counts_all_time_2013-01-01_to_2026-07-04.csv
Curvage,Curvage title-count allocation,72499,HR manager coerces you into becoming her feeder 🍩🤤,Video 0283,HR Fatty Makes You Her Feeder POV,Video,mapped,2026-03-21,2026-03-21,2026-03-04,master content release date,high,sale date,allocated daily title count,1.0,11.93,8.84,creator_analytics/manual_backfills/curvage_title_counts_all_time_2013-01-01_to_2026-07-04.csv
Curvage,Curvage title-count allocation,72067,Pills make me grow until I pop 💊🍗🎈,Video 0282,Diet Pills Gone Wrong,Video,mapped,2026-03-21,2026-03-21,2026-02-22,master content release date,high,sale date,allocated daily title count,2.0,29.82,22.11,creator_analytics/manual_backfills/curvage_title_counts_all_time_2013-01-01_to_2026-07-04.csv
Curvage,Curvage title-count allocation,72499,HR manager coerces you into becoming her feeder 🍩🤤,Video 0283,HR Fatty Makes You Her Feeder POV,Video,mapped,2026-03-22,2026-03-22,2026-03-04,master content release date,high,sale date,allocated daily title count,2.0,26.88,19.93,creator_analytics/manual_backfills/curvage_title_counts_all_time_2013-01-01_to_2026-07-04.csv
Curvage,Curvage title-count allocation,68878,Nightmare Thanksgiving guest eats all the food! 🦃🤤,Video 0279,Greedy SSBBW Stuffs Whole Thanksgiving Dinner,Video,mapped,2026-03-22,2026-03-22,2025-12-01,master content release date,high,sale date,allocated daily title count,1.0,35.86,26.59,creator_analytics/manual_backfills/curvage_title_counts_all_time_2013-01-01_to_2026-07-04.csv
Curvage,Curvage title-count allocation,72067,Pills make me grow until I pop 💊🍗🎈,Video 0282,Diet Pills Gone Wrong,Video,mapped,2026-03-22,2026-03-22,2026-02-22,master content release date,high,sale date,allocated daily title count,4.0,67.22,49.83,creator_analytics/manual_backfills/curvage_title_counts_all_time_2013-01-01_to_2026-07-04.csv
Curvage,Curvage title-count allocation,72725,Your Gluttonous Girlfriend Can't Hold Back Farts 🌯💨,Video 0284,Stuffed Girlfriend Gets Gassy,Video,mapped,2026-03-22,2026-03-22,2026-03-11,master content release date,high,sale date,allocated daily title count,3.0,67.23,49.84,creator_analytics/manual_backfills/curvage_title_counts_all_time_2013-01-01_to_2026-07-04.csv
Curvage,Curvage title-count allocation,63618,Cursed Cake Makes Greedy Co-worker Explode,Video 0271,Co-workers' Revenge: Cake Stuffing and Rapid Growth,Video,mapped,2026-03-23,2026-03-23,2025-07-21,master content release date,high,sale date,allocated daily title count,1.0,36.57,27.11,creator_analytics/manual_backfills/curvage_title_counts_all_time_2013-01-01_to_2026-07-04.csv
Curvage,Curvage title-count allocation,72499,HR manager coerces you into becoming her feeder 🍩🤤,Video 0283,HR Fatty Makes You Her Feeder POV,Video,mapped,2026-03-23,2026-03-23,2026-03-04,master content release date,high,sale date,allocated daily title count,3.0,47.0,34.84,creator_analytics/manual_backfills/curvage_title_counts_all_time_2013-01-01_to_2026-07-04.csv
Curvage,Curvage title-count allocation,72067,Pills make me grow until I pop 💊🍗🎈,Video 0282,Diet Pills Gone Wrong,Video,mapped,2026-03-24,2026-03-24,2026-02-22,master content release date,high,sale date,allocated daily title count,1.0,46.98,34.83,creator_analytics/manual_backfills/curvage_title_counts_all_time_2013-01-01_to_2026-07-04.csv
Curvage,Curvage title-count allocation,72499,HR manager coerces you into becoming her feeder 🍩🤤,Video 0283,HR Fatty Makes You Her Feeder POV,Video,mapped,2026-03-25,2026-03-25,2026-03-04,master content release date,high,sale date,allocated daily title count,1.0,11.9,8.82,creator_analytics/manual_backfills/curvage_title_counts_all_time_2013-01-01_to_2026-07-04.csv
Curvage,Curvage title-count allocation,72067,Pills make me grow until I pop 💊🍗🎈,Video 0282,Diet Pills Gone Wrong,Video,mapped,2026-03-25,2026-03-25,2026-02-22,master content release date,high,sale date,allocated daily title count,2.0,29.75,22.05,creator_analytics/manual_backfills/curvage_title_counts_all_time_2013-01-01_to_2026-07-04.csv
Curvage,Curvage title-count allocation,72499,HR manager coerces you into becoming her feeder 🍩🤤,Video 0283,HR Fatty Makes You Her Feeder POV,Video,mapped,2026-03-26,2026-03-26,2026-03-04,master content release date,high,sale date,allocated daily title count,2.0,23.82,17.66,creator_analytics/manual_backfills/curvage_title_counts_all_time_2013-01-01_to_2026-07-04.csv
Curvage,Curvage title-count allocation,72067,Pills make me grow until I pop 💊🍗🎈,Video 0282,Diet Pills Gone Wrong,Video,mapped,2026-03-26,2026-03-26,2026-02-22,master content release date,high,sale date,allocated daily title count,1.0,14.89,11.04,creator_analytics/manual_backfills/curvage_title_counts_all_time_2013-01-01_to_2026-07-04.csv
Curvage,Curvage title-count allocation,72725,Your Gluttonous Girlfriend Can't Hold Back Farts 🌯💨,Video 0284,Stuffed Girlfriend Gets Gassy,Video,mapped,2026-03-26,2026-03-26,2026-03-11,master content release date,high,sale date,allocated daily title count,1.0,19.85,14.72,creator_analytics/manual_backfills/curvage_title_counts_all_time_2013-01-01_to_2026-07-04.csv
Curvage,Curvage title-count allocation,72499,HR manager coerces you into becoming her feeder 🍩🤤,Video 0283,HR Fatty Makes You Her Feeder POV,Video,mapped,2026-03-27,2026-03-27,2026-03-04,master content release date,high,sale date,allocated daily title count,2.0,51.76,38.37,creator_analytics/manual_backfills/curvage_title_counts_all_time_2013-01-01_to_2026-07-04.csv
Curvage,Curvage title-count allocation,49011,Get me pregnant and make me grow! 🤰😍,Video 0244,Impregnation Fantasy Chat,Video,mapped,2026-03-28,2026-03-28,2024-07-11,master content release date,high,sale date,allocated daily title count,1.0,12.96,9.61,creator_analytics/manual_backfills/curvage_title_counts_all_time_2013-01-01_to_2026-07-04.csv
Curvage,Curvage title-count allocation,56366,Greedy girlfriend stuffs her face and vores you! 🤤🍔,Video 0259,Boyfriend Gets Vored,Video,mapped,2026-03-28,2026-03-28,2024-12-23,master content release date,high,sale date,allocated daily title count,1.0,21.94,16.26,creator_analytics/manual_backfills/curvage_title_counts_all_time_2013-01-01_to_2026-07-04.csv
Curvage,Curvage title-count allocation,68878,Nightmare Thanksgiving guest eats all the food! 🦃🤤,Video 0279,Greedy SSBBW Stuffs Whole Thanksgiving Dinner,Video,mapped,2026-03-28,2026-03-28,2025-12-01,master content release date,high,sale date,allocated daily title count,1.0,31.91,23.66,creator_analytics/manual_backfills/curvage_title_counts_all_time_2013-01-01_to_2026-07-04.csv
Curvage,Curvage title-count allocation,72067,Pills make me grow until I pop 💊🍗🎈,Video 0282,Diet Pills Gone Wrong,Video,mapped,2026-03-28,2026-03-28,2026-02-22,master content release date,high,sale date,allocated daily title count,2.0,29.91,22.17,creator_analytics/manual_backfills/curvage_title_counts_all_time_2013-01-01_to_2026-07-04.csv
Curvage,Curvage title-count allocation,72499,HR manager coerces you into becoming her feeder 🍩🤤,Video 0283,HR Fatty Makes You Her Feeder POV,Video,mapped,2026-03-29,2026-03-29,2026-03-04,master content release date,high,sale date,allocated daily title count,1.0,11.86,8.79,creator_analytics/manual_backfills/curvage_title_counts_all_time_2013-01-01_to_2026-07-04.csv
Curvage,Curvage title-count allocation,72499,HR manager coerces you into becoming her feeder 🍩🤤,Video 0283,HR Fatty Makes You Her Feeder POV,Video,mapped,2026-03-30,2026-03-30,2026-03-04,master content release date,high,sale date,allocated daily title count,2.0,23.77,17.63,creator_analytics/manual_backfills/curvage_title_counts_all_time_2013-01-01_to_2026-07-04.csv
Curvage,Curvage title-count allocation,72067,Pills make me grow until I pop 💊🍗🎈,Video 0282,Diet Pills Gone Wrong,Video,mapped,2026-03-30,2026-03-30,2026-02-22,master content release date,high,sale date,allocated daily title count,2.0,29.72,22.03,creator_analytics/manual_backfills/curvage_title_counts_all_time_2013-01-01_to_2026-07-04.csv
Curvage,Curvage title-count allocation,63618,Cursed Cake Makes Greedy Co-worker Explode,Video 0271,Co-workers' Revenge: Cake Stuffing and Rapid Growth,Video,mapped,2026-03-31,2026-03-31,2025-07-21,master content release date,high,sale date,allocated daily title count,1.0,30.53,22.63,creator_analytics/manual_backfills/curvage_title_counts_all_time_2013-01-01_to_2026-07-04.csv
Curvage,Curvage title-count allocation,56366,Greedy girlfriend stuffs her face and vores you! 🤤🍔,Video 0259,Boyfriend Gets Vored,Video,mapped,2026-03-31,2026-03-31,2024-12-23,master content release date,high,sale date,allocated daily title count,1.0,23.99,17.78,creator_analytics/manual_backfills/curvage_title_counts_all_time_2013-01-01_to_2026-07-04.csv
Curvage,Curvage title-count allocation,72499,HR manager coerces you into becoming her feeder 🍩🤤,Video 0283,HR Fatty Makes You Her Feeder POV,Video,mapped,2026-03-31,2026-03-31,2026-03-04,master content release date,high,sale date,allocated daily title count,2.0,26.16,19.39,creator_analytics/manual_backfills/curvage_title_counts_all_time_2013-01-01_to_2026-07-04.csv
Curvage,Curvage title-count allocation,72067,Pills make me grow until I pop 💊🍗🎈,Video 0282,Diet Pills Gone Wrong,Video,mapped,2026-03-31,2026-03-31,2026-02-22,master content release date,high,sale date,allocated daily title count,3.0,49.05,36.36,creator_analytics/manual_backfills/curvage_title_counts_all_time_2013-01-01_to_2026-07-04.csv
Curvage,Curvage title-count allocation,59966,Stuffing in the Car Until I'm Stuck! 🚙🍟,Video 0266,Stuffing Until I'm Stuck,Video,mapped,2026-03-31,2026-03-31,2025-04-11,master content release date,high,sale date,allocated daily title count,1.0,31.62,23.44,creator_analytics/manual_backfills/curvage_title_counts_all_time_2013-01-01_to_2026-07-04.csv
Curvage,Curvage title-count allocation,72499,HR manager coerces you into becoming her feeder 🍩🤤,Video 0283,HR Fatty Makes You Her Feeder POV,Video,mapped,2026-04-02,2026-04-02,2026-03-04,master content release date,high,sale date,allocated daily title count,2.0,23.82,17.66,creator_analytics/manual_backfills/curvage_title_counts_all_time_2013-01-01_to_2026-07-04.csv
Curvage,Curvage title-count allocation,72067,Pills make me grow until I pop 💊🍗🎈,Video 0282,Diet Pills Gone Wrong,Video,mapped,2026-04-02,2026-04-02,2026-02-22,master content release date,high,sale date,allocated daily title count,2.0,29.78,22.07,creator_analytics/manual_backfills/curvage_title_counts_all_time_2013-01-01_to_2026-07-04.csv
Curvage,Curvage title-count allocation,72725,Your Gluttonous Girlfriend Can't Hold Back Farts 🌯💨,Video 0284,Stuffed Girlfriend Gets Gassy,Video,mapped,2026-04-02,2026-04-02,2026-03-11,master content release date,high,sale date,allocated daily title count,1.0,19.85,14.72,creator_analytics/manual_backfills/curvage_title_counts_all_time_2013-01-01_to_2026-07-04.csv
Curvage,Curvage title-count allocation,53641,My bloated belly and burps are so hot! 🤤,Video 0250,Soda Chug and Burping,Video,mapped,2026-04-03,2026-04-03,2024-10-30,master content release date,high,sale date,allocated daily title count,1.0,31.99,23.71,creator_analytics/manual_backfills/curvage_title_counts_all_time_2013-01-01_to_2026-07-04.csv
Curvage,Curvage title-count allocation,72067,Pills make me grow until I pop 💊🍗🎈,Video 0282,Diet Pills Gone Wrong,Video,mapped,2026-04-03,2026-04-03,2026-02-22,master content release date,high,sale date,allocated daily title count,1.0,19.19,14.23,creator_analytics/manual_backfills/curvage_title_counts_all_time_2013-01-01_to_2026-07-04.csv
Curvage,Curvage title-count allocation,72725,Your Gluttonous Girlfriend Can't Hold Back Farts 🌯💨,Video 0284,Stuffed Girlfriend Gets Gassy,Video,mapped,2026-04-03,2026-04-03,2026-03-11,master content release date,high,sale date,allocated daily title count,1.0,25.59,18.97,creator_analytics/manual_backfills/curvage_title_counts_all_time_2013-01-01_to_2026-07-04.csv
Curvage,Curvage title-count allocation,63618,Cursed Cake Makes Greedy Co-worker Explode,Video 0271,Co-workers' Revenge: Cake Stuffing and Rapid Growth,Video,mapped,2026-04-04,2026-04-04,2025-07-21,master content release date,high,sale date,allocated daily title count,1.0,28.02,20.77,creator_analytics/manual_backfills/curvage_title_counts_all_time_2013-01-01_to_2026-07-04.csv
Curvage,Curvage title-count allocation,59966,Stuffing in the Car Until I'm Stuck! 🚙🍟,Video 0266,Stuffing Until I'm Stuck,Video,mapped,2026-04-04,2026-04-04,2025-04-11,master content release date,high,sale date,allocated daily title count,1.0,29.02,21.51,creator_analytics/manual_backfills/curvage_title_counts_all_time_2013-01-01_to_2026-07-04.csv
Curvage,Curvage title-count allocation,54801,Thanksgiving stuffing and a cigarette! 🦃🚬,Video 0254,SSBBW Smokes After Thanksgiving Stuffing,Video,mapped,2026-04-04,2026-04-04,2024-11-29,master content release date,high,sale date,allocated daily title count,1.0,30.02,22.25,creator_analytics/manual_backfills/curvage_title_counts_all_time_2013-01-01_to_2026-07-04.csv
Curvage,Curvage title-count allocation,72725,Your Gluttonous Girlfriend Can't Hold Back Farts 🌯💨,Video 0284,Stuffed Girlfriend Gets Gassy,Video,mapped,2026-04-04,2026-04-04,2026-03-11,master content release date,high,sale date,allocated daily title count,2.0,40.02,29.67,creator_analytics/manual_backfills/curvage_title_counts_all_time_2013-01-01_to_2026-07-04.csv
Curvage,Curvage title-count allocation,56366,Greedy girlfriend stuffs her face and vores you! 🤤🍔,Video 0259,Boyfriend Gets Vored,Video,mapped,2026-04-05,2026-04-05,2024-12-23,master content release date,high,sale date,allocated daily title count,1.0,30.93,22.93,creator_analytics/manual_backfills/curvage_title_counts_all_time_2013-01-01_to_2026-07-04.csv
Curvage,Curvage title-count allocation,68878,Nightmare Thanksgiving guest eats all the food! 🦃🤤,Video 0279,Greedy SSBBW Stuffs Whole Thanksgiving Dinner,Video,mapped,2026-04-05,2026-04-05,2025-12-01,master content release date,high,sale date,allocated daily title count,1.0,44.99,33.35,creator_analytics/manual_backfills/curvage_title_counts_all_time_2013-01-01_to_2026-07-04.csv
Curvage,Curvage title-count allocation,72067,Pills make me grow until I pop 💊🍗🎈,Video 0282,Diet Pills Gone Wrong,Video,mapped,2026-04-05,2026-04-05,2026-02-22,master content release date,high,sale date,allocated daily title count,1.0,21.08,15.63,creator_analytics/manual_backfills/curvage_title_counts_all_time_2013-01-01_to_2026-07-04.csv
Curvage,Curvage title-count allocation,73734,How gaining weight changed how I exercise 🏋🏻‍♀️💪,Video 0285,Exercise After Gaining,Video,mapped,2026-04-06,2026-04-06,2026-04-06,master content release date,high,sale date,allocated daily title count,8.0,259.08,192.06,creator_analytics/manual_backfills/curvage_title_counts_all_time_2013-01-01_to_2026-07-04.csv
Curvage,Curvage title-count allocation,72499,HR manager coerces you into becoming her feeder 🍩🤤,Video 0283,HR Fatty Makes You Her Feeder POV,Video,mapped,2026-04-06,2026-04-06,2026-03-04,master content release date,high,sale date,allocated daily title count,1.0,13.87,10.28,creator_analytics/manual_backfills/curvage_title_counts_all_time_2013-01-01_to_2026-07-04.csv
Curvage,Curvage title-count allocation,72067,Pills make me grow until I pop 💊🍗🎈,Video 0282,Diet Pills Gone Wrong,Video,mapped,2026-04-06,2026-04-06,2026-02-22,master content release date,high,sale date,allocated daily title count,2.0,34.69,25.71,creator_analytics/manual_backfills/curvage_title_counts_all_time_2013-01-01_to_2026-07-04.csv
Curvage,Curvage title-count allocation,48622,Stuffing and making out with your feedee 🤤🍗,Video 0241,Stuffing and Makeout POV,Video,mapped,2026-04-06,2026-04-06,2024-07-01,master content release date,high,sale date,allocated daily title count,1.0,28.91,21.43,creator_analytics/manual_backfills/curvage_title_counts_all_time_2013-01-01_to_2026-07-04.csv
Curvage,Curvage title-count allocation,72725,Your Gluttonous Girlfriend Can't Hold Back Farts 🌯💨,Video 0284,Stuffed Girlfriend Gets Gassy,Video,mapped,2026-04-06,2026-04-06,2026-03-11,master content release date,high,sale date,allocated daily title count,1.0,23.13,17.15,creator_analytics/manual_backfills/curvage_title_counts_all_time_2013-01-01_to_2026-07-04.csv
Curvage,Curvage title-count allocation,63618,Cursed Cake Makes Greedy Co-worker Explode,Video 0271,Co-workers' Revenge: Cake Stuffing and Rapid Growth,Video,mapped,2026-04-07,2026-04-07,2025-07-21,master content release date,high,sale date,allocated daily title count,1.0,29.42,21.81,creator_analytics/manual_backfills/curvage_title_counts_all_time_2013-01-01_to_2026-07-04.csv
Curvage,Curvage title-count allocation,73734,How gaining weight changed how I exercise 🏋🏻‍♀️💪,Video 0285,Exercise After Gaining,Video,mapped,2026-04-07,2026-04-07,2026-04-06,master content release date,high,sale date,allocated daily title count,6.0,176.52,130.86,creator_analytics/manual_backfills/curvage_title_counts_all_time_2013-01-01_to_2026-07-04.csv
Curvage,Curvage title-count allocation,72067,Pills make me grow until I pop 💊🍗🎈,Video 0282,Diet Pills Gone Wrong,Video,mapped,2026-04-07,2026-04-07,2026-02-22,master content release date,high,sale date,allocated daily title count,2.0,31.51,23.36,creator_analytics/manual_backfills/curvage_title_counts_all_time_2013-01-01_to_2026-07-04.csv
Curvage,Curvage title-count allocation,59966,Stuffing in the Car Until I'm Stuck! 🚙🍟,Video 0266,Stuffing Until I'm Stuck,Video,mapped,2026-04-07,2026-04-07,2025-04-11,master content release date,high,sale date,allocated daily title count,1.0,30.47,22.59,creator_analytics/manual_backfills/curvage_title_counts_all_time_2013-01-01_to_2026-07-04.csv
Curvage,Curvage title-count allocation,72725,Your Gluttonous Girlfriend Can't Hold Back Farts 🌯💨,Video 0284,Stuffed Girlfriend Gets Gassy,Video,mapped,2026-04-07,2026-04-07,2026-03-11,master content release date,high,sale date,allocated daily title count,2.0,42.02,31.15,creator_analytics/manual_backfills/curvage_title_counts_all_time_2013-01-01_to_2026-07-04.csv
Curvage,Curvage title-count allocation,73734,How gaining weight changed how I exercise 🏋🏻‍♀️💪,Video 0285,Exercise After Gaining,Video,mapped,2026-04-08,2026-04-08,2026-04-06,master content release date,high,sale date,allocated daily title count,3.0,83.9,62.2,creator_analytics/manual_backfills/curvage_title_counts_all_time_2013-01-01_to_2026-07-04.csv
Curvage,Curvage title-count allocation,72499,HR manager coerces you into becoming her feeder 🍩🤤,Video 0283,HR Fatty Makes You Her Feeder POV,Video,mapped,2026-04-08,2026-04-08,2026-03-04,master content release date,high,sale date,allocated daily title count,1.0,11.98,8.88,creator_analytics/manual_backfills/curvage_title_counts_all_time_2013-01-01_to_2026-07-04.csv
Curvage,Curvage title-count allocation,72067,Pills make me grow until I pop 💊🍗🎈,Video 0282,Diet Pills Gone Wrong,Video,mapped,2026-04-08,2026-04-08,2026-02-22,master content release date,high,sale date,allocated daily title count,1.0,14.98,11.1,creator_analytics/manual_backfills/curvage_title_counts_all_time_2013-01-01_to_2026-07-04.csv
Curvage,Curvage title-count allocation,72725,Your Gluttonous Girlfriend Can't Hold Back Farts 🌯💨,Video 0284,Stuffed Girlfriend Gets Gassy,Video,mapped,2026-04-08,2026-04-08,2026-03-11,master content release date,high,sale date,allocated daily title count,1.0,19.97,14.81,creator_analytics/manual_backfills/curvage_title_counts_all_time_2013-01-01_to_2026-07-04.csv
Curvage,Curvage title-count allocation,67883,Crushing you flat under my massive 525lb body,Video 0273,SSBBW Squashes You Under Ass and Feet,Video,mapped,2026-04-09,2026-04-09,2025-08-09,master content release date,high,sale date,allocated daily title count,1.0,22.91,16.98,creator_analytics/manual_backfills/curvage_title_counts_all_time_2013-01-01_to_2026-07-04.csv
Curvage,Curvage title-count allocation,73734,How gaining weight changed how I exercise 🏋🏻‍♀️💪,Video 0285,Exercise After Gaining,Video,mapped,2026-04-09,2026-04-09,2026-04-06,master content release date,high,sale date,allocated daily title count,3.0,106.94,79.28,creator_analytics/manual_backfills/curvage_title_counts_all_time_2013-01-01_to_2026-07-04.csv
Curvage,Curvage title-count allocation,72499,HR manager coerces you into becoming her feeder 🍩🤤,Video 0283,HR Fatty Makes You Her Feeder POV,Video,mapped,2026-04-09,2026-04-09,2026-03-04,master content release date,high,sale date,allocated daily title count,1.0,15.27,11.32,creator_analytics/manual_backfills/curvage_title_counts_all_time_2013-01-01_to_2026-07-04.csv
Curvage,Curvage title-count allocation,72067,Pills make me grow until I pop 💊🍗🎈,Video 0282,Diet Pills Gone Wrong,Video,mapped,2026-04-09,2026-04-09,2026-02-22,master content release date,high,sale date,allocated daily title count,1.0,19.09,14.15,creator_analytics/manual_backfills/curvage_title_counts_all_time_2013-01-01_to_2026-07-04.csv
Curvage,Curvage title-count allocation,72725,Your Gluttonous Girlfriend Can't Hold Back Farts 🌯💨,Video 0284,Stuffed Girlfriend Gets Gassy,Video,mapped,2026-04-09,2026-04-09,2026-03-11,master content release date,high,sale date,allocated daily title count,1.0,25.46,18.87,creator_analytics/manual_backfills/curvage_title_counts_all_time_2013-01-01_to_2026-07-04.csv
Curvage,Curvage title-count allocation,73734,How gaining weight changed how I exercise 🏋🏻‍♀️💪,Video 0285,Exercise After Gaining,Video,mapped,2026-04-10,2026-04-10,2026-04-06,master content release date,high,sale date,allocated daily title count,6.0,179.03,132.72,creator_analytics/manual_backfills/curvage_title_counts_all_time_2013-01-01_to_2026-07-04.csv
Curvage,Curvage title-count allocation,72067,Pills make me grow until I pop 💊🍗🎈,Video 0282,Diet Pills Gone Wrong,Video,mapped,2026-04-10,2026-04-10,2026-02-22,master content release date,high,sale date,allocated daily title count,1.0,15.98,11.85,creator_analytics/manual_backfills/curvage_title_counts_all_time_2013-01-01_to_2026-07-04.csv
Curvage,Curvage title-count allocation,73734,How gaining weight changed how I exercise 🏋🏻‍♀️💪,Video 0285,Exercise After Gaining,Video,mapped,2026-04-11,2026-04-11,2026-04-06,master content release date,high,sale date,allocated daily title count,2.0,78.11,57.9,creator_analytics/manual_backfills/curvage_title_counts_all_time_2013-01-01_to_2026-07-04.csv
Curvage,Curvage title-count allocation,72067,Pills make me grow until I pop 💊🍗🎈,Video 0282,Diet Pills Gone Wrong,Video,mapped,2026-04-11,2026-04-11,2026-02-22,master content release date,high,sale date,allocated daily title count,1.0,20.92,15.51,creator_analytics/manual_backfills/curvage_title_counts_all_time_2013-01-01_to_2026-07-04.csv
Curvage,Curvage title-count allocation,71108,Gassy giantess vores you 👅💨,Video 0281,Gassy Giantess Gobbles You Up,Video,mapped,2026-04-13,2026-04-13,2026-01-30,master content release date,high,sale date,allocated daily title count,1.0,25.02,18.55,creator_analytics/manual_backfills/curvage_title_counts_all_time_2013-01-01_to_2026-07-04.csv
Curvage,Curvage title-count allocation,73734,How gaining weight changed how I exercise 🏋🏻‍♀️💪,Video 0285,Exercise After Gaining,Video,mapped,2026-04-13,2026-04-13,2026-04-06,master content release date,high,sale date,allocated daily title count,1.0,28.03,20.78,creator_analytics/manual_backfills/curvage_title_counts_all_time_2013-01-01_to_2026-07-04.csv
Curvage,Curvage title-count allocation,63618,Cursed Cake Makes Greedy Co-worker Explode,Video 0271,Co-workers' Revenge: Cake Stuffing and Rapid Growth,Video,mapped,2026-04-14,2026-04-14,2025-07-21,master content release date,high,sale date,allocated daily title count,1.0,28.05,20.79,creator_analytics/manual_backfills/curvage_title_counts_all_time_2013-01-01_to_2026-07-04.csv
Curvage,Curvage title-count allocation,73734,How gaining weight changed how I exercise 🏋🏻‍♀️💪,Video 0285,Exercise After Gaining,Video,mapped,2026-04-14,2026-04-14,2026-04-06,master content release date,high,sale date,allocated daily title count,4.0,112.18,83.16,creator_analytics/manual_backfills/curvage_title_counts_all_time_2013-01-01_to_2026-07-04.csv
Curvage,Curvage title-count allocation,68878,Nightmare Thanksgiving guest eats all the food! 🦃🤤,Video 0279,Greedy SSBBW Stuffs Whole Thanksgiving Dinner,Video,mapped,2026-04-14,2026-04-14,2025-12-01,master content release date,high,sale date,allocated daily title count,1.0,32.05,23.76,creator_analytics/manual_backfills/curvage_title_counts_all_time_2013-01-01_to_2026-07-04.csv
Curvage,Curvage title-count allocation,48622,Stuffing and making out with your feedee 🤤🍗,Video 0241,Stuffing and Makeout POV,Video,mapped,2026-04-14,2026-04-14,2024-07-01,master content release date,high,sale date,allocated daily title count,1.0,25.04,18.56,creator_analytics/manual_backfills/curvage_title_counts_all_time_2013-01-01_to_2026-07-04.csv
Curvage,Curvage title-count allocation,72499,HR manager coerces you into becoming her feeder 🍩🤤,Video 0283,HR Fatty Makes You Her Feeder POV,Video,mapped,2026-04-15,2026-04-15,2026-03-04,master content release date,high,sale date,allocated daily title count,1.0,11.95,8.86,creator_analytics/manual_backfills/curvage_title_counts_all_time_2013-01-01_to_2026-07-04.csv
Curvage,Curvage title-count allocation,48622,Stuffing and making out with your feedee 🤤🍗,Video 0241,Stuffing and Makeout POV,Video,mapped,2026-04-15,2026-04-15,2024-07-01,master content release date,high,sale date,allocated daily title count,1.0,24.91,18.47,creator_analytics/manual_backfills/curvage_title_counts_all_time_2013-01-01_to_2026-07-04.csv
Curvage,Curvage title-count allocation,72499,HR manager coerces you into becoming her feeder 🍩🤤,Video 0283,HR Fatty Makes You Her Feeder POV,Video,mapped,2026-04-16,2026-04-16,2026-03-04,master content release date,high,sale date,allocated daily title count,1.0,39.9,29.58,creator_analytics/manual_backfills/curvage_title_counts_all_time_2013-01-01_to_2026-07-04.csv
Curvage,Curvage title-count allocation,72725,Your Gluttonous Girlfriend Can't Hold Back Farts 🌯💨,Video 0284,Stuffed Girlfriend Gets Gassy,Video,mapped,2026-04-17,2026-04-17,2026-03-11,master content release date,high,sale date,allocated daily title count,1.0,19.95,14.79,creator_analytics/manual_backfills/curvage_title_counts_all_time_2013-01-01_to_2026-07-04.csv
Curvage,Curvage title-count allocation,63618,Cursed Cake Makes Greedy Co-worker Explode,Video 0271,Co-workers' Revenge: Cake Stuffing and Rapid Growth,Video,mapped,2026-04-18,2026-04-18,2025-07-21,master content release date,high,sale date,allocated daily title count,1.0,52.35,38.81,creator_analytics/manual_backfills/curvage_title_counts_all_time_2013-01-01_to_2026-07-04.csv
Curvage,Curvage title-count allocation,56366,Greedy girlfriend stuffs her face and vores you! 🤤🍔,Video 0259,Boyfriend Gets Vored,Video,mapped,2026-04-18,2026-04-18,2024-12-23,master content release date,high,sale date,allocated daily title count,1.0,41.13,30.49,creator_analytics/manual_backfills/curvage_title_counts_all_time_2013-01-01_to_2026-07-04.csv
Curvage,Curvage title-count allocation,72499,HR manager coerces you into becoming her feeder 🍩🤤,Video 0283,HR Fatty Makes You Her Feeder POV,Video,mapped,2026-04-18,2026-04-18,2026-03-04,master content release date,high,sale date,allocated daily title count,1.0,22.43,16.62,creator_analytics/manual_backfills/curvage_title_counts_all_time_2013-01-01_to_2026-07-04.csv
Curvage,Curvage title-count allocation,72725,Your Gluttonous Girlfriend Can't Hold Back Farts 🌯💨,Video 0284,Stuffed Girlfriend Gets Gassy,Video,mapped,2026-04-18,2026-04-18,2026-03-11,master content release date,high,sale date,allocated daily title count,2.0,74.78,55.43,creator_analytics/manual_backfills/curvage_title_counts_all_time_2013-01-01_to_2026-07-04.csv
Curvage,Curvage title-count allocation,60064,Stuffing tacos makes me burp and fart! 🌮💨,Video 0267,SSBBW Burps and Farts While Stuffing,Video,mapped,2026-04-19,2026-04-19,2025-04-16,master content release date,high,sale date,allocated daily title count,1.0,35.13,26.04,creator_analytics/manual_backfills/curvage_title_counts_all_time_2013-01-01_to_2026-07-04.csv
Curvage,Curvage title-count allocation,73734,How gaining weight changed how I exercise 🏋🏻‍♀️💪,Video 0285,Exercise After Gaining,Video,mapped,2026-04-20,2026-04-20,2026-04-06,master content release date,high,sale date,allocated daily title count,1.0,43.95,32.58,creator_analytics/manual_backfills/curvage_title_counts_all_time_2013-01-01_to_2026-07-04.csv
Curvage,Curvage title-count allocation,71108,Gassy giantess vores you 👅💨,Video 0281,Gassy Giantess Gobbles You Up,Video,mapped,2026-04-21,2026-04-21,2026-01-30,master content release date,high,sale date,allocated daily title count,1.0,25.01,18.54,creator_analytics/manual_backfills/curvage_title_counts_all_time_2013-01-01_to_2026-07-04.csv
Curvage,Curvage title-count allocation,73734,How gaining weight changed how I exercise 🏋🏻‍♀️💪,Video 0285,Exercise After Gaining,Video,mapped,2026-04-22,2026-04-22,2026-04-06,master content release date,high,sale date,allocated daily title count,1.0,58.11,43.08,creator_analytics/manual_backfills/curvage_title_counts_all_time_2013-01-01_to_2026-07-04.csv
Curvage,Curvage title-count allocation,72499,HR manager coerces you into becoming her feeder 🍩🤤,Video 0283,HR Fatty Makes You Her Feeder POV,Video,mapped,2026-04-23,2026-04-23,2026-03-04,master content release date,high,sale date,allocated daily title count,1.0,30.8,22.83,creator_analytics/manual_backfills/curvage_title_counts_all_time_2013-01-01_to_2026-07-04.csv
Curvage,Curvage title-count allocation,63618,Cursed Cake Makes Greedy Co-worker Explode,Video 0271,Co-workers' Revenge: Cake Stuffing and Rapid Growth,Video,mapped,2026-04-24,2026-04-24,2025-07-21,master content release date,high,sale date,allocated daily title count,2.0,67.55,50.08,creator_analytics/manual_backfills/curvage_title_counts_all_time_2013-01-01_to_2026-07-04.csv
Curvage,Curvage title-count allocation,72499,HR manager coerces you into becoming her feeder 🍩🤤,Video 0283,HR Fatty Makes You Her Feeder POV,Video,mapped,2026-04-24,2026-04-24,2026-03-04,master content release date,high,sale date,allocated daily title count,1.0,14.47,10.73,creator_analytics/manual_backfills/curvage_title_counts_all_time_2013-01-01_to_2026-07-04.csv
Curvage,Curvage title-count allocation,72067,Pills make me grow until I pop 💊🍗🎈,Video 0282,Diet Pills Gone Wrong,Video,mapped,2026-04-24,2026-04-24,2026-02-22,master content release date,high,sale date,allocated daily title count,1.0,18.09,13.41,creator_analytics/manual_backfills/curvage_title_counts_all_time_2013-01-01_to_2026-07-04.csv
Curvage,Curvage title-count allocation,72725,Your Gluttonous Girlfriend Can't Hold Back Farts 🌯💨,Video 0284,Stuffed Girlfriend Gets Gassy,Video,mapped,2026-04-24,2026-04-24,2026-03-11,master content release date,high,sale date,allocated daily title count,3.0,72.37,53.65,creator_analytics/manual_backfills/curvage_title_counts_all_time_2013-01-01_to_2026-07-04.csv
Curvage,Curvage title-count allocation,72499,HR manager coerces you into becoming her feeder 🍩🤤,Video 0283,HR Fatty Makes You Her Feeder POV,Video,mapped,2026-04-25,2026-04-25,2026-03-04,master content release date,high,sale date,allocated daily title count,2.0,30.83,22.86,creator_analytics/manual_backfills/curvage_title_counts_all_time_2013-01-01_to_2026-07-04.csv
Curvage,Curvage title-count allocation,72725,Your Gluttonous Girlfriend Can't Hold Back Farts 🌯💨,Video 0284,Stuffed Girlfriend Gets Gassy,Video,mapped,2026-04-25,2026-04-25,2026-03-11,master content release date,high,sale date,allocated daily title count,1.0,25.7,19.05,creator_analytics/manual_backfills/curvage_title_counts_all_time_2013-01-01_to_2026-07-04.csv
Curvage,Curvage title-count allocation,72725,Your Gluttonous Girlfriend Can't Hold Back Farts 🌯💨,Video 0284,Stuffed Girlfriend Gets Gassy,Video,mapped,2026-04-27,2026-04-27,2026-03-11,master content release date,high,sale date,allocated daily title count,1.0,19.95,14.79,creator_analytics/manual_backfills/curvage_title_counts_all_time_2013-01-01_to_2026-07-04.csv
Curvage,Curvage title-count allocation,63618,Cursed Cake Makes Greedy Co-worker Explode,Video 0271,Co-workers' Revenge: Cake Stuffing and Rapid Growth,Video,mapped,2026-04-28,2026-04-28,2025-07-21,master content release date,high,sale date,allocated daily title count,1.0,85.57,63.44,creator_analytics/manual_backfills/curvage_title_counts_all_time_2013-01-01_to_2026-07-04.csv
Curvage,Curvage title-count allocation,73734,How gaining weight changed how I exercise 🏋🏻‍♀️💪,Video 0285,Exercise After Gaining,Video,mapped,2026-04-28,2026-04-28,2026-04-06,master content release date,high,sale date,allocated daily title count,1.0,85.57,63.44,creator_analytics/manual_backfills/curvage_title_counts_all_time_2013-01-01_to_2026-07-04.csv
Curvage,Curvage title-count allocation,72499,HR manager coerces you into becoming her feeder 🍩🤤,Video 0283,HR Fatty Makes You Her Feeder POV,Video,mapped,2026-04-28,2026-04-28,2026-03-04,master content release date,high,sale date,allocated daily title count,1.0,36.66,27.17,creator_analytics/manual_backfills/curvage_title_counts_all_time_2013-01-01_to_2026-07-04.csv
Curvage,Curvage title-count allocation,68878,Nightmare Thanksgiving guest eats all the food! 🦃🤤,Video 0279,Greedy SSBBW Stuffs Whole Thanksgiving Dinner,Video,mapped,2026-04-28,2026-04-28,2025-12-01,master content release date,high,sale date,allocated daily title count,1.0,97.8,72.5,creator_analytics/manual_backfills/curvage_title_counts_all_time_2013-01-01_to_2026-07-04.csv
Curvage,Curvage title-count allocation,60064,Stuffing tacos makes me burp and fart! 🌮💨,Video 0267,SSBBW Burps and Farts While Stuffing,Video,mapped,2026-04-28,2026-04-28,2025-04-16,master content release date,high,sale date,allocated daily title count,1.0,106.97,79.3,creator_analytics/manual_backfills/curvage_title_counts_all_time_2013-01-01_to_2026-07-04.csv
Curvage,Curvage title-count allocation,63618,Cursed Cake Makes Greedy Co-worker Explode,Video 0271,Co-workers' Revenge: Cake Stuffing and Rapid Growth,Video,mapped,2026-04-29,2026-04-29,2025-07-21,master content release date,high,sale date,allocated daily title count,1.0,77.08,57.14,creator_analytics/manual_backfills/curvage_title_counts_all_time_2013-01-01_to_2026-07-04.csv
Curvage,Curvage title-count allocation,72725,Your Gluttonous Girlfriend Can't Hold Back Farts 🌯💨,Video 0284,Stuffed Girlfriend Gets Gassy,Video,mapped,2026-04-29,2026-04-29,2026-03-11,master content release date,high,sale date,allocated daily title count,1.0,55.05,40.81,creator_analytics/manual_backfills/curvage_title_counts_all_time_2013-01-01_to_2026-07-04.csv
Curvage,Curvage title-count allocation,73734,How gaining weight changed how I exercise 🏋🏻‍♀️💪,Video 0285,Exercise After Gaining,Video,mapped,2026-04-30,2026-04-30,2026-04-06,master content release date,high,sale date,allocated daily title count,1.0,101.05,74.91,creator_analytics/manual_backfills/curvage_title_counts_all_time_2013-01-01_to_2026-07-04.csv
Curvage,Curvage title-count allocation,72499,HR manager coerces you into becoming her feeder 🍩🤤,Video 0283,HR Fatty Makes You Her Feeder POV,Video,mapped,2026-05-01,2026-05-01,2026-03-04,master content release date,high,sale date,allocated daily title count,1.0,56.82,42.12,creator_analytics/manual_backfills/curvage_title_counts_all_time_2013-01-01_to_2026-07-04.csv
Curvage,Curvage title-count allocation,71108,Gassy giantess vores you 👅💨,Video 0281,Gassy Giantess Gobbles You Up,Video,mapped,2026-05-04,2026-05-04,2026-01-30,master content release date,high,sale date,allocated daily title count,1.0,53.05,39.33,creator_analytics/manual_backfills/curvage_title_counts_all_time_2013-01-01_to_2026-07-04.csv
Curvage,Curvage title-count allocation,74929,Girlfriend Wants to Gain to 600lbs for You 🍪,Video 0288,Gaining SSBBW Wants to Reach 600lbs,Video,mapped,2026-05-05,2026-05-05,2026-05-04,master content release date,high,sale date,allocated daily title count,11.0,293.04,217.24,creator_analytics/manual_backfills/curvage_title_counts_all_time_2013-01-01_to_2026-07-04.csv
Curvage,Curvage title-count allocation,73734,How gaining weight changed how I exercise 🏋🏻‍♀️💪,Video 0285,Exercise After Gaining,Video,mapped,2026-05-05,2026-05-05,2026-04-06,master content release date,high,sale date,allocated daily title count,1.0,37.3,27.65,creator_analytics/manual_backfills/curvage_title_counts_all_time_2013-01-01_to_2026-07-04.csv
Curvage,Curvage title-count allocation,74929,Girlfriend Wants to Gain to 600lbs for You 🍪,Video 0288,Gaining SSBBW Wants to Reach 600lbs,Video,mapped,2026-05-06,2026-05-06,2026-05-04,master content release date,high,sale date,allocated daily title count,11.0,239.54,177.58,creator_analytics/manual_backfills/curvage_title_counts_all_time_2013-01-01_to_2026-07-04.csv
Curvage,Curvage title-count allocation,73734,How gaining weight changed how I exercise 🏋🏻‍♀️💪,Video 0285,Exercise After Gaining,Video,mapped,2026-05-06,2026-05-06,2026-04-06,master content release date,high,sale date,allocated daily title count,1.0,30.49,22.6,creator_analytics/manual_backfills/curvage_title_counts_all_time_2013-01-01_to_2026-07-04.csv
Curvage,Curvage title-count allocation,72499,HR manager coerces you into becoming her feeder 🍩🤤,Video 0283,HR Fatty Makes You Her Feeder POV,Video,mapped,2026-05-06,2026-05-06,2026-03-04,master content release date,high,sale date,allocated daily title count,1.0,13.06,9.68,creator_analytics/manual_backfills/curvage_title_counts_all_time_2013-01-01_to_2026-07-04.csv
Curvage,Curvage title-count allocation,68878,Nightmare Thanksgiving guest eats all the food! 🦃🤤,Video 0279,Greedy SSBBW Stuffs Whole Thanksgiving Dinner,Video,mapped,2026-05-06,2026-05-06,2025-12-01,master content release date,high,sale date,allocated daily title count,3.0,104.55,77.5,creator_analytics/manual_backfills/curvage_title_counts_all_time_2013-01-01_to_2026-07-04.csv
Curvage,Curvage title-count allocation,72725,Your Gluttonous Girlfriend Can't Hold Back Farts 🌯💨,Video 0284,Stuffed Girlfriend Gets Gassy,Video,mapped,2026-05-06,2026-05-06,2026-03-11,master content release date,high,sale date,allocated daily title count,1.0,21.78,16.14,creator_analytics/manual_backfills/curvage_title_counts_all_time_2013-01-01_to_2026-07-04.csv
Curvage,Curvage title-count allocation,74929,Girlfriend Wants to Gain to 600lbs for You 🍪,Video 0288,Gaining SSBBW Wants to Reach 600lbs,Video,mapped,2026-05-07,2026-05-07,2026-05-04,master content release date,high,sale date,allocated daily title count,4.0,122.11,90.52,creator_analytics/manual_backfills/curvage_title_counts_all_time_2013-01-01_to_2026-07-04.csv
Curvage,Curvage title-count allocation,73734,How gaining weight changed how I exercise 🏋🏻‍♀️💪,Video 0285,Exercise After Gaining,Video,mapped,2026-05-07,2026-05-07,2026-04-06,master content release date,high,sale date,allocated daily title count,2.0,85.49,63.38,creator_analytics/manual_backfills/curvage_title_counts_all_time_2013-01-01_to_2026-07-04.csv
Curvage,Curvage title-count allocation,74929,Girlfriend Wants to Gain to 600lbs for You 🍪,Video 0288,Gaining SSBBW Wants to Reach 600lbs,Video,mapped,2026-05-08,2026-05-08,2026-05-04,master content release date,high,sale date,allocated daily title count,3.0,79.05,58.6,creator_analytics/manual_backfills/curvage_title_counts_all_time_2013-01-01_to_2026-07-04.csv
Curvage,Curvage title-count allocation,73734,How gaining weight changed how I exercise 🏋🏻‍♀️💪,Video 0285,Exercise After Gaining,Video,mapped,2026-05-08,2026-05-08,2026-04-06,master content release date,high,sale date,allocated daily title count,1.0,36.89,27.35,creator_analytics/manual_backfills/curvage_title_counts_all_time_2013-01-01_to_2026-07-04.csv
Curvage,Curvage title-count allocation,63618,Cursed Cake Makes Greedy Co-worker Explode,Video 0271,Co-workers' Revenge: Cake Stuffing and Rapid Growth,Video,mapped,2026-05-09,2026-05-09,2025-07-21,master content release date,high,sale date,allocated daily title count,1.0,46.36,34.37,creator_analytics/manual_backfills/curvage_title_counts_all_time_2013-01-01_to_2026-07-04.csv
Curvage,Curvage title-count allocation,49011,Get me pregnant and make me grow! 🤰😍,Video 0244,Impregnation Fantasy Chat,Video,mapped,2026-05-09,2026-05-09,2024-07-11,master content release date,high,sale date,allocated daily title count,1.0,21.52,15.95,creator_analytics/manual_backfills/curvage_title_counts_all_time_2013-01-01_to_2026-07-04.csv
Curvage,Curvage title-count allocation,74929,Girlfriend Wants to Gain to 600lbs for You 🍪,Video 0288,Gaining SSBBW Wants to Reach 600lbs,Video,mapped,2026-05-09,2026-05-09,2026-05-04,master content release date,high,sale date,allocated daily title count,3.0,99.33,73.64,creator_analytics/manual_backfills/curvage_title_counts_all_time_2013-01-01_to_2026-07-04.csv
Curvage,Curvage title-count allocation,73734,How gaining weight changed how I exercise 🏋🏻‍♀️💪,Video 0285,Exercise After Gaining,Video,mapped,2026-05-09,2026-05-09,2026-04-06,master content release date,high,sale date,allocated daily title count,1.0,46.36,34.37,creator_analytics/manual_backfills/curvage_title_counts_all_time_2013-01-01_to_2026-07-04.csv
Curvage,Curvage title-count allocation,72067,Pills make me grow until I pop 💊🍗🎈,Video 0282,Diet Pills Gone Wrong,Video,mapped,2026-05-09,2026-05-09,2026-02-22,master content release date,high,sale date,allocated daily title count,1.0,24.83,18.41,creator_analytics/manual_backfills/curvage_title_counts_all_time_2013-01-01_to_2026-07-04.csv
Curvage,Curvage title-count allocation,74929,Girlfriend Wants to Gain to 600lbs for You 🍪,Video 0288,Gaining SSBBW Wants to Reach 600lbs,Video,mapped,2026-05-10,2026-05-10,2026-05-04,master content release date,high,sale date,allocated daily title count,2.0,39.98,29.58,creator_analytics/manual_backfills/curvage_title_counts_all_time_2013-01-01_to_2026-07-04.csv
Curvage,Curvage title-count allocation,74929,Girlfriend Wants to Gain to 600lbs for You 🍪,Video 0288,Gaining SSBBW Wants to Reach 600lbs,Video,mapped,2026-05-11,2026-05-11,2026-05-04,master content release date,high,sale date,allocated daily title count,1.0,67.97,50.37,creator_analytics/manual_backfills/curvage_title_counts_all_time_2013-01-01_to_2026-07-04.csv
Curvage,Curvage title-count allocation,74929,Girlfriend Wants to Gain to 600lbs for You 🍪,Video 0288,Gaining SSBBW Wants to Reach 600lbs,Video,mapped,2026-05-12,2026-05-12,2026-05-04,master content release date,high,sale date,allocated daily title count,1.0,93.95,69.45,creator_analytics/manual_backfills/curvage_title_counts_all_time_2013-01-01_to_2026-07-04.csv
Curvage,Curvage title-count allocation,74929,Girlfriend Wants to Gain to 600lbs for You 🍪,Video 0288,Gaining SSBBW Wants to Reach 600lbs,Video,mapped,2026-05-13,2026-05-13,2026-05-04,master content release date,high,sale date,allocated daily title count,2.0,68.2,41.86,creator_analytics/manual_backfills/curvage_title_counts_all_time_2013-01-01_to_2026-07-04.csv
Curvage,Curvage title-count allocation,73734,How gaining weight changed how I exercise 🏋🏻‍♀️💪,Video 0285,Exercise After Gaining,Video,mapped,2026-05-13,2026-05-13,2026-04-06,master content release date,high,sale date,allocated daily title count,1.0,47.75,29.3,creator_analytics/manual_backfills/curvage_title_counts_all_time_2013-01-01_to_2026-07-04.csv
Curvage,Curvage title-count allocation,74929,Girlfriend Wants to Gain to 600lbs for You 🍪,Video 0288,Gaining SSBBW Wants to Reach 600lbs,Video,mapped,2026-05-14,2026-05-14,2026-05-04,master content release date,high,sale date,allocated daily title count,1.0,44.69,27.04,creator_analytics/manual_backfills/curvage_title_counts_all_time_2013-01-01_to_2026-07-04.csv
Curvage,Curvage title-count allocation,73734,How gaining weight changed how I exercise 🏋🏻‍♀️💪,Video 0285,Exercise After Gaining,Video,mapped,2026-05-14,2026-05-14,2026-04-06,master content release date,high,sale date,allocated daily title count,1.0,62.57,37.86,creator_analytics/manual_backfills/curvage_title_counts_all_time_2013-01-01_to_2026-07-04.csv
Curvage,Curvage title-count allocation,58749,Stuffing My Face After Hitting the Gym! 🍔🥤,Video 0264,After-Gym Stuffing,Video,mapped,2026-05-14,2026-05-14,2025-03-10,master content release date,high,sale date,allocated daily title count,1.0,44.69,27.04,creator_analytics/manual_backfills/curvage_title_counts_all_time_2013-01-01_to_2026-07-04.csv
Curvage,Curvage title-count allocation,74929,Girlfriend Wants to Gain to 600lbs for You 🍪,Video 0288,Gaining SSBBW Wants to Reach 600lbs,Video,mapped,2026-05-15,2026-05-15,2026-05-04,master content release date,high,sale date,allocated daily title count,3.0,68.69,50.86,creator_analytics/manual_backfills/curvage_title_counts_all_time_2013-01-01_to_2026-07-04.csv
Curvage,Curvage title-count allocation,53641,My bloated belly and burps are so hot! 🤤,Video 0250,Soda Chug and Burping,Video,mapped,2026-05-15,2026-05-15,2024-10-30,master content release date,high,sale date,allocated daily title count,1.0,28.62,21.19,creator_analytics/manual_backfills/curvage_title_counts_all_time_2013-01-01_to_2026-07-04.csv
Curvage,Curvage title-count allocation,48622,Stuffing and making out with your feedee 🤤🍗,Video 0241,Stuffing and Makeout POV,Video,mapped,2026-05-15,2026-05-15,2024-07-01,master content release date,high,sale date,allocated daily title count,1.0,28.62,21.19,creator_analytics/manual_backfills/curvage_title_counts_all_time_2013-01-01_to_2026-07-04.csv
Curvage,Curvage title-count allocation,74929,Girlfriend Wants to Gain to 600lbs for You 🍪,Video 0288,Gaining SSBBW Wants to Reach 600lbs,Video,mapped,2026-05-16,2026-05-16,2026-05-04,master content release date,high,sale date,allocated daily title count,1.0,19.99,14.84,creator_analytics/manual_backfills/curvage_title_counts_all_time_2013-01-01_to_2026-07-04.csv
Curvage,Curvage title-count allocation,68878,Nightmare Thanksgiving guest eats all the food! 🦃🤤,Video 0279,Greedy SSBBW Stuffs Whole Thanksgiving Dinner,Video,mapped,2026-05-16,2026-05-16,2025-12-01,master content release date,high,sale date,allocated daily title count,1.0,31.99,23.74,creator_analytics/manual_backfills/curvage_title_counts_all_time_2013-01-01_to_2026-07-04.csv
Curvage,Curvage title-count allocation,74929,Girlfriend Wants to Gain to 600lbs for You 🍪,Video 0288,Gaining SSBBW Wants to Reach 600lbs,Video,mapped,2026-05-17,2026-05-17,2026-05-04,master content release date,high,sale date,allocated daily title count,1.0,29.98,22.11,creator_analytics/manual_backfills/curvage_title_counts_all_time_2013-01-01_to_2026-07-04.csv
Curvage,Curvage title-count allocation,72499,HR manager coerces you into becoming her feeder 🍩🤤,Video 0283,HR Fatty Makes You Her Feeder POV,Video,mapped,2026-05-17,2026-05-17,2026-03-04,master content release date,high,sale date,allocated daily title count,1.0,17.99,13.26,creator_analytics/manual_backfills/curvage_title_counts_all_time_2013-01-01_to_2026-07-04.csv
Curvage,Curvage title-count allocation,74929,Girlfriend Wants to Gain to 600lbs for You 🍪,Video 0288,Gaining SSBBW Wants to Reach 600lbs,Video,mapped,2026-05-19,2026-05-19,2026-05-04,master content release date,high,sale date,allocated daily title count,1.0,19.99,14.79,creator_analytics/manual_backfills/curvage_title_counts_all_time_2013-01-01_to_2026-07-04.csv
Curvage,Curvage title-count allocation,74929,Girlfriend Wants to Gain to 600lbs for You 🍪,Video 0288,Gaining SSBBW Wants to Reach 600lbs,Video,mapped,2026-05-20,2026-05-20,2026-05-04,master content release date,high,sale date,allocated daily title count,1.0,36.98,27.33,creator_analytics/manual_backfills/curvage_title_counts_all_time_2013-01-01_to_2026-07-04.csv
Curvage,Curvage title-count allocation,63618,Cursed Cake Makes Greedy Co-worker Explode,Video 0271,Co-workers' Revenge: Cake Stuffing and Rapid Growth,Video,mapped,2026-05-21,2026-05-21,2025-07-21,master content release date,high,sale date,allocated daily title count,1.0,35.32,22.69,creator_analytics/manual_backfills/curvage_title_counts_all_time_2013-01-01_to_2026-07-04.csv
Curvage,Curvage title-count allocation,74929,Girlfriend Wants to Gain to 600lbs for You 🍪,Video 0288,Gaining SSBBW Wants to Reach 600lbs,Video,mapped,2026-05-21,2026-05-21,2026-05-04,master content release date,high,sale date,allocated daily title count,3.0,75.68,48.62,creator_analytics/manual_backfills/curvage_title_counts_all_time_2013-01-01_to_2026-07-04.csv
Curvage,Curvage title-count allocation,73734,How gaining weight changed how I exercise 🏋🏻‍♀️💪,Video 0285,Exercise After Gaining,Video,mapped,2026-05-21,2026-05-21,2026-04-06,master content release date,high,sale date,allocated daily title count,1.0,35.32,22.69,creator_analytics/manual_backfills/curvage_title_counts_all_time_2013-01-01_to_2026-07-04.csv
Curvage,Curvage title-count allocation,72499,HR manager coerces you into becoming her feeder 🍩🤤,Video 0283,HR Fatty Makes You Her Feeder POV,Video,mapped,2026-05-21,2026-05-21,2026-03-04,master content release date,high,sale date,allocated daily title count,1.0,15.13,9.72,creator_analytics/manual_backfills/curvage_title_counts_all_time_2013-01-01_to_2026-07-04.csv
Curvage,Curvage title-count allocation,68878,Nightmare Thanksgiving guest eats all the food! 🦃🤤,Video 0279,Greedy SSBBW Stuffs Whole Thanksgiving Dinner,Video,mapped,2026-05-21,2026-05-21,2025-12-01,master content release date,high,sale date,allocated daily title count,1.0,40.37,25.94,creator_analytics/manual_backfills/curvage_title_counts_all_time_2013-01-01_to_2026-07-04.csv
Curvage,Curvage title-count allocation,72067,Pills make me grow until I pop 💊🍗🎈,Video 0282,Diet Pills Gone Wrong,Video,mapped,2026-05-21,2026-05-21,2026-02-22,master content release date,high,sale date,allocated daily title count,2.0,37.83,24.31,creator_analytics/manual_backfills/curvage_title_counts_all_time_2013-01-01_to_2026-07-04.csv
Curvage,Curvage title-count allocation,72725,Your Gluttonous Girlfriend Can't Hold Back Farts 🌯💨,Video 0284,Stuffed Girlfriend Gets Gassy,Video,mapped,2026-05-21,2026-05-21,2026-03-11,master content release date,high,sale date,allocated daily title count,1.0,25.23,16.21,creator_analytics/manual_backfills/curvage_title_counts_all_time_2013-01-01_to_2026-07-04.csv
Curvage,Curvage title-count allocation,75672,Best Friend's Mommy Tells You How to Please SSBBW 😈😍,Video 0289,Best Friend's Mom Teases You,Video,mapped,2026-05-22,2026-05-22,2026-05-21,master content release date,high,sale date,allocated daily title count,24.0,900.21,380.24,creator_analytics/manual_backfills/curvage_title_counts_all_time_2013-01-01_to_2026-07-04.csv
Curvage,Curvage title-count allocation,74929,Girlfriend Wants to Gain to 600lbs for You 🍪,Video 0288,Gaining SSBBW Wants to Reach 600lbs,Video,mapped,2026-05-22,2026-05-22,2026-05-04,master content release date,high,sale date,allocated daily title count,2.0,75.02,31.69,creator_analytics/manual_backfills/curvage_title_counts_all_time_2013-01-01_to_2026-07-04.csv
Curvage,Curvage title-count allocation,73734,How gaining weight changed how I exercise 🏋🏻‍♀️💪,Video 0285,Exercise After Gaining,Video,mapped,2026-05-22,2026-05-22,2026-04-06,master content release date,high,sale date,allocated daily title count,3.0,157.56,66.55,creator_analytics/manual_backfills/curvage_title_counts_all_time_2013-01-01_to_2026-07-04.csv
Curvage,Curvage title-count allocation,72499,HR manager coerces you into becoming her feeder 🍩🤤,Video 0283,HR Fatty Makes You Her Feeder POV,Video,mapped,2026-05-22,2026-05-22,2026-03-04,master content release date,high,sale date,allocated daily title count,1.0,22.5,9.5,creator_analytics/manual_backfills/curvage_title_counts_all_time_2013-01-01_to_2026-07-04.csv
Curvage,Curvage title-count allocation,72067,Pills make me grow until I pop 💊🍗🎈,Video 0282,Diet Pills Gone Wrong,Video,mapped,2026-05-22,2026-05-22,2026-02-22,master content release date,high,sale date,allocated daily title count,1.0,28.13,11.88,creator_analytics/manual_backfills/curvage_title_counts_all_time_2013-01-01_to_2026-07-04.csv
Curvage,Curvage title-count allocation,75672,Best Friend's Mommy Tells You How to Please SSBBW 😈😍,Video 0289,Best Friend's Mom Teases You,Video,mapped,2026-05-23,2026-05-23,2026-05-21,master content release date,high,sale date,allocated daily title count,14.0,464.07,207.02,creator_analytics/manual_backfills/curvage_title_counts_all_time_2013-01-01_to_2026-07-04.csv
Curvage,Curvage title-count allocation,74929,Girlfriend Wants to Gain to 600lbs for You 🍪,Video 0288,Gaining SSBBW Wants to Reach 600lbs,Video,mapped,2026-05-23,2026-05-23,2026-05-04,master content release date,high,sale date,allocated daily title count,3.0,99.44,44.36,creator_analytics/manual_backfills/curvage_title_counts_all_time_2013-01-01_to_2026-07-04.csv
Curvage,Curvage title-count allocation,72067,Pills make me grow until I pop 💊🍗🎈,Video 0282,Diet Pills Gone Wrong,Video,mapped,2026-05-23,2026-05-23,2026-02-22,master content release date,high,sale date,allocated daily title count,1.0,24.86,11.09,creator_analytics/manual_backfills/curvage_title_counts_all_time_2013-01-01_to_2026-07-04.csv
Curvage,Curvage title-count allocation,72725,Your Gluttonous Girlfriend Can't Hold Back Farts 🌯💨,Video 0284,Stuffed Girlfriend Gets Gassy,Video,mapped,2026-05-23,2026-05-23,2026-03-11,master content release date,high,sale date,allocated daily title count,2.0,66.3,29.57,creator_analytics/manual_backfills/curvage_title_counts_all_time_2013-01-01_to_2026-07-04.csv
Curvage,Curvage title-count allocation,75672,Best Friend's Mommy Tells You How to Please SSBBW 😈😍,Video 0289,Best Friend's Mom Teases You,Video,mapped,2026-05-24,2026-05-24,2026-05-21,master content release date,high,sale date,allocated daily title count,9.0,238.73,151.17,creator_analytics/manual_backfills/curvage_title_counts_all_time_2013-01-01_to_2026-07-04.csv
Curvage,Curvage title-count allocation,73734,How gaining weight changed how I exercise 🏋🏻‍♀️💪,Video 0285,Exercise After Gaining,Video,mapped,2026-05-24,2026-05-24,2026-04-06,master content release date,high,sale date,allocated daily title count,1.0,37.14,23.52,creator_analytics/manual_backfills/curvage_title_counts_all_time_2013-01-01_to_2026-07-04.csv
Curvage,Curvage title-count allocation,75672,Best Friend's Mommy Tells You How to Please SSBBW 😈😍,Video 0289,Best Friend's Mom Teases You,Video,mapped,2026-05-25,2026-05-25,2026-05-21,master content release date,high,sale date,allocated daily title count,7.0,173.43,128.41,creator_analytics/manual_backfills/curvage_title_counts_all_time_2013-01-01_to_2026-07-04.csv
Curvage,Curvage title-count allocation,63618,Cursed Cake Makes Greedy Co-worker Explode,Video 0271,Co-workers' Revenge: Cake Stuffing and Rapid Growth,Video,mapped,2026-05-25,2026-05-25,2025-07-21,master content release date,high,sale date,allocated daily title count,1.0,34.69,25.69,creator_analytics/manual_backfills/curvage_title_counts_all_time_2013-01-01_to_2026-07-04.csv
Curvage,Curvage title-count allocation,74929,Girlfriend Wants to Gain to 600lbs for You 🍪,Video 0288,Gaining SSBBW Wants to Reach 600lbs,Video,mapped,2026-05-25,2026-05-25,2026-05-04,master content release date,high,sale date,allocated daily title count,1.0,24.78,18.34,creator_analytics/manual_backfills/curvage_title_counts_all_time_2013-01-01_to_2026-07-04.csv
Curvage,Curvage title-count allocation,75672,Best Friend's Mommy Tells You How to Please SSBBW 😈😍,Video 0289,Best Friend's Mom Teases You,Video,mapped,2026-05-26,2026-05-26,2026-05-21,master content release date,high,sale date,allocated daily title count,3.0,87.23,44.43,creator_analytics/manual_backfills/curvage_title_counts_all_time_2013-01-01_to_2026-07-04.csv
Curvage,Curvage title-count allocation,73734,How gaining weight changed how I exercise 🏋🏻‍♀️💪,Video 0285,Exercise After Gaining,Video,mapped,2026-05-26,2026-05-26,2026-04-06,master content release date,high,sale date,allocated daily title count,1.0,40.71,20.73,creator_analytics/manual_backfills/curvage_title_counts_all_time_2013-01-01_to_2026-07-04.csv
Curvage,Curvage title-count allocation,75672,Best Friend's Mommy Tells You How to Please SSBBW 😈😍,Video 0289,Best Friend's Mom Teases You,Video,mapped,2026-05-27,2026-05-27,2026-05-21,master content release date,high,sale date,allocated daily title count,3.0,122.56,90.73,creator_analytics/manual_backfills/curvage_title_counts_all_time_2013-01-01_to_2026-07-04.csv
Curvage,Curvage title-count allocation,74929,Girlfriend Wants to Gain to 600lbs for You 🍪,Video 0288,Gaining SSBBW Wants to Reach 600lbs,Video,mapped,2026-05-27,2026-05-27,2026-05-04,master content release date,high,sale date,allocated daily title count,1.0,40.85,30.24,creator_analytics/manual_backfills/curvage_title_counts_all_time_2013-01-01_to_2026-07-04.csv
Curvage,Curvage title-count allocation,72499,HR manager coerces you into becoming her feeder 🍩🤤,Video 0283,HR Fatty Makes You Her Feeder POV,Video,mapped,2026-05-27,2026-05-27,2026-03-04,master content release date,high,sale date,allocated daily title count,1.0,24.5,18.14,creator_analytics/manual_backfills/curvage_title_counts_all_time_2013-01-01_to_2026-07-04.csv
Curvage,Curvage title-count allocation,75672,Best Friend's Mommy Tells You How to Please SSBBW 😈😍,Video 0289,Best Friend's Mom Teases You,Video,mapped,2026-05-28,2026-05-28,2026-05-21,master content release date,high,sale date,allocated daily title count,3.0,113.14,65.43,creator_analytics/manual_backfills/curvage_title_counts_all_time_2013-01-01_to_2026-07-04.csv
Curvage,Curvage title-count allocation,72499,HR manager coerces you into becoming her feeder 🍩🤤,Video 0283,HR Fatty Makes You Her Feeder POV,Video,mapped,2026-05-28,2026-05-28,2026-03-04,master content release date,high,sale date,allocated daily title count,1.0,22.62,13.08,creator_analytics/manual_backfills/curvage_title_counts_all_time_2013-01-01_to_2026-07-04.csv
Curvage,Curvage title-count allocation,48622,Stuffing and making out with your feedee 🤤🍗,Video 0241,Stuffing and Makeout POV,Video,mapped,2026-05-28,2026-05-28,2024-07-01,master content release date,high,sale date,allocated daily title count,1.0,47.15,27.27,creator_analytics/manual_backfills/curvage_title_counts_all_time_2013-01-01_to_2026-07-04.csv
Curvage,Curvage title-count allocation,75672,Best Friend's Mommy Tells You How to Please SSBBW 😈😍,Video 0289,Best Friend's Mom Teases You,Video,mapped,2026-05-29,2026-05-29,2026-05-21,master content release date,high,sale date,allocated daily title count,2.0,72.96,53.91,creator_analytics/manual_backfills/curvage_title_counts_all_time_2013-01-01_to_2026-07-04.csv
Curvage,Curvage title-count allocation,75672,Best Friend's Mommy Tells You How to Please SSBBW 😈😍,Video 0289,Best Friend's Mom Teases You,Video,mapped,2026-05-30,2026-05-30,2026-05-21,master content release date,high,sale date,allocated daily title count,2.0,59.97,29.58,creator_analytics/manual_backfills/curvage_title_counts_all_time_2013-01-01_to_2026-07-04.csv
Curvage,Curvage title-count allocation,75672,Best Friend's Mommy Tells You How to Please SSBBW 😈😍,Video 0289,Best Friend's Mom Teases You,Video,mapped,2026-05-31,2026-05-31,2026-05-21,master content release date,high,sale date,allocated daily title count,2.0,53.45,39.49,creator_analytics/manual_backfills/curvage_title_counts_all_time_2013-01-01_to_2026-07-04.csv
Curvage,Curvage title-count allocation,74929,Girlfriend Wants to Gain to 600lbs for You 🍪,Video 0288,Gaining SSBBW Wants to Reach 600lbs,Video,mapped,2026-05-31,2026-05-31,2026-05-04,master content release date,high,sale date,allocated daily title count,2.0,53.45,39.49,creator_analytics/manual_backfills/curvage_title_counts_all_time_2013-01-01_to_2026-07-04.csv
Curvage,Curvage title-count allocation,72067,Pills make me grow until I pop 💊🍗🎈,Video 0282,Diet Pills Gone Wrong,Video,mapped,2026-05-31,2026-05-31,2026-02-22,master content release date,high,sale date,allocated daily title count,1.0,20.04,14.81,creator_analytics/manual_backfills/curvage_title_counts_all_time_2013-01-01_to_2026-07-04.csv
Curvage,Curvage title-count allocation,63618,Cursed Cake Makes Greedy Co-worker Explode,Video 0271,Co-workers' Revenge: Cake Stuffing and Rapid Growth,Video,mapped,2026-06-01,2026-06-01,2025-07-21,master content release date,high,sale date,allocated daily title count,1.0,27.99,20.79,creator_analytics/manual_backfills/curvage_title_counts_all_time_2013-01-01_to_2026-07-04.csv
Curvage,Curvage title-count allocation,63618,Cursed Cake Makes Greedy Co-worker Explode,Video 0271,Co-workers' Revenge: Cake Stuffing and Rapid Growth,Video,mapped,2026-06-02,2026-06-02,2025-07-21,master content release date,high,sale date,allocated daily title count,1.0,27.99,20.79,creator_analytics/manual_backfills/curvage_title_counts_all_time_2013-01-01_to_2026-07-04.csv
Curvage,Curvage title-count allocation,75672,Best Friend's Mommy Tells You How to Please SSBBW 😈😍,Video 0289,Best Friend's Mom Teases You,Video,mapped,2026-06-03,2026-06-03,2026-05-21,master content release date,high,sale date,allocated daily title count,1.0,29.98,14.79,creator_analytics/manual_backfills/curvage_title_counts_all_time_2013-01-01_to_2026-07-04.csv
Curvage,Curvage title-count allocation,74929,Girlfriend Wants to Gain to 600lbs for You 🍪,Video 0288,Gaining SSBBW Wants to Reach 600lbs,Video,mapped,2026-06-03,2026-06-03,2026-05-04,master content release date,high,sale date,allocated daily title count,3.0,89.95,44.37,creator_analytics/manual_backfills/curvage_title_counts_all_time_2013-01-01_to_2026-07-04.csv
Curvage,Curvage title-count allocation,75672,Best Friend's Mommy Tells You How to Please SSBBW 😈😍,Video 0289,Best Friend's Mom Teases You,Video,mapped,2026-06-04,2026-06-04,2026-05-21,master content release date,high,sale date,allocated daily title count,1.0,19.99,14.8,creator_analytics/manual_backfills/curvage_title_counts_all_time_2013-01-01_to_2026-07-04.csv
Curvage,Curvage title-count allocation,74929,Girlfriend Wants to Gain to 600lbs for You 🍪,Video 0288,Gaining SSBBW Wants to Reach 600lbs,Video,mapped,2026-06-04,2026-06-04,2026-05-04,master content release date,high,sale date,allocated daily title count,1.0,19.99,14.8,creator_analytics/manual_backfills/curvage_title_counts_all_time_2013-01-01_to_2026-07-04.csv
Curvage,Curvage title-count allocation,56366,Greedy girlfriend stuffs her face and vores you! 🤤🍔,Video 0259,Boyfriend Gets Vored,Video,mapped,2026-06-04,2026-06-04,2024-12-23,master content release date,high,sale date,allocated daily title count,1.0,21.99,16.28,creator_analytics/manual_backfills/curvage_title_counts_all_time_2013-01-01_to_2026-07-04.csv
Curvage,Curvage title-count allocation,73734,How gaining weight changed how I exercise 🏋🏻‍♀️💪,Video 0285,Exercise After Gaining,Video,mapped,2026-06-05,2026-06-05,2026-04-06,master content release date,high,sale date,allocated daily title count,1.0,27.99,20.78,creator_analytics/manual_backfills/curvage_title_counts_all_time_2013-01-01_to_2026-07-04.csv
Curvage,Curvage title-count allocation,55022,Your Girlfriend Encourages Mutual Gain POV,Video 0256,Mutual Gaining Fantasy,Video,mapped,2026-06-05,2026-06-05,2024-12-05,master content release date,high,sale date,allocated daily title count,1.0,24.99,18.55,creator_analytics/manual_backfills/curvage_title_counts_all_time_2013-01-01_to_2026-07-04.csv
Curvage,Curvage title-count allocation,75672,Best Friend's Mommy Tells You How to Please SSBBW 😈😍,Video 0289,Best Friend's Mom Teases You,Video,mapped,2026-06-06,2026-06-06,2026-05-21,master content release date,high,sale date,allocated daily title count,1.0,19.99,14.79,creator_analytics/manual_backfills/curvage_title_counts_all_time_2013-01-01_to_2026-07-04.csv
Curvage,Curvage title-count allocation,73734,How gaining weight changed how I exercise 🏋🏻‍♀️💪,Video 0285,Exercise After Gaining,Video,mapped,2026-06-06,2026-06-06,2026-04-06,master content release date,high,sale date,allocated daily title count,1.0,27.99,20.71,creator_analytics/manual_backfills/curvage_title_counts_all_time_2013-01-01_to_2026-07-04.csv
Curvage,Curvage title-count allocation,72499,HR manager coerces you into becoming her feeder 🍩🤤,Video 0283,HR Fatty Makes You Her Feeder POV,Video,mapped,2026-06-06,2026-06-06,2026-03-04,master content release date,high,sale date,allocated daily title count,1.0,11.99,8.87,creator_analytics/manual_backfills/curvage_title_counts_all_time_2013-01-01_to_2026-07-04.csv
Curvage,Curvage title-count allocation,75672,Best Friend's Mommy Tells You How to Please SSBBW 😈😍,Video 0289,Best Friend's Mom Teases You,Video,mapped,2026-06-07,2026-06-07,2026-05-21,master content release date,high,sale date,allocated daily title count,3.0,59.97,44.37,creator_analytics/manual_backfills/curvage_title_counts_all_time_2013-01-01_to_2026-07-04.csv
Curvage,Curvage title-count allocation,75672,Best Friend's Mommy Tells You How to Please SSBBW 😈😍,Video 0289,Best Friend's Mom Teases You,Video,mapped,2026-06-08,2026-06-08,2026-05-21,master content release date,high,sale date,allocated daily title count,1.0,19.99,14.79,creator_analytics/manual_backfills/curvage_title_counts_all_time_2013-01-01_to_2026-07-04.csv
Curvage,Curvage title-count allocation,74929,Girlfriend Wants to Gain to 600lbs for You 🍪,Video 0288,Gaining SSBBW Wants to Reach 600lbs,Video,mapped,2026-06-09,2026-06-09,2026-05-04,master content release date,high,sale date,allocated daily title count,1.0,19.99,14.79,creator_analytics/manual_backfills/curvage_title_counts_all_time_2013-01-01_to_2026-07-04.csv
Curvage,Curvage title-count allocation,75672,Best Friend's Mommy Tells You How to Please SSBBW 😈😍,Video 0289,Best Friend's Mom Teases You,Video,mapped,2026-06-10,2026-06-10,2026-05-21,master content release date,high,sale date,allocated daily title count,1.0,19.99,14.8,creator_analytics/manual_backfills/curvage_title_counts_all_time_2013-01-01_to_2026-07-04.csv
Curvage,Curvage title-count allocation,72067,Pills make me grow until I pop 💊🍗🎈,Video 0282,Diet Pills Gone Wrong,Video,mapped,2026-06-10,2026-06-10,2026-02-22,master content release date,high,sale date,allocated daily title count,1.0,14.99,11.1,creator_analytics/manual_backfills/curvage_title_counts_all_time_2013-01-01_to_2026-07-04.csv
Curvage,Curvage title-count allocation,59966,Stuffing in the Car Until I'm Stuck! 🚙🍟,Video 0266,Stuffing Until I'm Stuck,Video,mapped,2026-06-10,2026-06-10,2025-04-11,master content release date,high,sale date,allocated daily title count,1.0,28.99,21.47,creator_analytics/manual_backfills/curvage_title_counts_all_time_2013-01-01_to_2026-07-04.csv
Curvage,Curvage title-count allocation,75672,Best Friend's Mommy Tells You How to Please SSBBW 😈😍,Video 0289,Best Friend's Mom Teases You,Video,mapped,2026-06-12,2026-06-12,2026-05-21,master content release date,high,sale date,allocated daily title count,1.0,19.99,14.85,creator_analytics/manual_backfills/curvage_title_counts_all_time_2013-01-01_to_2026-07-04.csv
Curvage,Curvage title-count allocation,56046,New weigh-in and measurements! 😍,Video 0258,Measurements and Weigh-In,Video,mapped,2026-06-12,2026-06-12,2024-12-18,master content release date,high,sale date,allocated daily title count,1.0,34.99,25.98,creator_analytics/manual_backfills/curvage_title_counts_all_time_2013-01-01_to_2026-07-04.csv
Curvage,Curvage title-count allocation,75672,Best Friend's Mommy Tells You How to Please SSBBW 😈😍,Video 0289,Best Friend's Mom Teases You,Video,mapped,2026-06-13,2026-06-13,2026-05-21,master content release date,high,sale date,allocated daily title count,1.0,19.99,14.79,creator_analytics/manual_backfills/curvage_title_counts_all_time_2013-01-01_to_2026-07-04.csv
Curvage,Curvage title-count allocation,74929,Girlfriend Wants to Gain to 600lbs for You 🍪,Video 0288,Gaining SSBBW Wants to Reach 600lbs,Video,mapped,2026-06-13,2026-06-13,2026-05-04,master content release date,high,sale date,allocated daily title count,1.0,19.99,14.79,creator_analytics/manual_backfills/curvage_title_counts_all_time_2013-01-01_to_2026-07-04.csv
Curvage,Curvage title-count allocation,75672,Best Friend's Mommy Tells You How to Please SSBBW 😈😍,Video 0289,Best Friend's Mom Teases You,Video,mapped,2026-06-14,2026-06-14,2026-05-21,master content release date,high,sale date,allocated daily title count,2.0,53.31,29.58,creator_analytics/manual_backfills/curvage_title_counts_all_time_2013-01-01_to_2026-07-04.csv
Curvage,Curvage title-count allocation,73734,How gaining weight changed how I exercise 🏋🏻‍♀️💪,Video 0285,Exercise After Gaining,Video,mapped,2026-06-14,2026-06-14,2026-04-06,master content release date,high,sale date,allocated daily title count,1.0,37.32,20.71,creator_analytics/manual_backfills/curvage_title_counts_all_time_2013-01-01_to_2026-07-04.csv
Curvage,Curvage title-count allocation,72499,HR manager coerces you into becoming her feeder 🍩🤤,Video 0283,HR Fatty Makes You Her Feeder POV,Video,mapped,2026-06-14,2026-06-14,2026-03-04,master content release date,high,sale date,allocated daily title count,1.0,15.99,8.87,creator_analytics/manual_backfills/curvage_title_counts_all_time_2013-01-01_to_2026-07-04.csv
Curvage,Curvage title-count allocation,72725,Your Gluttonous Girlfriend Can't Hold Back Farts 🌯💨,Video 0284,Stuffed Girlfriend Gets Gassy,Video,mapped,2026-06-14,2026-06-14,2026-03-11,master content release date,high,sale date,allocated daily title count,2.0,53.31,29.58,creator_analytics/manual_backfills/curvage_title_counts_all_time_2013-01-01_to_2026-07-04.csv
Curvage,Curvage title-count allocation,75672,Best Friend's Mommy Tells You How to Please SSBBW 😈😍,Video 0289,Best Friend's Mom Teases You,Video,mapped,2026-06-15,2026-06-15,2026-05-21,master content release date,high,sale date,allocated daily title count,2.0,39.98,29.6,creator_analytics/manual_backfills/curvage_title_counts_all_time_2013-01-01_to_2026-07-04.csv
Curvage,Curvage title-count allocation,48622,Stuffing and making out with your feedee 🤤🍗,Video 0241,Stuffing and Makeout POV,Video,mapped,2026-06-15,2026-06-15,2024-07-01,master content release date,high,sale date,allocated daily title count,1.0,24.99,18.5,creator_analytics/manual_backfills/curvage_title_counts_all_time_2013-01-01_to_2026-07-04.csv
Curvage,Curvage title-count allocation,58749,Stuffing My Face After Hitting the Gym! 🍔🥤,Video 0264,After-Gym Stuffing,Video,mapped,2026-06-15,2026-06-15,2025-03-10,master content release date,high,sale date,allocated daily title count,1.0,19.99,14.8,creator_analytics/manual_backfills/curvage_title_counts_all_time_2013-01-01_to_2026-07-04.csv
Curvage,Curvage title-count allocation,75672,Best Friend's Mommy Tells You How to Please SSBBW 😈😍,Video 0289,Best Friend's Mom Teases You,Video,mapped,2026-06-16,2026-06-16,2026-05-21,master content release date,high,sale date,allocated daily title count,1.0,19.99,14.79,creator_analytics/manual_backfills/curvage_title_counts_all_time_2013-01-01_to_2026-07-04.csv
Curvage,Curvage title-count allocation,74929,Girlfriend Wants to Gain to 600lbs for You 🍪,Video 0288,Gaining SSBBW Wants to Reach 600lbs,Video,mapped,2026-06-16,2026-06-16,2026-05-04,master content release date,high,sale date,allocated daily title count,1.0,19.99,14.79,creator_analytics/manual_backfills/curvage_title_counts_all_time_2013-01-01_to_2026-07-04.csv
Curvage,Curvage title-count allocation,72499,HR manager coerces you into becoming her feeder 🍩🤤,Video 0283,HR Fatty Makes You Her Feeder POV,Video,mapped,2026-06-16,2026-06-16,2026-03-04,master content release date,high,sale date,allocated daily title count,1.0,11.99,8.87,creator_analytics/manual_backfills/curvage_title_counts_all_time_2013-01-01_to_2026-07-04.csv
Curvage,Curvage title-count allocation,68878,Nightmare Thanksgiving guest eats all the food! 🦃🤤,Video 0279,Greedy SSBBW Stuffs Whole Thanksgiving Dinner,Video,mapped,2026-06-16,2026-06-16,2025-12-01,master content release date,high,sale date,allocated daily title count,1.0,31.99,23.67,creator_analytics/manual_backfills/curvage_title_counts_all_time_2013-01-01_to_2026-07-04.csv
Curvage,Curvage title-count allocation,72067,Pills make me grow until I pop 💊🍗🎈,Video 0282,Diet Pills Gone Wrong,Video,mapped,2026-06-16,2026-06-16,2026-02-22,master content release date,high,sale date,allocated daily title count,1.0,14.99,11.09,creator_analytics/manual_backfills/curvage_title_counts_all_time_2013-01-01_to_2026-07-04.csv
Curvage,Curvage title-count allocation,75672,Best Friend's Mommy Tells You How to Please SSBBW 😈😍,Video 0289,Best Friend's Mom Teases You,Video,mapped,2026-06-17,2026-06-17,2026-05-21,master content release date,high,sale date,allocated daily title count,2.0,39.98,29.61,creator_analytics/manual_backfills/curvage_title_counts_all_time_2013-01-01_to_2026-07-04.csv
Curvage,Curvage title-count allocation,71108,Gassy giantess vores you 👅💨,Video 0281,Gassy Giantess Gobbles You Up,Video,mapped,2026-06-17,2026-06-17,2026-01-30,master content release date,high,sale date,allocated daily title count,1.0,24.99,18.51,creator_analytics/manual_backfills/curvage_title_counts_all_time_2013-01-01_to_2026-07-04.csv
Curvage,Curvage title-count allocation,75672,Best Friend's Mommy Tells You How to Please SSBBW 😈😍,Video 0289,Best Friend's Mom Teases You,Video,mapped,2026-06-18,2026-06-18,2026-05-21,master content release date,high,sale date,allocated daily title count,1.0,19.99,14.79,creator_analytics/manual_backfills/curvage_title_counts_all_time_2013-01-01_to_2026-07-04.csv
Curvage,Curvage title-count allocation,74929,Girlfriend Wants to Gain to 600lbs for You 🍪,Video 0288,Gaining SSBBW Wants to Reach 600lbs,Video,mapped,2026-06-18,2026-06-18,2026-05-04,master content release date,high,sale date,allocated daily title count,1.0,19.99,14.79,creator_analytics/manual_backfills/curvage_title_counts_all_time_2013-01-01_to_2026-07-04.csv
Curvage,Curvage title-count allocation,67883,Crushing you flat under my massive 525lb body,Video 0273,SSBBW Squashes You Under Ass and Feet,Video,mapped,2026-06-19,2026-06-19,2025-08-09,master content release date,high,sale date,allocated daily title count,1.0,17.99,13.31,creator_analytics/manual_backfills/curvage_title_counts_all_time_2013-01-01_to_2026-07-04.csv
Curvage,Curvage title-count allocation,53641,My bloated belly and burps are so hot! 🤤,Video 0250,Soda Chug and Burping,Video,mapped,2026-06-19,2026-06-19,2024-10-30,master content release date,high,sale date,allocated daily title count,1.0,24.99,18.49,creator_analytics/manual_backfills/curvage_title_counts_all_time_2013-01-01_to_2026-07-04.csv
Curvage,Curvage title-count allocation,68878,Nightmare Thanksgiving guest eats all the food! 🦃🤤,Video 0279,Greedy SSBBW Stuffs Whole Thanksgiving Dinner,Video,mapped,2026-06-19,2026-06-19,2025-12-01,master content release date,high,sale date,allocated daily title count,1.0,31.99,23.67,creator_analytics/manual_backfills/curvage_title_counts_all_time_2013-01-01_to_2026-07-04.csv
Curvage,Curvage title-count allocation,72067,Pills make me grow until I pop 💊🍗🎈,Video 0282,Diet Pills Gone Wrong,Video,mapped,2026-06-19,2026-06-19,2026-02-22,master content release date,high,sale date,allocated daily title count,1.0,14.99,11.09,creator_analytics/manual_backfills/curvage_title_counts_all_time_2013-01-01_to_2026-07-04.csv
Curvage,Curvage title-count allocation,33057,Sexy fatty gobbles a dozen ice cream sandwiches!,Video 0183,Hot Fatty Stuffs a Dozen Ice Cream Sandwiches,Video,mapped,2026-06-19,2026-06-19,2023-06-07,master content release date,high,sale date,allocated daily title count,1.0,8.99,6.65,creator_analytics/manual_backfills/curvage_title_counts_all_time_2013-01-01_to_2026-07-04.csv
Curvage,Curvage title-count allocation,75672,Best Friend's Mommy Tells You How to Please SSBBW 😈😍,Video 0289,Best Friend's Mom Teases You,Video,mapped,2026-06-20,2026-06-20,2026-05-21,master content release date,high,sale date,allocated daily title count,1.0,19.99,14.76,creator_analytics/manual_backfills/curvage_title_counts_all_time_2013-01-01_to_2026-07-04.csv
Curvage,Curvage title-count allocation,44086,Horny SSBBW Succubus Grows for Your Cum POV,Video 0216,Horny SSBBW Succubus Grows for Your Cum POV,Video,mapped,2026-06-20,2026-06-20,2024-03-10,master content release date,high,sale date,allocated daily title count,1.0,14.99,11.07,creator_analytics/manual_backfills/curvage_title_counts_all_time_2013-01-01_to_2026-07-04.csv
Curvage,Curvage title-count allocation,73734,How gaining weight changed how I exercise 🏋🏻‍♀️💪,Video 0285,Exercise After Gaining,Video,mapped,2026-06-21,2026-06-21,2026-04-06,master content release date,high,sale date,allocated daily title count,1.0,27.99,20.8,creator_analytics/manual_backfills/curvage_title_counts_all_time_2013-01-01_to_2026-07-04.csv
Curvage,Curvage title-count allocation,68878,Nightmare Thanksgiving guest eats all the food! 🦃🤤,Video 0279,Greedy SSBBW Stuffs Whole Thanksgiving Dinner,Video,mapped,2026-06-21,2026-06-21,2025-12-01,master content release date,high,sale date,allocated daily title count,1.0,31.99,23.78,creator_analytics/manual_backfills/curvage_title_counts_all_time_2013-01-01_to_2026-07-04.csv
Curvage,Curvage title-count allocation,75672,Best Friend's Mommy Tells You How to Please SSBBW 😈😍,Video 0289,Best Friend's Mom Teases You,Video,mapped,2026-06-23,2026-06-23,2026-05-21,master content release date,high,sale date,allocated daily title count,1.0,30.76,22.76,creator_analytics/manual_backfills/curvage_title_counts_all_time_2013-01-01_to_2026-07-04.csv
Curvage,Curvage title-count allocation,72499,HR manager coerces you into becoming her feeder 🍩🤤,Video 0283,HR Fatty Makes You Her Feeder POV,Video,mapped,2026-06-23,2026-06-23,2026-03-04,master content release date,high,sale date,allocated daily title count,1.0,18.45,13.65,creator_analytics/manual_backfills/curvage_title_counts_all_time_2013-01-01_to_2026-07-04.csv
Curvage,Curvage title-count allocation,58749,Stuffing My Face After Hitting the Gym! 🍔🥤,Video 0264,After-Gym Stuffing,Video,mapped,2026-06-23,2026-06-23,2025-03-10,master content release date,high,sale date,allocated daily title count,1.0,30.76,22.76,creator_analytics/manual_backfills/curvage_title_counts_all_time_2013-01-01_to_2026-07-04.csv
Curvage,Curvage title-count allocation,75672,Best Friend's Mommy Tells You How to Please SSBBW 😈😍,Video 0289,Best Friend's Mom Teases You,Video,mapped,2026-06-24,2026-06-24,2026-05-21,master content release date,high,sale date,allocated daily title count,2.0,49.17,29.61,creator_analytics/manual_backfills/curvage_title_counts_all_time_2013-01-01_to_2026-07-04.csv
Curvage,Curvage title-count allocation,68878,Nightmare Thanksgiving guest eats all the food! 🦃🤤,Video 0279,Greedy SSBBW Stuffs Whole Thanksgiving Dinner,Video,mapped,2026-06-24,2026-06-24,2025-12-01,master content release date,high,sale date,allocated daily title count,1.0,39.34,23.69,creator_analytics/manual_backfills/curvage_title_counts_all_time_2013-01-01_to_2026-07-04.csv
Curvage,Curvage title-count allocation,72067,Pills make me grow until I pop 💊🍗🎈,Video 0282,Diet Pills Gone Wrong,Video,mapped,2026-06-24,2026-06-24,2026-02-22,master content release date,high,sale date,allocated daily title count,1.0,18.44,11.1,creator_analytics/manual_backfills/curvage_title_counts_all_time_2013-01-01_to_2026-07-04.csv
Curvage,Curvage title-count allocation,75672,Best Friend's Mommy Tells You How to Please SSBBW 😈😍,Video 0289,Best Friend's Mom Teases You,Video,mapped,2026-06-25,2026-06-25,2026-05-21,master content release date,high,sale date,allocated daily title count,1.0,19.99,14.79,creator_analytics/manual_backfills/curvage_title_counts_all_time_2013-01-01_to_2026-07-04.csv
Curvage,Curvage title-count allocation,72067,Pills make me grow until I pop 💊🍗🎈,Video 0282,Diet Pills Gone Wrong,Video,mapped,2026-06-26,2026-06-26,2026-02-22,master content release date,high,sale date,allocated daily title count,1.0,14.99,11.04,creator_analytics/manual_backfills/curvage_title_counts_all_time_2013-01-01_to_2026-07-04.csv
Curvage,Curvage title-count allocation,68878,Nightmare Thanksgiving guest eats all the food! 🦃🤤,Video 0279,Greedy SSBBW Stuffs Whole Thanksgiving Dinner,Video,mapped,2026-06-27,2026-06-27,2025-12-01,master content release date,high,sale date,allocated daily title count,1.0,31.99,23.79,creator_analytics/manual_backfills/curvage_title_counts_all_time_2013-01-01_to_2026-07-04.csv
Curvage,Curvage title-count allocation,77165,Greedy SSBBW Devours Roommates Leftovers,Video 0291,Greedy SSBBW Devours Roommates Leftovers,Video,mapped,2026-06-28,2026-06-28,2026-06-27,master content release date,high,sale date,allocated daily title count,10.0,554.85,10.0,creator_analytics/manual_backfills/curvage_title_counts_all_time_2013-01-01_to_2026-07-04.csv
Curvage,Curvage title-count allocation,75672,Best Friend's Mommy Tells You How to Please SSBBW 😈😍,Video 0289,Best Friend's Mom Teases You,Video,mapped,2026-06-29,2026-06-29,2026-05-21,master content release date,high,sale date,allocated daily title count,2.0,68.38,0.8,creator_analytics/manual_backfills/curvage_title_counts_all_time_2013-01-01_to_2026-07-04.csv
Curvage,Curvage title-count allocation,56366,Greedy girlfriend stuffs her face and vores you! 🤤🍔,Video 0259,Boyfriend Gets Vored,Video,mapped,2026-06-29,2026-06-29,2024-12-23,master content release date,high,sale date,allocated daily title count,1.0,37.61,0.44,creator_analytics/manual_backfills/curvage_title_counts_all_time_2013-01-01_to_2026-07-04.csv
Curvage,Curvage title-count allocation,77165,Greedy SSBBW Devours Roommates Leftovers,Video 0291,Greedy SSBBW Devours Roommates Leftovers,Video,mapped,2026-06-29,2026-06-29,2026-06-27,master content release date,high,sale date,allocated daily title count,10.0,632.64,7.45,creator_analytics/manual_backfills/curvage_title_counts_all_time_2013-01-01_to_2026-07-04.csv
Curvage,Curvage title-count allocation,72067,Pills make me grow until I pop 💊🍗🎈,Video 0282,Diet Pills Gone Wrong,Video,mapped,2026-06-29,2026-06-29,2026-02-22,master content release date,high,sale date,allocated daily title count,1.0,25.64,0.3,creator_analytics/manual_backfills/curvage_title_counts_all_time_2013-01-01_to_2026-07-04.csv
Curvage,Curvage title-count allocation,54801,Thanksgiving stuffing and a cigarette! 🦃🚬,Video 0254,SSBBW Smokes After Thanksgiving Stuffing,Video,mapped,2026-06-29,2026-06-29,2024-11-29,master content release date,high,sale date,allocated daily title count,1.0,51.29,0.6,creator_analytics/manual_backfills/curvage_title_counts_all_time_2013-01-01_to_2026-07-04.csv
Curvage,Curvage title-count allocation,72725,Your Gluttonous Girlfriend Can't Hold Back Farts 🌯💨,Video 0284,Stuffed Girlfriend Gets Gassy,Video,mapped,2026-06-29,2026-06-29,2026-03-11,master content release date,high,sale date,allocated daily title count,1.0,34.19,0.4,creator_analytics/manual_backfills/curvage_title_counts_all_time_2013-01-01_to_2026-07-04.csv
Curvage,Curvage title-count allocation,63618,Cursed Cake Makes Greedy Co-worker Explode,Video 0271,Co-workers' Revenge: Cake Stuffing and Rapid Growth,Video,mapped,2026-06-30,2026-06-30,2025-07-21,master content release date,high,sale date,allocated daily title count,1.0,41.06,0.44,creator_analytics/manual_backfills/curvage_title_counts_all_time_2013-01-01_to_2026-07-04.csv
Curvage,Curvage title-count allocation,74929,Girlfriend Wants to Gain to 600lbs for You 🍪,Video 0288,Gaining SSBBW Wants to Reach 600lbs,Video,mapped,2026-06-30,2026-06-30,2026-05-04,master content release date,high,sale date,allocated daily title count,2.0,58.65,0.63,creator_analytics/manual_backfills/curvage_title_counts_all_time_2013-01-01_to_2026-07-04.csv
Curvage,Curvage title-count allocation,77165,Greedy SSBBW Devours Roommates Leftovers,Video 0291,Greedy SSBBW Devours Roommates Leftovers,Video,mapped,2026-06-30,2026-06-30,2026-06-27,master content release date,high,sale date,allocated daily title count,5.0,271.31,2.92,creator_analytics/manual_backfills/curvage_title_counts_all_time_2013-01-01_to_2026-07-04.csv
Curvage,Curvage title-count allocation,72499,HR manager coerces you into becoming her feeder 🍩🤤,Video 0283,HR Fatty Makes You Her Feeder POV,Video,mapped,2026-06-30,2026-06-30,2026-03-04,master content release date,high,sale date,allocated daily title count,1.0,17.59,0.19,creator_analytics/manual_backfills/curvage_title_counts_all_time_2013-01-01_to_2026-07-04.csv
Curvage,Curvage title-count allocation,68878,Nightmare Thanksgiving guest eats all the food! 🦃🤤,Video 0279,Greedy SSBBW Stuffs Whole Thanksgiving Dinner,Video,mapped,2026-06-30,2026-06-30,2025-12-01,master content release date,high,sale date,allocated daily title count,1.0,46.93,0.5,creator_analytics/manual_backfills/curvage_title_counts_all_time_2013-01-01_to_2026-07-04.csv
Curvage,Curvage title-count allocation,72725,Your Gluttonous Girlfriend Can't Hold Back Farts 🌯💨,Video 0284,Stuffed Girlfriend Gets Gassy,Video,mapped,2026-06-30,2026-06-30,2026-03-11,master content release date,high,sale date,allocated daily title count,1.0,29.32,0.32,creator_analytics/manual_backfills/curvage_title_counts_all_time_2013-01-01_to_2026-07-04.csv
Curvage,Curvage title-count allocation,75672,Best Friend's Mommy Tells You How to Please SSBBW 😈😍,Video 0289,Best Friend's Mom Teases You,Video,mapped,2026-07-01,2026-07-01,2026-05-21,master content release date,high,sale date,allocated daily title count,2.0,47.27,0.79,creator_analytics/manual_backfills/curvage_title_counts_all_time_2013-01-01_to_2026-07-04.csv
Curvage,Curvage title-count allocation,77165,Greedy SSBBW Devours Roommates Leftovers,Video 0291,Greedy SSBBW Devours Roommates Leftovers,Video,mapped,2026-07-01,2026-07-01,2026-06-27,master content release date,high,sale date,allocated daily title count,4.0,174.93,2.92,creator_analytics/manual_backfills/curvage_title_counts_all_time_2013-01-01_to_2026-07-04.csv
Curvage,Curvage title-count allocation,72067,Pills make me grow until I pop 💊🍗🎈,Video 0282,Diet Pills Gone Wrong,Video,mapped,2026-07-01,2026-07-01,2026-02-22,master content release date,high,sale date,allocated daily title count,1.0,17.72,0.3,creator_analytics/manual_backfills/curvage_title_counts_all_time_2013-01-01_to_2026-07-04.csv
Curvage,Curvage title-count allocation,75672,Best Friend's Mommy Tells You How to Please SSBBW 😈😍,Video 0289,Best Friend's Mom Teases You,Video,mapped,2026-07-02,2026-07-02,2026-05-21,master content release date,high,sale date,allocated daily title count,1.0,19.99,0.22,creator_analytics/manual_backfills/curvage_title_counts_all_time_2013-01-01_to_2026-07-04.csv
Curvage,Curvage title-count allocation,49011,Get me pregnant and make me grow! 🤰😍,Video 0244,Impregnation Fantasy Chat,Video,mapped,2026-07-02,2026-07-02,2024-07-11,master content release date,high,sale date,allocated daily title count,1.0,12.99,0.14,creator_analytics/manual_backfills/curvage_title_counts_all_time_2013-01-01_to_2026-07-04.csv
Curvage,Curvage title-count allocation,77165,Greedy SSBBW Devours Roommates Leftovers,Video 0291,Greedy SSBBW Devours Roommates Leftovers,Video,mapped,2026-07-02,2026-07-02,2026-06-27,master content release date,high,sale date,allocated daily title count,1.0,36.99,0.4,creator_analytics/manual_backfills/curvage_title_counts_all_time_2013-01-01_to_2026-07-04.csv
Curvage,Curvage title-count allocation,72499,HR manager coerces you into becoming her feeder 🍩🤤,Video 0283,HR Fatty Makes You Her Feeder POV,Video,mapped,2026-07-02,2026-07-02,2026-03-04,master content release date,high,sale date,allocated daily title count,1.0,11.99,0.13,creator_analytics/manual_backfills/curvage_title_counts_all_time_2013-01-01_to_2026-07-04.csv
Curvage,Curvage title-count allocation,28679,Soda-chugging cutie gets bloated and belches!,Video 0171,Milkshake and Soda Bloated Belly Belching,Video,mapped,2026-07-02,2026-07-02,2023-01-17,master content release date,high,sale date,allocated daily title count,1.0,10.99,0.12,creator_analytics/manual_backfills/curvage_title_counts_all_time_2013-01-01_to_2026-07-04.csv
Curvage,Curvage title-count allocation,75672,Best Friend's Mommy Tells You How to Please SSBBW 😈😍,Video 0289,Best Friend's Mom Teases You,Video,mapped,2026-07-03,2026-07-03,2026-05-21,master content release date,high,sale date,allocated daily title count,1.0,32.44,0.4,creator_analytics/manual_backfills/curvage_title_counts_all_time_2013-01-01_to_2026-07-04.csv
Curvage,Curvage title-count allocation,77165,Greedy SSBBW Devours Roommates Leftovers,Video 0291,Greedy SSBBW Devours Roommates Leftovers,Video,mapped,2026-07-03,2026-07-03,2026-06-27,master content release date,high,sale date,allocated daily title count,6.0,360.19,4.48,creator_analytics/manual_backfills/curvage_title_counts_all_time_2013-01-01_to_2026-07-04.csv
Curvage,Curvage title-count allocation,60064,Stuffing tacos makes me burp and fart! 🌮💨,Video 0267,SSBBW Burps and Farts While Stuffing,Video,mapped,2026-07-03,2026-07-03,2025-04-16,master content release date,high,sale date,allocated daily title count,1.0,56.79,0.71,creator_analytics/manual_backfills/curvage_title_counts_all_time_2013-01-01_to_2026-07-04.csv
Curvage,Curvage title-count allocation,72725,Your Gluttonous Girlfriend Can't Hold Back Farts 🌯💨,Video 0284,Stuffed Girlfriend Gets Gassy,Video,mapped,2026-07-03,2026-07-03,2026-03-11,master content release date,high,sale date,allocated daily title count,1.0,32.44,0.4,creator_analytics/manual_backfills/curvage_title_counts_all_time_2013-01-01_to_2026-07-04.csv
Curvage,Curvage title-count allocation,77165,Greedy SSBBW Devours Roommates Leftovers,Video 0291,Greedy SSBBW Devours Roommates Leftovers,Video,mapped,2026-07-04,2026-07-04,2026-06-27,master content release date,high,sale date,allocated daily title count,1.0,36.99,0.74,creator_analytics/manual_backfills/curvage_title_counts_all_time_2013-01-01_to_2026-07-04.csv
Curvage,Curvage title-count allocation,45396,Watch my fat jiggle while I struggle to work out! 😅💪,Video 0224,Jiggling SSBBW Working Out in Lingerie,Video,mapped,2026-07-04,2026-07-04,2024-04-10,master content release date,high,sale date,allocated daily title count,1.0,12.99,0.26,creator_analytics/manual_backfills/curvage_title_counts_all_time_2013-01-01_to_2026-07-04.csv
OnlyFans,OF mass message,pdf-message-254a768c52689aa7,"In town from college, you go to visit your best friend at his house. He isn't home yet, but his mom is... After sussing out your attraction to fat decides to show you just how to please one. Teasing you with her gorgeous soft body, she tell",Video 0289,Best Friend's Mom Teases You,Video,OF caption inferred,2026-05-22,2026-05-22,2026-05-22,OF message sent date,medium,message date,supplemental native OF message stats,70.0,1959.3,1567.44,2026-07-04_19-56-54_onlyfans_native_messages_pdf_Statistics 1 — OnlyFans.json
OnlyFans,OF mass message,pdf-message-66b148be0c50aaa1,Your ex girlfriend is home for the holidays and you can't believe how huge she's gotten! She turns you on with chat about her insane weight 🥵 stripping down to show you every jiggling inch! You wont be able to hold back when you get that am,Video 0280,Ex GF Got Fat - Holiday Hookup,Video,OF caption inferred,2025-12-28,2025-12-28,2025-12-28,OF message sent date,medium,message date,supplemental native OF message stats,67.0,1473.33,1178.66,2026-07-04_19-56-54_onlyfans_native_messages_pdf_Statistics 1 — OnlyFans.json
OnlyFans,OF mass message,pdf-message-8554269067d56032,😍 A new weigh-in and full body measurements! You're gonna love seeing my progress! NEW,Video 0258,Measurements and Weigh-In,Video,OF caption inferred,2025-01-05,2025-01-05,2025-01-05,OF message sent date,medium,message date,supplemental native OF message stats,32.0,1119.68,895.74,2026-07-04_19-56-54_onlyfans_native_messages_pdf_Statistics 1 — OnlyFans.json
OnlyFans,OF mass message,pdf-message-8a85d801271e2c8d,"Your neighbor comes over to hang out and watch a movie, but she reveals she wants something more! She wants you to fill her fat pussy 🥵 pregnant! NEW",unmapped:onlyfans:your-neighbor-comes-over-to-hang-out-and-watch-a-movie-but-she-reveals,"Your neighbor comes over to hang out and watch a movie, but she reveals she wants something more! She wants you to fill her fat pussy 🥵 pregnant! NEW",,needs mapping,2025-06-16,2025-06-16,2025-06-16,OF message sent date,medium,message date,supplemental native OF message stats,51.0,1070.49,856.39,2026-07-04_19-56-54_onlyfans_native_messages_pdf_Statistics 1 — OnlyFans.json
OnlyFans,OF mass message,pdf-message-5cfb489212975faa,"👀 Woke up starving but everything is closed! Good thing my roommate has a ton of leftovers in the fridge. I plan to only take a few bites, control devouring everything in sight! Suddenly her alarm goes off, I try to cover up this mess but I",unmapped:onlyfans:woke-up-starving-but-everything-is-closed-good-thing-my-roommate-has-a,"👀 Woke up starving but everything is closed! Good thing my roommate has a ton of leftovers in the fridge. I plan to only take a few bites, control devouring everything in sight! Suddenly her alarm goes off, I try to cover up this mess but I",,needs mapping,2026-06-27,2026-06-27,2026-06-27,OF message sent date,medium,message date,supplemental native OF message stats,24.0,887.76,710.21,2026-07-04_19-56-54_onlyfans_native_messages_pdf_Statistics 1 — OnlyFans.json
OnlyFans,OF mass message,pdf-message-aa812bd690c71c76,OnlyFans message 6,unmapped:onlyfans:onlyfans-message-6,OnlyFans message 6,,needs mapping,2026-04-21,2026-04-21,2026-04-21,OF message sent date,medium,message date,supplemental native OF message stats,24.0,887.76,710.21,2026-07-04_19-56-54_onlyfans_native_messages_pdf_Statistics 1 — OnlyFans.json
OnlyFans,OF mass message,pdf-message-e0e5c12d88d2607e,"😍 You weren't expecting your blind date to be so huge! I'm stuffing my face and chugging soda until this belly is nice and bloated! Unlock 💨 🤤 burps and for the first time ever, I'll be farting right in your face! NEW",Video 0267,SSBBW Burps and Farts While Stuffing,Video,OF caption inferred,2025-04-17,2025-04-17,2025-04-17,OF message sent date,medium,message date,supplemental native OF message stats,25.0,874.75,699.8,2026-07-04_19-56-54_onlyfans_native_messages_pdf_Statistics 1 — OnlyFans.json
OnlyFans,OF mass message,pdf-message-4d2df130b34ffe92,"This try-on is than just clothes, it’s a showcase of how much my body has grown! From modeling my current sexy favorites to ppuuffiffinngg while chatting about sizes and struggles, it’s as candid as it is hot. Watch me push into old oouuttf",Video 0275,Fitting My Fat Body,Video,OF caption inferred,2025-09-15,2025-09-15,2025-09-15,OF message sent date,medium,message date,supplemental native OF message stats,31.0,867.69,694.15,2026-07-04_19-56-54_onlyfans_native_messages_pdf_Statistics 1 — OnlyFans.json
OnlyFans,OF mass message,pdf-message-f14387d5811b4506,Your feedee wife decided she's had enough and wants to stop gaining! But you fuck her so good it reminds her why she gained for you in the 🥵 NEW,Video 0261,Wife Wants to Stop Gaining the Reboot,Video,OF caption inferred,2025-02-23,2025-02-23,2025-02-23,OF message sent date,medium,message date,supplemental native OF message stats,37.0,813.63,650.9,2026-07-04_19-56-54_onlyfans_native_messages_pdf_Statistics 1 — OnlyFans.json
OnlyFans,OF mass message,pdf-message-a3b4eec72be7ce4b,"You're seated across from the nightmare Thanksgiving guest, and you can't take your eyes off of her! She's ssttuuffiffinngg her face until her belly 🤤 waistband and snaps if anyone else even tries to touch the feast. You didn't have a bite",Video 0279,Greedy SSBBW Stuffs Whole Thanksgiving Dinner,Video,OF caption inferred,2025-12-01,2025-12-01,2025-12-01,OF message sent date,medium,message date,supplemental native OF message stats,25.0,799.75,639.8,2026-07-04_19-56-54_onlyfans_native_messages_pdf_Statistics 1 — OnlyFans.json
OnlyFans,OF mass message,pdf-message-bab7865dbd4b60bd,"🤤 Budget cuts are coming, but the HR manager offers to help protect your job... As long as you take care of her needs. You're mine now, gonna feed me, fuck me, and worship me every day if you want to keep that paycheck. Unlock this video an",Video 0283,HR Fatty Makes You Her Feeder POV,Video,OF caption inferred,2026-03-04,2026-03-04,2026-03-04,OF message sent date,medium,message date,supplemental native OF message stats,36.0,719.64,575.71,2026-07-04_19-56-54_onlyfans_native_messages_pdf_Statistics 1 — OnlyFans.json
OnlyFans,OF mass message,pdf-message-aef0ed271d25d8e4,Nothing shows my gains off better than trying to squeeze my way behind the wheel! Unlock if you love watching me stuff my face until I'm NEW,unmapped:onlyfans:nothing-shows-my-gains-off-better-than-trying-to-squeeze-my-way-behind,Nothing shows my gains off better than trying to squeeze my way behind the wheel! Unlock if you love watching me stuff my face until I'm NEW,,needs mapping,2025-04-15,2025-04-15,2025-04-15,OF message sent date,medium,message date,supplemental native OF message stats,24.0,695.76,556.61,2026-07-04_19-56-54_onlyfans_native_messages_pdf_Statistics 1 — OnlyFans.json
OnlyFans,OF mass message,pdf-message-19b06455b48f60b8,"You love obese pigs like me! I want you to stroke for my fat growing belly and lick my big sweaty, stinky ass! I bet you won't make it all the 😘 🍑 😛 the cum countdown. NEW",unmapped:onlyfans:you-love-obese-pigs-like-me-i-want-you-to-stroke-for-my-fat-growing-be,"You love obese pigs like me! I want you to stroke for my fat growing belly and lick my big sweaty, stinky ass! I bet you won't make it all the 😘 🍑 😛 the cum countdown. NEW",,needs mapping,2024-12-03,2024-12-03,2024-12-03,OF message sent date,medium,message date,supplemental native OF message stats,29.0,695.71,556.57,2026-07-04_19-56-54_onlyfans_native_messages_pdf_Statistics 1 — OnlyFans.json
OnlyFans,OF mass message,pdf-message-a3e8daedd46ebd01,🤭 You've come home from a business trip to find your wife looking HUGE! She doesn't think she's changed at all. Do you think you can talk complete weight gain denial?? NEW,Video 0232,Your Wife Accidentally Gains,Video,OF caption inferred,2024-05-03,2024-05-03,2024-05-03,OF message sent date,medium,message date,supplemental native OF message stats,38.0,645.62,516.5,2026-07-04_19-56-54_onlyfans_native_messages_pdf_Statistics 1 — OnlyFans.json
OnlyFans,OF mass message,pdf-message-16d370ecfa5475ee,"Your wife comes home and doesn't even glance at you before tearing into her family size bucket of chicken! Unlock if you love stroking to 🍗 sounds of chewing, burping, and farts! NEW",unmapped:onlyfans:your-wife-comes-home-and-doesn-t-even-glance-at-you-before-tearing-int,"Your wife comes home and doesn't even glance at you before tearing into her family size bucket of chicken! Unlock if you love stroking to 🍗 sounds of chewing, burping, and farts! NEW",,needs mapping,2025-10-24,2025-10-24,2025-10-24,OF message sent date,medium,message date,supplemental native OF message stats,39.0,623.61,498.89,2026-07-04_19-56-54_onlyfans_native_messages_pdf_Statistics 1 — OnlyFans.json
OnlyFans,OF mass message,pdf-message-f634858047a71387,🤤 🦃 It was so fucking hot stuffing my face this thanksgiving! Unlock to see me absolutely full to bursting! NEW,Video 0254,SSBBW Smokes After Thanksgiving Stuffing,Video,OF caption inferred,2024-11-29,2024-11-29,2024-11-29,OF message sent date,medium,message date,supplemental native OF message stats,20.0,599.8,479.84,2026-07-04_19-56-54_onlyfans_native_messages_pdf_Statistics 1 — OnlyFans.json
OnlyFans,OF mass message,pdf-message-16130fcdcb6ebfb2,"Your gaining girlfriend has gotten so fucking fat, stretching and expanding her stomach to stuff and more. She's knows how much you 🍪 😍 women, and she's determined to make it to 600lbs all for you!",Video 0288,Gaining SSBBW Wants to Reach 600lbs,Video,OF caption inferred,2026-05-05,2026-05-05,2026-05-05,OF message sent date,medium,message date,supplemental native OF message stats,29.0,579.71,463.77,2026-07-04_19-56-54_onlyfans_native_messages_pdf_Statistics 1 — OnlyFans.json
OnlyFans,OF mass message,pdf-message-3fd2d2ad1ab50c55,"It's part three of the psychologist series and we're taking things even further! We've made so much progress and you can fifinnaallllyy see what 😍 working towards all this time. I've turned you into my own personal feeder, and you're obsess",Video 0278,Therapist Turns You Into a Feeder Part 3,Video,OF caption inferred,2025-11-20,2025-11-20,2025-11-20,OF message sent date,medium,message date,supplemental native OF message stats,19.0,569.81,455.85,2026-07-04_19-56-54_onlyfans_native_messages_pdf_Statistics 1 — OnlyFans.json
OnlyFans,OF mass message,pdf-message-9993258130638df5,🥵 🍑 These tight leggings look so much better ripped open! Watch me make fuck this fat pussy until I cum! NEW,Video 0263,SSBBW Rips Leggings and Fucks Pussy,Video,OF caption inferred,2025-03-01,2025-03-01,2025-03-01,OF message sent date,medium,message date,supplemental native OF message stats,28.0,559.72,447.78,2026-07-04_19-56-54_onlyfans_native_messages_pdf_Statistics 1 — OnlyFans.json
OnlyFans,OF mass message,pdf-message-1a1f38ee92528f38,🤤 An intimate pov stuffing and making out with your feedee! Nothing turns you on than rubbing her belly while she stuffs her face. NEW,Video 0241,Stuffing and Makeout POV,Video,OF caption inferred,2024-06-30,2024-06-30,2024-06-30,OF message sent date,medium,message date,supplemental native OF message stats,28.0,559.72,447.78,2026-07-04_19-56-54_onlyfans_native_messages_pdf_Statistics 1 — OnlyFans.json
OnlyFans,OF mass message,pdf-message-9d996217cf3e39a1,"😳 I thought these diet pills would solve everything, but it all went wrong! I grew so quick and got wedged in the car, by then it was too late... 🍗 🎈 wanna see me expand until I pop! NEW",Video 0282,Diet Pills Gone Wrong,Video,OF caption inferred,2026-02-22,2026-02-22,2026-02-22,OF message sent date,medium,message date,supplemental native OF message stats,36.0,539.64,431.71,2026-07-04_19-56-54_onlyfans_native_messages_pdf_Statistics 1 — OnlyFans.json
OnlyFans,OF mass message,pdf-message-847afe853a013a55,🧁 🥵 You surprised your girlfriend with her favorite treats and it turned out just how you planned - with her face and pussy stuffed,Video 0290,Fucking Your Stuffed SSBBW Girlfriend POV,Video,OF caption inferred,2026-06-11,2026-06-11,2026-06-11,OF message sent date,medium,message date,supplemental native OF message stats,25.0,524.75,419.8,2026-07-04_19-56-54_onlyfans_native_messages_pdf_Statistics 1 — OnlyFans.json
OnlyFans,OF mass message,pdf-message-3c9d85a27b1425a7,"It's been a busy work day but I'm sooo fucking horny! I get a little break in the day and decide to try and cum before my next meeting, only 🥵 💻 start early! You don't want to miss how naughty I get during this work meeting! NEW",Video 0268,Work Meeting Masturbation,Video,OF caption inferred,2025-04-24,2025-04-24,2025-04-24,OF message sent date,medium,message date,supplemental native OF message stats,23.0,505.77,404.62,2026-07-04_19-56-54_onlyfans_native_messages_pdf_Statistics 1 — OnlyFans.json
OnlyFans,OF mass message,pdf-message-5c25123d14d5137c,🍆 I'm always horny in the morning! Use this discount and come give me that morning wood! NEW,Video 0209,Morning SSBBW Fuck POV Solo,Video,OF caption inferred,2023-12-30,2023-12-30,2023-12-30,OF message sent date,medium,message date,supplemental native OF message stats,42.0,503.58,402.86,2026-07-04_19-56-54_onlyfans_native_messages_pdf_Statistics 1 — OnlyFans.json
OnlyFans,OF mass message,pdf-message-bbc5c3ddfff84a09,"You love the way my stockings look and feel, and love them even better when I rip them open for you to eat that fat, wet pussy. Unlock for 😍 pussy, and pretty pedicured toes! NEW",unmapped:onlyfans:you-love-the-way-my-stockings-look-and-feel-and-love-them-even-better-,"You love the way my stockings look and feel, and love them even better when I rip them open for you to eat that fat, wet pussy. Unlock for 😍 pussy, and pretty pedicured toes! NEW",,needs mapping,2025-08-16,2025-08-16,2025-08-16,OF message sent date,medium,message date,supplemental native OF message stats,21.0,461.79,369.43,2026-07-04_19-56-54_onlyfans_native_messages_pdf_Statistics 1 — OnlyFans.json
OnlyFans,OF mass message,pdf-message-56fff3b3e511c7f2,"😍 Six years after her last visit, Dorothy is back in Oz and fatter than ever! The Wizard won't be able to resist her luscious new body. If you 🌈 gain, sparkly red heels, and POV fucking, you definitely don't want to miss this one! NEW",Video 0277,Dorothy Returns to Oz POV,Video,OF caption inferred,2025-11-14,2025-11-14,2025-11-14,OF message sent date,medium,message date,supplemental native OF message stats,19.0,455.81,364.65,2026-07-04_19-56-54_onlyfans_native_messages_pdf_Statistics 1 — OnlyFans.json
OnlyFans,OF mass message,pdf-message-c8ea99e4b62c01e4,"I love how much I've gained over the years, and I thought you might want to hear how it's impacted the way I exercise. Hang out with me while 🏋🏻‍♀️ 💪 and chat about moving in a massive 530lb body!",Video 0285,Exercise After Gaining,Video,OF caption inferred,2026-04-06,2026-04-06,2026-04-06,OF message sent date,medium,message date,supplemental native OF message stats,16.0,447.84,358.27,2026-07-04_19-56-54_onlyfans_native_messages_pdf_Statistics 1 — OnlyFans.json
OnlyFans,OF mass message,pdf-message-0ad3d073a0b00cda,🥵 The hot hotel clerk gives you the best customer service of your life! I'm such a slut for you in this sexy pov! NEW,Video 0243,Hotel Concierge Fucking POV,Video,OF caption inferred,2024-07-07,2024-07-07,2024-07-07,OF message sent date,medium,message date,supplemental native OF message stats,32.0,447.68,358.14,2026-07-04_19-56-54_onlyfans_native_messages_pdf_Statistics 1 — OnlyFans.json
OnlyFans,OF mass message,pdf-message-282ccce79350a627,"🎃 🎃 50% OFF HALLOWEEN BUNDLE! 😱 Get into the season with this 4 video bundle! Sexy costumes, sultry ssttuuffiffinngg,, pov fucking, and tantalizing roleplays, I'll having you going NEW",unmapped:onlyfans:50-off-halloween-bundle-get-into-the-season-with-this-4-video-bundle-s,"🎃 🎃 50% OFF HALLOWEEN BUNDLE! 😱 Get into the season with this 4 video bundle! Sexy costumes, sultry ssttuuffiffinngg,, pov fucking, and tantalizing roleplays, I'll having you going NEW",,needs mapping,2025-10-28,2025-10-28,2025-10-28,OF message sent date,medium,message date,supplemental native OF message stats,16.0,439.84,351.87,2026-07-04_19-56-54_onlyfans_native_messages_pdf_Statistics 1 — OnlyFans.json
OnlyFans,OF mass message,pdf-message-ee4de9eed111e148,"You've always dreamed what it would feel like to be crushed under my massive 525lb body, now I'm gonna show you. Unlock to see how I 🥞 🍑 you flat under my ass and feet! NEW",Video 0273,SSBBW Squashes You Under Ass and Feet,Video,OF caption inferred,2025-08-10,2025-08-10,2025-08-10,OF message sent date,medium,message date,supplemental native OF message stats,24.0,431.76,345.41,2026-07-04_19-56-54_onlyfans_native_messages_pdf_Statistics 1 — OnlyFans.json
OnlyFans,OF mass message,pdf-message-3000ae19f6dcc643,🍾 🥂 It's your anniversary! After celebrating at the buffet your wife wants to show off her stuffed belly in her new lingerie. You know she needs tonight! NEW,unmapped:onlyfans:it-s-your-anniversary-after-celebrating-at-the-buffet-your-wife-wants-,🍾 🥂 It's your anniversary! After celebrating at the buffet your wife wants to show off her stuffed belly in her new lingerie. You know she needs tonight! NEW,,needs mapping,2024-07-21,2024-07-21,2024-07-21,OF message sent date,medium,message date,supplemental native OF message stats,27.0,431.73,345.38,2026-07-04_19-56-54_onlyfans_native_messages_pdf_Statistics 1 — OnlyFans.json
OnlyFans,OF mass message,pdf-message-2775c22502026aff,"You've been seeing your psychologist for a while now and she thinks it's time for you to take the next step in accepting your fat attraction! 🍕 🤤 be watching her stuff her face, while she helps you come to terms with your desire! NEW",unmapped:onlyfans:you-ve-been-seeing-your-psychologist-for-a-while-now-and-she-thinks-it,"You've been seeing your psychologist for a while now and she thinks it's time for you to take the next step in accepting your fat attraction! 🍕 🤤 be watching her stuff her face, while she helps you come to terms with your desire! NEW",,needs mapping,2025-04-29,2025-04-29,2025-04-29,OF message sent date,medium,message date,supplemental native OF message stats,17.0,424.83,339.86,2026-07-04_19-56-54_onlyfans_native_messages_pdf_Statistics 1 — OnlyFans.json
OnlyFans,OF mass message,pdf-message-8438a9779c9afe40,😘 Your girlfriend satisfies your ultimate fantasy by growing into a 14-foot giantess! Unlock if you would climb my soft mountainous body! NEW,Video 0248,SSBBW Girlfriend Grows into 14-foot Giantess,Video,OF caption inferred,2024-10-25,2024-10-25,2024-10-25,OF message sent date,medium,message date,supplemental native OF message stats,25.0,424.75,339.8,2026-07-04_19-56-54_onlyfans_native_messages_pdf_Statistics 1 — OnlyFans.json
OnlyFans,OF mass message,pdf-message-ad988a56075ec32e,🥵 You can't help but grab your cock when you see all this gorgeous fat parading around in front of you! Will you give me your cum baby? NEW,Video 0251,Cum for My Fat,Video,OF caption inferred,2024-11-13,2024-11-13,2024-11-13,OF message sent date,medium,message date,supplemental native OF message stats,32.0,415.68,332.54,2026-07-04_19-56-54_onlyfans_native_messages_pdf_Statistics 1 — OnlyFans.json
OnlyFans,OF mass message,pdf-message-a9a5a4039dc3d466,"You're feast for two turned into a stuffing all for your girlfriend! You can tell all that food really did a number on her stomach when you start gling. First the burps start erupting, but she can't hold back her farts as she lays back for",Video 0284,Stuffed Girlfriend Gets Gassy,Video,OF caption inferred,2026-03-11,2026-03-11,2026-03-11,OF message sent date,medium,message date,supplemental native OF message stats,20.0,399.8,319.84,2026-07-04_19-56-54_onlyfans_native_messages_pdf_Statistics 1 — OnlyFans.json
OnlyFans,OF mass message,pdf-message-b5c80687d3c6dc29,"🤤 🍔 Your girlfriend stuffs her face, but you didn't bring enough to satisfy her gluttonous appetite! Guess who's next on the menu.. Unlock 😍 facestuffing and vore! NEW",Video 0259,Boyfriend Gets Vored,Video,OF caption inferred,2025-01-12,2025-01-12,2025-01-12,OF message sent date,medium,message date,supplemental native OF message stats,18.0,395.82,316.66,2026-07-04_19-56-54_onlyfans_native_messages_pdf_Statistics 1 — OnlyFans.json
OnlyFans,OF mass message,pdf-message-9bf308e7b69b9b45,"I love sharing my weight gain journey with you, so you're getting an even closer look at my daily diet with a kitchen tour! Chat with me about 🚬 🍪 diet has evolved with my growth while I smoke, snack, and show off my well-stocked cupboards!",Video 0287,The Diet of a Gaining SSBBW,Video,OF caption inferred,2026-04-27,2026-04-27,2026-04-27,OF message sent date,medium,message date,supplemental native OF message stats,14.0,391.86,313.49,2026-07-04_19-56-54_onlyfans_native_messages_pdf_Statistics 1 — OnlyFans.json
OnlyFans,OF mass message,pdf-message-2d5801c823773064,💦 You know she's a keeper when she squirts on the first date! NEW,Video 0225,Squirting on the First Date,Video,OF caption inferred,2024-04-12,2024-04-12,2024-04-12,OF message sent date,medium,message date,supplemental native OF message stats,23.0,390.77,312.62,2026-07-04_19-56-54_onlyfans_native_messages_pdf_Statistics 1 — OnlyFans.json
OnlyFans,OF mass message,pdf-message-a8e9dc48f1838f33,😘 Your fat psychologist helps you embrace your deepest desire! Use this discount to worship this round belly! NEW,Video 0235,Your Therapist Turns You Into a Feeder Part 1,Video,OF caption inferred,2024-05-14,2024-05-14,2024-05-14,OF message sent date,medium,message date,supplemental native OF message stats,19.0,379.81,303.85,2026-07-04_19-56-54_onlyfans_native_messages_pdf_Statistics 1 — OnlyFans.json
OnlyFans,OF mass message,pdf-message-f1f82c95187f934e,"You catch me waking from a nap, my body eenngguullfifinngg the bed as it squeaks in protest. I light a cigarette, then wrestle with a long-forgotten es my arms and pops my belly free no matter how I tug. Flopping back, I smoke, squeeze, and",unmapped:onlyfans:you-catch-me-waking-from-a-nap-my-body-eenngguullfifinngg-the-bed-as-i,"You catch me waking from a nap, my body eenngguullfifinngg the bed as it squeaks in protest. I light a cigarette, then wrestle with a long-forgotten es my arms and pops my belly free no matter how I tug. Flopping back, I smoke, squeeze, and",,needs mapping,2025-07-28,2025-07-28,2025-07-28,OF message sent date,medium,message date,supplemental native OF message stats,19.0,360.81,288.65,2026-07-04_19-56-54_onlyfans_native_messages_pdf_Statistics 1 — OnlyFans.json
OnlyFans,OF mass message,pdf-message-9700f0b62ff1b4b6,😳 🤤 You call your favorite hookup after months and find out she's gained a ton of weight! NEW,unmapped:onlyfans:you-call-your-favorite-hookup-after-months-and-find-out-she-s-gained-a,😳 🤤 You call your favorite hookup after months and find out she's gained a ton of weight! NEW,,needs mapping,2024-05-09,2024-05-09,2024-05-09,OF message sent date,medium,message date,supplemental native OF message stats,24.0,359.76,287.81,2026-07-04_19-56-54_onlyfans_native_messages_pdf_Statistics 1 — OnlyFans.json
OnlyFans,OF mass message,pdf-message-c1b61adcd238950f,🤤 Here's your discount on my newest POV! Watch me grow before I ride that cock! NEW,unmapped:onlyfans:here-s-your-discount-on-my-newest-pov-watch-me-grow-before-i-ride-that,🤤 Here's your discount on my newest POV! Watch me grow before I ride that cock! NEW,,needs mapping,2024-03-29,2024-03-29,2024-03-29,OF message sent date,medium,message date,supplemental native OF message stats,23.0,344.77,275.82,2026-07-04_19-56-54_onlyfans_native_messages_pdf_Statistics 1 — OnlyFans.json
OnlyFans,OF mass message,pdf-message-ddf82e1641bff50b,"You've tried and tried to get me to go to the gym and I finally agree! But when I get home my clothes are in tatters and I have a sack of fast 🤤 🍔 🥤 my face with. I'm not meant for the gym, I'm meant to be a fat greedy pig! NEW",Video 0264,After-Gym Stuffing,Video,OF caption inferred,2025-03-10,2025-03-10,2025-03-10,OF message sent date,medium,message date,supplemental native OF message stats,16.0,319.84,255.87,2026-07-04_19-56-54_onlyfans_native_messages_pdf_Statistics 1 — OnlyFans.json
OnlyFans,OF mass message,pdf-message-67e781089e690973,"🥵 It feels so good running my hands over my glistening, oil-covered fat! You won't be able to keep your hands from your cock! NEW",unmapped:onlyfans:it-feels-so-good-running-my-hands-over-my-glistening-oil-covered-fat-y,"🥵 It feels so good running my hands over my glistening, oil-covered fat! You won't be able to keep your hands from your cock! NEW",,needs mapping,2024-06-14,2024-06-14,2024-06-14,OF message sent date,medium,message date,supplemental native OF message stats,20.0,319.8,255.84,2026-07-04_19-56-54_onlyfans_native_messages_pdf_Statistics 1 — OnlyFans.json
OnlyFans,OF mass message,pdf-message-1f462e34bb334863,"You found the perfect hiding spot to spy on her, and you get the hottest show you can imagine! Live out your voyeuristic fantasies with me. NEW",unmapped:onlyfans:you-found-the-perfect-hiding-spot-to-spy-on-her-and-you-get-the-hottes,"You found the perfect hiding spot to spy on her, and you get the hottest show you can imagine! Live out your voyeuristic fantasies with me. NEW",,needs mapping,2024-07-20,2024-07-20,2024-07-20,OF message sent date,medium,message date,supplemental native OF message stats,24.0,311.76,249.41,2026-07-04_19-56-54_onlyfans_native_messages_pdf_Statistics 1 — OnlyFans.json
OnlyFans,OF mass message,pdf-message-28b2ead24d292562,"We've been so focused on my gain lately, I'm blowing up like a balloon! But I noticed your putting on a little weight too, and I wanna make you 🍩 Would you let me stuff these donuts in your face? NEW",unmapped:onlyfans:we-ve-been-so-focused-on-my-gain-lately-i-m-blowing-up-like-a-balloon-,"We've been so focused on my gain lately, I'm blowing up like a balloon! But I noticed your putting on a little weight too, and I wanna make you 🍩 Would you let me stuff these donuts in your face? NEW",,needs mapping,2024-12-06,2024-12-06,2024-12-06,OF message sent date,medium,message date,supplemental native OF message stats,12.0,299.88,239.9,2026-07-04_19-56-54_onlyfans_native_messages_pdf_Statistics 1 — OnlyFans.json
OnlyFans,OF mass message,pdf-message-4d60607aad55b166,My clothes are so tight from all the weight I've gained that they're bursting at the buttons! It's so fucking hot seeing what my new body does 🥵 clothes! NEW,unmapped:onlyfans:my-clothes-are-so-tight-from-all-the-weight-i-ve-gained-that-they-re-b,My clothes are so tight from all the weight I've gained that they're bursting at the buttons! It's so fucking hot seeing what my new body does 🥵 clothes! NEW,,needs mapping,2024-06-24,2024-06-24,2024-06-24,OF message sent date,medium,message date,supplemental native OF message stats,25.0,299.75,239.8,2026-07-04_19-56-54_onlyfans_native_messages_pdf_Statistics 1 — OnlyFans.json
OnlyFans,OF mass message,pdf-message-fc637494657f9251,🤭 My fatass was not made for exercise! I thought you might like to watch me huff and puff anyway so here's a little discount! NEW,unmapped:onlyfans:my-fatass-was-not-made-for-exercise-i-thought-you-might-like-to-watch-,🤭 My fatass was not made for exercise! I thought you might like to watch me huff and puff anyway so here's a little discount! NEW,,needs mapping,2023-12-02,2023-12-02,2023-12-02,OF message sent date,medium,message date,supplemental native OF message stats,25.0,299.75,239.8,2026-07-04_19-56-54_onlyfans_native_messages_pdf_Statistics 1 — OnlyFans.json
OnlyFans,OF mass message,pdf-message-1415587fcf44198c,😘 Wanna be my friend with benefits? Here's a special discount for this pov solo! NEW,Video 0203,Friends With Benefits,Video,OF caption inferred,2023-11-18,2023-11-18,2023-11-18,OF message sent date,medium,message date,supplemental native OF message stats,25.0,299.75,239.8,2026-07-04_19-56-54_onlyfans_native_messages_pdf_Statistics 1 — OnlyFans.json
OnlyFans,OF mass message,pdf-message-6f8df4d97dc0fa7f,🤭 So big I got stuck in the door! Here's a little discount because I know you don't want to miss that! NEW,unmapped:onlyfans:so-big-i-got-stuck-in-the-door-here-s-a-little-discount-because-i-know,🤭 So big I got stuck in the door! Here's a little discount because I know you don't want to miss that! NEW,,needs mapping,2023-12-17,2023-12-17,2023-12-17,OF message sent date,medium,message date,supplemental native OF message stats,24.0,287.76,230.21,2026-07-04_19-56-54_onlyfans_native_messages_pdf_Statistics 1 — OnlyFans.json
OnlyFans,OF mass message,pdf-message-7b8653f1325edb50,"🥵 You get a front row seat to a steamy, jiggly, dripping wet strip tease! You know you can't resist stroking for this fat body! NEW",Video 0265,Dripping Wet Strip Tease,Video,OF caption inferred,2025-03-14,2025-03-14,2025-03-14,OF message sent date,medium,message date,supplemental native OF message stats,13.0,285.87,228.7,2026-07-04_19-56-54_onlyfans_native_messages_pdf_Statistics 1 — OnlyFans.json
OnlyFans,OF mass message,pdf-message-82c1551628945cbf,"🥵 I know you can't get enough of this fat, and I'm jiggling it all for your cum. I wanna feel it dripping down this fat belly! NEW",Video 0257,Cum for My Fat Part 2,Video,OF caption inferred,2024-12-11,2024-12-11,2024-12-11,OF message sent date,medium,message date,supplemental native OF message stats,16.0,271.84,217.47,2026-07-04_19-56-54_onlyfans_native_messages_pdf_Statistics 1 — OnlyFans.json
OnlyFans,OF mass message,pdf-message-2ae614325c192b1b,🤰 I want you to get me pregnant and make this body grow so fat! NEW,Video 0244,Impregnation Fantasy Chat,Video,OF caption inferred,2024-07-10,2024-07-10,2024-07-10,OF message sent date,medium,message date,supplemental native OF message stats,30.0,269.7,215.76,2026-07-04_19-56-54_onlyfans_native_messages_pdf_Statistics 1 — OnlyFans.json
OnlyFans,OF mass message,pdf-message-807a53862424b7c7,🍕 🤤 Stuffing my face and gaining turns me on so much! I want you to feed me pizza while I cum so I sent you this little discount! NEW,Video 0111,Stuffing My Face With Pizza,Video,OF caption inferred,2024-04-30,2024-04-30,2024-04-30,OF message sent date,medium,message date,supplemental native OF message stats,14.0,265.86,212.69,2026-07-04_19-56-54_onlyfans_native_messages_pdf_Statistics 1 — OnlyFans.json
OnlyFans,OF mass message,pdf-message-ade8452322af7aa3,"🤭 😘 She's so skinny, you and I both know she'll never satisfy you. That's why you're crawling back to your SSBBW mistress! NEW",Video 0242,Crawling Back to Your Fat Mistress,Video,OF caption inferred,2024-07-03,2024-07-03,2024-07-03,OF message sent date,medium,message date,supplemental native OF message stats,29.0,260.71,208.57,2026-07-04_19-56-54_onlyfans_native_messages_pdf_Statistics 1 — OnlyFans.json
OnlyFans,OF mass message,pdf-message-94ca03b1dbb4ea2b,"You've turned your girlfriend into a giantess using the power of orgasms, and she wants to get even bigger! Slide between these plump pussy 🤤 🤤 her grind you until you're covered in cum! NEW",Video 0239,SSBBW Giantess Rubs Pussy on You,Video,OF caption inferred,2024-06-21,2024-06-21,2024-06-21,OF message sent date,medium,message date,supplemental native OF message stats,29.0,260.71,208.57,2026-07-04_19-56-54_onlyfans_native_messages_pdf_Statistics 1 — OnlyFans.json
OnlyFans,OF mass message,pdf-message-295fd907ede3fda4,🤤 🤰 That cock looks so good. Here's a special discount because I want you to get me pregnant! NEW,unmapped:onlyfans:that-cock-looks-so-good-here-s-a-special-discount-because-i-want-you-t,🤤 🤰 That cock looks so good. Here's a special discount because I want you to get me pregnant! NEW,,needs mapping,2024-03-15,2024-03-15,2024-03-15,OF message sent date,medium,message date,supplemental native OF message stats,20.0,259.8,207.84,2026-07-04_19-56-54_onlyfans_native_messages_pdf_Statistics 1 — OnlyFans.json
OnlyFans,OF mass message,pdf-message-a55d23926e157e96,"🎃 I think you'll like me in a cheer costume, so I'm sending you a special Halloween discount! NEW",unmapped:onlyfans:i-think-you-ll-like-me-in-a-cheer-costume-so-i-m-sending-you-a-special,"🎃 I think you'll like me in a cheer costume, so I'm sending you a special Halloween discount! NEW",,needs mapping,2023-10-15,2023-10-15,2023-10-15,OF message sent date,medium,message date,supplemental native OF message stats,20.0,259.8,207.84,2026-07-04_19-56-54_onlyfans_native_messages_pdf_Statistics 1 — OnlyFans.json
OnlyFans,OF mass message,pdf-message-85f511fb42e6fd2e,Squeezing my fat body in and out of this car and I even get brave enough to go topless with my fat tits and belly bouncing! Don't miss this 😘 count! NEW,unmapped:onlyfans:squeezing-my-fat-body-in-and-out-of-this-car-and-i-even-get-brave-enou,Squeezing my fat body in and out of this car and I even get brave enough to go topless with my fat tits and belly bouncing! Don't miss this 😘 count! NEW,,needs mapping,2023-09-03,2023-09-03,2023-09-03,OF message sent date,medium,message date,supplemental native OF message stats,20.0,259.8,207.84,2026-07-04_19-56-54_onlyfans_native_messages_pdf_Statistics 1 — OnlyFans.json
OnlyFans,OF mass message,pdf-message-586fcb4dca9ba364,"Your ex has a request, but it's not what you expect... She wants you to get her pregnant, no strings attached. Unlock if you would breed her. NEW",Video 0249,SSBBW Ex Wants to Get Pregnant,Video,OF caption inferred,2024-10-27,2024-10-27,2024-10-27,OF message sent date,medium,message date,supplemental native OF message stats,23.0,252.77,202.22,2026-07-04_19-56-54_onlyfans_native_messages_pdf_Statistics 1 — OnlyFans.json
OnlyFans,OF mass message,pdf-message-09e70ff2e3a448fe,OnlyFans message 81,unmapped:onlyfans:onlyfans-message-81,OnlyFans message 81,,needs mapping,2024-03-09,2024-03-09,2024-03-09,OF message sent date,medium,message date,supplemental native OF message stats,18.0,251.82,201.46,2026-07-04_19-56-54_onlyfans_native_messages_pdf_Statistics 1 — OnlyFans.json
OnlyFans,OF mass message,pdf-message-e8c3148dac400ec7,🤤 Chugging this soda makes my belly soooo fucking round and bloated. Will you rub it to help me burp up all this gas? NEW,Video 0250,Soda Chug and Burping,Video,OF caption inferred,2024-10-30,2024-10-30,2024-10-30,OF message sent date,medium,message date,supplemental native OF message stats,12.0,239.88,191.9,2026-07-04_19-56-54_onlyfans_native_messages_pdf_Statistics 1 — OnlyFans.json
OnlyFans,OF mass message,pdf-message-cc8cb670090f565b,😘 I love guiding you through a stroke session! I hope you have fun with this special discounted joi clip! NEW,unmapped:onlyfans:i-love-guiding-you-through-a-stroke-session-i-hope-you-have-fun-with-t,😘 I love guiding you through a stroke session! I hope you have fun with this special discounted joi clip! NEW,,needs mapping,2023-10-05,2023-10-05,2023-10-05,OF message sent date,medium,message date,supplemental native OF message stats,15.0,239.85,191.88,2026-07-04_19-56-54_onlyfans_native_messages_pdf_Statistics 1 — OnlyFans.json
OnlyFans,OF mass message,pdf-message-78c586773b73ea46,"🤭 🤤 I used old pictures on the dating site, I hope I haven't gained too much for you! You'll want this one if you like fat, dripping wet pussy! NEW",unmapped:onlyfans:i-used-old-pictures-on-the-dating-site-i-hope-i-haven-t-gained-too-muc,"🤭 🤤 I used old pictures on the dating site, I hope I haven't gained too much for you! You'll want this one if you like fat, dripping wet pussy! NEW",,needs mapping,2024-03-30,2024-03-30,2024-03-30,OF message sent date,medium,message date,supplemental native OF message stats,20.0,239.8,191.84,2026-07-04_19-56-54_onlyfans_native_messages_pdf_Statistics 1 — OnlyFans.json
OnlyFans,OF mass message,pdf-message-f1c0f9e343f9d788,😊 I haven't showered in a few days and now you're going to worship all my stinky sweaty crevices and dirty little asshole! NEW,Video 0228,Worship My Sweaty Ass,Video,OF caption inferred,2024-04-20,2024-04-20,2024-04-20,OF message sent date,medium,message date,supplemental native OF message stats,15.0,224.85,179.88,2026-07-04_19-56-54_onlyfans_native_messages_pdf_Statistics 1 — OnlyFans.json
OnlyFans,OF mass message,pdf-message-17bacb28e116abcd,🎄 You made it onto Santa's nice list this year! Enjoy this discount for a special treat from Mrs Claus! NEW,Video 0208,SSBBW Mrs Claus Lets You Eat Ass and Pussy,Video,OF caption inferred,2023-12-27,2023-12-27,2023-12-27,OF message sent date,medium,message date,supplemental native OF message stats,28.0,223.72,178.98,2026-07-04_19-56-54_onlyfans_native_messages_pdf_Statistics 1 — OnlyFans.json
OnlyFans,OF mass message,pdf-message-e3c1be7c2c3026d0,OnlyFans message 93,unmapped:onlyfans:onlyfans-message-93,OnlyFans message 93,,needs mapping,2023-11-27,2023-11-27,2023-11-27,OF message sent date,medium,message date,supplemental native OF message stats,17.0,220.83,176.66,2026-07-04_19-56-54_onlyfans_native_messages_pdf_Statistics 1 — OnlyFans.json
OnlyFans,OF mass message,pdf-message-8d6a916190632d94,"You didn't make your quota.. Again. If you want to keep your job, you're gonna have to get on your knees and worship your boss's fat belly! NEW",Video 0245,Belly Worship to Keep Your Job,Video,OF caption inferred,2024-07-17,2024-07-17,2024-07-17,OF message sent date,medium,message date,supplemental native OF message stats,16.0,207.84,166.27,2026-07-04_19-56-54_onlyfans_native_messages_pdf_Statistics 1 — OnlyFans.json
OnlyFans,OF mass message,pdf-message-0de6452904442faf,🤭 These pathetic weaklings couldn't handle their fitness instructor's earth-shaking stomps! Can you? Here's a discount for you to join my NEW,unmapped:onlyfans:these-pathetic-weaklings-couldn-t-handle-their-fitness-instructor-s-ea,🤭 These pathetic weaklings couldn't handle their fitness instructor's earth-shaking stomps! Can you? Here's a discount for you to join my NEW,,needs mapping,2023-08-30,2023-08-30,2023-08-30,OF message sent date,medium,message date,supplemental native OF message stats,26.0,207.74,166.19,2026-07-04_19-56-54_onlyfans_native_messages_pdf_Statistics 1 — OnlyFans.json
OnlyFans,OF mass message,pdf-message-6a09616c6fbd6d7d,OnlyFans message 69,unmapped:onlyfans:onlyfans-message-69,OnlyFans message 69,,needs mapping,2024-04-24,2024-04-24,2024-04-24,OF message sent date,medium,message date,supplemental native OF message stats,17.0,203.83,163.06,2026-07-04_19-56-54_onlyfans_native_messages_pdf_Statistics 1 — OnlyFans.json
OnlyFans,OF mass message,pdf-message-fac43733013dede1,🚬 💄 Your secret voyeur cam watches as I get ready to go out. Unlock if you love admiring my fat and watching me smoke! NEW,Video 0262,Voyeur Watches Me Get Ready,Video,OF caption inferred,2025-02-28,2025-02-28,2025-02-28,OF message sent date,medium,message date,supplemental native OF message stats,9.0,197.91,158.33,2026-07-04_19-56-54_onlyfans_native_messages_pdf_Statistics 1 — OnlyFans.json
OnlyFans,OF mass message,pdf-message-e135355892de0fdb,😘 I know you never get tired of this body so I strutting my fat stuff once again! Enjoy a special discount while it lasts! NEW,unmapped:onlyfans:i-know-you-never-get-tired-of-this-body-so-i-strutting-my-fat-stuff-on,😘 I know you never get tired of this body so I strutting my fat stuff once again! Enjoy a special discount while it lasts! NEW,,needs mapping,2024-02-08,2024-02-08,2024-02-08,OF message sent date,medium,message date,supplemental native OF message stats,18.0,197.82,158.26,2026-07-04_19-56-54_onlyfans_native_messages_pdf_Statistics 1 — OnlyFans.json
OnlyFans,OF mass message,pdf-message-53b0b683e8ded64c,🤤 My fat sounds so fucking hot clapping all together! Here's a little discount so you can fap along with it! NEW,unmapped:onlyfans:my-fat-sounds-so-fucking-hot-clapping-all-together-here-s-a-little-dis,🤤 My fat sounds so fucking hot clapping all together! Here's a little discount so you can fap along with it! NEW,,needs mapping,2024-03-08,2024-03-08,2024-03-08,OF message sent date,medium,message date,supplemental native OF message stats,24.0,191.76,153.41,2026-07-04_19-56-54_onlyfans_native_messages_pdf_Statistics 1 — OnlyFans.json
OnlyFans,OF mass message,pdf-message-8165e999fb9065ab,🤤 Fucking my pussy until it's dripping with creamy cum! NEW,unmapped:onlyfans:fucking-my-pussy-until-it-s-dripping-with-creamy-cum-new,🤤 Fucking my pussy until it's dripping with creamy cum! NEW,,needs mapping,2024-05-11,2024-05-11,2024-05-11,OF message sent date,medium,message date,supplemental native OF message stats,19.0,189.81,151.85,2026-07-04_19-56-54_onlyfans_native_messages_pdf_Statistics 1 — OnlyFans.json
OnlyFans,OF mass message,pdf-message-277a21661e8aff3a,I love teasing you with all my thickness and this time it's all about the ass and thighs! Here's a little discount so you can really enjoy every NEW,unmapped:onlyfans:i-love-teasing-you-with-all-my-thickness-and-this-time-it-s-all-about-,I love teasing you with all my thickness and this time it's all about the ass and thighs! Here's a little discount so you can really enjoy every NEW,,needs mapping,2024-02-22,2024-02-22,2024-02-22,OF message sent date,medium,message date,supplemental native OF message stats,19.0,189.81,151.85,2026-07-04_19-56-54_onlyfans_native_messages_pdf_Statistics 1 — OnlyFans.json
OnlyFans,OF mass message,pdf-message-1129453ee35cfd5a,😈 I'm horny and I want you so bad! Would this video convince you to come over? NEW,unmapped:onlyfans:i-m-horny-and-i-want-you-so-bad-would-this-video-convince-you-to-come-,😈 I'm horny and I want you so bad! Would this video convince you to come over? NEW,,needs mapping,2024-06-11,2024-06-11,2024-06-11,OF message sent date,medium,message date,supplemental native OF message stats,20.0,159.8,127.84,2026-07-04_19-56-54_onlyfans_native_messages_pdf_Statistics 1 — OnlyFans.json
OnlyFans,OF mass message,pdf-message-2487a63c0f585351,"💦 It's so got watching you stroke to my fat! I'm going to tell you just how I want you to touch yourself, don't bust until I count down to one! NEW",unmapped:onlyfans:it-s-so-got-watching-you-stroke-to-my-fat-i-m-going-to-tell-you-just-h,"💦 It's so got watching you stroke to my fat! I'm going to tell you just how I want you to touch yourself, don't bust until I count down to one! NEW",,needs mapping,2023-08-30,2023-08-30,2023-08-30,OF message sent date,medium,message date,supplemental native OF message stats,13.0,155.87,124.7,2026-07-04_19-56-54_onlyfans_native_messages_pdf_Statistics 1 — OnlyFans.json
OnlyFans,OF mass message,pdf-message-e62cfdb398bf8b37,😘 Here's a little discount if you love when I make you feel tiny! NEW,unmapped:onlyfans:here-s-a-little-discount-if-you-love-when-i-make-you-feel-tiny-new,😘 Here's a little discount if you love when I make you feel tiny! NEW,,needs mapping,2023-12-11,2023-12-11,2023-12-11,OF message sent date,medium,message date,supplemental native OF message stats,14.0,153.86,123.09,2026-07-04_19-56-54_onlyfans_native_messages_pdf_Statistics 1 — OnlyFans.json
OnlyFans,OF mass message,pdf-message-cfef7711d5402d0b,"🎃 I need your cum for my potion, and I'm gonna drain you for every last drop! NEW",unmapped:onlyfans:i-need-your-cum-for-my-potion-and-i-m-gonna-drain-you-for-every-last-d,"🎃 I need your cum for my potion, and I'm gonna drain you for every last drop! NEW",,needs mapping,2023-10-17,2023-10-17,2023-10-17,OF message sent date,medium,message date,supplemental native OF message stats,17.0,152.83,122.26,2026-07-04_19-56-54_onlyfans_native_messages_pdf_Statistics 1 — OnlyFans.json
OnlyFans,OF mass message,pdf-message-ca70105e137c1008,"😘 I want to cum so hard for you, so I sent you this special discount on my new video! NEW",unmapped:onlyfans:i-want-to-cum-so-hard-for-you-so-i-sent-you-this-special-discount-on-m,"😘 I want to cum so hard for you, so I sent you this special discount on my new video! NEW",,needs mapping,2023-10-04,2023-10-04,2023-10-04,OF message sent date,medium,message date,supplemental native OF message stats,17.0,152.83,122.26,2026-07-04_19-56-54_onlyfans_native_messages_pdf_Statistics 1 — OnlyFans.json
OnlyFans,OF mass message,pdf-message-2a1c51bc5847a063,😍 Here's a little discount because I know you're gonna love seeing this fat body covered in oil! NEW,unmapped:onlyfans:here-s-a-little-discount-because-i-know-you-re-gonna-love-seeing-this-,😍 Here's a little discount because I know you're gonna love seeing this fat body covered in oil! NEW,,needs mapping,2024-03-22,2024-03-22,2024-03-22,OF message sent date,medium,message date,supplemental native OF message stats,12.0,143.88,115.1,2026-07-04_19-56-54_onlyfans_native_messages_pdf_Statistics 1 — OnlyFans.json
OnlyFans,OF mass message,pdf-message-edc5739dcc8a4414,🛀 🤭 Here's a little discount to see how my fat ass barely fits in this two-person tub! NEW,unmapped:onlyfans:here-s-a-little-discount-to-see-how-my-fat-ass-barely-fits-in-this-two,🛀 🤭 Here's a little discount to see how my fat ass barely fits in this two-person tub! NEW,,needs mapping,2024-01-31,2024-01-31,2024-01-31,OF message sent date,medium,message date,supplemental native OF message stats,13.0,142.87,114.3,2026-07-04_19-56-54_onlyfans_native_messages_pdf_Statistics 1 — OnlyFans.json
OnlyFans,OF mass message,pdf-message-eb91e8d529c2d720,OnlyFans message 117,unmapped:onlyfans:onlyfans-message-117,OnlyFans message 117,,needs mapping,2023-08-29,2023-08-29,2023-08-29,OF message sent date,medium,message date,supplemental native OF message stats,13.0,142.87,114.3,2026-07-04_19-56-54_onlyfans_native_messages_pdf_Statistics 1 — OnlyFans.json
OnlyFans,OF mass message,pdf-message-04ab718a31823480,"Your fat co-worker has been stealing lunches and work and you've plotted your revenge - a cursed cake worth a million calories. Watch as 🎂 💥 keep shoving bite after messy bite in my face until I'm busting my buttons, breaking chairs, and fi",Video 0271,Co-workers' Revenge: Cake Stuffing and Rapid Growth,Video,OF caption inferred,2025-07-21,2025-07-21,2025-07-21,OF message sent date,medium,message date,supplemental native OF message stats,5.0,139.95,111.96,2026-07-04_19-56-54_onlyfans_native_messages_pdf_Statistics 1 — OnlyFans.json
OnlyFans,OF mass message,pdf-message-052701819d621031,"👠 You love to see me strut and jiggle, so I've got another sexy catwalk at a special discount just for you! NEW",unmapped:onlyfans:you-love-to-see-me-strut-and-jiggle-so-i-ve-got-another-sexy-catwalk-a,"👠 You love to see me strut and jiggle, so I've got another sexy catwalk at a special discount just for you! NEW",,needs mapping,2023-11-10,2023-11-10,2023-11-10,OF message sent date,medium,message date,supplemental native OF message stats,12.0,131.88,105.5,2026-07-04_19-56-54_onlyfans_native_messages_pdf_Statistics 1 — OnlyFans.json
OnlyFans,OF mass message,pdf-message-0009aa8ae2a0d253,Out of breath and struggling to make it through this workout! Make sure to use this discount and enjoy every jiggle! NEW,unmapped:onlyfans:out-of-breath-and-struggling-to-make-it-through-this-workout-make-sure,Out of breath and struggling to make it through this workout! Make sure to use this discount and enjoy every jiggle! NEW,,needs mapping,2024-04-10,2024-04-10,2024-04-10,OF message sent date,medium,message date,supplemental native OF message stats,9.0,116.91,93.53,2026-07-04_19-56-54_onlyfans_native_messages_pdf_Statistics 1 — OnlyFans.json
OnlyFans,OF mass message,pdf-message-670ce937df9a1519,😘 I'm telling you just how to worship my gorgeous body from tits to toes and this is your chance kneel for me at a special discount! NEW,unmapped:onlyfans:i-m-telling-you-just-how-to-worship-my-gorgeous-body-from-tits-to-toes,😘 I'm telling you just how to worship my gorgeous body from tits to toes and this is your chance kneel for me at a special discount! NEW,,needs mapping,2023-09-30,2023-09-30,2023-09-30,OF message sent date,medium,message date,supplemental native OF message stats,9.0,116.91,93.53,2026-07-04_19-56-54_onlyfans_native_messages_pdf_Statistics 1 — OnlyFans.json
OnlyFans,OF mass message,pdf-message-bec8a1ee9daab10b,🤤 These skin-tight pants look amazing on me! They look even better when I strip them off and show off this fat pussy! NEW,unmapped:onlyfans:these-skin-tight-pants-look-amazing-on-me-they-look-even-better-when-i,🤤 These skin-tight pants look amazing on me! They look even better when I strip them off and show off this fat pussy! NEW,,needs mapping,2024-04-20,2024-04-20,2024-04-20,OF message sent date,medium,message date,supplemental native OF message stats,13.0,116.87,93.5,2026-07-04_19-56-54_onlyfans_native_messages_pdf_Statistics 1 — OnlyFans.json
OnlyFans,OF mass message,pdf-message-bef79ee14061d5e9,👅 My tits are getting covered in whipped cream! Here's a discount so you can lick them clean for me. NEW,Video 0219,Messy Whipped Cream Tits,Video,OF caption inferred,2024-03-16,2024-03-16,2024-03-16,OF message sent date,medium,message date,supplemental native OF message stats,9.0,107.91,86.33,2026-07-04_19-56-54_onlyfans_native_messages_pdf_Statistics 1 — OnlyFans.json
OnlyFans,OF mass message,pdf-message-945d4d0c329b1b80,🧼 😘 My fat looks incredible dripping with suds! Make sure you grab it with this special discount! NEW,unmapped:onlyfans:my-fat-looks-incredible-dripping-with-suds-make-sure-you-grab-it-with-,🧼 😘 My fat looks incredible dripping with suds! Make sure you grab it with this special discount! NEW,,needs mapping,2023-12-30,2023-12-30,2023-12-30,OF message sent date,medium,message date,supplemental native OF message stats,9.0,107.91,86.33,2026-07-04_19-56-54_onlyfans_native_messages_pdf_Statistics 1 — OnlyFans.json
OnlyFans,OF mass message,pdf-message-e567d1498dd5a1e1,"You've been spotted by a massive gassy giantess, and there's nowhere for you to run. Will her burps and farts knock you out before she swallows 💨 😘 whole? You'll have to unlock to find out! NEW",Video 0281,Gassy Giantess Gobbles You Up,Video,OF caption inferred,2026-01-30,2026-01-30,2026-01-30,OF message sent date,medium,message date,supplemental native OF message stats,2.0,49.98,39.98,2026-07-04_19-56-54_onlyfans_native_messages_pdf_Statistics 1 — OnlyFans.json
OnlyFans,OF mass message,pdf-message-94fc928150ab185d,🍪 🍪 Your submissive feedee didn't make her gaining goals. Unlock to see how she makes it up to you! NEW,Video 0260,Gaining for Daddy,Video,OF caption inferred,2025-02-18,2025-02-18,2025-02-18,OF message sent date,medium,message date,supplemental native OF message stats,2.0,47.98,38.38,2026-07-04_19-56-54_onlyfans_native_messages_pdf_Statistics 1 — OnlyFans.json
OnlyFans,OF mass message,pdf-message-5fff779bcc1456f4,"If you can resist, I'll let you go. If you can't, you're getting shrunk... And nobody can resist me. This is my first vore video so unlock if you've 😋 getting swallowed by me! NEW",unmapped:onlyfans:if-you-can-resist-i-ll-let-you-go-if-you-can-t-you-re-getting-shrunk-a,"If you can resist, I'll let you go. If you can't, you're getting shrunk... And nobody can resist me. This is my first vore video so unlock if you've 😋 getting swallowed by me! NEW",,needs mapping,2024-11-14,2024-11-14,2024-11-14,OF message sent date,medium,message date,supplemental native OF message stats,2.0,39.98,31.98,2026-07-04_19-56-54_onlyfans_native_messages_pdf_Statistics 1 — OnlyFans.json
OnlyFans,OF mass message,pdf-message-98250e87835adeea,"🤤 🥞 Looking sexy and stuffing my face, my two favorite things! I thought you might want a discount to watch me devour every bite! NEW",unmapped:onlyfans:looking-sexy-and-stuffing-my-face-my-two-favorite-things-i-thought-you,"🤤 🥞 Looking sexy and stuffing my face, my two favorite things! I thought you might want a discount to watch me devour every bite! NEW",,needs mapping,2024-01-16,2024-01-16,2024-01-16,OF message sent date,medium,message date,supplemental native OF message stats,2.0,25.98,20.78,2026-07-04_19-56-54_onlyfans_native_messages_pdf_Statistics 1 — OnlyFans.json
OnlyFans,OF mass message,pdf-message-bf4f2a0857ae7a70,🤤 🌮 I'm sat on top of you and stuffing this gorgeous belly full! Lay back and feel me get heavier and heavier on top of you. NEW,Video 0223,Growing SSBBW Stuffs 5000 Calories While Sitting on You POV 🤤🌮,Video,OF caption inferred,2024-03-31,2024-03-31,2024-03-31,OF message sent date,medium,message date,supplemental native OF message stats,1.0,23.99,19.19,2026-07-04_19-56-54_onlyfans_native_messages_pdf_Statistics 1 — OnlyFans.json
OnlyFans,OF mass message,pdf-message-eb2b17394b123221,💦 I need your nut baby! Stroke for me while I bounce my belly and twerk my fat ass for you! NEW,unmapped:onlyfans:i-need-your-nut-baby-stroke-for-me-while-i-bounce-my-belly-and-twerk-m,💦 I need your nut baby! Stroke for me while I bounce my belly and twerk my fat ass for you! NEW,,needs mapping,2024-06-14,2024-06-14,2024-06-14,OF message sent date,medium,message date,supplemental native OF message stats,1.0,12.99,10.39,2026-07-04_19-56-54_onlyfans_native_messages_pdf_Statistics 1 — OnlyFans.json
OnlyFans,OF mass message,pdf-message-bf64c1fd76f4412c,"🤭 You've fed me so fat, now your cock isn't big enough. Luckily my coworker's is. You're my boyfriend and my feeder, now you'll be my cuckold NEW",Video 0227,Cuckolded By Your Feedee Girlfriend,Video,OF caption inferred,2024-04-19,2024-04-19,2024-04-19,OF message sent date,medium,message date,supplemental native OF message stats,1.0,9.99,7.99,2026-07-04_19-56-54_onlyfans_native_messages_pdf_Statistics 1 — OnlyFans.json
OnlyFans,OF mass message,pdf-message-d45715ecd87216d1,💜 Thank you for purchasing this video! I've got a better quality version available now and I wanted to make sure you got it!,unmapped:onlyfans:thank-you-for-purchasing-this-video-i-ve-got-a-better-quality-version-,💜 Thank you for purchasing this video! I've got a better quality version available now and I wanted to make sure you got it!,,needs mapping,2023-09-03,2023-09-03,2023-09-03,OF message sent date,medium,message date,supplemental native OF message stats,,0.0,0.0,2026-07-04_19-56-54_onlyfans_native_messages_pdf_Statistics 1 — OnlyFans.json
OnlyFans,OF mass message,pdf-message-7bdf5df4350ba8ce,💜 I've got an updated version available of a video you purchased! Thank you so much and enjoy!,unmapped:onlyfans:i-ve-got-an-updated-version-available-of-a-video-you-purchased-thank-y,💜 I've got an updated version available of a video you purchased! Thank you so much and enjoy!,,needs mapping,2023-09-03,2023-09-03,2023-09-03,OF message sent date,medium,message date,supplemental native OF message stats,,0.0,0.0,2026-07-04_19-56-54_onlyfans_native_messages_pdf_Statistics 1 — OnlyFans.json
OnlyFans,OF mass message,pdf-message-ee780105c66b25b0,💜 You purcahsed this video a while back and I've got an updated version for you! Thank you for supporting my work!,unmapped:onlyfans:you-purcahsed-this-video-a-while-back-and-i-ve-got-an-updated-version-,💜 You purcahsed this video a while back and I've got an updated version for you! Thank you for supporting my work!,,needs mapping,2023-09-01,2023-09-01,2023-09-01,OF message sent date,medium,message date,supplemental native OF message stats,,0.0,0.0,2026-07-04_19-56-54_onlyfans_native_messages_pdf_Statistics 1 — OnlyFans.json
OnlyFans,OF mass message,pdf-message-19b0317f9f32079a,OnlyFans message 105,unmapped:onlyfans:onlyfans-message-105,OnlyFans message 105,,needs mapping,2023-09-02,2023-09-02,2023-09-02,OF message sent date,medium,message date,supplemental native OF message stats,,0.0,0.0,2026-07-04_19-56-54_onlyfans_native_messages_pdf_Statistics 1 — OnlyFans.json
OnlyFans,OF mass message,pdf-message-88dcca4647ea1393,💜 Hi there! This is an updated version of a video you purchased previously!,unmapped:onlyfans:hi-there-this-is-an-updated-version-of-a-video-you-purchased-previousl,💜 Hi there! This is an updated version of a video you purchased previously!,,needs mapping,2023-08-31,2023-08-31,2023-08-31,OF message sent date,medium,message date,supplemental native OF message stats,,0.0,0.0,2026-07-04_19-56-54_onlyfans_native_messages_pdf_Statistics 1 — OnlyFans.json
OnlyFans,OF mass message,pdf-message-a91481865fb35f06,💜 Here's an updated version of a clip you purchased recently! Thank you for supporting my work!,unmapped:onlyfans:here-s-an-updated-version-of-a-clip-you-purchased-recently-thank-you-f,💜 Here's an updated version of a clip you purchased recently! Thank you for supporting my work!,,needs mapping,2023-09-02,2023-09-02,2023-09-02,OF message sent date,medium,message date,supplemental native OF message stats,,0.0,0.0,2026-07-04_19-56-54_onlyfans_native_messages_pdf_Statistics 1 — OnlyFans.json
OnlyFans,OF mass message,pdf-message-98cbf44bd02c92ab,💜 Thank you for purchasing this video! This is just an updated version for you!,unmapped:onlyfans:thank-you-for-purchasing-this-video-this-is-just-an-updated-version-fo,💜 Thank you for purchasing this video! This is just an updated version for you!,,needs mapping,2023-09-02,2023-09-02,2023-09-02,OF message sent date,medium,message date,supplemental native OF message stats,,0.0,0.0,2026-07-04_19-56-54_onlyfans_native_messages_pdf_Statistics 1 — OnlyFans.json
OnlyFans,OF mass message,pdf-message-ed91c4afc866a294,"💜 Hey love, thank you so much for helping me replace my broken mixer. Your support really means a lot. Here’s the special clip I promised, 😘 love it!",unmapped:onlyfans:hey-love-thank-you-so-much-for-helping-me-replace-my-broken-mixer-your,"💜 Hey love, thank you so much for helping me replace my broken mixer. Your support really means a lot. Here’s the special clip I promised, 😘 love it!",,needs mapping,2025-12-05,2025-12-05,2025-12-05,OF message sent date,medium,message date,supplemental native OF message stats,,0.0,0.0,2026-07-04_19-56-54_onlyfans_native_messages_pdf_Statistics 1 — OnlyFans.json
OnlyFans,OF mass message,pdf-message-b1f8c1605fea91c6,💜 You bought this video a little while ago and I now have an updated version for you to enjoy!,unmapped:onlyfans:you-bought-this-video-a-little-while-ago-and-i-now-have-an-updated-ver,💜 You bought this video a little while ago and I now have an updated version for you to enjoy!,,needs mapping,2023-08-30,2023-08-30,2023-08-30,OF message sent date,medium,message date,supplemental native OF message stats,,0.0,0.0,2026-07-04_19-56-54_onlyfans_native_messages_pdf_Statistics 1 — OnlyFans.json
OnlyFans,OF mass message,pdf-message-5a64b21d55d367e2,💜 You purchased this video a while ago and I have an updated version! Thank you for supporting my work!,unmapped:onlyfans:you-purchased-this-video-a-while-ago-and-i-have-an-updated-version-tha,💜 You purchased this video a while ago and I have an updated version! Thank you for supporting my work!,,needs mapping,2023-09-01,2023-09-01,2023-09-01,OF message sent date,medium,message date,supplemental native OF message stats,,0.0,0.0,2026-07-04_19-56-54_onlyfans_native_messages_pdf_Statistics 1 — OnlyFans.json
OnlyFans,OF mass message,pdf-message-4fd301299b64f967,"Hi babe! I had so much fun baking this holiday season, thank you again for your contribution. I hope you’ll enjoy watching a little oily belly 😘 a new chocolate chip cookie recipe!",unmapped:onlyfans:hi-babe-i-had-so-much-fun-baking-this-holiday-season-thank-you-again-f,"Hi babe! I had so much fun baking this holiday season, thank you again for your contribution. I hope you’ll enjoy watching a little oily belly 😘 a new chocolate chip cookie recipe!",,needs mapping,2026-01-10,2026-01-10,2026-01-10,OF message sent date,medium,message date,supplemental native OF message stats,,0.0,0.0,2026-07-04_19-56-54_onlyfans_native_messages_pdf_Statistics 1 — OnlyFans.json
OnlyFans,OF mass message,pdf-message-1f941b9117d7e64a,"You have no idea how much your generosity meant to me. Your contribution went beyond helping me get a new mixer. You made me feel adored, 🤤 and motivated to stuff myself silly with sweets this holiday season! This video is my thank-you for",unmapped:onlyfans:you-have-no-idea-how-much-your-generosity-meant-to-me-your-contributio,"You have no idea how much your generosity meant to me. Your contribution went beyond helping me get a new mixer. You made me feel adored, 🤤 and motivated to stuff myself silly with sweets this holiday season! This video is my thank-you for",,needs mapping,2025-12-05,2025-12-05,2025-12-05,OF message sent date,medium,message date,supplemental native OF message stats,,0.0,0.0,2026-07-04_19-56-54_onlyfans_native_messages_pdf_Statistics 1 — OnlyFans.json
OnlyFans,OF mass message,pdf-message-e9323ef8aecae8d3,"You have no idea how much your generosity meant to me! Your contribution went beyond helping me get a new mixer. You made me feel adored, 🤤 and motivated to stuff myself silly with sweets this holiday season! This video is my thank-you for",unmapped:onlyfans:you-have-no-idea-how-much-your-generosity-meant-to-me-your-contributio,"You have no idea how much your generosity meant to me! Your contribution went beyond helping me get a new mixer. You made me feel adored, 🤤 and motivated to stuff myself silly with sweets this holiday season! This video is my thank-you for",,needs mapping,2025-12-05,2025-12-05,2025-12-05,OF message sent date,medium,message date,supplemental native OF message stats,,0.0,0.0,2026-07-04_19-56-54_onlyfans_native_messages_pdf_Statistics 1 — OnlyFans.json
OnlyFans,OF mass message,pdf-message-25b34cb3f527f439,"Hey love! We chatted about your interest in a custom video a while back, and I’m thrilled to let you know that I’m launching a new custom request form! Go to https://form.jotform.com/253026005926047 to fifillll it out and submit your reques",unmapped:onlyfans:hey-love-we-chatted-about-your-interest-in-a-custom-video-a-while-back,"Hey love! We chatted about your interest in a custom video a while back, and I’m thrilled to let you know that I’m launching a new custom request form! Go to https://form.jotform.com/253026005926047 to fifillll it out and submit your reques",,needs mapping,2025-11-12,2025-11-12,2025-11-12,OF message sent date,medium,message date,supplemental native OF message stats,,0.0,0.0,2026-07-04_19-56-54_onlyfans_native_messages_pdf_Statistics 1 — OnlyFans.json
OnlyFans,OF mass message,pdf-message-82611871d73090b1,💜 This video you purchased now has an updated version! Thank you for supporting my work!,unmapped:onlyfans:this-video-you-purchased-now-has-an-updated-version-thank-you-for-supp,💜 This video you purchased now has an updated version! Thank you for supporting my work!,,needs mapping,2023-09-02,2023-09-02,2023-09-02,OF message sent date,medium,message date,supplemental native OF message stats,,0.0,0.0,2026-07-04_19-56-54_onlyfans_native_messages_pdf_Statistics 1 — OnlyFans.json
OnlyFans,OF mass message,pdf-message-6dabd806e5495246,"Hi love! You purchased this video a while ago, but I have an updated version that's a little higher quality and wanted to make sure you got it!",unmapped:onlyfans:hi-love-you-purchased-this-video-a-while-ago-but-i-have-an-updated-ver,"Hi love! You purchased this video a while ago, but I have an updated version that's a little higher quality and wanted to make sure you got it!",,needs mapping,2023-08-30,2023-08-30,2023-08-30,OF message sent date,medium,message date,supplemental native OF message stats,,0.0,0.0,2026-07-04_19-56-54_onlyfans_native_messages_pdf_Statistics 1 — OnlyFans.json
OnlyFans,OF mass message,pdf-message-1356917b4c5080e0,"🤤 💜 Thank you so much babe! Your support helped me upgrade to something even bigger and better, which means treats for me! This 😘 clusively for those who came through for me, I hope you enjoy every second.",unmapped:onlyfans:thank-you-so-much-babe-your-support-helped-me-upgrade-to-something-eve,"🤤 💜 Thank you so much babe! Your support helped me upgrade to something even bigger and better, which means treats for me! This 😘 clusively for those who came through for me, I hope you enjoy every second.",,needs mapping,2025-12-05,2025-12-05,2025-12-05,OF message sent date,medium,message date,supplemental native OF message stats,,0.0,0.0,2026-07-04_19-56-54_onlyfans_native_messages_pdf_Statistics 1 — OnlyFans.json
OnlyFans,OF mass message,pdf-message-6bd5449cca638cb5,💜 There's an updated version of this video you purchased! Thank you so much and enjoy!,unmapped:onlyfans:there-s-an-updated-version-of-this-video-you-purchased-thank-you-so-mu,💜 There's an updated version of this video you purchased! Thank you so much and enjoy!,,needs mapping,2023-09-03,2023-09-03,2023-09-03,OF message sent date,medium,message date,supplemental native OF message stats,,0.0,0.0,2026-07-04_19-56-54_onlyfans_native_messages_pdf_Statistics 1 — OnlyFans.json
OnlyFans,OF mass message,pdf-message-d6e45b41942f6164,Hi love! You purchased this video a while ago and I now have a higher quality version available. I wanted to make sure you get it!,unmapped:onlyfans:hi-love-you-purchased-this-video-a-while-ago-and-i-now-have-a-higher-q,Hi love! You purchased this video a while ago and I now have a higher quality version available. I wanted to make sure you get it!,,needs mapping,2023-08-30,2023-08-30,2023-08-30,OF message sent date,medium,message date,supplemental native OF message stats,,0.0,0.0,2026-07-04_19-56-54_onlyfans_native_messages_pdf_Statistics 1 — OnlyFans.json
OnlyFans,OF mass message,pdf-message-373b34715760f273,OnlyFans message 46,unmapped:onlyfans:onlyfans-message-46,OnlyFans message 46,,needs mapping,2024-11-18,2024-11-18,2024-11-18,OF message sent date,medium,message date,supplemental native OF message stats,,0.0,0.0,2026-07-04_19-56-54_onlyfans_native_messages_pdf_Statistics 1 — OnlyFans.json
OnlyFans,OF post,pdf-post-51b0002faed7cb12,Would you fuck me in the morning?,Video 0209,Morning SSBBW Fuck POV Solo,Video,OF caption inferred,2024-01-16,2024-01-16,2024-01-16,OF post date,medium,post date,supplemental native OF post stats,108.0,1726.92,1381.54,2026-07-04_19-56-53_onlyfans_native_posts_pdf_Statistics — OnlyFans.json
OnlyFans,OF post,pdf-post-5446422e2cd11bb2,Your feedee wife decided she's had enough and wants to stop gaining! But you fuck her so good it reminds her why she gained for you in the 🥵,Video 0261,Wife Wants to Stop Gaining the Reboot,Video,OF caption inferred,2025-04-17,2025-04-17,2025-04-17,OF post date,medium,post date,supplemental native OF post stats,68.0,1515.32,1212.26,2026-07-04_19-56-53_onlyfans_native_posts_pdf_Statistics — OnlyFans.json
OnlyFans,OF post,pdf-post-85cf01660fc0a1da,🥵 🍑 These tight leggings look so much better ripped open! Watch me fuck this fat pussy until I cum!,unmapped:onlyfans:these-tight-leggings-look-so-much-better-ripped-open-watch-me-fuck-thi,🥵 🍑 These tight leggings look so much better ripped open! Watch me fuck this fat pussy until I cum!,,needs mapping,2025-04-28,2025-04-28,2025-04-28,OF post date,medium,post date,supplemental native OF post stats,69.0,1379.31,1103.45,2026-07-04_19-56-53_onlyfans_native_posts_pdf_Statistics — OnlyFans.json
OnlyFans,OF post,pdf-post-02c1d292ae1e15e7,"Your neighbor comes over to hang out and watch a movie, but she reveals she wants something more! She wants you to fill her fat pussy 🥵 pregnant!",unmapped:onlyfans:your-neighbor-comes-over-to-hang-out-and-watch-a-movie-but-she-reveals,"Your neighbor comes over to hang out and watch a movie, but she reveals she wants something more! She wants you to fill her fat pussy 🥵 pregnant!",,needs mapping,2025-09-15,2025-09-15,2025-09-15,OF post date,medium,post date,supplemental native OF post stats,60.0,1259.4,1007.52,2026-07-04_19-56-53_onlyfans_native_posts_pdf_Statistics — OnlyFans.json
OnlyFans,OF post,pdf-post-066c9d5328077e55,"😍 You weren't expecting your blind date to be so huge! I'm stuffing my face and chugging soda until this belly is nice and bloated! Unlock 💨 🤤 burps and for the first time ever, I'll be farting right in your face!",unmapped:onlyfans:you-weren-t-expecting-your-blind-date-to-be-so-huge-i-m-stuffing-my-fa,"😍 You weren't expecting your blind date to be so huge! I'm stuffing my face and chugging soda until this belly is nice and bloated! Unlock 💨 🤤 burps and for the first time ever, I'll be farting right in your face!",,needs mapping,2025-08-15,2025-08-15,2025-08-15,OF post date,medium,post date,supplemental native OF post stats,33.0,1154.67,923.74,2026-07-04_19-56-53_onlyfans_native_posts_pdf_Statistics — OnlyFans.json
OnlyFans,OF post,pdf-post-741e74be0e778698,"Your fat co-worker has been stealing lunches and work and you've plotted your revenge - a cursed cake worth a million calories. Watch as 🎂 💥 keep shoving bite after messy bite in my face until I'm busting my buttons, breaking chairs, and fi",unmapped:onlyfans:your-fat-co-worker-has-been-stealing-lunches-and-work-and-you-ve-plott,"Your fat co-worker has been stealing lunches and work and you've plotted your revenge - a cursed cake worth a million calories. Watch as 🎂 💥 keep shoving bite after messy bite in my face until I'm busting my buttons, breaking chairs, and fi",,needs mapping,2025-10-25,2025-10-25,2025-10-25,OF post date,medium,post date,supplemental native OF post stats,34.0,956.66,765.33,2026-07-04_19-56-53_onlyfans_native_posts_pdf_Statistics — OnlyFans.json
OnlyFans,OF post,pdf-post-995bd834bcc467a9,"Your wife is in complete denial of her weight gain, but comes to accept it once she realizes you think it’s hot! Now all she wants is for you 🥵 all her sexy new fat!",Video 0232,Your Wife Accidentally Gains,Video,OF caption inferred,2024-05-21,2024-05-21,2024-05-21,OF post date,medium,post date,supplemental native OF post stats,42.0,923.58,738.86,2026-07-04_19-56-53_onlyfans_native_posts_pdf_Statistics — OnlyFans.json
OnlyFans,OF post,pdf-post-fa3d42b887d74485,💦 🤤 Nothing hotter than a girl who squirts on the first date!,Video 0225,Squirting on the First Date,Video,OF caption inferred,2024-05-02,2024-05-02,2024-05-02,OF post date,medium,post date,supplemental native OF post stats,39.0,857.61,686.09,2026-07-04_19-56-53_onlyfans_native_posts_pdf_Statistics — OnlyFans.json
OnlyFans,OF post,pdf-post-d9e64cd13449f444,"😈 I haven’t showered in a couple days and now I’m making you worship my fat, sweaty, stinky ass!",Video 0228,Worship My Sweaty Ass,Video,OF caption inferred,2024-05-02,2024-05-02,2024-05-02,OF post date,medium,post date,supplemental native OF post stats,41.0,819.59,655.67,2026-07-04_19-56-53_onlyfans_native_posts_pdf_Statistics — OnlyFans.json
OnlyFans,OF post,pdf-post-d81d7d9cacc15b8d,🤤 Seducing you into getting me pregnant!,unmapped:onlyfans:seducing-you-into-getting-me-pregnant,🤤 Seducing you into getting me pregnant!,,needs mapping,2024-03-23,2024-03-23,2024-03-23,OF post date,medium,post date,supplemental native OF post stats,49.0,783.51,626.81,2026-07-04_19-56-53_onlyfans_native_posts_pdf_Statistics — OnlyFans.json
OnlyFans,OF post,pdf-post-7b3830740d5a00c1,"🍑 👅 I'm such a big fat fucking cow, and you can't get enough of it can you? Worship my luscious growing belly and stinky sweaty asshole!",Video 0255,Worship My Sweaty Fat,Video,OF caption inferred,2025-02-02,2025-02-02,2025-02-02,OF post date,medium,post date,supplemental native OF post stats,30.0,749.7,599.76,2026-07-04_19-56-53_onlyfans_native_posts_pdf_Statistics — OnlyFans.json
OnlyFans,OF post,pdf-post-c92ced21beb1ce2b,🤤 Your friend seduces you into a friend with benefits in pov!,unmapped:onlyfans:your-friend-seduces-you-into-a-friend-with-benefits-in-pov,🤤 Your friend seduces you into a friend with benefits in pov!,,needs mapping,2023-11-25,2023-11-25,2023-11-25,OF post date,medium,post date,supplemental native OF post stats,42.0,671.58,537.26,2026-07-04_19-56-53_onlyfans_native_posts_pdf_Statistics — OnlyFans.json
OnlyFans,OF post,pdf-post-dc05e2bbf99ba70c,It's a struggle to fit my fat ass in this car but I look so hot filling it up and jiggling around as I drive down the road!,unmapped:onlyfans:it-s-a-struggle-to-fit-my-fat-ass-in-this-car-but-i-look-so-hot-fillin,It's a struggle to fit my fat ass in this car but I look so hot filling it up and jiggling around as I drive down the road!,,needs mapping,2023-09-30,2023-09-30,2023-09-30,OF post date,medium,post date,supplemental native OF post stats,38.0,645.62,516.5,2026-07-04_19-56-53_onlyfans_native_posts_pdf_Statistics — OnlyFans.json
OnlyFans,OF post,pdf-post-616700aed872b8fb,"It's been a busy work day but I'm sooo fucking horny! I get a little break in the day and decide to try and cum before my next meeting, only 🥵 💻 start early! You don't want to miss how naughty I get during this work meeting!",Video 0268,Work Meeting Masturbation,Video,OF caption inferred,2025-08-15,2025-08-15,2025-08-15,OF post date,medium,post date,supplemental native OF post stats,29.0,637.71,510.17,2026-07-04_19-56-53_onlyfans_native_posts_pdf_Statistics — OnlyFans.json
OnlyFans,OF post,pdf-post-73f2a94db8d36567,Nothing shows my gains off better than trying to squeeze my way behind the wheel! Unlock if you love watching me stuff my face until I'm,unmapped:onlyfans:nothing-shows-my-gains-off-better-than-trying-to-squeeze-my-way-behind,Nothing shows my gains off better than trying to squeeze my way behind the wheel! Unlock if you love watching me stuff my face until I'm,,needs mapping,2025-07-21,2025-07-21,2025-07-21,OF post date,medium,post date,supplemental native OF post stats,21.0,608.79,487.03,2026-07-04_19-56-53_onlyfans_native_posts_pdf_Statistics — OnlyFans.json
OnlyFans,OF post,pdf-post-d15777f164b6aff0,It feels so good making this fat pussy drip creamy cum!,Video 0234,Fucking My Creamy Fat Pussy,Video,OF caption inferred,2024-05-21,2024-05-21,2024-05-21,OF post date,medium,post date,supplemental native OF post stats,48.0,575.52,460.42,2026-07-04_19-56-53_onlyfans_native_posts_pdf_Statistics — OnlyFans.json
OnlyFans,OF post,pdf-post-6c8e96ee0bc14bb1,All this extra weight turns me on so much! Open to see how wet and horny I get!,unmapped:onlyfans:all-this-extra-weight-turns-me-on-so-much-open-to-see-how-wet-and-horn,All this extra weight turns me on so much! Open to see how wet and horny I get!,,needs mapping,2023-03-04,2023-03-04,2023-03-04,OF post date,medium,post date,supplemental native OF post stats,38.0,536.62,429.3,2026-07-04_19-56-53_onlyfans_native_posts_pdf_Statistics — OnlyFans.json
OnlyFans,OF post,pdf-post-306ef241e706c5e6,I love stuffing my face and you're gonna love watching me! Can you hold out for the weigh-in at the end?,Video 0176,Stuffing My Face with Fast Food,Video,OF caption inferred,2023-05-01,2023-05-01,2023-05-01,OF post date,medium,post date,supplemental native OF post stats,30.0,509.7,407.76,2026-07-04_19-56-53_onlyfans_native_posts_pdf_Statistics — OnlyFans.json
OnlyFans,OF post,pdf-post-37c06c12519bc476,"You just can't help but stroke your cock for my big hot body, even when it means getting shrunk down to only inches tall. You're sooo tiny you disappear down my throat!",unmapped:onlyfans:you-just-can-t-help-but-stroke-your-cock-for-my-big-hot-body-even-when,"You just can't help but stroke your cock for my big hot body, even when it means getting shrunk down to only inches tall. You're sooo tiny you disappear down my throat!",,needs mapping,2025-01-13,2025-01-13,2025-01-13,OF post date,medium,post date,supplemental native OF post stats,19.0,494.81,395.85,2026-07-04_19-56-53_onlyfans_native_posts_pdf_Statistics — OnlyFans.json
OnlyFans,OF post,pdf-post-c791ce395cdfe220,OnlyFans post 19,unmapped:onlyfans:onlyfans-post-19,OnlyFans post 19,,needs mapping,2024-11-30,2024-11-30,2024-11-30,OF post date,medium,post date,supplemental native OF post stats,29.0,492.71,394.17,2026-07-04_19-56-53_onlyfans_native_posts_pdf_Statistics — OnlyFans.json
OnlyFans,OF post,pdf-post-0bb8b91b6e397cb3,😘 I'm showing off all my gains with this weigh-in and measurements!,Video 0258,Measurements and Weigh-In,Video,OF caption inferred,2025-03-04,2025-03-04,2025-03-04,OF post date,medium,post date,supplemental native OF post stats,14.0,489.86,391.89,2026-07-04_19-56-53_onlyfans_native_posts_pdf_Statistics — OnlyFans.json
OnlyFans,OF post,pdf-post-1ec85a6a8949b634,😭😭 MMyy ppoooorr KKiittcchheennAAiidd lliitteerraallllyy ggaavvee uupp oonn mmee mmiidd--ccooookkiiee ddoouugghh!! II''vvee bbeeeenn ssoooooo ggrreeeeddyy wwiitthh aallll tthhee bbaakkiinngg tthhiiss hhoolliiddaayy sseeaassoonn tthhaatt II,unmapped:onlyfans:mmyy-ppoooorr-kkiittcchheennaaiidd-lliitteerraallllyy-ggaavvee-uupp-oo,😭😭 MMyy ppoooorr KKiittcchheennAAiidd lliitteerraallllyy ggaavvee uupp oonn mmee mmiidd--ccooookkiiee ddoouugghh!! II''vvee bbeeeenn ssoooooo ggrreeeeddyy wwiitthh aallll tthhee bbaakkiinngg tthhiiss hhoolliiddaayy sseeaassoonn tthhaatt II,,needs mapping,2025-12-03,2025-12-03,2025-12-03,OF post date,medium,post date,supplemental native OF post stats,,485.0,388.0,2026-07-04_19-56-53_onlyfans_native_posts_pdf_Statistics — OnlyFans.json
OnlyFans,OF post,pdf-post-5d340b53ffc02a19,🍗 🚬 There's nothing better than gorging myself on a thanksgiving feast and following it up with a cigarette to make room for round two!,Video 0254,SSBBW Smokes After Thanksgiving Stuffing,Video,OF caption inferred,2025-01-13,2025-01-13,2025-01-13,OF post date,medium,post date,supplemental native OF post stats,16.0,479.84,383.87,2026-07-04_19-56-53_onlyfans_native_posts_pdf_Statistics — OnlyFans.json
OnlyFans,OF post,pdf-post-4519acd01bb26a8c,"Your wife has one last surprise for you after your anniversary dinner and can't wait to show you her soft, stuffed body bursting out of her brand 🤤 🍆 gerie! You gonna give her that good dick tonight?",unmapped:onlyfans:your-wife-has-one-last-surprise-for-you-after-your-anniversary-dinner-,"Your wife has one last surprise for you after your anniversary dinner and can't wait to show you her soft, stuffed body bursting out of her brand 🤤 🍆 gerie! You gonna give her that good dick tonight?",,needs mapping,2024-10-25,2024-10-25,2024-10-25,OF post date,medium,post date,supplemental native OF post stats,24.0,479.76,383.81,2026-07-04_19-56-53_onlyfans_native_posts_pdf_Statistics — OnlyFans.json
OnlyFans,OF post,pdf-post-4b35b5b3bb3d0ac8,🥐 Your psychologist Dr. Sublime stuffs her face and makes you worship her fat belly!,Video 0235,Your Therapist Turns You Into a Feeder Part 1,Video,OF caption inferred,2024-06-06,2024-06-06,2024-06-06,OF post date,medium,post date,supplemental native OF post stats,19.0,474.81,379.85,2026-07-04_19-56-53_onlyfans_native_posts_pdf_Statistics — OnlyFans.json
OnlyFans,OF post,pdf-post-74b2232e1e3dfb54,"TThhiiss ttrryy--oonn iiss mmoorree tthhaann jjuusstt ccllootthheess,, iitt’’ss aa sshhoowwccaassee ooff hhooww mmuucchh mmyy bbooddyy hhaass ggrroowwnn!! FFrroomm mmooddeelliinngg mmyy ccuurrrreenntt sseexxyy ffaavvoorriitteess ttoo ppuuff",unmapped:onlyfans:tthhiiss-ttrryy-oonn-iiss-mmoorree-tthhaann-jjuusstt-ccllootthheess-ii,"TThhiiss ttrryy--oonn iiss mmoorree tthhaann jjuusstt ccllootthheess,, iitt’’ss aa sshhoowwccaassee ooff hhooww mmuucchh mmyy bbooddyy hhaass ggrroowwnn!! FFrroomm mmooddeelliinngg mmyy ccuurrrreenntt sseexxyy ffaavvoorriitteess ttoo ppuuff",,needs mapping,2025-12-28,2025-12-28,2025-12-28,OF post date,medium,post date,supplemental native OF post stats,16.0,447.84,358.27,2026-07-04_19-56-53_onlyfans_native_posts_pdf_Statistics — OnlyFans.json
OnlyFans,OF post,pdf-post-1b97d8541d09b32e,I'm measuring and weighing all my fat! It's so hot seeing the progress I've been making in my gaining journey. I love feeling my body grow!,Video 0189,Measuring and Weighing my Massive SSBBW Body,Video,OF caption inferred,2023-09-03,2023-09-03,2023-09-03,OF post date,medium,post date,supplemental native OF post stats,22.0,439.78,351.82,2026-07-04_19-56-53_onlyfans_native_posts_pdf_Statistics — OnlyFans.json
OnlyFans,OF post,pdf-post-abaec7ef57f31e19,🍗 🤤 Nothing is hotter than stuffing your girl's face and making out between bites in this close-up POV!,Video 0241,Stuffing and Makeout POV,Video,OF caption inferred,2024-07-08,2024-07-08,2024-07-08,OF post date,medium,post date,supplemental native OF post stats,17.0,424.83,339.86,2026-07-04_19-56-53_onlyfans_native_posts_pdf_Statistics — OnlyFans.json
OnlyFans,OF post,pdf-post-e1d5ce65cc08bc0b,🤤 🍕 Stuffing a large pizza while I make my pussy cum!,Video 0231,Large Pizza and Fat Pussy,Video,OF caption inferred,2024-05-21,2024-05-21,2024-05-21,OF post date,medium,post date,supplemental native OF post stats,17.0,424.83,339.86,2026-07-04_19-56-53_onlyfans_native_posts_pdf_Statistics — OnlyFans.json
OnlyFans,OF post,pdf-post-2798eb3548eade9c,🚬 💄 Your secret voyeur cam watches as I get ready to go out. Unlock if you love admiring my fat and watching me smoke!,Video 0262,Voyeur Watches Me Get Ready,Video,OF caption inferred,2025-04-17,2025-04-17,2025-04-17,OF post date,medium,post date,supplemental native OF post stats,20.0,419.8,335.84,2026-07-04_19-56-53_onlyfans_native_posts_pdf_Statistics — OnlyFans.json
OnlyFans,OF post,pdf-post-adf3a2dc8aef2cd4,🌮 🤤 Nothing feels better than stuffing my face to fatten this body up. Aren't you lucky to be crushed under me feeling every ounce I gain?,unmapped:onlyfans:nothing-feels-better-than-stuffing-my-face-to-fatten-this-body-up-aren,🌮 🤤 Nothing feels better than stuffing my face to fatten this body up. Aren't you lucky to be crushed under me feeling every ounce I gain?,,needs mapping,2024-04-14,2024-04-14,2024-04-14,OF post date,medium,post date,supplemental native OF post stats,19.0,417.81,334.25,2026-07-04_19-56-53_onlyfans_native_posts_pdf_Statistics — OnlyFans.json
OnlyFans,OF post,pdf-post-a043ab397ea77a95,🥵 All my clothes are so tight and see-through! I'm outgrowing everything and it's making my pussy wetttttt!,unmapped:onlyfans:all-my-clothes-are-so-tight-and-see-through-i-m-outgrowing-everything-,🥵 All my clothes are so tight and see-through! I'm outgrowing everything and it's making my pussy wetttttt!,,needs mapping,2023-09-03,2023-09-03,2023-09-03,OF post date,medium,post date,supplemental native OF post stats,29.0,405.71,324.57,2026-07-04_19-56-53_onlyfans_native_posts_pdf_Statistics — OnlyFans.json
OnlyFans,OF post,pdf-post-17965d8b38e62593,🤭 You call up your favorite fling only to find out she’s gained a ton of weight !,unmapped:onlyfans:you-call-up-your-favorite-fling-only-to-find-out-she-s-gained-a-ton-of,🤭 You call up your favorite fling only to find out she’s gained a ton of weight !,,needs mapping,2024-05-21,2024-05-21,2024-05-21,OF post date,medium,post date,supplemental native OF post stats,20.0,399.8,319.84,2026-07-04_19-56-53_onlyfans_native_posts_pdf_Statistics — OnlyFans.json
OnlyFans,OF post,pdf-post-470a3e4d47659afa,🤤 Your giantess girlfriend rubs her huge pussy against your tiny body!,Video 0239,SSBBW Giantess Rubs Pussy on You,Video,OF caption inferred,2024-07-03,2024-07-03,2024-07-03,OF post date,medium,post date,supplemental native OF post stats,33.0,395.67,316.54,2026-07-04_19-56-53_onlyfans_native_posts_pdf_Statistics — OnlyFans.json
OnlyFans,OF post,pdf-post-a8a676805effd103,"My gains look so amazing! But I've noticed you're putting on some weight too! I wanna see you get even bigger, let's be fatties together babe!",unmapped:onlyfans:my-gains-look-so-amazing-but-i-ve-noticed-you-re-putting-on-some-weigh,"My gains look so amazing! But I've noticed you're putting on some weight too! I wanna see you get even bigger, let's be fatties together babe!",,needs mapping,2025-02-26,2025-02-26,2025-02-26,OF post date,medium,post date,supplemental native OF post stats,15.0,374.85,299.88,2026-07-04_19-56-53_onlyfans_native_posts_pdf_Statistics — OnlyFans.json
OnlyFans,OF post,pdf-post-a0f6e54b15752411,"🥵 You get a front row seat to a steamy, jiggly, dripping wet strip tease! You know you can't resist stroking for this fat body!",Video 0265,Dripping Wet Strip Tease,Video,OF caption inferred,2025-06-16,2025-06-16,2025-06-16,OF post date,medium,post date,supplemental native OF post stats,17.0,373.83,299.06,2026-07-04_19-56-53_onlyfans_native_posts_pdf_Statistics — OnlyFans.json
OnlyFans,OF post,pdf-post-46a345e25f38899c,✨ Making my body expand before your eyes before I ride you! Get lost in this magical POV experience!,unmapped:onlyfans:making-my-body-expand-before-your-eyes-before-i-ride-you-get-lost-in-t,✨ Making my body expand before your eyes before I ride you! Get lost in this magical POV experience!,,needs mapping,2024-04-14,2024-04-14,2024-04-14,OF post date,medium,post date,supplemental native OF post stats,17.0,373.83,299.06,2026-07-04_19-56-53_onlyfans_native_posts_pdf_Statistics — OnlyFans.json
OnlyFans,OF post,pdf-post-9c5ea51573329745,🚪 🍑 My fat ass gets stuck in the door!,Video 0207,SSBBW Gets Stuck in the Doorway,Video,OF caption inferred,2023-12-29,2023-12-29,2023-12-29,OF post date,medium,post date,supplemental native OF post stats,22.0,373.78,299.02,2026-07-04_19-56-53_onlyfans_native_posts_pdf_Statistics — OnlyFans.json
OnlyFans,OF post,pdf-post-78746c254ad6413a,God I look hot jiggling around in lingerie and heels! You'll wanna see for yourself!,unmapped:onlyfans:god-i-look-hot-jiggling-around-in-lingerie-and-heels-you-ll-wanna-see-,God I look hot jiggling around in lingerie and heels! You'll wanna see for yourself!,,needs mapping,2023-04-05,2023-04-05,2023-04-05,OF post date,medium,post date,supplemental native OF post stats,21.0,356.79,285.43,2026-07-04_19-56-53_onlyfans_native_posts_pdf_Statistics — OnlyFans.json
OnlyFans,OF post,pdf-post-4cbafd18738b3101,"Your wife comes home and doesn't even glance at you before tearing into her family size bucket of chicken! Unlock if you love stroking to 🍗 sounds of chewing, burping, and farts!",unmapped:onlyfans:your-wife-comes-home-and-doesn-t-even-glance-at-you-before-tearing-int,"Your wife comes home and doesn't even glance at you before tearing into her family size bucket of chicken! Unlock if you love stroking to 🍗 sounds of chewing, burping, and farts!",,needs mapping,2026-01-31,2026-01-31,2026-01-31,OF post date,medium,post date,supplemental native OF post stats,22.0,351.78,281.42,2026-07-04_19-56-53_onlyfans_native_posts_pdf_Statistics — OnlyFans.json
OnlyFans,OF post,pdf-post-87e4379859803bb4,Sit back and let this naked fatty tell you how to stroke!,Video 0198,Naked Fatty Tells You How to Stroke,Video,OF caption inferred,2023-11-10,2023-11-10,2023-11-10,OF post date,medium,post date,supplemental native OF post stats,18.0,323.82,259.06,2026-07-04_19-56-53_onlyfans_native_posts_pdf_Statistics — OnlyFans.json
OnlyFans,OF post,pdf-post-5c826aa48ef9343f,"🤤 🍔 Your girlfriend stuffs her face, but you didn't bring enough to satisfy her gluttonous appetite! Guess who's next on the menu..",Video 0259,Boyfriend Gets Vored,Video,OF caption inferred,2025-03-09,2025-03-09,2025-03-09,OF post date,medium,post date,supplemental native OF post stats,14.0,322.86,258.29,2026-07-04_19-56-53_onlyfans_native_posts_pdf_Statistics — OnlyFans.json
OnlyFans,OF post,pdf-post-a138f50f5f23ebfd,"🤤 I'm fatter than you expected, but you like that don't you? Let me make this fat pussy cum for you.",Video 0251,Cum for My Fat,Video,OF caption inferred,2024-04-14,2024-04-14,2024-04-14,OF post date,medium,post date,supplemental native OF post stats,19.0,322.81,258.25,2026-07-04_19-56-53_onlyfans_native_posts_pdf_Statistics — OnlyFans.json
OnlyFans,OF post,pdf-post-6c945900c858472f,OnlyFans post 42,unmapped:onlyfans:onlyfans-post-42,OnlyFans post 42,,needs mapping,2023-09-01,2023-09-01,2023-09-01,OF post date,medium,post date,supplemental native OF post stats,16.0,319.84,255.87,2026-07-04_19-56-53_onlyfans_native_posts_pdf_Statistics — OnlyFans.json
OnlyFans,OF post,pdf-post-b71bbfb4a8703ed9,"🤭 Working out won't help, you'll always be a weakling compared to me!",unmapped:onlyfans:working-out-won-t-help-you-ll-always-be-a-weakling-compared-to-me,"🤭 Working out won't help, you'll always be a weakling compared to me!",,needs mapping,2023-12-17,2023-12-17,2023-12-17,OF post date,medium,post date,supplemental native OF post stats,22.0,307.78,246.22,2026-07-04_19-56-53_onlyfans_native_posts_pdf_Statistics — OnlyFans.json
OnlyFans,OF post,pdf-post-8fe388b86808010a,🍦 Getting messy downing three large milkshakes!,unmapped:onlyfans:getting-messy-downing-three-large-milkshakes,🍦 Getting messy downing three large milkshakes!,,needs mapping,2023-11-29,2023-11-29,2023-11-29,OF post date,medium,post date,supplemental native OF post stats,15.0,299.85,239.88,2026-07-04_19-56-53_onlyfans_native_posts_pdf_Statistics — OnlyFans.json
OnlyFans,OF post,pdf-post-6e97e30f40e7f380,"You found a cozy little hiding spot in my room to catch me coming out of the shower, but you got even of a show than you expected! 🥵 🥵 get turned on too if you were massaging these luscious curves?",unmapped:onlyfans:you-found-a-cozy-little-hiding-spot-in-my-room-to-catch-me-coming-out-,"You found a cozy little hiding spot in my room to catch me coming out of the shower, but you got even of a show than you expected! 🥵 🥵 get turned on too if you were massaging these luscious curves?",,needs mapping,2024-10-25,2024-10-25,2024-10-25,OF post date,medium,post date,supplemental native OF post stats,20.0,299.8,239.84,2026-07-04_19-56-53_onlyfans_native_posts_pdf_Statistics — OnlyFans.json
OnlyFans,OF post,pdf-post-acbe338e8d5cadb0,😍 You can't help but stroke for alll this gorgeous jiggle! I need all that cum on my fat belly and tits!,unmapped:onlyfans:you-can-t-help-but-stroke-for-alll-this-gorgeous-jiggle-i-need-all-tha,😍 You can't help but stroke for alll this gorgeous jiggle! I need all that cum on my fat belly and tits!,,needs mapping,2025-03-04,2025-03-04,2025-03-04,OF post date,medium,post date,supplemental native OF post stats,16.0,287.84,230.27,2026-07-04_19-56-53_onlyfans_native_posts_pdf_Statistics — OnlyFans.json
OnlyFans,OF post,pdf-post-8d261946d99116d8,👩‍💼 👇 You didn't meet your quota this month and your boss is making you get on your knees if you want to keep your job. Worship this fat,Video 0245,Belly Worship to Keep Your Job,Video,OF caption inferred,2024-10-25,2024-10-25,2024-10-25,OF post date,medium,post date,supplemental native OF post stats,18.0,287.82,230.26,2026-07-04_19-56-53_onlyfans_native_posts_pdf_Statistics — OnlyFans.json
OnlyFans,OF post,pdf-post-eeb7a8971535d780,🤤 Stroke for me while I make this fat pussy cum!,unmapped:onlyfans:stroke-for-me-while-i-make-this-fat-pussy-cum,🤤 Stroke for me while I make this fat pussy cum!,,needs mapping,2023-10-17,2023-10-17,2023-10-17,OF post date,medium,post date,supplemental native OF post stats,22.0,285.78,228.62,2026-07-04_19-56-53_onlyfans_native_posts_pdf_Statistics — OnlyFans.json
OnlyFans,OF post,pdf-post-1588eb46eb79341d,"🤭 You fattened your girlfriend so big your cock can’t reach, so she wants to cuckold you!",unmapped:onlyfans:you-fattened-your-girlfriend-so-big-your-cock-can-t-reach-so-she-wants,"🤭 You fattened your girlfriend so big your cock can’t reach, so she wants to cuckold you!",,needs mapping,2024-05-02,2024-05-02,2024-05-02,OF post date,medium,post date,supplemental native OF post stats,21.0,272.79,218.23,2026-07-04_19-56-53_onlyfans_native_posts_pdf_Statistics — OnlyFans.json
OnlyFans,OF post,pdf-post-f0e883a39064683f,Im teasing you with this fat body and telling you just how to worship every inch of it!,Video 0197,Worship My Fat SSBBW Body,Video,OF caption inferred,2023-10-05,2023-10-05,2023-10-05,OF post date,medium,post date,supplemental native OF post stats,16.0,271.84,217.47,2026-07-04_19-56-53_onlyfans_native_posts_pdf_Statistics — OnlyFans.json
OnlyFans,OF post,pdf-post-3804a5ce8926e37b,"You've always dreamed what it would feel like to be crushed under my massive 525lb body, now I'm gonna show you. Unlock to see how I 🥞 🍑 you flat under my ass and feet!",Video 0273,SSBBW Squashes You Under Ass and Feet,Video,OF caption inferred,2025-11-22,2025-11-22,2025-11-22,OF post date,medium,post date,supplemental native OF post stats,15.0,269.85,215.88,2026-07-04_19-56-53_onlyfans_native_posts_pdf_Statistics — OnlyFans.json
OnlyFans,OF post,pdf-post-a78e5cd5036ed499,I love watching you stroke for all this fat! Give me your fattest nut baby!,unmapped:onlyfans:i-love-watching-you-stroke-for-all-this-fat-give-me-your-fattest-nut-b,I love watching you stroke for all this fat! Give me your fattest nut baby!,,needs mapping,2024-07-03,2024-07-03,2024-07-03,OF post date,medium,post date,supplemental native OF post stats,15.0,269.85,215.88,2026-07-04_19-56-53_onlyfans_native_posts_pdf_Statistics — OnlyFans.json
OnlyFans,OF post,pdf-post-2ca0908000eedcc2,"I love the feeling of my body growing, and it's so hot to imagine how big and round my pregnant belly would look. Unlock if you would breed 🤤 pussy!",unmapped:onlyfans:i-love-the-feeling-of-my-body-growing-and-it-s-so-hot-to-imagine-how-b,"I love the feeling of my body growing, and it's so hot to imagine how big and round my pregnant belly would look. Unlock if you would breed 🤤 pussy!",,needs mapping,2024-10-25,2024-10-25,2024-10-25,OF post date,medium,post date,supplemental native OF post stats,20.0,259.8,207.84,2026-07-04_19-56-53_onlyfans_native_posts_pdf_Statistics — OnlyFans.json
OnlyFans,OF post,pdf-post-626a6f4e2e0e8854,"✨ Bouncing and jiggling every inch of my shiny, oiled-up fat!",Video 0238,SSBBW Oiled Up Jiggling and Bouncing,Video,OF caption inferred,2024-07-03,2024-07-03,2024-07-03,OF post date,medium,post date,supplemental native OF post stats,12.0,251.88,201.5,2026-07-04_19-56-53_onlyfans_native_posts_pdf_Statistics — OnlyFans.json
OnlyFans,OF post,pdf-post-dc66de7282b4de9b,You're gonna love how my fat body bursts out of my old cheer uniform!,unmapped:onlyfans:you-re-gonna-love-how-my-fat-body-bursts-out-of-my-old-cheer-uniform,You're gonna love how my fat body bursts out of my old cheer uniform!,,needs mapping,2023-11-10,2023-11-10,2023-11-10,OF post date,medium,post date,supplemental native OF post stats,14.0,251.86,201.49,2026-07-04_19-56-53_onlyfans_native_posts_pdf_Statistics — OnlyFans.json
OnlyFans,OF post,pdf-post-d13a384719ab9f12,"You've been seeing your psychologist for a while now and she thinks it's time for you to take the next step in accepting your fat attraction! 🍕 🤤 be watching her stuff her face, while she helps you come to terms with your desire!",unmapped:onlyfans:you-ve-been-seeing-your-psychologist-for-a-while-now-and-she-thinks-it,"You've been seeing your psychologist for a while now and she thinks it's time for you to take the next step in accepting your fat attraction! 🍕 🤤 be watching her stuff her face, while she helps you come to terms with your desire!",,needs mapping,2025-08-20,2025-08-20,2025-08-20,OF post date,medium,post date,supplemental native OF post stats,10.0,249.9,199.92,2026-07-04_19-56-53_onlyfans_native_posts_pdf_Statistics — OnlyFans.json
OnlyFans,OF post,pdf-post-53e38945fe0c74ca,"YYoouu ccaattcchh mmee wwaakkiinngg ffrroomm aa nnaapp,, mmyy bbooddyy eenngguullfifinngg tthhee bbeedd aass iitt ssqquueeaakkss iinn pprrootteesstt.. II lliigghhtt aa cciiggaarreettttee,, tthheenn wwrreessttllee wwiitthh aa lloonngg--ffoor",unmapped:onlyfans:yyoouu-ccaattcchh-mmee-wwaakkiinngg-ffrroomm-aa-nnaapp-mmyy-bbooddyy-e,"YYoouu ccaattcchh mmee wwaakkiinngg ffrroomm aa nnaapp,, mmyy bbooddyy eenngguullfifinngg tthhee bbeedd aass iitt ssqquueeaakkss iinn pprrootteesstt.. II lliigghhtt aa cciiggaarreettttee,, tthheenn wwrreessttllee wwiitthh aa lloonngg--ffoor",,needs mapping,2025-11-14,2025-11-14,2025-11-14,OF post date,medium,post date,supplemental native OF post stats,13.0,246.87,197.5,2026-07-04_19-56-53_onlyfans_native_posts_pdf_Statistics — OnlyFans.json
OnlyFans,OF post,pdf-post-bf77cc952217fe9c,"🥵 I'm so excited you're home, I've been craving you all day! 💜 😘 You don't wanna miss this hot pov solo.",Video 0188,SSBBW Solo POV BJ and Fuck,Video,OF caption inferred,2023-09-02,2023-09-02,2023-09-02,OF post date,medium,post date,supplemental native OF post stats,16.0,228.84,183.07,2026-07-04_19-56-53_onlyfans_native_posts_pdf_Statistics — OnlyFans.json
OnlyFans,OF post,pdf-post-bf279f63272237df,"You've been spotted by a massive gassy giantess, and there's nowhere for you to run. Will her burps and farts knock you out before she swallows 💨 😘 whole? You'll have to unlock to find out!",Video 0281,Gassy Giantess Gobbles You Up,Video,OF caption inferred,2026-04-07,2026-04-07,2026-04-07,OF post date,medium,post date,supplemental native OF post stats,9.0,224.91,179.93,2026-07-04_19-56-53_onlyfans_native_posts_pdf_Statistics — OnlyFans.json
OnlyFans,OF post,pdf-post-619968f7d1382032,😳 My huge gut is busting the buttons on my too-small clothes!,Video 0240,Gaining SSBBW Makes Her Buttons Pop,Video,OF caption inferred,2024-07-03,2024-07-03,2024-07-03,OF post date,medium,post date,supplemental native OF post stats,15.0,224.85,179.88,2026-07-04_19-56-53_onlyfans_native_posts_pdf_Statistics — OnlyFans.json
OnlyFans,OF post,pdf-post-8c783f92e95c3c9c,"You're secretly watching me get dressed for the day, but I've outgown all my clothes! I give up on going out and smoke a cigarette while I watch 🚬 👖 stead!",unmapped:onlyfans:you-re-secretly-watching-me-get-dressed-for-the-day-but-i-ve-outgown-a,"You're secretly watching me get dressed for the day, but I've outgown all my clothes! I give up on going out and smoke a cigarette while I watch 🚬 👖 stead!",,needs mapping,2024-05-06,2024-05-06,2024-05-06,OF post date,medium,post date,supplemental native OF post stats,14.0,223.86,179.09,2026-07-04_19-56-53_onlyfans_native_posts_pdf_Statistics — OnlyFans.json
OnlyFans,OF post,pdf-post-b2f2dbfba3a3ad92,✨ Oiling and jiggling this fat body for you to stroke to!,unmapped:onlyfans:oiling-and-jiggling-this-fat-body-for-you-to-stroke-to,✨ Oiling and jiggling this fat body for you to stroke to!,,needs mapping,2024-03-31,2024-03-31,2024-03-31,OF post date,medium,post date,supplemental native OF post stats,14.0,223.86,179.09,2026-07-04_19-56-53_onlyfans_native_posts_pdf_Statistics — OnlyFans.json
OnlyFans,OF post,pdf-post-56d9943c184399bd,🍑 These juicy thighs jiggle so good!,unmapped:onlyfans:these-juicy-thighs-jiggle-so-good,🍑 These juicy thighs jiggle so good!,,needs mapping,2024-03-07,2024-03-07,2024-03-07,OF post date,medium,post date,supplemental native OF post stats,17.0,220.83,176.66,2026-07-04_19-56-53_onlyfans_native_posts_pdf_Statistics — OnlyFans.json
OnlyFans,OF post,pdf-post-fd6b1947e1b671e6,"You've tried and tried to get me to go to the gym and I finally agree! But when I get home my clothes are in tatters and I have a sack of fast 🤤 🍔 🥤 my face with. I'm not meant for the gym, I'm meant to be a fat greedy pig!",unmapped:onlyfans:you-ve-tried-and-tried-to-get-me-to-go-to-the-gym-and-i-finally-agree-,"You've tried and tried to get me to go to the gym and I finally agree! But when I get home my clothes are in tatters and I have a sack of fast 🤤 🍔 🥤 my face with. I'm not meant for the gym, I'm meant to be a fat greedy pig!",,needs mapping,2025-06-16,2025-06-16,2025-06-16,OF post date,medium,post date,supplemental native OF post stats,11.0,219.89,175.91,2026-07-04_19-56-53_onlyfans_native_posts_pdf_Statistics — OnlyFans.json
OnlyFans,OF post,pdf-post-662099a22d509bf6,🤤 Stripping out of these sexy shiny leggings and rubbing this fat pussy until I cum for you!,unmapped:onlyfans:stripping-out-of-these-sexy-shiny-leggings-and-rubbing-this-fat-pussy-,🤤 Stripping out of these sexy shiny leggings and rubbing this fat pussy until I cum for you!,,needs mapping,2024-05-04,2024-05-04,2024-05-04,OF post date,medium,post date,supplemental native OF post stats,20.0,219.8,175.84,2026-07-04_19-56-53_onlyfans_native_posts_pdf_Statistics — OnlyFans.json
OnlyFans,OF post,pdf-post-c37785b69c511685,"You said you couldn't come see me anymore because of her, but you can't resist this fat growing body. This is for you if you can't resist the",unmapped:onlyfans:you-said-you-couldn-t-come-see-me-anymore-because-of-her-but-you-can-t,"You said you couldn't come see me anymore because of her, but you can't resist this fat growing body. This is for you if you can't resist the",,needs mapping,2024-10-25,2024-10-25,2024-10-25,OF post date,medium,post date,supplemental native OF post stats,21.0,219.79,175.83,2026-07-04_19-56-53_onlyfans_native_posts_pdf_Statistics — OnlyFans.json
OnlyFans,OF post,pdf-post-ac93afb7d2cb5878,🍪 🍪 Your submissive feedee didn't make her gaining goals. Unlock to see how she makes it up to you!,unmapped:onlyfans:your-submissive-feedee-didn-t-make-her-gaining-goals-unlock-to-see-how,🍪 🍪 Your submissive feedee didn't make her gaining goals. Unlock to see how she makes it up to you!,,needs mapping,2025-03-15,2025-03-15,2025-03-15,OF post date,medium,post date,supplemental native OF post stats,9.0,215.91,172.73,2026-07-04_19-56-53_onlyfans_native_posts_pdf_Statistics — OnlyFans.json
OnlyFans,OF post,pdf-post-ba841ab6b553360d,🥧 🤤 Wanna watch me stuff my pretty face with pie?,unmapped:onlyfans:wanna-watch-me-stuff-my-pretty-face-with-pie,🥧 🤤 Wanna watch me stuff my pretty face with pie?,,needs mapping,2023-12-02,2023-12-02,2023-12-02,OF post date,medium,post date,supplemental native OF post stats,12.0,215.88,172.7,2026-07-04_19-56-53_onlyfans_native_posts_pdf_Statistics — OnlyFans.json
OnlyFans,OF post,pdf-post-d25d4f8938e78f8b,"🛎 💁‍♀️ This concierge is giving five star service! She just can't resist a big tip, got one for her?",unmapped:onlyfans:this-concierge-is-giving-five-star-service-she-just-can-t-resist-a-big,"🛎 💁‍♀️ This concierge is giving five star service! She just can't resist a big tip, got one for her?",,needs mapping,2024-10-25,2024-10-25,2024-10-25,OF post date,medium,post date,supplemental native OF post stats,11.0,197.89,158.31,2026-07-04_19-56-53_onlyfans_native_posts_pdf_Statistics — OnlyFans.json
OnlyFans,OF post,pdf-post-dbe84fdf374f6453,😈 Fat succubus growing before your eyes to drain you for your cum!,Video 0251,Cum for My Fat,Video,OF caption inferred,2024-03-23,2024-03-23,2024-03-23,OF post date,medium,post date,supplemental native OF post stats,9.0,170.91,136.73,2026-07-04_19-56-53_onlyfans_native_posts_pdf_Statistics — OnlyFans.json
OnlyFans,OF post,pdf-post-f2fb0fea3831eb25,🍆 💦 I look so hot jiggling my perfect fat while I tell you just how to stroke for me. You better not nut until I count you down!,unmapped:onlyfans:i-look-so-hot-jiggling-my-perfect-fat-while-i-tell-you-just-how-to-str,🍆 💦 I look so hot jiggling my perfect fat while I tell you just how to stroke for me. You better not nut until I count you down!,,needs mapping,2023-09-30,2023-09-30,2023-09-30,OF post date,medium,post date,supplemental native OF post stats,11.0,164.89,131.91,2026-07-04_19-56-53_onlyfans_native_posts_pdf_Statistics — OnlyFans.json
OnlyFans,OF post,pdf-post-dafc2be98573806b,"😳 I thought these diet pills would solve everything, but it all went wrong! I grew so quick and got wedged in the car, by then it was too late... 🍗 🎈 wanna see me expand until I pop!",Video 0282,Diet Pills Gone Wrong,Video,OF caption inferred,2026-05-22,2026-05-22,2026-05-22,OF post date,medium,post date,supplemental native OF post stats,11.0,164.89,131.91,2026-07-04_19-56-53_onlyfans_native_posts_pdf_Statistics — OnlyFans.json
OnlyFans,OF post,pdf-post-10adc70cef9e9149,You can't resist the jiggle! Buy this sexy catwalk video and stroke for all this softness slapping and swaying in your face!,unmapped:onlyfans:you-can-t-resist-the-jiggle-buy-this-sexy-catwalk-video-and-stroke-for,You can't resist the jiggle! Buy this sexy catwalk video and stroke for all this softness slapping and swaying in your face!,,needs mapping,2023-05-25,2023-05-25,2023-05-25,OF post date,medium,post date,supplemental native OF post stats,11.0,164.89,131.91,2026-07-04_19-56-53_onlyfans_native_posts_pdf_Statistics — OnlyFans.json
OnlyFans,OF post,pdf-post-d0d99ee7bf815553,OnlyFans post 76,unmapped:onlyfans:onlyfans-post-76,OnlyFans post 76,,needs mapping,2024-01-16,2024-01-16,2024-01-16,OF post date,medium,post date,supplemental native OF post stats,15.0,164.85,131.88,2026-07-04_19-56-53_onlyfans_native_posts_pdf_Statistics — OnlyFans.json
OnlyFans,OF post,pdf-post-98846640caf817f2,Rubbing my plump sweet pussy until it cums hard for you!,unmapped:onlyfans:rubbing-my-plump-sweet-pussy-until-it-cums-hard-for-you,Rubbing my plump sweet pussy until it cums hard for you!,,needs mapping,2023-11-29,2023-11-29,2023-11-29,OF post date,medium,post date,supplemental native OF post stats,15.0,164.85,131.88,2026-07-04_19-56-53_onlyfans_native_posts_pdf_Statistics — OnlyFans.json
OnlyFans,OF post,pdf-post-63b08fcd517fd388,"I look insanely hot with every inch of my body covered in oil. You love watching these luscious cuves slipping, sliding, and jiggling all over!",unmapped:onlyfans:i-look-insanely-hot-with-every-inch-of-my-body-covered-in-oil-you-love,"I look insanely hot with every inch of my body covered in oil. You love watching these luscious cuves slipping, sliding, and jiggling all over!",,needs mapping,2023-08-31,2023-08-31,2023-08-31,OF post date,medium,post date,supplemental native OF post stats,10.0,159.9,127.92,2026-07-04_19-56-53_onlyfans_native_posts_pdf_Statistics — OnlyFans.json
OnlyFans,OF post,pdf-post-6d9f60cca3d9ba1c,🤤 Jiggling this belly and making my fat clap!,unmapped:onlyfans:jiggling-this-belly-and-making-my-fat-clap,🤤 Jiggling this belly and making my fat clap!,,needs mapping,2024-03-23,2024-03-23,2024-03-23,OF post date,medium,post date,supplemental native OF post stats,14.0,153.86,123.09,2026-07-04_19-56-53_onlyfans_native_posts_pdf_Statistics — OnlyFans.json
OnlyFans,OF post,pdf-post-89dfc1fee32564d8,🍑 🤤 I love putting my big round ass in your face and teasing you with my fat pussy! Don't you wanna cum for me?,Video 0251,Cum for My Fat,Video,OF caption inferred,2023-08-30,2023-08-30,2023-08-30,OF post date,medium,post date,supplemental native OF post stats,9.0,152.91,122.33,2026-07-04_19-56-53_onlyfans_native_posts_pdf_Statistics — OnlyFans.json
OnlyFans,OF post,pdf-post-3031f733f51e16f8,You're so tiny and I love being soooo much bigger than you. Do you want to make me grow even more?,unmapped:onlyfans:you-re-so-tiny-and-i-love-being-soooo-much-bigger-than-you-do-you-want,You're so tiny and I love being soooo much bigger than you. Do you want to make me grow even more?,,needs mapping,2023-09-30,2023-09-30,2023-09-30,OF post date,medium,post date,supplemental native OF post stats,10.0,149.9,119.92,2026-07-04_19-56-53_onlyfans_native_posts_pdf_Statistics — OnlyFans.json
OnlyFans,OF post,pdf-post-2cfcf517365023fb,"😍 Six years after her last visit, Dorothy is back in Oz and fatter than ever! The Wizard won't be able to resist her luscious new body. If you 🌈 gain, sparkly red heels, and POV fucking, you definitely don't want to miss this one!",Video 0277,Dorothy Returns to Oz POV,Video,OF caption inferred,2026-02-22,2026-02-22,2026-02-22,OF post date,medium,post date,supplemental native OF post stats,6.0,143.94,115.15,2026-07-04_19-56-53_onlyfans_native_posts_pdf_Statistics — OnlyFans.json
OnlyFans,OF post,pdf-post-83ebddb881c03b99,😅 My fat ass was not made for exercise. Watch my huff and puff my way through the jiggliest workout you've ever seen!,unmapped:onlyfans:my-fat-ass-was-not-made-for-exercise-watch-my-huff-and-puff-my-way-thr,😅 My fat ass was not made for exercise. Watch my huff and puff my way through the jiggliest workout you've ever seen!,,needs mapping,2023-12-10,2023-12-10,2023-12-10,OF post date,medium,post date,supplemental native OF post stats,9.0,143.91,115.13,2026-07-04_19-56-53_onlyfans_native_posts_pdf_Statistics — OnlyFans.json
OnlyFans,OF post,pdf-post-f3b376e3bd8b9622,🤤 Filling my fat gut with a whole box of ice cream sandwiches!,unmapped:onlyfans:filling-my-fat-gut-with-a-whole-box-of-ice-cream-sandwiches,🤤 Filling my fat gut with a whole box of ice cream sandwiches!,,needs mapping,2023-08-30,2023-08-30,2023-08-30,OF post date,medium,post date,supplemental native OF post stats,9.0,143.91,115.13,2026-07-04_19-56-53_onlyfans_native_posts_pdf_Statistics — OnlyFans.json
OnlyFans,OF post,pdf-post-300a094db661d472,🤤 💦 I'm so horny for you baby! Watch me tease and touch myself to try and get you to come over!,unmapped:onlyfans:i-m-so-horny-for-you-baby-watch-me-tease-and-touch-myself-to-try-and-g,🤤 💦 I'm so horny for you baby! Watch me tease and touch myself to try and get you to come over!,,needs mapping,2024-07-03,2024-07-03,2024-07-03,OF post date,medium,post date,supplemental native OF post stats,13.0,142.87,114.3,2026-07-04_19-56-53_onlyfans_native_posts_pdf_Statistics — OnlyFans.json
OnlyFans,OF post,pdf-post-db9eeecd5e1c2182,Your fat fitness instructor's powerful heavy stomps shake the groud and knock you off your feet!,unmapped:onlyfans:your-fat-fitness-instructor-s-powerful-heavy-stomps-shake-the-groud-an,Your fat fitness instructor's powerful heavy stomps shake the groud and knock you off your feet!,,needs mapping,2023-09-30,2023-09-30,2023-09-30,OF post date,medium,post date,supplemental native OF post stats,13.0,142.87,114.3,2026-07-04_19-56-53_onlyfans_native_posts_pdf_Statistics — OnlyFans.json
OnlyFans,OF post,pdf-post-2b918ba6cf22f33d,🍳 🥓 🥞 Breakfast and bed turns me into a greedy pig!,unmapped:onlyfans:breakfast-and-bed-turns-me-into-a-greedy-pig,🍳 🥓 🥞 Breakfast and bed turns me into a greedy pig!,,needs mapping,2024-02-20,2024-02-20,2024-02-20,OF post date,medium,post date,supplemental native OF post stats,8.0,135.92,108.74,2026-07-04_19-56-53_onlyfans_native_posts_pdf_Statistics — OnlyFans.json
OnlyFans,OF post,pdf-post-1f3585b4e398f4ac,OnlyFans post 88,unmapped:onlyfans:onlyfans-post-88,OnlyFans post 88,,needs mapping,2024-03-07,2024-03-07,2024-03-07,OF post date,medium,post date,supplemental native OF post stats,8.0,127.92,102.34,2026-07-04_19-56-53_onlyfans_native_posts_pdf_Statistics — OnlyFans.json
OnlyFans,OF post,pdf-post-bce6700b9d216348,🚿 🧼 Soaping up my big soft body in the shower!,unmapped:onlyfans:soaping-up-my-big-soft-body-in-the-shower,🚿 🧼 Soaping up my big soft body in the shower!,,needs mapping,2024-01-16,2024-01-16,2024-01-16,OF post date,medium,post date,supplemental native OF post stats,7.0,118.93,95.14,2026-07-04_19-56-53_onlyfans_native_posts_pdf_Statistics — OnlyFans.json
OnlyFans,OF post,pdf-post-f17cff9f3bc8136b,🤤 Looking sexy in this lingerie and even better with it off!,unmapped:onlyfans:looking-sexy-in-this-lingerie-and-even-better-with-it-off,🤤 Looking sexy in this lingerie and even better with it off!,,needs mapping,2024-03-07,2024-03-07,2024-03-07,OF post date,medium,post date,supplemental native OF post stats,7.0,111.93,89.54,2026-07-04_19-56-53_onlyfans_native_posts_pdf_Statistics — OnlyFans.json
OnlyFans,OF post,pdf-post-c2b5d81dcd9e6240,🏋🏻‍♀️ 🤤 Oiling up before huffing and puffing my way through a workout! You'll be drooling over these jiggles.,unmapped:onlyfans:oiling-up-before-huffing-and-puffing-my-way-through-a-workout-you-ll-b,🏋🏻‍♀️ 🤤 Oiling up before huffing and puffing my way through a workout! You'll be drooling over these jiggles.,,needs mapping,2023-09-02,2023-09-02,2023-09-02,OF post date,medium,post date,supplemental native OF post stats,8.0,111.92,89.54,2026-07-04_19-56-53_onlyfans_native_posts_pdf_Statistics — OnlyFans.json
OnlyFans,OF post,pdf-post-82f2cdfbc4aa3c43,My fat ass looks so good in jeans and even better out of them! Watch me strut!,Video 0202,BBW Struts and Jiggles Out of My Jeans,Video,OF caption inferred,2023-11-19,2023-11-19,2023-11-19,OF post date,medium,post date,supplemental native OF post stats,7.0,104.93,83.94,2026-07-04_19-56-53_onlyfans_native_posts_pdf_Statistics — OnlyFans.json
OnlyFans,OF post,pdf-post-e83d7921383527ec,🍩 🤤 Nothing makes me cum harder than stuffing my face!,unmapped:onlyfans:nothing-makes-me-cum-harder-than-stuffing-my-face,🍩 🤤 Nothing makes me cum harder than stuffing my face!,,needs mapping,2023-11-29,2023-11-29,2023-11-29,OF post date,medium,post date,supplemental native OF post stats,6.0,101.94,81.55,2026-07-04_19-56-53_onlyfans_native_posts_pdf_Statistics — OnlyFans.json
OnlyFans,OF post,pdf-post-a6f573e4c8fe6bbc,💜 🥵 Stutting in black skinny jeans and jiggling out of them. You know you wanna cum for my fat!,Video 0251,Cum for My Fat,Video,OF caption inferred,2023-08-31,2023-08-31,2023-08-31,OF post date,medium,post date,supplemental native OF post stats,6.0,89.94,71.95,2026-07-04_19-56-53_onlyfans_native_posts_pdf_Statistics — OnlyFans.json
OnlyFans,OF post,pdf-post-3a6062d619baa669,🥵 I look insanely hot in this bodystocking. Watch me bounce and jiggle as I model it for you!,unmapped:onlyfans:i-look-insanely-hot-in-this-bodystocking-watch-me-bounce-and-jiggle-as,🥵 I look insanely hot in this bodystocking. Watch me bounce and jiggle as I model it for you!,,needs mapping,2023-09-02,2023-09-02,2023-09-02,OF post date,medium,post date,supplemental native OF post stats,5.0,79.95,63.96,2026-07-04_19-56-53_onlyfans_native_posts_pdf_Statistics — OnlyFans.json
OnlyFans,OF post,pdf-post-275677ad2de48ad9,This sexy witch needs your seed to finish her special potion!,unmapped:onlyfans:this-sexy-witch-needs-your-seed-to-finish-her-special-potion,This sexy witch needs your seed to finish her special potion!,,needs mapping,2023-11-10,2023-11-10,2023-11-10,OF post date,medium,post date,supplemental native OF post stats,6.0,77.94,62.35,2026-07-04_19-56-53_onlyfans_native_posts_pdf_Statistics — OnlyFans.json
OnlyFans,OF post,pdf-post-3b129a587e63a8c5,"You've been spotted by a massive gassy giantess, and there's nowhere for you to run. Will her burps and farts knock you out before she swallows 💨 😘 whole? You'll have to unlock to find out!",Video 0281,Gassy Giantess Gobbles You Up,Video,OF caption inferred,2026-04-27,2026-04-27,2026-04-27,OF post date,medium,post date,supplemental native OF post stats,3.0,74.97,59.98,2026-07-04_19-56-53_onlyfans_native_posts_pdf_Statistics — OnlyFans.json
OnlyFans,OF post,pdf-post-7252c6fa548dcc5c,💪 😅 Fat jiggling like crazy while I'm out of breath and struggling through this work out!,unmapped:onlyfans:fat-jiggling-like-crazy-while-i-m-out-of-breath-and-struggling-through,💪 😅 Fat jiggling like crazy while I'm out of breath and struggling through this work out!,,needs mapping,2024-04-14,2024-04-14,2024-04-14,OF post date,medium,post date,supplemental native OF post stats,4.0,67.96,54.37,2026-07-04_19-56-53_onlyfans_native_posts_pdf_Statistics — OnlyFans.json
OnlyFans,OF post,pdf-post-4ea67fc60eb787ab,👅 Fat tits covered in whipped cream! Watch me lick them clean!,Video 0219,Messy Whipped Cream Tits,Video,OF caption inferred,2024-03-23,2024-03-23,2024-03-23,OF post date,medium,post date,supplemental native OF post stats,4.0,63.96,51.17,2026-07-04_19-56-53_onlyfans_native_posts_pdf_Statistics — OnlyFans.json
OnlyFans,OF post,pdf-post-8171ac516b474a5d,"😍 Can't get over how massive I look in this video! Check your messages, this is an unlock you don't want to miss!",unmapped:onlyfans:can-t-get-over-how-massive-i-look-in-this-video-check-your-messages-th,"😍 Can't get over how massive I look in this video! Check your messages, this is an unlock you don't want to miss!",,needs mapping,2026-01-31,2026-01-31,2026-01-31,OF post date,medium,post date,supplemental native OF post stats,,20.0,16.0,2026-07-04_19-56-53_onlyfans_native_posts_pdf_Statistics — OnlyFans.json
OnlyFans,OF post,pdf-post-91f00595d2925fa2,🥵 🍕 How I feel after stuffing my face,unmapped:onlyfans:how-i-feel-after-stuffing-my-face,🥵 🍕 How I feel after stuffing my face,,needs mapping,2026-04-22,2026-04-22,2026-04-22,OF post date,medium,post date,supplemental native OF post stats,,5.0,4.0,2026-07-04_19-56-53_onlyfans_native_posts_pdf_Statistics — OnlyFans.json
OnlyFans,OF post,pdf-post-1bb92dcbb58d60b1,🤭 Do these shorts make my everything look big?,unmapped:onlyfans:do-these-shorts-make-my-everything-look-big,🤭 Do these shorts make my everything look big?,,needs mapping,2025-04-17,2025-04-17,2025-04-17,OF post date,medium,post date,supplemental native OF post stats,,0.0,0.0,2026-07-04_19-56-53_onlyfans_native_posts_pdf_Statistics — OnlyFans.json
OnlyFans,OF post,pdf-post-48f7cff067d50d73,OnlyFans post 54,unmapped:onlyfans:onlyfans-post-54,OnlyFans post 54,,needs mapping,2025-12-07,2025-12-07,2025-12-07,OF post date,medium,post date,supplemental native OF post stats,,0.0,0.0,2026-07-04_19-56-53_onlyfans_native_posts_pdf_Statistics — OnlyFans.json
OnlyFans,OF post,pdf-post-1dc5f44a43756d2f,😌 Which part would make the best pillow?,unmapped:onlyfans:which-part-would-make-the-best-pillow,😌 Which part would make the best pillow?,,needs mapping,2025-07-25,2025-07-25,2025-07-25,OF post date,medium,post date,supplemental native OF post stats,,0.0,0.0,2026-07-04_19-56-53_onlyfans_native_posts_pdf_Statistics — OnlyFans.json
OnlyFans,OF post,pdf-post-9ef0b3f098eb6d6f,🤭 Am I round enough yet?,unmapped:onlyfans:am-i-round-enough-yet,🤭 Am I round enough yet?,,needs mapping,2025-04-17,2025-04-17,2025-04-17,OF post date,medium,post date,supplemental native OF post stats,,0.0,0.0,2026-07-04_19-56-53_onlyfans_native_posts_pdf_Statistics — OnlyFans.json
OnlyFans,OF post,pdf-post-27c65cee8cccf237,😍 Stuffing myself until I'm stuck!,Video 0266,Stuffing Until I'm Stuck,Video,OF caption inferred,2025-04-15,2025-04-15,2025-04-15,OF post date,medium,post date,supplemental native OF post stats,,0.0,0.0,2026-07-04_19-56-53_onlyfans_native_posts_pdf_Statistics — OnlyFans.json
OnlyFans,OF post,pdf-post-950fdae27e781579,🌯 🤤 Before and after,unmapped:onlyfans:before-and-after,🌯 🤤 Before and after,,needs mapping,2026-03-11,2026-03-11,2026-03-11,OF post date,medium,post date,supplemental native OF post stats,,0.0,0.0,2026-07-04_19-56-53_onlyfans_native_posts_pdf_Statistics — OnlyFans.json
OnlyFans,OF post,pdf-post-6dc9eb534aa291a1,"🤭 I’m so turned on thinking about all of you getting manipulated into becoming my feeders! 😘 💜 If you missed it, check your messages and get in on the fun!",unmapped:onlyfans:i-m-so-turned-on-thinking-about-all-of-you-getting-manipulated-into-be,"🤭 I’m so turned on thinking about all of you getting manipulated into becoming my feeders! 😘 💜 If you missed it, check your messages and get in on the fun!",,needs mapping,2026-03-06,2026-03-06,2026-03-06,OF post date,medium,post date,supplemental native OF post stats,,0.0,0.0,2026-07-04_19-56-53_onlyfans_native_posts_pdf_Statistics — OnlyFans.json
OnlyFans,OF post,pdf-post-9ee9523744fd1a8e,"😍 Boobs, belly, and booty. What could you want?",unmapped:onlyfans:boobs-belly-and-booty-what-could-you-want,"😍 Boobs, belly, and booty. What could you want?",,needs mapping,2026-05-23,2026-05-23,2026-05-23,OF post date,medium,post date,supplemental native OF post stats,,0.0,0.0,2026-07-04_19-56-53_onlyfans_native_posts_pdf_Statistics — OnlyFans.json
OnlyFans,OF post,pdf-post-de0ba4d683a5ad73,😈 How much fatter do you wanna see me get?,unmapped:onlyfans:how-much-fatter-do-you-wanna-see-me-get,😈 How much fatter do you wanna see me get?,,needs mapping,2026-05-06,2026-05-06,2026-05-06,OF post date,medium,post date,supplemental native OF post stats,,0.0,0.0,2026-07-04_19-56-53_onlyfans_native_posts_pdf_Statistics — OnlyFans.json
OnlyFans,OF post,pdf-post-18b3555087a91a12,OnlyFans post 100,unmapped:onlyfans:onlyfans-post-100,OnlyFans post 100,,needs mapping,2026-06-28,2026-06-28,2026-06-28,OF post date,medium,post date,supplemental native OF post stats,,0.0,0.0,2026-07-04_19-56-53_onlyfans_native_posts_pdf_Statistics — OnlyFans.json
