platform,title,clean_item_label,item_id,sales_count,gross_amount,net_amount,avg_gross_per_sale,avg_net_per_sale,price,row_count,first_date,last_date,source_files,latest_imported_at,surface,recency_basis,grain,allocation_method
Curvage,Crushing you flat under my massive 525lb body,Crushing you flat under my massive 525lb body,67883,1,201.56,149.4,201.56,149.4,17.99,1,2026-01-02,2026-01-02,creator_analytics/manual_backfills/curvage_title_counts_all_time_2013-01-01_to_2026-07-04.csv,2026-07-04T19:25:00,Curvage title-count allocation,sale date,allocated daily title count,Daily title counts allocated to canonical Curvage daily gross/net by price-weighted unit share.
Curvage,Nightmare Thanksgiving guest eats all the food! 🦃🤤,Nightmare Thanksgiving guest eats all the food! 🦃🤤,68878,1,78.8,58.41,78.8,58.41,31.99,1,2026-01-04,2026-01-04,creator_analytics/manual_backfills/curvage_title_counts_all_time_2013-01-01_to_2026-07-04.csv,2026-07-04T19:25:00,Curvage title-count allocation,sale date,allocated daily title count,Daily title counts allocated to canonical Curvage daily gross/net by price-weighted unit share.
Curvage,Nightmare Thanksgiving guest eats all the food! 🦃🤤,Nightmare Thanksgiving guest eats all the food! 🦃🤤,68878,1,40.82,30.26,40.82,30.26,31.99,1,2026-01-06,2026-01-06,creator_analytics/manual_backfills/curvage_title_counts_all_time_2013-01-01_to_2026-07-04.csv,2026-07-04T19:25:00,Curvage title-count allocation,sale date,allocated daily title count,Daily title counts allocated to canonical Curvage daily gross/net by price-weighted unit share.
Curvage,Thanksgiving stuffing and a cigarette! 🦃🚬,Thanksgiving stuffing and a cigarette! 🦃🚬,54801,1,38.27,28.36,38.27,28.36,29.99,1,2026-01-06,2026-01-06,creator_analytics/manual_backfills/curvage_title_counts_all_time_2013-01-01_to_2026-07-04.csv,2026-07-04T19:25:00,Curvage title-count allocation,sale date,allocated daily title count,Daily title counts allocated to canonical Curvage daily gross/net by price-weighted unit share.
Curvage,Crushing you flat under my massive 525lb body,Crushing you flat under my massive 525lb body,67883,1,24.1,17.86,24.1,17.86,17.99,1,2026-01-11,2026-01-11,creator_analytics/manual_backfills/curvage_title_counts_all_time_2013-01-01_to_2026-07-04.csv,2026-07-04T19:25:00,Curvage title-count allocation,sale date,allocated daily title count,Daily title counts allocated to canonical Curvage daily gross/net by price-weighted unit share.
Curvage,Nightmare Thanksgiving guest eats all the food! 🦃🤤,Nightmare Thanksgiving guest eats all the food! 🦃🤤,68878,1,42.85,31.76,42.85,31.76,31.99,1,2026-01-11,2026-01-11,creator_analytics/manual_backfills/curvage_title_counts_all_time_2013-01-01_to_2026-07-04.csv,2026-07-04T19:25:00,Curvage title-count allocation,sale date,allocated daily title count,Daily title counts allocated to canonical Curvage daily gross/net by price-weighted unit share.
Curvage,Cursed Cake Makes Greedy Co-worker Explode,Cursed Cake Makes Greedy Co-worker Explode,63618,2,56.1,41.58,28.05,20.79,27.99,1,2026-01-14,2026-01-14,creator_analytics/manual_backfills/curvage_title_counts_all_time_2013-01-01_to_2026-07-04.csv,2026-07-04T19:25:00,Curvage title-count allocation,sale date,allocated daily title count,Daily title counts allocated to canonical Curvage daily gross/net by price-weighted unit share.
Curvage,Nightmare Thanksgiving guest eats all the food! 🦃🤤,Nightmare Thanksgiving guest eats all the food! 🦃🤤,68878,1,62.17,46.08,62.17,46.08,31.99,1,2026-01-15,2026-01-15,creator_analytics/manual_backfills/curvage_title_counts_all_time_2013-01-01_to_2026-07-04.csv,2026-07-04T19:25:00,Curvage title-count allocation,sale date,allocated daily title count,Daily title counts allocated to canonical Curvage daily gross/net by price-weighted unit share.
Curvage,Cursed Cake Makes Greedy Co-worker Explode,Cursed Cake Makes Greedy Co-worker Explode,63618,1,61.88,45.87,61.88,45.87,27.99,1,2026-01-18,2026-01-18,creator_analytics/manual_backfills/curvage_title_counts_all_time_2013-01-01_to_2026-07-04.csv,2026-07-04T19:25:00,Curvage title-count allocation,sale date,allocated daily title count,Daily title counts allocated to canonical Curvage daily gross/net by price-weighted unit share.
Curvage,Nightmare Thanksgiving guest eats all the food! 🦃🤤,Nightmare Thanksgiving guest eats all the food! 🦃🤤,68878,1,42.94,31.83,42.94,31.83,31.99,1,2026-01-19,2026-01-19,creator_analytics/manual_backfills/curvage_title_counts_all_time_2013-01-01_to_2026-07-04.csv,2026-07-04T19:25:00,Curvage title-count allocation,sale date,allocated daily title count,Daily title counts allocated to canonical Curvage daily gross/net by price-weighted unit share.
Curvage,Cursed Cake Makes Greedy Co-worker Explode,Cursed Cake Makes Greedy Co-worker Explode,63618,1,28.07,20.8,28.07,20.8,27.99,1,2026-01-21,2026-01-21,creator_analytics/manual_backfills/curvage_title_counts_all_time_2013-01-01_to_2026-07-04.csv,2026-07-04T19:25:00,Curvage title-count allocation,sale date,allocated daily title count,Daily title counts allocated to canonical Curvage daily gross/net by price-weighted unit share.
Curvage,Nightmare Thanksgiving guest eats all the food! 🦃🤤,Nightmare Thanksgiving guest eats all the food! 🦃🤤,68878,1,32.08,23.78,32.08,23.78,31.99,1,2026-01-21,2026-01-21,creator_analytics/manual_backfills/curvage_title_counts_all_time_2013-01-01_to_2026-07-04.csv,2026-07-04T19:25:00,Curvage title-count allocation,sale date,allocated daily title count,Daily title counts allocated to canonical Curvage daily gross/net by price-weighted unit share.
Curvage,Nightmare Thanksgiving guest eats all the food! 🦃🤤,Nightmare Thanksgiving guest eats all the food! 🦃🤤,68878,1,109.16,80.91,109.16,80.91,31.99,1,2026-01-22,2026-01-22,creator_analytics/manual_backfills/curvage_title_counts_all_time_2013-01-01_to_2026-07-04.csv,2026-07-04T19:25:00,Curvage title-count allocation,sale date,allocated daily title count,Daily title counts allocated to canonical Curvage daily gross/net by price-weighted unit share.
Curvage,Cursed Cake Makes Greedy Co-worker Explode,Cursed Cake Makes Greedy Co-worker Explode,63618,1,73.02,54.12,73.02,54.12,27.99,1,2026-01-23,2026-01-23,creator_analytics/manual_backfills/curvage_title_counts_all_time_2013-01-01_to_2026-07-04.csv,2026-07-04T19:25:00,Curvage title-count allocation,sale date,allocated daily title count,Daily title counts allocated to canonical Curvage daily gross/net by price-weighted unit share.
Curvage,Cursed Cake Makes Greedy Co-worker Explode,Cursed Cake Makes Greedy Co-worker Explode,63618,1,41.55,30.8,41.55,30.8,27.99,1,2026-01-24,2026-01-24,creator_analytics/manual_backfills/curvage_title_counts_all_time_2013-01-01_to_2026-07-04.csv,2026-07-04T19:25:00,Curvage title-count allocation,sale date,allocated daily title count,Daily title counts allocated to canonical Curvage daily gross/net by price-weighted unit share.
Curvage,New weigh-in and measurements! 😍,New weigh-in and measurements! 😍,56046,1,51.94,38.5,51.94,38.5,34.99,1,2026-01-24,2026-01-24,creator_analytics/manual_backfills/curvage_title_counts_all_time_2013-01-01_to_2026-07-04.csv,2026-07-04T19:25:00,Curvage title-count allocation,sale date,allocated daily title count,Daily title counts allocated to canonical Curvage daily gross/net by price-weighted unit share.
Curvage,Nightmare Thanksgiving guest eats all the food! 🦃🤤,Nightmare Thanksgiving guest eats all the food! 🦃🤤,68878,1,47.49,35.2,47.49,35.2,31.99,1,2026-01-24,2026-01-24,creator_analytics/manual_backfills/curvage_title_counts_all_time_2013-01-01_to_2026-07-04.csv,2026-07-04T19:25:00,Curvage title-count allocation,sale date,allocated daily title count,Daily title counts allocated to canonical Curvage daily gross/net by price-weighted unit share.
Curvage,Crushing you flat under my massive 525lb body,Crushing you flat under my massive 525lb body,67883,1,46.15,34.21,46.15,34.21,17.99,1,2026-01-26,2026-01-26,creator_analytics/manual_backfills/curvage_title_counts_all_time_2013-01-01_to_2026-07-04.csv,2026-07-04T19:25:00,Curvage title-count allocation,sale date,allocated daily title count,Daily title counts allocated to canonical Curvage daily gross/net by price-weighted unit share.
Curvage,Stuffing tacos makes me burp and fart! 🌮💨,Stuffing tacos makes me burp and fart! 🌮💨,60064,1,89.76,66.53,89.76,66.53,34.99,1,2026-01-26,2026-01-26,creator_analytics/manual_backfills/curvage_title_counts_all_time_2013-01-01_to_2026-07-04.csv,2026-07-04T19:25:00,Curvage title-count allocation,sale date,allocated daily title count,Daily title counts allocated to canonical Curvage daily gross/net by price-weighted unit share.
Curvage,Stuffing My Face After Hitting the Gym! 🍔🥤,Stuffing My Face After Hitting the Gym! 🍔🥤,58749,1,20.03,14.85,20.03,14.85,19.99,1,2026-01-27,2026-01-27,creator_analytics/manual_backfills/curvage_title_counts_all_time_2013-01-01_to_2026-07-04.csv,2026-07-04T19:25:00,Curvage title-count allocation,sale date,allocated daily title count,Daily title counts allocated to canonical Curvage daily gross/net by price-weighted unit share.
Curvage,Stuffing tacos makes me burp and fart! 🌮💨,Stuffing tacos makes me burp and fart! 🌮💨,60064,1,35.06,25.98,35.06,25.98,34.99,1,2026-01-27,2026-01-27,creator_analytics/manual_backfills/curvage_title_counts_all_time_2013-01-01_to_2026-07-04.csv,2026-07-04T19:25:00,Curvage title-count allocation,sale date,allocated daily title count,Daily title counts allocated to canonical Curvage daily gross/net by price-weighted unit share.
Curvage,Cursed Cake Makes Greedy Co-worker Explode,Cursed Cake Makes Greedy Co-worker Explode,63618,1,44.97,33.33,44.97,33.33,27.99,1,2026-01-29,2026-01-29,creator_analytics/manual_backfills/curvage_title_counts_all_time_2013-01-01_to_2026-07-04.csv,2026-07-04T19:25:00,Curvage title-count allocation,sale date,allocated daily title count,Daily title counts allocated to canonical Curvage daily gross/net by price-weighted unit share.
Curvage,Cursed Cake Makes Greedy Co-worker Explode,Cursed Cake Makes Greedy Co-worker Explode,63618,1,31.79,23.56,31.79,23.56,27.99,1,2026-01-30,2026-01-30,creator_analytics/manual_backfills/curvage_title_counts_all_time_2013-01-01_to_2026-07-04.csv,2026-07-04T19:25:00,Curvage title-count allocation,sale date,allocated daily title count,Daily title counts allocated to canonical Curvage daily gross/net by price-weighted unit share.
Curvage,Gassy giantess vores you 👅💨,Gassy giantess vores you 👅💨,71108,10,283.81,210.37,28.38,21.04,24.99,1,2026-01-30,2026-01-30,creator_analytics/manual_backfills/curvage_title_counts_all_time_2013-01-01_to_2026-07-04.csv,2026-07-04T19:25:00,Curvage title-count allocation,sale date,allocated daily title count,Daily title counts allocated to canonical Curvage daily gross/net by price-weighted unit share.
Curvage,Nightmare Thanksgiving guest eats all the food! 🦃🤤,Nightmare Thanksgiving guest eats all the food! 🦃🤤,68878,1,36.33,26.93,36.33,26.93,31.99,1,2026-01-30,2026-01-30,creator_analytics/manual_backfills/curvage_title_counts_all_time_2013-01-01_to_2026-07-04.csv,2026-07-04T19:25:00,Curvage title-count allocation,sale date,allocated daily title count,Daily title counts allocated to canonical Curvage daily gross/net by price-weighted unit share.
Curvage,Stuffing and making out with your feedee 🤤🍗,Stuffing and making out with your feedee 🤤🍗,48622,1,28.38,21.04,28.38,21.04,24.99,1,2026-01-30,2026-01-30,creator_analytics/manual_backfills/curvage_title_counts_all_time_2013-01-01_to_2026-07-04.csv,2026-07-04T19:25:00,Curvage title-count allocation,sale date,allocated daily title count,Daily title counts allocated to canonical Curvage daily gross/net by price-weighted unit share.
Curvage,Thanksgiving stuffing and a cigarette! 🦃🚬,Thanksgiving stuffing and a cigarette! 🦃🚬,54801,1,34.06,25.25,34.06,25.25,29.99,1,2026-01-30,2026-01-30,creator_analytics/manual_backfills/curvage_title_counts_all_time_2013-01-01_to_2026-07-04.csv,2026-07-04T19:25:00,Curvage title-count allocation,sale date,allocated daily title count,Daily title counts allocated to canonical Curvage daily gross/net by price-weighted unit share.
Curvage,Cursed Cake Makes Greedy Co-worker Explode,Cursed Cake Makes Greedy Co-worker Explode,63618,1,32.62,24.18,32.62,24.18,27.99,1,2026-01-31,2026-01-31,creator_analytics/manual_backfills/curvage_title_counts_all_time_2013-01-01_to_2026-07-04.csv,2026-07-04T19:25:00,Curvage title-count allocation,sale date,allocated daily title count,Daily title counts allocated to canonical Curvage daily gross/net by price-weighted unit share.
Curvage,Gassy giantess vores you 👅💨,Gassy giantess vores you 👅💨,71108,3,87.38,64.77,29.13,21.59,24.99,1,2026-01-31,2026-01-31,creator_analytics/manual_backfills/curvage_title_counts_all_time_2013-01-01_to_2026-07-04.csv,2026-07-04T19:25:00,Curvage title-count allocation,sale date,allocated daily title count,Daily title counts allocated to canonical Curvage daily gross/net by price-weighted unit share.
Curvage,Cursed Cake Makes Greedy Co-worker Explode,Cursed Cake Makes Greedy Co-worker Explode,63618,1,28.04,20.78,28.04,20.78,27.99,1,2026-02-01,2026-02-01,creator_analytics/manual_backfills/curvage_title_counts_all_time_2013-01-01_to_2026-07-04.csv,2026-07-04T19:25:00,Curvage title-count allocation,sale date,allocated daily title count,Daily title counts allocated to canonical Curvage daily gross/net by price-weighted unit share.
Curvage,Gassy giantess vores you 👅💨,Gassy giantess vores you 👅💨,71108,3,75.1,55.67,25.03,18.56,24.99,1,2026-02-01,2026-02-01,creator_analytics/manual_backfills/curvage_title_counts_all_time_2013-01-01_to_2026-07-04.csv,2026-07-04T19:25:00,Curvage title-count allocation,sale date,allocated daily title count,Daily title counts allocated to canonical Curvage daily gross/net by price-weighted unit share.
Curvage,Nightmare Thanksgiving guest eats all the food! 🦃🤤,Nightmare Thanksgiving guest eats all the food! 🦃🤤,68878,1,32.05,23.75,32.05,23.75,31.99,1,2026-02-01,2026-02-01,creator_analytics/manual_backfills/curvage_title_counts_all_time_2013-01-01_to_2026-07-04.csv,2026-07-04T19:25:00,Curvage title-count allocation,sale date,allocated daily title count,Daily title counts allocated to canonical Curvage daily gross/net by price-weighted unit share.
Curvage,Cursed Cake Makes Greedy Co-worker Explode,Cursed Cake Makes Greedy Co-worker Explode,63618,1,28.05,20.79,28.05,20.79,27.99,1,2026-02-02,2026-02-02,creator_analytics/manual_backfills/curvage_title_counts_all_time_2013-01-01_to_2026-07-04.csv,2026-07-04T19:25:00,Curvage title-count allocation,sale date,allocated daily title count,Daily title counts allocated to canonical Curvage daily gross/net by price-weighted unit share.
Curvage,Gassy giantess vores you 👅💨,Gassy giantess vores you 👅💨,71108,1,25.05,18.56,25.05,18.56,24.99,1,2026-02-02,2026-02-02,creator_analytics/manual_backfills/curvage_title_counts_all_time_2013-01-01_to_2026-07-04.csv,2026-07-04T19:25:00,Curvage title-count allocation,sale date,allocated daily title count,Daily title counts allocated to canonical Curvage daily gross/net by price-weighted unit share.
Curvage,Nightmare Thanksgiving guest eats all the food! 🦃🤤,Nightmare Thanksgiving guest eats all the food! 🦃🤤,68878,1,32.06,23.76,32.06,23.76,31.99,1,2026-02-02,2026-02-02,creator_analytics/manual_backfills/curvage_title_counts_all_time_2013-01-01_to_2026-07-04.csv,2026-07-04T19:25:00,Curvage title-count allocation,sale date,allocated daily title count,Daily title counts allocated to canonical Curvage daily gross/net by price-weighted unit share.
Curvage,Gassy giantess vores you 👅💨,Gassy giantess vores you 👅💨,71108,1,92.97,68.91,92.97,68.91,24.99,1,2026-02-03,2026-02-03,creator_analytics/manual_backfills/curvage_title_counts_all_time_2013-01-01_to_2026-07-04.csv,2026-07-04T19:25:00,Curvage title-count allocation,sale date,allocated daily title count,Daily title counts allocated to canonical Curvage daily gross/net by price-weighted unit share.
Curvage,Greedy girlfriend stuffs her face and vores you! 🤤🍔,Greedy girlfriend stuffs her face and vores you! 🤤🍔,56366,1,40.35,29.91,40.35,29.91,21.99,1,2026-02-04,2026-02-04,creator_analytics/manual_backfills/curvage_title_counts_all_time_2013-01-01_to_2026-07-04.csv,2026-07-04T19:25:00,Curvage title-count allocation,sale date,allocated daily title count,Daily title counts allocated to canonical Curvage daily gross/net by price-weighted unit share.
Curvage,Nightmare Thanksgiving guest eats all the food! 🦃🤤,Nightmare Thanksgiving guest eats all the food! 🦃🤤,68878,1,58.69,43.5,58.69,43.5,31.99,1,2026-02-04,2026-02-04,creator_analytics/manual_backfills/curvage_title_counts_all_time_2013-01-01_to_2026-07-04.csv,2026-07-04T19:25:00,Curvage title-count allocation,sale date,allocated daily title count,Daily title counts allocated to canonical Curvage daily gross/net by price-weighted unit share.
Curvage,Cursed Cake Makes Greedy Co-worker Explode,Cursed Cake Makes Greedy Co-worker Explode,63618,1,39.49,29.27,39.49,29.27,27.99,1,2026-02-06,2026-02-06,creator_analytics/manual_backfills/curvage_title_counts_all_time_2013-01-01_to_2026-07-04.csv,2026-07-04T19:25:00,Curvage title-count allocation,sale date,allocated daily title count,Daily title counts allocated to canonical Curvage daily gross/net by price-weighted unit share.
Curvage,Gassy giantess vores you 👅💨,Gassy giantess vores you 👅💨,71108,1,35.26,26.14,35.26,26.14,24.99,1,2026-02-06,2026-02-06,creator_analytics/manual_backfills/curvage_title_counts_all_time_2013-01-01_to_2026-07-04.csv,2026-07-04T19:25:00,Curvage title-count allocation,sale date,allocated daily title count,Daily title counts allocated to canonical Curvage daily gross/net by price-weighted unit share.
Curvage,Gassy giantess vores you 👅💨,Gassy giantess vores you 👅💨,71108,1,25.01,18.54,25.01,18.54,24.99,1,2026-02-10,2026-02-10,creator_analytics/manual_backfills/curvage_title_counts_all_time_2013-01-01_to_2026-07-04.csv,2026-07-04T19:25:00,Curvage title-count allocation,sale date,allocated daily title count,Daily title counts allocated to canonical Curvage daily gross/net by price-weighted unit share.
Curvage,Gassy giantess vores you 👅💨,Gassy giantess vores you 👅💨,71108,1,53.18,39.42,53.18,39.42,24.99,1,2026-02-11,2026-02-11,creator_analytics/manual_backfills/curvage_title_counts_all_time_2013-01-01_to_2026-07-04.csv,2026-07-04T19:25:00,Curvage title-count allocation,sale date,allocated daily title count,Daily title counts allocated to canonical Curvage daily gross/net by price-weighted unit share.
Curvage,Stuffing My Face After Hitting the Gym! 🍔🥤,Stuffing My Face After Hitting the Gym! 🍔🥤,58749,1,42.54,31.53,42.54,31.53,19.99,1,2026-02-11,2026-02-11,creator_analytics/manual_backfills/curvage_title_counts_all_time_2013-01-01_to_2026-07-04.csv,2026-07-04T19:25:00,Curvage title-count allocation,sale date,allocated daily title count,Daily title counts allocated to canonical Curvage daily gross/net by price-weighted unit share.
Curvage,Greedy girlfriend stuffs her face and vores you! 🤤🍔,Greedy girlfriend stuffs her face and vores you! 🤤🍔,56366,1,41.42,30.7,41.42,30.7,21.99,1,2026-02-12,2026-02-12,creator_analytics/manual_backfills/curvage_title_counts_all_time_2013-01-01_to_2026-07-04.csv,2026-07-04T19:25:00,Curvage title-count allocation,sale date,allocated daily title count,Daily title counts allocated to canonical Curvage daily gross/net by price-weighted unit share.
Curvage,Stuffing My Face After Hitting the Gym! 🍔🥤,Stuffing My Face After Hitting the Gym! 🍔🥤,58749,1,37.66,27.91,37.66,27.91,19.99,1,2026-02-12,2026-02-12,creator_analytics/manual_backfills/curvage_title_counts_all_time_2013-01-01_to_2026-07-04.csv,2026-07-04T19:25:00,Curvage title-count allocation,sale date,allocated daily title count,Daily title counts allocated to canonical Curvage daily gross/net by price-weighted unit share.
Curvage,Stuffing tacos makes me burp and fart! 🌮💨,Stuffing tacos makes me burp and fart! 🌮💨,60064,1,65.91,48.86,65.91,48.86,34.99,1,2026-02-12,2026-02-12,creator_analytics/manual_backfills/curvage_title_counts_all_time_2013-01-01_to_2026-07-04.csv,2026-07-04T19:25:00,Curvage title-count allocation,sale date,allocated daily title count,Daily title counts allocated to canonical Curvage daily gross/net by price-weighted unit share.
Curvage,Watch my fat jiggle while I struggle to work out! 😅💪,Watch my fat jiggle while I struggle to work out! 😅💪,45396,1,24.47,18.14,24.47,18.14,12.99,1,2026-02-12,2026-02-12,creator_analytics/manual_backfills/curvage_title_counts_all_time_2013-01-01_to_2026-07-04.csv,2026-07-04T19:25:00,Curvage title-count allocation,sale date,allocated daily title count,Daily title counts allocated to canonical Curvage daily gross/net by price-weighted unit share.
Curvage,Gassy giantess vores you 👅💨,Gassy giantess vores you 👅💨,71108,1,28.23,20.93,28.23,20.93,24.99,1,2026-02-14,2026-02-14,creator_analytics/manual_backfills/curvage_title_counts_all_time_2013-01-01_to_2026-07-04.csv,2026-07-04T19:25:00,Curvage title-count allocation,sale date,allocated daily title count,Daily title counts allocated to canonical Curvage daily gross/net by price-weighted unit share.
Curvage,Nightmare Thanksgiving guest eats all the food! 🦃🤤,Nightmare Thanksgiving guest eats all the food! 🦃🤤,68878,2,72.28,53.57,36.14,26.79,31.99,1,2026-02-14,2026-02-14,creator_analytics/manual_backfills/curvage_title_counts_all_time_2013-01-01_to_2026-07-04.csv,2026-07-04T19:25:00,Curvage title-count allocation,sale date,allocated daily title count,Daily title counts allocated to canonical Curvage daily gross/net by price-weighted unit share.
Curvage,Soda-chugging cutie gets bloated and belches!,Soda-chugging cutie gets bloated and belches!,28679,1,12.42,9.2,12.42,9.2,10.99,1,2026-02-14,2026-02-14,creator_analytics/manual_backfills/curvage_title_counts_all_time_2013-01-01_to_2026-07-04.csv,2026-07-04T19:25:00,Curvage title-count allocation,sale date,allocated daily title count,Daily title counts allocated to canonical Curvage daily gross/net by price-weighted unit share.
Curvage,Gassy giantess vores you 👅💨,Gassy giantess vores you 👅💨,71108,1,46.99,34.83,46.99,34.83,24.99,1,2026-02-17,2026-02-17,creator_analytics/manual_backfills/curvage_title_counts_all_time_2013-01-01_to_2026-07-04.csv,2026-07-04T19:25:00,Curvage title-count allocation,sale date,allocated daily title count,Daily title counts allocated to canonical Curvage daily gross/net by price-weighted unit share.
Curvage,Gassy giantess vores you 👅💨,Gassy giantess vores you 👅💨,71108,1,32.02,23.74,32.02,23.74,24.99,1,2026-02-21,2026-02-21,creator_analytics/manual_backfills/curvage_title_counts_all_time_2013-01-01_to_2026-07-04.csv,2026-07-04T19:25:00,Curvage title-count allocation,sale date,allocated daily title count,Daily title counts allocated to canonical Curvage daily gross/net by price-weighted unit share.
Curvage,Nightmare Thanksgiving guest eats all the food! 🦃🤤,Nightmare Thanksgiving guest eats all the food! 🦃🤤,68878,1,40.99,30.38,40.99,30.38,31.99,1,2026-02-21,2026-02-21,creator_analytics/manual_backfills/curvage_title_counts_all_time_2013-01-01_to_2026-07-04.csv,2026-07-04T19:25:00,Curvage title-count allocation,sale date,allocated daily title count,Daily title counts allocated to canonical Curvage daily gross/net by price-weighted unit share.
Curvage,Cursed Cake Makes Greedy Co-worker Explode,Cursed Cake Makes Greedy Co-worker Explode,63618,1,44.41,32.92,44.41,32.92,27.99,1,2026-02-22,2026-02-22,creator_analytics/manual_backfills/curvage_title_counts_all_time_2013-01-01_to_2026-07-04.csv,2026-07-04T19:25:00,Curvage title-count allocation,sale date,allocated daily title count,Daily title counts allocated to canonical Curvage daily gross/net by price-weighted unit share.
Curvage,Horny SSBBW Succubus Grows for Your Cum POV,Horny SSBBW Succubus Grows for Your Cum POV,44086,1,23.78,17.63,23.78,17.63,14.99,1,2026-02-22,2026-02-22,creator_analytics/manual_backfills/curvage_title_counts_all_time_2013-01-01_to_2026-07-04.csv,2026-07-04T19:25:00,Curvage title-count allocation,sale date,allocated daily title count,Daily title counts allocated to canonical Curvage daily gross/net by price-weighted unit share.
Curvage,Stuffing and making out with your feedee 🤤🍗,Stuffing and making out with your feedee 🤤🍗,48622,1,39.65,29.39,39.65,29.39,24.99,1,2026-02-22,2026-02-22,creator_analytics/manual_backfills/curvage_title_counts_all_time_2013-01-01_to_2026-07-04.csv,2026-07-04T19:25:00,Curvage title-count allocation,sale date,allocated daily title count,Daily title counts allocated to canonical Curvage daily gross/net by price-weighted unit share.
Curvage,Stuffing in the Car Until I'm Stuck! 🚙🍟,Stuffing in the Car Until I'm Stuck! 🚙🍟,59966,1,46.0,34.09,46.0,34.09,28.99,1,2026-02-22,2026-02-22,creator_analytics/manual_backfills/curvage_title_counts_all_time_2013-01-01_to_2026-07-04.csv,2026-07-04T19:25:00,Curvage title-count allocation,sale date,allocated daily title count,Daily title counts allocated to canonical Curvage daily gross/net by price-weighted unit share.
Curvage,Nightmare Thanksgiving guest eats all the food! 🦃🤤,Nightmare Thanksgiving guest eats all the food! 🦃🤤,68878,1,38.21,28.32,38.21,28.32,31.99,1,2026-02-23,2026-02-23,creator_analytics/manual_backfills/curvage_title_counts_all_time_2013-01-01_to_2026-07-04.csv,2026-07-04T19:25:00,Curvage title-count allocation,sale date,allocated daily title count,Daily title counts allocated to canonical Curvage daily gross/net by price-weighted unit share.
Curvage,Pills make me grow until I pop 💊🍗🎈,Pills make me grow until I pop 💊🍗🎈,72067,46,823.65,610.5,17.91,13.27,14.99,1,2026-02-23,2026-02-23,creator_analytics/manual_backfills/curvage_title_counts_all_time_2013-01-01_to_2026-07-04.csv,2026-07-04T19:25:00,Curvage title-count allocation,sale date,allocated daily title count,Daily title counts allocated to canonical Curvage daily gross/net by price-weighted unit share.
Curvage,Sexy fatty gobbles a dozen ice cream sandwiches!,Sexy fatty gobbles a dozen ice cream sandwiches!,33057,1,10.74,7.96,10.74,7.96,8.99,1,2026-02-23,2026-02-23,creator_analytics/manual_backfills/curvage_title_counts_all_time_2013-01-01_to_2026-07-04.csv,2026-07-04T19:25:00,Curvage title-count allocation,sale date,allocated daily title count,Daily title counts allocated to canonical Curvage daily gross/net by price-weighted unit share.
Curvage,Stuffing My Face After Hitting the Gym! 🍔🥤,Stuffing My Face After Hitting the Gym! 🍔🥤,58749,1,23.88,17.7,23.88,17.7,19.99,1,2026-02-23,2026-02-23,creator_analytics/manual_backfills/curvage_title_counts_all_time_2013-01-01_to_2026-07-04.csv,2026-07-04T19:25:00,Curvage title-count allocation,sale date,allocated daily title count,Daily title counts allocated to canonical Curvage daily gross/net by price-weighted unit share.
Curvage,Your Girlfriend Encourages Mutual Gain POV,Your Girlfriend Encourages Mutual Gain POV,55022,1,29.85,22.13,29.85,22.13,24.99,1,2026-02-23,2026-02-23,creator_analytics/manual_backfills/curvage_title_counts_all_time_2013-01-01_to_2026-07-04.csv,2026-07-04T19:25:00,Curvage title-count allocation,sale date,allocated daily title count,Daily title counts allocated to canonical Curvage daily gross/net by price-weighted unit share.
Curvage,Pills make me grow until I pop 💊🍗🎈,Pills make me grow until I pop 💊🍗🎈,72067,14,234.37,173.72,16.74,12.41,14.99,1,2026-02-24,2026-02-24,creator_analytics/manual_backfills/curvage_title_counts_all_time_2013-01-01_to_2026-07-04.csv,2026-07-04T19:25:00,Curvage title-count allocation,sale date,allocated daily title count,Daily title counts allocated to canonical Curvage daily gross/net by price-weighted unit share.
Curvage,Stuffing tacos makes me burp and fart! 🌮💨,Stuffing tacos makes me burp and fart! 🌮💨,60064,1,39.08,28.96,39.08,28.96,34.99,1,2026-02-24,2026-02-24,creator_analytics/manual_backfills/curvage_title_counts_all_time_2013-01-01_to_2026-07-04.csv,2026-07-04T19:25:00,Curvage title-count allocation,sale date,allocated daily title count,Daily title counts allocated to canonical Curvage daily gross/net by price-weighted unit share.
Curvage,Pills make me grow until I pop 💊🍗🎈,Pills make me grow until I pop 💊🍗🎈,72067,8,134.05,99.36,16.76,12.42,14.99,1,2026-02-25,2026-02-25,creator_analytics/manual_backfills/curvage_title_counts_all_time_2013-01-01_to_2026-07-04.csv,2026-07-04T19:25:00,Curvage title-count allocation,sale date,allocated daily title count,Daily title counts allocated to canonical Curvage daily gross/net by price-weighted unit share.
Curvage,New weigh-in and measurements! 😍,New weigh-in and measurements! 😍,56046,1,40.4,29.94,40.4,29.94,34.99,1,2026-02-26,2026-02-26,creator_analytics/manual_backfills/curvage_title_counts_all_time_2013-01-01_to_2026-07-04.csv,2026-07-04T19:25:00,Curvage title-count allocation,sale date,allocated daily title count,Daily title counts allocated to canonical Curvage daily gross/net by price-weighted unit share.
Curvage,Nightmare Thanksgiving guest eats all the food! 🦃🤤,Nightmare Thanksgiving guest eats all the food! 🦃🤤,68878,1,36.93,27.38,36.93,27.38,31.99,1,2026-02-26,2026-02-26,creator_analytics/manual_backfills/curvage_title_counts_all_time_2013-01-01_to_2026-07-04.csv,2026-07-04T19:25:00,Curvage title-count allocation,sale date,allocated daily title count,Daily title counts allocated to canonical Curvage daily gross/net by price-weighted unit share.
Curvage,Pills make me grow until I pop 💊🍗🎈,Pills make me grow until I pop 💊🍗🎈,72067,9,155.76,115.45,17.31,12.83,14.99,1,2026-02-26,2026-02-26,creator_analytics/manual_backfills/curvage_title_counts_all_time_2013-01-01_to_2026-07-04.csv,2026-07-04T19:25:00,Curvage title-count allocation,sale date,allocated daily title count,Daily title counts allocated to canonical Curvage daily gross/net by price-weighted unit share.
Curvage,Cursed Cake Makes Greedy Co-worker Explode,Cursed Cake Makes Greedy Co-worker Explode,63618,1,32.2,23.87,32.2,23.87,27.99,1,2026-02-27,2026-02-27,creator_analytics/manual_backfills/curvage_title_counts_all_time_2013-01-01_to_2026-07-04.csv,2026-07-04T19:25:00,Curvage title-count allocation,sale date,allocated daily title count,Daily title counts allocated to canonical Curvage daily gross/net by price-weighted unit share.
Curvage,Pills make me grow until I pop 💊🍗🎈,Pills make me grow until I pop 💊🍗🎈,72067,5,86.23,63.91,17.25,12.78,14.99,1,2026-02-27,2026-02-27,creator_analytics/manual_backfills/curvage_title_counts_all_time_2013-01-01_to_2026-07-04.csv,2026-07-04T19:25:00,Curvage title-count allocation,sale date,allocated daily title count,Daily title counts allocated to canonical Curvage daily gross/net by price-weighted unit share.
Curvage,Cursed Cake Makes Greedy Co-worker Explode,Cursed Cake Makes Greedy Co-worker Explode,63618,1,60.36,44.74,60.36,44.74,27.99,1,2026-02-28,2026-02-28,creator_analytics/manual_backfills/curvage_title_counts_all_time_2013-01-01_to_2026-07-04.csv,2026-07-04T19:25:00,Curvage title-count allocation,sale date,allocated daily title count,Daily title counts allocated to canonical Curvage daily gross/net by price-weighted unit share.
Curvage,Pills make me grow until I pop 💊🍗🎈,Pills make me grow until I pop 💊🍗🎈,72067,1,32.33,23.96,32.33,23.96,14.99,1,2026-02-28,2026-02-28,creator_analytics/manual_backfills/curvage_title_counts_all_time_2013-01-01_to_2026-07-04.csv,2026-07-04T19:25:00,Curvage title-count allocation,sale date,allocated daily title count,Daily title counts allocated to canonical Curvage daily gross/net by price-weighted unit share.
Curvage,Gassy giantess vores you 👅💨,Gassy giantess vores you 👅💨,71108,1,31.79,23.56,31.79,23.56,24.99,1,2026-03-01,2026-03-01,creator_analytics/manual_backfills/curvage_title_counts_all_time_2013-01-01_to_2026-07-04.csv,2026-07-04T19:25:00,Curvage title-count allocation,sale date,allocated daily title count,Daily title counts allocated to canonical Curvage daily gross/net by price-weighted unit share.
Curvage,Pills make me grow until I pop 💊🍗🎈,Pills make me grow until I pop 💊🍗🎈,72067,6,114.4,84.8,19.07,14.13,14.99,1,2026-03-01,2026-03-01,creator_analytics/manual_backfills/curvage_title_counts_all_time_2013-01-01_to_2026-07-04.csv,2026-07-04T19:25:00,Curvage title-count allocation,sale date,allocated daily title count,Daily title counts allocated to canonical Curvage daily gross/net by price-weighted unit share.
Curvage,Nightmare Thanksgiving guest eats all the food! 🦃🤤,Nightmare Thanksgiving guest eats all the food! 🦃🤤,68878,1,52.76,39.11,52.76,39.11,31.99,1,2026-03-02,2026-03-02,creator_analytics/manual_backfills/curvage_title_counts_all_time_2013-01-01_to_2026-07-04.csv,2026-07-04T19:25:00,Curvage title-count allocation,sale date,allocated daily title count,Daily title counts allocated to canonical Curvage daily gross/net by price-weighted unit share.
Curvage,Pills make me grow until I pop 💊🍗🎈,Pills make me grow until I pop 💊🍗🎈,72067,2,49.44,36.65,24.72,18.32,14.99,1,2026-03-02,2026-03-02,creator_analytics/manual_backfills/curvage_title_counts_all_time_2013-01-01_to_2026-07-04.csv,2026-07-04T19:25:00,Curvage title-count allocation,sale date,allocated daily title count,Daily title counts allocated to canonical Curvage daily gross/net by price-weighted unit share.
Curvage,Stuffing tacos makes me burp and fart! 🌮💨,Stuffing tacos makes me burp and fart! 🌮💨,60064,1,57.71,42.77,57.71,42.77,34.99,1,2026-03-02,2026-03-02,creator_analytics/manual_backfills/curvage_title_counts_all_time_2013-01-01_to_2026-07-04.csv,2026-07-04T19:25:00,Curvage title-count allocation,sale date,allocated daily title count,Daily title counts allocated to canonical Curvage daily gross/net by price-weighted unit share.
Curvage,Pills make me grow until I pop 💊🍗🎈,Pills make me grow until I pop 💊🍗🎈,72067,2,44.68,33.12,22.34,16.56,14.99,1,2026-03-03,2026-03-03,creator_analytics/manual_backfills/curvage_title_counts_all_time_2013-01-01_to_2026-07-04.csv,2026-07-04T19:25:00,Curvage title-count allocation,sale date,allocated daily title count,Daily title counts allocated to canonical Curvage daily gross/net by price-weighted unit share.
Curvage,Pills make me grow until I pop 💊🍗🎈,Pills make me grow until I pop 💊🍗🎈,72067,3,44.68,33.12,14.89,11.04,14.99,1,2026-03-04,2026-03-04,creator_analytics/manual_backfills/curvage_title_counts_all_time_2013-01-01_to_2026-07-04.csv,2026-07-04T19:25:00,Curvage title-count allocation,sale date,allocated daily title count,Daily title counts allocated to canonical Curvage daily gross/net by price-weighted unit share.
Curvage,HR manager coerces you into becoming her feeder 🍩🤤,HR manager coerces you into becoming her feeder 🍩🤤,72499,28,332.37,246.36,11.87,8.8,11.99,1,2026-03-05,2026-03-05,creator_analytics/manual_backfills/curvage_title_counts_all_time_2013-01-01_to_2026-07-04.csv,2026-07-04T19:25:00,Curvage title-count allocation,sale date,allocated daily title count,Daily title counts allocated to canonical Curvage daily gross/net by price-weighted unit share.
Curvage,Pills make me grow until I pop 💊🍗🎈,Pills make me grow until I pop 💊🍗🎈,72067,1,14.84,11.0,14.84,11.0,14.99,1,2026-03-05,2026-03-05,creator_analytics/manual_backfills/curvage_title_counts_all_time_2013-01-01_to_2026-07-04.csv,2026-07-04T19:25:00,Curvage title-count allocation,sale date,allocated daily title count,Daily title counts allocated to canonical Curvage daily gross/net by price-weighted unit share.
Curvage,Your Girlfriend Encourages Mutual Gain POV,Your Girlfriend Encourages Mutual Gain POV,55022,1,24.74,18.34,24.74,18.34,24.99,1,2026-03-05,2026-03-05,creator_analytics/manual_backfills/curvage_title_counts_all_time_2013-01-01_to_2026-07-04.csv,2026-07-04T19:25:00,Curvage title-count allocation,sale date,allocated daily title count,Daily title counts allocated to canonical Curvage daily gross/net by price-weighted unit share.
Curvage,Horny SSBBW Succubus Grows for Your Cum POV,Horny SSBBW Succubus Grows for Your Cum POV,44086,1,21.22,15.73,21.22,15.73,14.99,1,2026-03-06,2026-03-06,creator_analytics/manual_backfills/curvage_title_counts_all_time_2013-01-01_to_2026-07-04.csv,2026-07-04T19:25:00,Curvage title-count allocation,sale date,allocated daily title count,Daily title counts allocated to canonical Curvage daily gross/net by price-weighted unit share.
Curvage,HR manager coerces you into becoming her feeder 🍩🤤,HR manager coerces you into becoming her feeder 🍩🤤,72499,15,254.59,188.71,16.97,12.58,11.99,1,2026-03-06,2026-03-06,creator_analytics/manual_backfills/curvage_title_counts_all_time_2013-01-01_to_2026-07-04.csv,2026-07-04T19:25:00,Curvage title-count allocation,sale date,allocated daily title count,Daily title counts allocated to canonical Curvage daily gross/net by price-weighted unit share.
Curvage,Pills make me grow until I pop 💊🍗🎈,Pills make me grow until I pop 💊🍗🎈,72067,5,106.1,78.64,21.22,15.73,14.99,1,2026-03-06,2026-03-06,creator_analytics/manual_backfills/curvage_title_counts_all_time_2013-01-01_to_2026-07-04.csv,2026-07-04T19:25:00,Curvage title-count allocation,sale date,allocated daily title count,Daily title counts allocated to canonical Curvage daily gross/net by price-weighted unit share.
Curvage,Horny SSBBW Succubus Grows for Your Cum POV,Horny SSBBW Succubus Grows for Your Cum POV,44086,1,20.28,15.03,20.28,15.03,14.99,1,2026-03-07,2026-03-07,creator_analytics/manual_backfills/curvage_title_counts_all_time_2013-01-01_to_2026-07-04.csv,2026-07-04T19:25:00,Curvage title-count allocation,sale date,allocated daily title count,Daily title counts allocated to canonical Curvage daily gross/net by price-weighted unit share.
Curvage,HR manager coerces you into becoming her feeder 🍩🤤,HR manager coerces you into becoming her feeder 🍩🤤,72499,8,129.79,96.2,16.22,12.03,11.99,1,2026-03-07,2026-03-07,creator_analytics/manual_backfills/curvage_title_counts_all_time_2013-01-01_to_2026-07-04.csv,2026-07-04T19:25:00,Curvage title-count allocation,sale date,allocated daily title count,Daily title counts allocated to canonical Curvage daily gross/net by price-weighted unit share.
Curvage,Pills make me grow until I pop 💊🍗🎈,Pills make me grow until I pop 💊🍗🎈,72067,1,20.28,15.03,20.28,15.03,14.99,1,2026-03-07,2026-03-07,creator_analytics/manual_backfills/curvage_title_counts_all_time_2013-01-01_to_2026-07-04.csv,2026-07-04T19:25:00,Curvage title-count allocation,sale date,allocated daily title count,Daily title counts allocated to canonical Curvage daily gross/net by price-weighted unit share.
Curvage,Cursed Cake Makes Greedy Co-worker Explode,Cursed Cake Makes Greedy Co-worker Explode,63618,2,63.72,47.23,31.86,23.61,27.99,1,2026-03-08,2026-03-08,creator_analytics/manual_backfills/curvage_title_counts_all_time_2013-01-01_to_2026-07-04.csv,2026-07-04T19:25:00,Curvage title-count allocation,sale date,allocated daily title count,Daily title counts allocated to canonical Curvage daily gross/net by price-weighted unit share.
Curvage,HR manager coerces you into becoming her feeder 🍩🤤,HR manager coerces you into becoming her feeder 🍩🤤,72499,6,81.89,60.69,13.65,10.12,11.99,1,2026-03-08,2026-03-08,creator_analytics/manual_backfills/curvage_title_counts_all_time_2013-01-01_to_2026-07-04.csv,2026-07-04T19:25:00,Curvage title-count allocation,sale date,allocated daily title count,Daily title counts allocated to canonical Curvage daily gross/net by price-weighted unit share.
Curvage,Pills make me grow until I pop 💊🍗🎈,Pills make me grow until I pop 💊🍗🎈,72067,2,34.12,25.29,17.06,12.65,14.99,1,2026-03-08,2026-03-08,creator_analytics/manual_backfills/curvage_title_counts_all_time_2013-01-01_to_2026-07-04.csv,2026-07-04T19:25:00,Curvage title-count allocation,sale date,allocated daily title count,Daily title counts allocated to canonical Curvage daily gross/net by price-weighted unit share.
Curvage,Thanksgiving stuffing and a cigarette! 🦃🚬,Thanksgiving stuffing and a cigarette! 🦃🚬,54801,1,34.14,25.3,34.14,25.3,29.99,1,2026-03-08,2026-03-08,creator_analytics/manual_backfills/curvage_title_counts_all_time_2013-01-01_to_2026-07-04.csv,2026-07-04T19:25:00,Curvage title-count allocation,sale date,allocated daily title count,Daily title counts allocated to canonical Curvage daily gross/net by price-weighted unit share.
Curvage,HR manager coerces you into becoming her feeder 🍩🤤,HR manager coerces you into becoming her feeder 🍩🤤,72499,8,107.86,79.95,13.48,9.99,11.99,1,2026-03-09,2026-03-09,creator_analytics/manual_backfills/curvage_title_counts_all_time_2013-01-01_to_2026-07-04.csv,2026-07-04T19:25:00,Curvage title-count allocation,sale date,allocated daily title count,Daily title counts allocated to canonical Curvage daily gross/net by price-weighted unit share.
Curvage,Pills make me grow until I pop 💊🍗🎈,Pills make me grow until I pop 💊🍗🎈,72067,2,33.71,24.99,16.86,12.49,14.99,1,2026-03-09,2026-03-09,creator_analytics/manual_backfills/curvage_title_counts_all_time_2013-01-01_to_2026-07-04.csv,2026-07-04T19:25:00,Curvage title-count allocation,sale date,allocated daily title count,Daily title counts allocated to canonical Curvage daily gross/net by price-weighted unit share.
Curvage,HR manager coerces you into becoming her feeder 🍩🤤,HR manager coerces you into becoming her feeder 🍩🤤,72499,2,31.06,23.02,15.53,11.51,11.99,1,2026-03-10,2026-03-10,creator_analytics/manual_backfills/curvage_title_counts_all_time_2013-01-01_to_2026-07-04.csv,2026-07-04T19:25:00,Curvage title-count allocation,sale date,allocated daily title count,Daily title counts allocated to canonical Curvage daily gross/net by price-weighted unit share.
Curvage,Pills make me grow until I pop 💊🍗🎈,Pills make me grow until I pop 💊🍗🎈,72067,1,19.41,14.39,19.41,14.39,14.99,1,2026-03-10,2026-03-10,creator_analytics/manual_backfills/curvage_title_counts_all_time_2013-01-01_to_2026-07-04.csv,2026-07-04T19:25:00,Curvage title-count allocation,sale date,allocated daily title count,Daily title counts allocated to canonical Curvage daily gross/net by price-weighted unit share.
Curvage,Cursed Cake Makes Greedy Co-worker Explode,Cursed Cake Makes Greedy Co-worker Explode,63618,1,31.77,23.55,31.77,23.55,27.99,1,2026-03-11,2026-03-11,creator_analytics/manual_backfills/curvage_title_counts_all_time_2013-01-01_to_2026-07-04.csv,2026-07-04T19:25:00,Curvage title-count allocation,sale date,allocated daily title count,Daily title counts allocated to canonical Curvage daily gross/net by price-weighted unit share.
Curvage,HR manager coerces you into becoming her feeder 🍩🤤,HR manager coerces you into becoming her feeder 🍩🤤,72499,4,54.44,40.35,13.61,10.09,11.99,1,2026-03-11,2026-03-11,creator_analytics/manual_backfills/curvage_title_counts_all_time_2013-01-01_to_2026-07-04.csv,2026-07-04T19:25:00,Curvage title-count allocation,sale date,allocated daily title count,Daily title counts allocated to canonical Curvage daily gross/net by price-weighted unit share.
Curvage,Nightmare Thanksgiving guest eats all the food! 🦃🤤,Nightmare Thanksgiving guest eats all the food! 🦃🤤,68878,1,36.31,26.92,36.31,26.92,31.99,1,2026-03-11,2026-03-11,creator_analytics/manual_backfills/curvage_title_counts_all_time_2013-01-01_to_2026-07-04.csv,2026-07-04T19:25:00,Curvage title-count allocation,sale date,allocated daily title count,Daily title counts allocated to canonical Curvage daily gross/net by price-weighted unit share.
Curvage,Pills make me grow until I pop 💊🍗🎈,Pills make me grow until I pop 💊🍗🎈,72067,2,34.03,25.23,17.02,12.61,14.99,1,2026-03-11,2026-03-11,creator_analytics/manual_backfills/curvage_title_counts_all_time_2013-01-01_to_2026-07-04.csv,2026-07-04T19:25:00,Curvage title-count allocation,sale date,allocated daily title count,Daily title counts allocated to canonical Curvage daily gross/net by price-weighted unit share.
Curvage,Your Gluttonous Girlfriend Can't Hold Back Farts 🌯💨,Your Gluttonous Girlfriend Can't Hold Back Farts 🌯💨,72725,12,272.3,201.83,22.69,16.82,19.99,1,2026-03-11,2026-03-11,creator_analytics/manual_backfills/curvage_title_counts_all_time_2013-01-01_to_2026-07-04.csv,2026-07-04T19:25:00,Curvage title-count allocation,sale date,allocated daily title count,Daily title counts allocated to canonical Curvage daily gross/net by price-weighted unit share.
Curvage,Greedy girlfriend stuffs her face and vores you! 🤤🍔,Greedy girlfriend stuffs her face and vores you! 🤤🍔,56366,1,26.2,19.42,26.2,19.42,21.99,1,2026-03-12,2026-03-12,creator_analytics/manual_backfills/curvage_title_counts_all_time_2013-01-01_to_2026-07-04.csv,2026-07-04T19:25:00,Curvage title-count allocation,sale date,allocated daily title count,Daily title counts allocated to canonical Curvage daily gross/net by price-weighted unit share.
Curvage,HR manager coerces you into becoming her feeder 🍩🤤,HR manager coerces you into becoming her feeder 🍩🤤,72499,4,57.14,42.35,14.28,10.59,11.99,1,2026-03-12,2026-03-12,creator_analytics/manual_backfills/curvage_title_counts_all_time_2013-01-01_to_2026-07-04.csv,2026-07-04T19:25:00,Curvage title-count allocation,sale date,allocated daily title count,Daily title counts allocated to canonical Curvage daily gross/net by price-weighted unit share.
Curvage,Pills make me grow until I pop 💊🍗🎈,Pills make me grow until I pop 💊🍗🎈,72067,3,53.58,39.71,17.86,13.24,14.99,1,2026-03-12,2026-03-12,creator_analytics/manual_backfills/curvage_title_counts_all_time_2013-01-01_to_2026-07-04.csv,2026-07-04T19:25:00,Curvage title-count allocation,sale date,allocated daily title count,Daily title counts allocated to canonical Curvage daily gross/net by price-weighted unit share.
Curvage,Your Gluttonous Girlfriend Can't Hold Back Farts 🌯💨,Your Gluttonous Girlfriend Can't Hold Back Farts 🌯💨,72725,13,309.6,229.48,23.82,17.65,19.99,1,2026-03-12,2026-03-12,creator_analytics/manual_backfills/curvage_title_counts_all_time_2013-01-01_to_2026-07-04.csv,2026-07-04T19:25:00,Curvage title-count allocation,sale date,allocated daily title count,Daily title counts allocated to canonical Curvage daily gross/net by price-weighted unit share.
Curvage,Greedy girlfriend stuffs her face and vores you! 🤤🍔,Greedy girlfriend stuffs her face and vores you! 🤤🍔,56366,1,24.59,18.23,24.59,18.23,21.99,1,2026-03-13,2026-03-13,creator_analytics/manual_backfills/curvage_title_counts_all_time_2013-01-01_to_2026-07-04.csv,2026-07-04T19:25:00,Curvage title-count allocation,sale date,allocated daily title count,Daily title counts allocated to canonical Curvage daily gross/net by price-weighted unit share.
Curvage,HR manager coerces you into becoming her feeder 🍩🤤,HR manager coerces you into becoming her feeder 🍩🤤,72499,2,26.82,19.88,13.41,9.94,11.99,1,2026-03-13,2026-03-13,creator_analytics/manual_backfills/curvage_title_counts_all_time_2013-01-01_to_2026-07-04.csv,2026-07-04T19:25:00,Curvage title-count allocation,sale date,allocated daily title count,Daily title counts allocated to canonical Curvage daily gross/net by price-weighted unit share.
Curvage,Pills make me grow until I pop 💊🍗🎈,Pills make me grow until I pop 💊🍗🎈,72067,1,16.76,12.43,16.76,12.43,14.99,1,2026-03-13,2026-03-13,creator_analytics/manual_backfills/curvage_title_counts_all_time_2013-01-01_to_2026-07-04.csv,2026-07-04T19:25:00,Curvage title-count allocation,sale date,allocated daily title count,Daily title counts allocated to canonical Curvage daily gross/net by price-weighted unit share.
Curvage,Stuffing in the Car Until I'm Stuck! 🚙🍟,Stuffing in the Car Until I'm Stuck! 🚙🍟,59966,1,32.42,24.03,32.42,24.03,28.99,1,2026-03-13,2026-03-13,creator_analytics/manual_backfills/curvage_title_counts_all_time_2013-01-01_to_2026-07-04.csv,2026-07-04T19:25:00,Curvage title-count allocation,sale date,allocated daily title count,Daily title counts allocated to canonical Curvage daily gross/net by price-weighted unit share.
Curvage,Your Gluttonous Girlfriend Can't Hold Back Farts 🌯💨,Your Gluttonous Girlfriend Can't Hold Back Farts 🌯💨,72725,7,156.49,116.0,22.36,16.57,19.99,1,2026-03-13,2026-03-13,creator_analytics/manual_backfills/curvage_title_counts_all_time_2013-01-01_to_2026-07-04.csv,2026-07-04T19:25:00,Curvage title-count allocation,sale date,allocated daily title count,Daily title counts allocated to canonical Curvage daily gross/net by price-weighted unit share.
Curvage,HR manager coerces you into becoming her feeder 🍩🤤,HR manager coerces you into becoming her feeder 🍩🤤,72499,1,16.24,12.04,16.24,12.04,11.99,1,2026-03-14,2026-03-14,creator_analytics/manual_backfills/curvage_title_counts_all_time_2013-01-01_to_2026-07-04.csv,2026-07-04T19:25:00,Curvage title-count allocation,sale date,allocated daily title count,Daily title counts allocated to canonical Curvage daily gross/net by price-weighted unit share.
Curvage,Pills make me grow until I pop 💊🍗🎈,Pills make me grow until I pop 💊🍗🎈,72067,1,20.31,15.05,20.31,15.05,14.99,1,2026-03-14,2026-03-14,creator_analytics/manual_backfills/curvage_title_counts_all_time_2013-01-01_to_2026-07-04.csv,2026-07-04T19:25:00,Curvage title-count allocation,sale date,allocated daily title count,Daily title counts allocated to canonical Curvage daily gross/net by price-weighted unit share.
Curvage,Your Gluttonous Girlfriend Can't Hold Back Farts 🌯💨,Your Gluttonous Girlfriend Can't Hold Back Farts 🌯💨,72725,1,27.08,20.07,27.08,20.07,19.99,1,2026-03-14,2026-03-14,creator_analytics/manual_backfills/curvage_title_counts_all_time_2013-01-01_to_2026-07-04.csv,2026-07-04T19:25:00,Curvage title-count allocation,sale date,allocated daily title count,Daily title counts allocated to canonical Curvage daily gross/net by price-weighted unit share.
Curvage,Cursed Cake Makes Greedy Co-worker Explode,Cursed Cake Makes Greedy Co-worker Explode,63618,1,34.29,25.42,34.29,25.42,27.99,1,2026-03-15,2026-03-15,creator_analytics/manual_backfills/curvage_title_counts_all_time_2013-01-01_to_2026-07-04.csv,2026-07-04T19:25:00,Curvage title-count allocation,sale date,allocated daily title count,Daily title counts allocated to canonical Curvage daily gross/net by price-weighted unit share.
Curvage,HR manager coerces you into becoming her feeder 🍩🤤,HR manager coerces you into becoming her feeder 🍩🤤,72499,3,44.07,32.66,14.69,10.89,11.99,1,2026-03-15,2026-03-15,creator_analytics/manual_backfills/curvage_title_counts_all_time_2013-01-01_to_2026-07-04.csv,2026-07-04T19:25:00,Curvage title-count allocation,sale date,allocated daily title count,Daily title counts allocated to canonical Curvage daily gross/net by price-weighted unit share.
Curvage,Pills make me grow until I pop 💊🍗🎈,Pills make me grow until I pop 💊🍗🎈,72067,1,18.36,13.61,18.36,13.61,14.99,1,2026-03-15,2026-03-15,creator_analytics/manual_backfills/curvage_title_counts_all_time_2013-01-01_to_2026-07-04.csv,2026-07-04T19:25:00,Curvage title-count allocation,sale date,allocated daily title count,Daily title counts allocated to canonical Curvage daily gross/net by price-weighted unit share.
Curvage,Your Gluttonous Girlfriend Can't Hold Back Farts 🌯💨,Your Gluttonous Girlfriend Can't Hold Back Farts 🌯💨,72725,3,73.47,54.46,24.49,18.15,19.99,1,2026-03-15,2026-03-15,creator_analytics/manual_backfills/curvage_title_counts_all_time_2013-01-01_to_2026-07-04.csv,2026-07-04T19:25:00,Curvage title-count allocation,sale date,allocated daily title count,Daily title counts allocated to canonical Curvage daily gross/net by price-weighted unit share.
Curvage,HR manager coerces you into becoming her feeder 🍩🤤,HR manager coerces you into becoming her feeder 🍩🤤,72499,1,11.96,8.86,11.96,8.86,11.99,1,2026-03-16,2026-03-16,creator_analytics/manual_backfills/curvage_title_counts_all_time_2013-01-01_to_2026-07-04.csv,2026-07-04T19:25:00,Curvage title-count allocation,sale date,allocated daily title count,Daily title counts allocated to canonical Curvage daily gross/net by price-weighted unit share.
Curvage,Your Gluttonous Girlfriend Can't Hold Back Farts 🌯💨,Your Gluttonous Girlfriend Can't Hold Back Farts 🌯💨,72725,6,119.62,88.67,19.94,14.78,19.99,1,2026-03-16,2026-03-16,creator_analytics/manual_backfills/curvage_title_counts_all_time_2013-01-01_to_2026-07-04.csv,2026-07-04T19:25:00,Curvage title-count allocation,sale date,allocated daily title count,Daily title counts allocated to canonical Curvage daily gross/net by price-weighted unit share.
Curvage,HR manager coerces you into becoming her feeder 🍩🤤,HR manager coerces you into becoming her feeder 🍩🤤,72499,3,48.52,35.96,16.17,11.99,11.99,1,2026-03-17,2026-03-17,creator_analytics/manual_backfills/curvage_title_counts_all_time_2013-01-01_to_2026-07-04.csv,2026-07-04T19:25:00,Curvage title-count allocation,sale date,allocated daily title count,Daily title counts allocated to canonical Curvage daily gross/net by price-weighted unit share.
Curvage,Your Gluttonous Girlfriend Can't Hold Back Farts 🌯💨,Your Gluttonous Girlfriend Can't Hold Back Farts 🌯💨,72725,1,26.96,19.99,26.96,19.99,19.99,1,2026-03-17,2026-03-17,creator_analytics/manual_backfills/curvage_title_counts_all_time_2013-01-01_to_2026-07-04.csv,2026-07-04T19:25:00,Curvage title-count allocation,sale date,allocated daily title count,Daily title counts allocated to canonical Curvage daily gross/net by price-weighted unit share.
Curvage,HR manager coerces you into becoming her feeder 🍩🤤,HR manager coerces you into becoming her feeder 🍩🤤,72499,2,40.69,30.16,20.34,15.08,11.99,1,2026-03-18,2026-03-18,creator_analytics/manual_backfills/curvage_title_counts_all_time_2013-01-01_to_2026-07-04.csv,2026-07-04T19:25:00,Curvage title-count allocation,sale date,allocated daily title count,Daily title counts allocated to canonical Curvage daily gross/net by price-weighted unit share.
Curvage,Soda-chugging cutie gets bloated and belches!,Soda-chugging cutie gets bloated and belches!,28679,1,18.65,13.82,18.65,13.82,10.99,1,2026-03-18,2026-03-18,creator_analytics/manual_backfills/curvage_title_counts_all_time_2013-01-01_to_2026-07-04.csv,2026-07-04T19:25:00,Curvage title-count allocation,sale date,allocated daily title count,Daily title counts allocated to canonical Curvage daily gross/net by price-weighted unit share.
Curvage,Your Gluttonous Girlfriend Can't Hold Back Farts 🌯💨,Your Gluttonous Girlfriend Can't Hold Back Farts 🌯💨,72725,3,101.75,75.42,33.92,25.14,19.99,1,2026-03-18,2026-03-18,creator_analytics/manual_backfills/curvage_title_counts_all_time_2013-01-01_to_2026-07-04.csv,2026-07-04T19:25:00,Curvage title-count allocation,sale date,allocated daily title count,Daily title counts allocated to canonical Curvage daily gross/net by price-weighted unit share.
Curvage,HR manager coerces you into becoming her feeder 🍩🤤,HR manager coerces you into becoming her feeder 🍩🤤,72499,1,13.69,10.15,13.69,10.15,11.99,1,2026-03-19,2026-03-19,creator_analytics/manual_backfills/curvage_title_counts_all_time_2013-01-01_to_2026-07-04.csv,2026-07-04T19:25:00,Curvage title-count allocation,sale date,allocated daily title count,Daily title counts allocated to canonical Curvage daily gross/net by price-weighted unit share.
Curvage,Nightmare Thanksgiving guest eats all the food! 🦃🤤,Nightmare Thanksgiving guest eats all the food! 🦃🤤,68878,1,36.52,27.07,36.52,27.07,31.99,1,2026-03-19,2026-03-19,creator_analytics/manual_backfills/curvage_title_counts_all_time_2013-01-01_to_2026-07-04.csv,2026-07-04T19:25:00,Curvage title-count allocation,sale date,allocated daily title count,Daily title counts allocated to canonical Curvage daily gross/net by price-weighted unit share.
Curvage,Pills make me grow until I pop 💊🍗🎈,Pills make me grow until I pop 💊🍗🎈,72067,1,17.11,12.69,17.11,12.69,14.99,1,2026-03-19,2026-03-19,creator_analytics/manual_backfills/curvage_title_counts_all_time_2013-01-01_to_2026-07-04.csv,2026-07-04T19:25:00,Curvage title-count allocation,sale date,allocated daily title count,Daily title counts allocated to canonical Curvage daily gross/net by price-weighted unit share.
Curvage,Your Gluttonous Girlfriend Can't Hold Back Farts 🌯💨,Your Gluttonous Girlfriend Can't Hold Back Farts 🌯💨,72725,4,91.29,67.67,22.82,16.92,19.99,1,2026-03-19,2026-03-19,creator_analytics/manual_backfills/curvage_title_counts_all_time_2013-01-01_to_2026-07-04.csv,2026-07-04T19:25:00,Curvage title-count allocation,sale date,allocated daily title count,Daily title counts allocated to canonical Curvage daily gross/net by price-weighted unit share.
Curvage,Pills make me grow until I pop 💊🍗🎈,Pills make me grow until I pop 💊🍗🎈,72067,1,18.51,13.72,18.51,13.72,14.99,1,2026-03-20,2026-03-20,creator_analytics/manual_backfills/curvage_title_counts_all_time_2013-01-01_to_2026-07-04.csv,2026-07-04T19:25:00,Curvage title-count allocation,sale date,allocated daily title count,Daily title counts allocated to canonical Curvage daily gross/net by price-weighted unit share.
Curvage,Stuffing and making out with your feedee 🤤🍗,Stuffing and making out with your feedee 🤤🍗,48622,1,30.86,22.88,30.86,22.88,24.99,1,2026-03-20,2026-03-20,creator_analytics/manual_backfills/curvage_title_counts_all_time_2013-01-01_to_2026-07-04.csv,2026-07-04T19:25:00,Curvage title-count allocation,sale date,allocated daily title count,Daily title counts allocated to canonical Curvage daily gross/net by price-weighted unit share.
Curvage,Your Gluttonous Girlfriend Can't Hold Back Farts 🌯💨,Your Gluttonous Girlfriend Can't Hold Back Farts 🌯💨,72725,2,49.38,36.6,24.69,18.3,19.99,1,2026-03-20,2026-03-20,creator_analytics/manual_backfills/curvage_title_counts_all_time_2013-01-01_to_2026-07-04.csv,2026-07-04T19:25:00,Curvage title-count allocation,sale date,allocated daily title count,Daily title counts allocated to canonical Curvage daily gross/net by price-weighted unit share.
Curvage,Greedy girlfriend stuffs her face and vores you! 🤤🍔,Greedy girlfriend stuffs her face and vores you! 🤤🍔,56366,1,21.87,16.21,21.87,16.21,21.99,1,2026-03-21,2026-03-21,creator_analytics/manual_backfills/curvage_title_counts_all_time_2013-01-01_to_2026-07-04.csv,2026-07-04T19:25:00,Curvage title-count allocation,sale date,allocated daily title count,Daily title counts allocated to canonical Curvage daily gross/net by price-weighted unit share.
Curvage,HR manager coerces you into becoming her feeder 🍩🤤,HR manager coerces you into becoming her feeder 🍩🤤,72499,1,11.93,8.84,11.93,8.84,11.99,1,2026-03-21,2026-03-21,creator_analytics/manual_backfills/curvage_title_counts_all_time_2013-01-01_to_2026-07-04.csv,2026-07-04T19:25:00,Curvage title-count allocation,sale date,allocated daily title count,Daily title counts allocated to canonical Curvage daily gross/net by price-weighted unit share.
Curvage,Pills make me grow until I pop 💊🍗🎈,Pills make me grow until I pop 💊🍗🎈,72067,2,29.82,22.11,14.91,11.05,14.99,1,2026-03-21,2026-03-21,creator_analytics/manual_backfills/curvage_title_counts_all_time_2013-01-01_to_2026-07-04.csv,2026-07-04T19:25:00,Curvage title-count allocation,sale date,allocated daily title count,Daily title counts allocated to canonical Curvage daily gross/net by price-weighted unit share.
Curvage,HR manager coerces you into becoming her feeder 🍩🤤,HR manager coerces you into becoming her feeder 🍩🤤,72499,2,26.89,19.93,13.44,9.96,11.99,1,2026-03-22,2026-03-22,creator_analytics/manual_backfills/curvage_title_counts_all_time_2013-01-01_to_2026-07-04.csv,2026-07-04T19:25:00,Curvage title-count allocation,sale date,allocated daily title count,Daily title counts allocated to canonical Curvage daily gross/net by price-weighted unit share.
Curvage,Nightmare Thanksgiving guest eats all the food! 🦃🤤,Nightmare Thanksgiving guest eats all the food! 🦃🤤,68878,1,35.87,26.59,35.87,26.59,31.99,1,2026-03-22,2026-03-22,creator_analytics/manual_backfills/curvage_title_counts_all_time_2013-01-01_to_2026-07-04.csv,2026-07-04T19:25:00,Curvage title-count allocation,sale date,allocated daily title count,Daily title counts allocated to canonical Curvage daily gross/net by price-weighted unit share.
Curvage,Pills make me grow until I pop 💊🍗🎈,Pills make me grow until I pop 💊🍗🎈,72067,4,67.23,49.83,16.81,12.46,14.99,1,2026-03-22,2026-03-22,creator_analytics/manual_backfills/curvage_title_counts_all_time_2013-01-01_to_2026-07-04.csv,2026-07-04T19:25:00,Curvage title-count allocation,sale date,allocated daily title count,Daily title counts allocated to canonical Curvage daily gross/net by price-weighted unit share.
Curvage,Your Gluttonous Girlfriend Can't Hold Back Farts 🌯💨,Your Gluttonous Girlfriend Can't Hold Back Farts 🌯💨,72725,3,67.24,49.84,22.41,16.61,19.99,1,2026-03-22,2026-03-22,creator_analytics/manual_backfills/curvage_title_counts_all_time_2013-01-01_to_2026-07-04.csv,2026-07-04T19:25:00,Curvage title-count allocation,sale date,allocated daily title count,Daily title counts allocated to canonical Curvage daily gross/net by price-weighted unit share.
Curvage,Cursed Cake Makes Greedy Co-worker Explode,Cursed Cake Makes Greedy Co-worker Explode,63618,1,36.58,27.11,36.58,27.11,27.99,1,2026-03-23,2026-03-23,creator_analytics/manual_backfills/curvage_title_counts_all_time_2013-01-01_to_2026-07-04.csv,2026-07-04T19:25:00,Curvage title-count allocation,sale date,allocated daily title count,Daily title counts allocated to canonical Curvage daily gross/net by price-weighted unit share.
Curvage,HR manager coerces you into becoming her feeder 🍩🤤,HR manager coerces you into becoming her feeder 🍩🤤,72499,3,47.0,34.84,15.67,11.61,11.99,1,2026-03-23,2026-03-23,creator_analytics/manual_backfills/curvage_title_counts_all_time_2013-01-01_to_2026-07-04.csv,2026-07-04T19:25:00,Curvage title-count allocation,sale date,allocated daily title count,Daily title counts allocated to canonical Curvage daily gross/net by price-weighted unit share.
Curvage,Pills make me grow until I pop 💊🍗🎈,Pills make me grow until I pop 💊🍗🎈,72067,1,46.99,34.83,46.99,34.83,14.99,1,2026-03-24,2026-03-24,creator_analytics/manual_backfills/curvage_title_counts_all_time_2013-01-01_to_2026-07-04.csv,2026-07-04T19:25:00,Curvage title-count allocation,sale date,allocated daily title count,Daily title counts allocated to canonical Curvage daily gross/net by price-weighted unit share.
Curvage,HR manager coerces you into becoming her feeder 🍩🤤,HR manager coerces you into becoming her feeder 🍩🤤,72499,1,11.9,8.82,11.9,8.82,11.99,1,2026-03-25,2026-03-25,creator_analytics/manual_backfills/curvage_title_counts_all_time_2013-01-01_to_2026-07-04.csv,2026-07-04T19:25:00,Curvage title-count allocation,sale date,allocated daily title count,Daily title counts allocated to canonical Curvage daily gross/net by price-weighted unit share.
Curvage,Pills make me grow until I pop 💊🍗🎈,Pills make me grow until I pop 💊🍗🎈,72067,2,29.75,22.05,14.87,11.03,14.99,1,2026-03-25,2026-03-25,creator_analytics/manual_backfills/curvage_title_counts_all_time_2013-01-01_to_2026-07-04.csv,2026-07-04T19:25:00,Curvage title-count allocation,sale date,allocated daily title count,Daily title counts allocated to canonical Curvage daily gross/net by price-weighted unit share.
Curvage,HR manager coerces you into becoming her feeder 🍩🤤,HR manager coerces you into becoming her feeder 🍩🤤,72499,2,23.82,17.66,11.91,8.83,11.99,1,2026-03-26,2026-03-26,creator_analytics/manual_backfills/curvage_title_counts_all_time_2013-01-01_to_2026-07-04.csv,2026-07-04T19:25:00,Curvage title-count allocation,sale date,allocated daily title count,Daily title counts allocated to canonical Curvage daily gross/net by price-weighted unit share.
Curvage,Pills make me grow until I pop 💊🍗🎈,Pills make me grow until I pop 💊🍗🎈,72067,1,14.89,11.04,14.89,11.04,14.99,1,2026-03-26,2026-03-26,creator_analytics/manual_backfills/curvage_title_counts_all_time_2013-01-01_to_2026-07-04.csv,2026-07-04T19:25:00,Curvage title-count allocation,sale date,allocated daily title count,Daily title counts allocated to canonical Curvage daily gross/net by price-weighted unit share.
Curvage,Your Gluttonous Girlfriend Can't Hold Back Farts 🌯💨,Your Gluttonous Girlfriend Can't Hold Back Farts 🌯💨,72725,1,19.86,14.72,19.86,14.72,19.99,1,2026-03-26,2026-03-26,creator_analytics/manual_backfills/curvage_title_counts_all_time_2013-01-01_to_2026-07-04.csv,2026-07-04T19:25:00,Curvage title-count allocation,sale date,allocated daily title count,Daily title counts allocated to canonical Curvage daily gross/net by price-weighted unit share.
Curvage,HR manager coerces you into becoming her feeder 🍩🤤,HR manager coerces you into becoming her feeder 🍩🤤,72499,2,51.77,38.37,25.88,19.18,11.99,1,2026-03-27,2026-03-27,creator_analytics/manual_backfills/curvage_title_counts_all_time_2013-01-01_to_2026-07-04.csv,2026-07-04T19:25:00,Curvage title-count allocation,sale date,allocated daily title count,Daily title counts allocated to canonical Curvage daily gross/net by price-weighted unit share.
Curvage,Get me pregnant and make me grow! 🤰😍,Get me pregnant and make me grow! 🤰😍,49011,1,12.96,9.61,12.96,9.61,12.99,1,2026-03-28,2026-03-28,creator_analytics/manual_backfills/curvage_title_counts_all_time_2013-01-01_to_2026-07-04.csv,2026-07-04T19:25:00,Curvage title-count allocation,sale date,allocated daily title count,Daily title counts allocated to canonical Curvage daily gross/net by price-weighted unit share.
Curvage,Greedy girlfriend stuffs her face and vores you! 🤤🍔,Greedy girlfriend stuffs her face and vores you! 🤤🍔,56366,1,21.94,16.26,21.94,16.26,21.99,1,2026-03-28,2026-03-28,creator_analytics/manual_backfills/curvage_title_counts_all_time_2013-01-01_to_2026-07-04.csv,2026-07-04T19:25:00,Curvage title-count allocation,sale date,allocated daily title count,Daily title counts allocated to canonical Curvage daily gross/net by price-weighted unit share.
Curvage,Nightmare Thanksgiving guest eats all the food! 🦃🤤,Nightmare Thanksgiving guest eats all the food! 🦃🤤,68878,1,31.92,23.66,31.92,23.66,31.99,1,2026-03-28,2026-03-28,creator_analytics/manual_backfills/curvage_title_counts_all_time_2013-01-01_to_2026-07-04.csv,2026-07-04T19:25:00,Curvage title-count allocation,sale date,allocated daily title count,Daily title counts allocated to canonical Curvage daily gross/net by price-weighted unit share.
Curvage,Pills make me grow until I pop 💊🍗🎈,Pills make me grow until I pop 💊🍗🎈,72067,2,29.91,22.17,14.96,11.09,14.99,1,2026-03-28,2026-03-28,creator_analytics/manual_backfills/curvage_title_counts_all_time_2013-01-01_to_2026-07-04.csv,2026-07-04T19:25:00,Curvage title-count allocation,sale date,allocated daily title count,Daily title counts allocated to canonical Curvage daily gross/net by price-weighted unit share.
Curvage,HR manager coerces you into becoming her feeder 🍩🤤,HR manager coerces you into becoming her feeder 🍩🤤,72499,1,11.86,8.79,11.86,8.79,11.99,1,2026-03-29,2026-03-29,creator_analytics/manual_backfills/curvage_title_counts_all_time_2013-01-01_to_2026-07-04.csv,2026-07-04T19:25:00,Curvage title-count allocation,sale date,allocated daily title count,Daily title counts allocated to canonical Curvage daily gross/net by price-weighted unit share.
Curvage,HR manager coerces you into becoming her feeder 🍩🤤,HR manager coerces you into becoming her feeder 🍩🤤,72499,2,23.78,17.63,11.89,8.81,11.99,1,2026-03-30,2026-03-30,creator_analytics/manual_backfills/curvage_title_counts_all_time_2013-01-01_to_2026-07-04.csv,2026-07-04T19:25:00,Curvage title-count allocation,sale date,allocated daily title count,Daily title counts allocated to canonical Curvage daily gross/net by price-weighted unit share.
Curvage,Pills make me grow until I pop 💊🍗🎈,Pills make me grow until I pop 💊🍗🎈,72067,2,29.73,22.03,14.86,11.02,14.99,1,2026-03-30,2026-03-30,creator_analytics/manual_backfills/curvage_title_counts_all_time_2013-01-01_to_2026-07-04.csv,2026-07-04T19:25:00,Curvage title-count allocation,sale date,allocated daily title count,Daily title counts allocated to canonical Curvage daily gross/net by price-weighted unit share.
Curvage,Cursed Cake Makes Greedy Co-worker Explode,Cursed Cake Makes Greedy Co-worker Explode,63618,1,30.54,22.63,30.54,22.63,27.99,1,2026-03-31,2026-03-31,creator_analytics/manual_backfills/curvage_title_counts_all_time_2013-01-01_to_2026-07-04.csv,2026-07-04T19:25:00,Curvage title-count allocation,sale date,allocated daily title count,Daily title counts allocated to canonical Curvage daily gross/net by price-weighted unit share.
Curvage,Greedy girlfriend stuffs her face and vores you! 🤤🍔,Greedy girlfriend stuffs her face and vores you! 🤤🍔,56366,1,23.99,17.78,23.99,17.78,21.99,1,2026-03-31,2026-03-31,creator_analytics/manual_backfills/curvage_title_counts_all_time_2013-01-01_to_2026-07-04.csv,2026-07-04T19:25:00,Curvage title-count allocation,sale date,allocated daily title count,Daily title counts allocated to canonical Curvage daily gross/net by price-weighted unit share.
Curvage,HR manager coerces you into becoming her feeder 🍩🤤,HR manager coerces you into becoming her feeder 🍩🤤,72499,2,26.16,19.39,13.08,9.7,11.99,1,2026-03-31,2026-03-31,creator_analytics/manual_backfills/curvage_title_counts_all_time_2013-01-01_to_2026-07-04.csv,2026-07-04T19:25:00,Curvage title-count allocation,sale date,allocated daily title count,Daily title counts allocated to canonical Curvage daily gross/net by price-weighted unit share.
Curvage,Pills make me grow until I pop 💊🍗🎈,Pills make me grow until I pop 💊🍗🎈,72067,3,49.06,36.36,16.35,12.12,14.99,1,2026-03-31,2026-03-31,creator_analytics/manual_backfills/curvage_title_counts_all_time_2013-01-01_to_2026-07-04.csv,2026-07-04T19:25:00,Curvage title-count allocation,sale date,allocated daily title count,Daily title counts allocated to canonical Curvage daily gross/net by price-weighted unit share.
Curvage,Stuffing in the Car Until I'm Stuck! 🚙🍟,Stuffing in the Car Until I'm Stuck! 🚙🍟,59966,1,31.63,23.44,31.63,23.44,28.99,1,2026-03-31,2026-03-31,creator_analytics/manual_backfills/curvage_title_counts_all_time_2013-01-01_to_2026-07-04.csv,2026-07-04T19:25:00,Curvage title-count allocation,sale date,allocated daily title count,Daily title counts allocated to canonical Curvage daily gross/net by price-weighted unit share.
Curvage,HR manager coerces you into becoming her feeder 🍩🤤,HR manager coerces you into becoming her feeder 🍩🤤,72499,2,23.82,17.66,11.91,8.83,11.99,1,2026-04-02,2026-04-02,creator_analytics/manual_backfills/curvage_title_counts_all_time_2013-01-01_to_2026-07-04.csv,2026-07-04T19:25:00,Curvage title-count allocation,sale date,allocated daily title count,Daily title counts allocated to canonical Curvage daily gross/net by price-weighted unit share.
Curvage,Pills make me grow until I pop 💊🍗🎈,Pills make me grow until I pop 💊🍗🎈,72067,2,29.78,22.07,14.89,11.04,14.99,1,2026-04-02,2026-04-02,creator_analytics/manual_backfills/curvage_title_counts_all_time_2013-01-01_to_2026-07-04.csv,2026-07-04T19:25:00,Curvage title-count allocation,sale date,allocated daily title count,Daily title counts allocated to canonical Curvage daily gross/net by price-weighted unit share.
Curvage,Your Gluttonous Girlfriend Can't Hold Back Farts 🌯💨,Your Gluttonous Girlfriend Can't Hold Back Farts 🌯💨,72725,1,19.86,14.72,19.86,14.72,19.99,1,2026-04-02,2026-04-02,creator_analytics/manual_backfills/curvage_title_counts_all_time_2013-01-01_to_2026-07-04.csv,2026-07-04T19:25:00,Curvage title-count allocation,sale date,allocated daily title count,Daily title counts allocated to canonical Curvage daily gross/net by price-weighted unit share.
Curvage,My bloated belly and burps are so hot! 🤤,My bloated belly and burps are so hot! 🤤,53641,1,31.99,23.71,31.99,23.71,24.99,1,2026-04-03,2026-04-03,creator_analytics/manual_backfills/curvage_title_counts_all_time_2013-01-01_to_2026-07-04.csv,2026-07-04T19:25:00,Curvage title-count allocation,sale date,allocated daily title count,Daily title counts allocated to canonical Curvage daily gross/net by price-weighted unit share.
Curvage,Pills make me grow until I pop 💊🍗🎈,Pills make me grow until I pop 💊🍗🎈,72067,1,19.19,14.23,19.19,14.23,14.99,1,2026-04-03,2026-04-03,creator_analytics/manual_backfills/curvage_title_counts_all_time_2013-01-01_to_2026-07-04.csv,2026-07-04T19:25:00,Curvage title-count allocation,sale date,allocated daily title count,Daily title counts allocated to canonical Curvage daily gross/net by price-weighted unit share.
Curvage,Your Gluttonous Girlfriend Can't Hold Back Farts 🌯💨,Your Gluttonous Girlfriend Can't Hold Back Farts 🌯💨,72725,1,25.59,18.97,25.59,18.97,19.99,1,2026-04-03,2026-04-03,creator_analytics/manual_backfills/curvage_title_counts_all_time_2013-01-01_to_2026-07-04.csv,2026-07-04T19:25:00,Curvage title-count allocation,sale date,allocated daily title count,Daily title counts allocated to canonical Curvage daily gross/net by price-weighted unit share.
Curvage,Cursed Cake Makes Greedy Co-worker Explode,Cursed Cake Makes Greedy Co-worker Explode,63618,1,28.02,20.77,28.02,20.77,27.99,1,2026-04-04,2026-04-04,creator_analytics/manual_backfills/curvage_title_counts_all_time_2013-01-01_to_2026-07-04.csv,2026-07-04T19:25:00,Curvage title-count allocation,sale date,allocated daily title count,Daily title counts allocated to canonical Curvage daily gross/net by price-weighted unit share.
Curvage,Stuffing in the Car Until I'm Stuck! 🚙🍟,Stuffing in the Car Until I'm Stuck! 🚙🍟,59966,1,29.02,21.51,29.02,21.51,28.99,1,2026-04-04,2026-04-04,creator_analytics/manual_backfills/curvage_title_counts_all_time_2013-01-01_to_2026-07-04.csv,2026-07-04T19:25:00,Curvage title-count allocation,sale date,allocated daily title count,Daily title counts allocated to canonical Curvage daily gross/net by price-weighted unit share.
Curvage,Thanksgiving stuffing and a cigarette! 🦃🚬,Thanksgiving stuffing and a cigarette! 🦃🚬,54801,1,30.02,22.25,30.02,22.25,29.99,1,2026-04-04,2026-04-04,creator_analytics/manual_backfills/curvage_title_counts_all_time_2013-01-01_to_2026-07-04.csv,2026-07-04T19:25:00,Curvage title-count allocation,sale date,allocated daily title count,Daily title counts allocated to canonical Curvage daily gross/net by price-weighted unit share.
Curvage,Your Gluttonous Girlfriend Can't Hold Back Farts 🌯💨,Your Gluttonous Girlfriend Can't Hold Back Farts 🌯💨,72725,2,40.02,29.67,20.01,14.83,19.99,1,2026-04-04,2026-04-04,creator_analytics/manual_backfills/curvage_title_counts_all_time_2013-01-01_to_2026-07-04.csv,2026-07-04T19:25:00,Curvage title-count allocation,sale date,allocated daily title count,Daily title counts allocated to canonical Curvage daily gross/net by price-weighted unit share.
Curvage,Greedy girlfriend stuffs her face and vores you! 🤤🍔,Greedy girlfriend stuffs her face and vores you! 🤤🍔,56366,1,30.93,22.93,30.93,22.93,21.99,1,2026-04-05,2026-04-05,creator_analytics/manual_backfills/curvage_title_counts_all_time_2013-01-01_to_2026-07-04.csv,2026-07-04T19:25:00,Curvage title-count allocation,sale date,allocated daily title count,Daily title counts allocated to canonical Curvage daily gross/net by price-weighted unit share.
Curvage,Nightmare Thanksgiving guest eats all the food! 🦃🤤,Nightmare Thanksgiving guest eats all the food! 🦃🤤,68878,1,45.0,33.35,45.0,33.35,31.99,1,2026-04-05,2026-04-05,creator_analytics/manual_backfills/curvage_title_counts_all_time_2013-01-01_to_2026-07-04.csv,2026-07-04T19:25:00,Curvage title-count allocation,sale date,allocated daily title count,Daily title counts allocated to canonical Curvage daily gross/net by price-weighted unit share.
Curvage,Pills make me grow until I pop 💊🍗🎈,Pills make me grow until I pop 💊🍗🎈,72067,1,21.09,15.63,21.09,15.63,14.99,1,2026-04-05,2026-04-05,creator_analytics/manual_backfills/curvage_title_counts_all_time_2013-01-01_to_2026-07-04.csv,2026-07-04T19:25:00,Curvage title-count allocation,sale date,allocated daily title count,Daily title counts allocated to canonical Curvage daily gross/net by price-weighted unit share.
Curvage,How gaining weight changed how I exercise 🏋🏻‍♀️💪,How gaining weight changed how I exercise 🏋🏻‍♀️💪,73734,8,259.12,192.06,32.39,24.01,27.99,1,2026-04-06,2026-04-06,creator_analytics/manual_backfills/curvage_title_counts_all_time_2013-01-01_to_2026-07-04.csv,2026-07-04T19:25:00,Curvage title-count allocation,sale date,allocated daily title count,Daily title counts allocated to canonical Curvage daily gross/net by price-weighted unit share.
Curvage,HR manager coerces you into becoming her feeder 🍩🤤,HR manager coerces you into becoming her feeder 🍩🤤,72499,1,13.87,10.28,13.87,10.28,11.99,1,2026-04-06,2026-04-06,creator_analytics/manual_backfills/curvage_title_counts_all_time_2013-01-01_to_2026-07-04.csv,2026-07-04T19:25:00,Curvage title-count allocation,sale date,allocated daily title count,Daily title counts allocated to canonical Curvage daily gross/net by price-weighted unit share.
Curvage,Pills make me grow until I pop 💊🍗🎈,Pills make me grow until I pop 💊🍗🎈,72067,2,34.69,25.71,17.35,12.86,14.99,1,2026-04-06,2026-04-06,creator_analytics/manual_backfills/curvage_title_counts_all_time_2013-01-01_to_2026-07-04.csv,2026-07-04T19:25:00,Curvage title-count allocation,sale date,allocated daily title count,Daily title counts allocated to canonical Curvage daily gross/net by price-weighted unit share.
Curvage,Stuffing and making out with your feedee 🤤🍗,Stuffing and making out with your feedee 🤤🍗,48622,1,28.92,21.43,28.92,21.43,24.99,1,2026-04-06,2026-04-06,creator_analytics/manual_backfills/curvage_title_counts_all_time_2013-01-01_to_2026-07-04.csv,2026-07-04T19:25:00,Curvage title-count allocation,sale date,allocated daily title count,Daily title counts allocated to canonical Curvage daily gross/net by price-weighted unit share.
Curvage,Your Gluttonous Girlfriend Can't Hold Back Farts 🌯💨,Your Gluttonous Girlfriend Can't Hold Back Farts 🌯💨,72725,1,23.13,17.15,23.13,17.15,19.99,1,2026-04-06,2026-04-06,creator_analytics/manual_backfills/curvage_title_counts_all_time_2013-01-01_to_2026-07-04.csv,2026-07-04T19:25:00,Curvage title-count allocation,sale date,allocated daily title count,Daily title counts allocated to canonical Curvage daily gross/net by price-weighted unit share.
Curvage,Cursed Cake Makes Greedy Co-worker Explode,Cursed Cake Makes Greedy Co-worker Explode,63618,1,29.42,21.81,29.42,21.81,27.99,1,2026-04-07,2026-04-07,creator_analytics/manual_backfills/curvage_title_counts_all_time_2013-01-01_to_2026-07-04.csv,2026-07-04T19:25:00,Curvage title-count allocation,sale date,allocated daily title count,Daily title counts allocated to canonical Curvage daily gross/net by price-weighted unit share.
Curvage,How gaining weight changed how I exercise 🏋🏻‍♀️💪,How gaining weight changed how I exercise 🏋🏻‍♀️💪,73734,6,176.55,130.86,29.42,21.81,27.99,1,2026-04-07,2026-04-07,creator_analytics/manual_backfills/curvage_title_counts_all_time_2013-01-01_to_2026-07-04.csv,2026-07-04T19:25:00,Curvage title-count allocation,sale date,allocated daily title count,Daily title counts allocated to canonical Curvage daily gross/net by price-weighted unit share.
Curvage,Pills make me grow until I pop 💊🍗🎈,Pills make me grow until I pop 💊🍗🎈,72067,2,31.52,23.36,15.76,11.68,14.99,1,2026-04-07,2026-04-07,creator_analytics/manual_backfills/curvage_title_counts_all_time_2013-01-01_to_2026-07-04.csv,2026-07-04T19:25:00,Curvage title-count allocation,sale date,allocated daily title count,Daily title counts allocated to canonical Curvage daily gross/net by price-weighted unit share.
Curvage,Stuffing in the Car Until I'm Stuck! 🚙🍟,Stuffing in the Car Until I'm Stuck! 🚙🍟,59966,1,30.48,22.59,30.48,22.59,28.99,1,2026-04-07,2026-04-07,creator_analytics/manual_backfills/curvage_title_counts_all_time_2013-01-01_to_2026-07-04.csv,2026-07-04T19:25:00,Curvage title-count allocation,sale date,allocated daily title count,Daily title counts allocated to canonical Curvage daily gross/net by price-weighted unit share.
Curvage,Your Gluttonous Girlfriend Can't Hold Back Farts 🌯💨,Your Gluttonous Girlfriend Can't Hold Back Farts 🌯💨,72725,2,42.03,31.15,21.01,15.58,19.99,1,2026-04-07,2026-04-07,creator_analytics/manual_backfills/curvage_title_counts_all_time_2013-01-01_to_2026-07-04.csv,2026-07-04T19:25:00,Curvage title-count allocation,sale date,allocated daily title count,Daily title counts allocated to canonical Curvage daily gross/net by price-weighted unit share.
Curvage,How gaining weight changed how I exercise 🏋🏻‍♀️💪,How gaining weight changed how I exercise 🏋🏻‍♀️💪,73734,3,83.91,62.2,27.97,20.73,27.99,1,2026-04-08,2026-04-08,creator_analytics/manual_backfills/curvage_title_counts_all_time_2013-01-01_to_2026-07-04.csv,2026-07-04T19:25:00,Curvage title-count allocation,sale date,allocated daily title count,Daily title counts allocated to canonical Curvage daily gross/net by price-weighted unit share.
Curvage,HR manager coerces you into becoming her feeder 🍩🤤,HR manager coerces you into becoming her feeder 🍩🤤,72499,1,11.98,8.88,11.98,8.88,11.99,1,2026-04-08,2026-04-08,creator_analytics/manual_backfills/curvage_title_counts_all_time_2013-01-01_to_2026-07-04.csv,2026-07-04T19:25:00,Curvage title-count allocation,sale date,allocated daily title count,Daily title counts allocated to canonical Curvage daily gross/net by price-weighted unit share.
Curvage,Pills make me grow until I pop 💊🍗🎈,Pills make me grow until I pop 💊🍗🎈,72067,1,14.98,11.1,14.98,11.1,14.99,1,2026-04-08,2026-04-08,creator_analytics/manual_backfills/curvage_title_counts_all_time_2013-01-01_to_2026-07-04.csv,2026-07-04T19:25:00,Curvage title-count allocation,sale date,allocated daily title count,Daily title counts allocated to canonical Curvage daily gross/net by price-weighted unit share.
Curvage,Your Gluttonous Girlfriend Can't Hold Back Farts 🌯💨,Your Gluttonous Girlfriend Can't Hold Back Farts 🌯💨,72725,1,19.98,14.81,19.98,14.81,19.99,1,2026-04-08,2026-04-08,creator_analytics/manual_backfills/curvage_title_counts_all_time_2013-01-01_to_2026-07-04.csv,2026-07-04T19:25:00,Curvage title-count allocation,sale date,allocated daily title count,Daily title counts allocated to canonical Curvage daily gross/net by price-weighted unit share.
Curvage,Crushing you flat under my massive 525lb body,Crushing you flat under my massive 525lb body,67883,1,22.92,16.98,22.92,16.98,17.99,1,2026-04-09,2026-04-09,creator_analytics/manual_backfills/curvage_title_counts_all_time_2013-01-01_to_2026-07-04.csv,2026-07-04T19:25:00,Curvage title-count allocation,sale date,allocated daily title count,Daily title counts allocated to canonical Curvage daily gross/net by price-weighted unit share.
Curvage,How gaining weight changed how I exercise 🏋🏻‍♀️💪,How gaining weight changed how I exercise 🏋🏻‍♀️💪,73734,3,106.96,79.28,35.65,26.43,27.99,1,2026-04-09,2026-04-09,creator_analytics/manual_backfills/curvage_title_counts_all_time_2013-01-01_to_2026-07-04.csv,2026-07-04T19:25:00,Curvage title-count allocation,sale date,allocated daily title count,Daily title counts allocated to canonical Curvage daily gross/net by price-weighted unit share.
Curvage,HR manager coerces you into becoming her feeder 🍩🤤,HR manager coerces you into becoming her feeder 🍩🤤,72499,1,15.27,11.32,15.27,11.32,11.99,1,2026-04-09,2026-04-09,creator_analytics/manual_backfills/curvage_title_counts_all_time_2013-01-01_to_2026-07-04.csv,2026-07-04T19:25:00,Curvage title-count allocation,sale date,allocated daily title count,Daily title counts allocated to canonical Curvage daily gross/net by price-weighted unit share.
Curvage,Pills make me grow until I pop 💊🍗🎈,Pills make me grow until I pop 💊🍗🎈,72067,1,19.09,14.15,19.09,14.15,14.99,1,2026-04-09,2026-04-09,creator_analytics/manual_backfills/curvage_title_counts_all_time_2013-01-01_to_2026-07-04.csv,2026-07-04T19:25:00,Curvage title-count allocation,sale date,allocated daily title count,Daily title counts allocated to canonical Curvage daily gross/net by price-weighted unit share.
Curvage,Your Gluttonous Girlfriend Can't Hold Back Farts 🌯💨,Your Gluttonous Girlfriend Can't Hold Back Farts 🌯💨,72725,1,25.46,18.87,25.46,18.87,19.99,1,2026-04-09,2026-04-09,creator_analytics/manual_backfills/curvage_title_counts_all_time_2013-01-01_to_2026-07-04.csv,2026-07-04T19:25:00,Curvage title-count allocation,sale date,allocated daily title count,Daily title counts allocated to canonical Curvage daily gross/net by price-weighted unit share.
Curvage,How gaining weight changed how I exercise 🏋🏻‍♀️💪,How gaining weight changed how I exercise 🏋🏻‍♀️💪,73734,6,179.06,132.72,29.84,22.12,27.99,1,2026-04-10,2026-04-10,creator_analytics/manual_backfills/curvage_title_counts_all_time_2013-01-01_to_2026-07-04.csv,2026-07-04T19:25:00,Curvage title-count allocation,sale date,allocated daily title count,Daily title counts allocated to canonical Curvage daily gross/net by price-weighted unit share.
Curvage,Pills make me grow until I pop 💊🍗🎈,Pills make me grow until I pop 💊🍗🎈,72067,1,15.98,11.85,15.98,11.85,14.99,1,2026-04-10,2026-04-10,creator_analytics/manual_backfills/curvage_title_counts_all_time_2013-01-01_to_2026-07-04.csv,2026-07-04T19:25:00,Curvage title-count allocation,sale date,allocated daily title count,Daily title counts allocated to canonical Curvage daily gross/net by price-weighted unit share.
Curvage,How gaining weight changed how I exercise 🏋🏻‍♀️💪,How gaining weight changed how I exercise 🏋🏻‍♀️💪,73734,2,78.12,57.9,39.06,28.95,27.99,1,2026-04-11,2026-04-11,creator_analytics/manual_backfills/curvage_title_counts_all_time_2013-01-01_to_2026-07-04.csv,2026-07-04T19:25:00,Curvage title-count allocation,sale date,allocated daily title count,Daily title counts allocated to canonical Curvage daily gross/net by price-weighted unit share.
Curvage,Pills make me grow until I pop 💊🍗🎈,Pills make me grow until I pop 💊🍗🎈,72067,1,20.92,15.51,20.92,15.51,14.99,1,2026-04-11,2026-04-11,creator_analytics/manual_backfills/curvage_title_counts_all_time_2013-01-01_to_2026-07-04.csv,2026-07-04T19:25:00,Curvage title-count allocation,sale date,allocated daily title count,Daily title counts allocated to canonical Curvage daily gross/net by price-weighted unit share.
Curvage,Gassy giantess vores you 👅💨,Gassy giantess vores you 👅💨,71108,1,25.03,18.55,25.03,18.55,24.99,1,2026-04-13,2026-04-13,creator_analytics/manual_backfills/curvage_title_counts_all_time_2013-01-01_to_2026-07-04.csv,2026-07-04T19:25:00,Curvage title-count allocation,sale date,allocated daily title count,Daily title counts allocated to canonical Curvage daily gross/net by price-weighted unit share.
Curvage,How gaining weight changed how I exercise 🏋🏻‍♀️💪,How gaining weight changed how I exercise 🏋🏻‍♀️💪,73734,1,28.03,20.78,28.03,20.78,27.99,1,2026-04-13,2026-04-13,creator_analytics/manual_backfills/curvage_title_counts_all_time_2013-01-01_to_2026-07-04.csv,2026-07-04T19:25:00,Curvage title-count allocation,sale date,allocated daily title count,Daily title counts allocated to canonical Curvage daily gross/net by price-weighted unit share.
Curvage,Cursed Cake Makes Greedy Co-worker Explode,Cursed Cake Makes Greedy Co-worker Explode,63618,1,28.05,20.79,28.05,20.79,27.99,1,2026-04-14,2026-04-14,creator_analytics/manual_backfills/curvage_title_counts_all_time_2013-01-01_to_2026-07-04.csv,2026-07-04T19:25:00,Curvage title-count allocation,sale date,allocated daily title count,Daily title counts allocated to canonical Curvage daily gross/net by price-weighted unit share.
Curvage,How gaining weight changed how I exercise 🏋🏻‍♀️💪,How gaining weight changed how I exercise 🏋🏻‍♀️💪,73734,4,112.2,83.16,28.05,20.79,27.99,1,2026-04-14,2026-04-14,creator_analytics/manual_backfills/curvage_title_counts_all_time_2013-01-01_to_2026-07-04.csv,2026-07-04T19:25:00,Curvage title-count allocation,sale date,allocated daily title count,Daily title counts allocated to canonical Curvage daily gross/net by price-weighted unit share.
Curvage,Nightmare Thanksgiving guest eats all the food! 🦃🤤,Nightmare Thanksgiving guest eats all the food! 🦃🤤,68878,1,32.06,23.76,32.06,23.76,31.99,1,2026-04-14,2026-04-14,creator_analytics/manual_backfills/curvage_title_counts_all_time_2013-01-01_to_2026-07-04.csv,2026-07-04T19:25:00,Curvage title-count allocation,sale date,allocated daily title count,Daily title counts allocated to canonical Curvage daily gross/net by price-weighted unit share.
Curvage,Stuffing and making out with your feedee 🤤🍗,Stuffing and making out with your feedee 🤤🍗,48622,1,25.04,18.56,25.04,18.56,24.99,1,2026-04-14,2026-04-14,creator_analytics/manual_backfills/curvage_title_counts_all_time_2013-01-01_to_2026-07-04.csv,2026-07-04T19:25:00,Curvage title-count allocation,sale date,allocated daily title count,Daily title counts allocated to canonical Curvage daily gross/net by price-weighted unit share.
Curvage,HR manager coerces you into becoming her feeder 🍩🤤,HR manager coerces you into becoming her feeder 🍩🤤,72499,1,11.95,8.86,11.95,8.86,11.99,1,2026-04-15,2026-04-15,creator_analytics/manual_backfills/curvage_title_counts_all_time_2013-01-01_to_2026-07-04.csv,2026-07-04T19:25:00,Curvage title-count allocation,sale date,allocated daily title count,Daily title counts allocated to canonical Curvage daily gross/net by price-weighted unit share.
Curvage,Stuffing and making out with your feedee 🤤🍗,Stuffing and making out with your feedee 🤤🍗,48622,1,24.92,18.47,24.92,18.47,24.99,1,2026-04-15,2026-04-15,creator_analytics/manual_backfills/curvage_title_counts_all_time_2013-01-01_to_2026-07-04.csv,2026-07-04T19:25:00,Curvage title-count allocation,sale date,allocated daily title count,Daily title counts allocated to canonical Curvage daily gross/net by price-weighted unit share.
Curvage,HR manager coerces you into becoming her feeder 🍩🤤,HR manager coerces you into becoming her feeder 🍩🤤,72499,1,39.91,29.58,39.91,29.58,11.99,1,2026-04-16,2026-04-16,creator_analytics/manual_backfills/curvage_title_counts_all_time_2013-01-01_to_2026-07-04.csv,2026-07-04T19:25:00,Curvage title-count allocation,sale date,allocated daily title count,Daily title counts allocated to canonical Curvage daily gross/net by price-weighted unit share.
Curvage,Your Gluttonous Girlfriend Can't Hold Back Farts 🌯💨,Your Gluttonous Girlfriend Can't Hold Back Farts 🌯💨,72725,1,19.95,14.79,19.95,14.79,19.99,1,2026-04-17,2026-04-17,creator_analytics/manual_backfills/curvage_title_counts_all_time_2013-01-01_to_2026-07-04.csv,2026-07-04T19:25:00,Curvage title-count allocation,sale date,allocated daily title count,Daily title counts allocated to canonical Curvage daily gross/net by price-weighted unit share.
Curvage,Cursed Cake Makes Greedy Co-worker Explode,Cursed Cake Makes Greedy Co-worker Explode,63618,1,52.36,38.81,52.36,38.81,27.99,1,2026-04-18,2026-04-18,creator_analytics/manual_backfills/curvage_title_counts_all_time_2013-01-01_to_2026-07-04.csv,2026-07-04T19:25:00,Curvage title-count allocation,sale date,allocated daily title count,Daily title counts allocated to canonical Curvage daily gross/net by price-weighted unit share.
Curvage,Greedy girlfriend stuffs her face and vores you! 🤤🍔,Greedy girlfriend stuffs her face and vores you! 🤤🍔,56366,1,41.14,30.49,41.14,30.49,21.99,1,2026-04-18,2026-04-18,creator_analytics/manual_backfills/curvage_title_counts_all_time_2013-01-01_to_2026-07-04.csv,2026-07-04T19:25:00,Curvage title-count allocation,sale date,allocated daily title count,Daily title counts allocated to canonical Curvage daily gross/net by price-weighted unit share.
Curvage,HR manager coerces you into becoming her feeder 🍩🤤,HR manager coerces you into becoming her feeder 🍩🤤,72499,1,22.43,16.62,22.43,16.62,11.99,1,2026-04-18,2026-04-18,creator_analytics/manual_backfills/curvage_title_counts_all_time_2013-01-01_to_2026-07-04.csv,2026-07-04T19:25:00,Curvage title-count allocation,sale date,allocated daily title count,Daily title counts allocated to canonical Curvage daily gross/net by price-weighted unit share.
Curvage,Your Gluttonous Girlfriend Can't Hold Back Farts 🌯💨,Your Gluttonous Girlfriend Can't Hold Back Farts 🌯💨,72725,2,74.79,55.43,37.39,27.72,19.99,1,2026-04-18,2026-04-18,creator_analytics/manual_backfills/curvage_title_counts_all_time_2013-01-01_to_2026-07-04.csv,2026-07-04T19:25:00,Curvage title-count allocation,sale date,allocated daily title count,Daily title counts allocated to canonical Curvage daily gross/net by price-weighted unit share.
Curvage,Stuffing tacos makes me burp and fart! 🌮💨,Stuffing tacos makes me burp and fart! 🌮💨,60064,1,35.13,26.04,35.13,26.04,34.99,1,2026-04-19,2026-04-19,creator_analytics/manual_backfills/curvage_title_counts_all_time_2013-01-01_to_2026-07-04.csv,2026-07-04T19:25:00,Curvage title-count allocation,sale date,allocated daily title count,Daily title counts allocated to canonical Curvage daily gross/net by price-weighted unit share.
Curvage,How gaining weight changed how I exercise 🏋🏻‍♀️💪,How gaining weight changed how I exercise 🏋🏻‍♀️💪,73734,1,43.95,32.58,43.95,32.58,27.99,1,2026-04-20,2026-04-20,creator_analytics/manual_backfills/curvage_title_counts_all_time_2013-01-01_to_2026-07-04.csv,2026-07-04T19:25:00,Curvage title-count allocation,sale date,allocated daily title count,Daily title counts allocated to canonical Curvage daily gross/net by price-weighted unit share.
Curvage,Gassy giantess vores you 👅💨,Gassy giantess vores you 👅💨,71108,1,25.01,18.54,25.01,18.54,24.99,1,2026-04-21,2026-04-21,creator_analytics/manual_backfills/curvage_title_counts_all_time_2013-01-01_to_2026-07-04.csv,2026-07-04T19:25:00,Curvage title-count allocation,sale date,allocated daily title count,Daily title counts allocated to canonical Curvage daily gross/net by price-weighted unit share.
Curvage,How gaining weight changed how I exercise 🏋🏻‍♀️💪,How gaining weight changed how I exercise 🏋🏻‍♀️💪,73734,1,58.12,43.08,58.12,43.08,27.99,1,2026-04-22,2026-04-22,creator_analytics/manual_backfills/curvage_title_counts_all_time_2013-01-01_to_2026-07-04.csv,2026-07-04T19:25:00,Curvage title-count allocation,sale date,allocated daily title count,Daily title counts allocated to canonical Curvage daily gross/net by price-weighted unit share.
Curvage,HR manager coerces you into becoming her feeder 🍩🤤,HR manager coerces you into becoming her feeder 🍩🤤,72499,1,30.8,22.83,30.8,22.83,11.99,1,2026-04-23,2026-04-23,creator_analytics/manual_backfills/curvage_title_counts_all_time_2013-01-01_to_2026-07-04.csv,2026-07-04T19:25:00,Curvage title-count allocation,sale date,allocated daily title count,Daily title counts allocated to canonical Curvage daily gross/net by price-weighted unit share.
Curvage,Cursed Cake Makes Greedy Co-worker Explode,Cursed Cake Makes Greedy Co-worker Explode,63618,2,67.56,50.08,33.78,25.04,27.99,1,2026-04-24,2026-04-24,creator_analytics/manual_backfills/curvage_title_counts_all_time_2013-01-01_to_2026-07-04.csv,2026-07-04T19:25:00,Curvage title-count allocation,sale date,allocated daily title count,Daily title counts allocated to canonical Curvage daily gross/net by price-weighted unit share.
Curvage,HR manager coerces you into becoming her feeder 🍩🤤,HR manager coerces you into becoming her feeder 🍩🤤,72499,1,14.47,10.73,14.47,10.73,11.99,1,2026-04-24,2026-04-24,creator_analytics/manual_backfills/curvage_title_counts_all_time_2013-01-01_to_2026-07-04.csv,2026-07-04T19:25:00,Curvage title-count allocation,sale date,allocated daily title count,Daily title counts allocated to canonical Curvage daily gross/net by price-weighted unit share.
Curvage,Pills make me grow until I pop 💊🍗🎈,Pills make me grow until I pop 💊🍗🎈,72067,1,18.09,13.41,18.09,13.41,14.99,1,2026-04-24,2026-04-24,creator_analytics/manual_backfills/curvage_title_counts_all_time_2013-01-01_to_2026-07-04.csv,2026-07-04T19:25:00,Curvage title-count allocation,sale date,allocated daily title count,Daily title counts allocated to canonical Curvage daily gross/net by price-weighted unit share.
Curvage,Your Gluttonous Girlfriend Can't Hold Back Farts 🌯💨,Your Gluttonous Girlfriend Can't Hold Back Farts 🌯💨,72725,3,72.38,53.65,24.13,17.88,19.99,1,2026-04-24,2026-04-24,creator_analytics/manual_backfills/curvage_title_counts_all_time_2013-01-01_to_2026-07-04.csv,2026-07-04T19:25:00,Curvage title-count allocation,sale date,allocated daily title count,Daily title counts allocated to canonical Curvage daily gross/net by price-weighted unit share.
Curvage,HR manager coerces you into becoming her feeder 🍩🤤,HR manager coerces you into becoming her feeder 🍩🤤,72499,2,30.84,22.86,15.42,11.43,11.99,1,2026-04-25,2026-04-25,creator_analytics/manual_backfills/curvage_title_counts_all_time_2013-01-01_to_2026-07-04.csv,2026-07-04T19:25:00,Curvage title-count allocation,sale date,allocated daily title count,Daily title counts allocated to canonical Curvage daily gross/net by price-weighted unit share.
Curvage,Your Gluttonous Girlfriend Can't Hold Back Farts 🌯💨,Your Gluttonous Girlfriend Can't Hold Back Farts 🌯💨,72725,1,25.71,19.05,25.71,19.05,19.99,1,2026-04-25,2026-04-25,creator_analytics/manual_backfills/curvage_title_counts_all_time_2013-01-01_to_2026-07-04.csv,2026-07-04T19:25:00,Curvage title-count allocation,sale date,allocated daily title count,Daily title counts allocated to canonical Curvage daily gross/net by price-weighted unit share.
Curvage,Your Gluttonous Girlfriend Can't Hold Back Farts 🌯💨,Your Gluttonous Girlfriend Can't Hold Back Farts 🌯💨,72725,1,19.95,14.79,19.95,14.79,19.99,1,2026-04-27,2026-04-27,creator_analytics/manual_backfills/curvage_title_counts_all_time_2013-01-01_to_2026-07-04.csv,2026-07-04T19:25:00,Curvage title-count allocation,sale date,allocated daily title count,Daily title counts allocated to canonical Curvage daily gross/net by price-weighted unit share.
Curvage,Cursed Cake Makes Greedy Co-worker Explode,Cursed Cake Makes Greedy Co-worker Explode,63618,1,85.58,63.44,85.58,63.44,27.99,1,2026-04-28,2026-04-28,creator_analytics/manual_backfills/curvage_title_counts_all_time_2013-01-01_to_2026-07-04.csv,2026-07-04T19:25:00,Curvage title-count allocation,sale date,allocated daily title count,Daily title counts allocated to canonical Curvage daily gross/net by price-weighted unit share.
Curvage,How gaining weight changed how I exercise 🏋🏻‍♀️💪,How gaining weight changed how I exercise 🏋🏻‍♀️💪,73734,1,85.58,63.44,85.58,63.44,27.99,1,2026-04-28,2026-04-28,creator_analytics/manual_backfills/curvage_title_counts_all_time_2013-01-01_to_2026-07-04.csv,2026-07-04T19:25:00,Curvage title-count allocation,sale date,allocated daily title count,Daily title counts allocated to canonical Curvage daily gross/net by price-weighted unit share.
Curvage,HR manager coerces you into becoming her feeder 🍩🤤,HR manager coerces you into becoming her feeder 🍩🤤,72499,1,36.66,27.17,36.66,27.17,11.99,1,2026-04-28,2026-04-28,creator_analytics/manual_backfills/curvage_title_counts_all_time_2013-01-01_to_2026-07-04.csv,2026-07-04T19:25:00,Curvage title-count allocation,sale date,allocated daily title count,Daily title counts allocated to canonical Curvage daily gross/net by price-weighted unit share.
Curvage,Nightmare Thanksgiving guest eats all the food! 🦃🤤,Nightmare Thanksgiving guest eats all the food! 🦃🤤,68878,1,97.81,72.5,97.81,72.5,31.99,1,2026-04-28,2026-04-28,creator_analytics/manual_backfills/curvage_title_counts_all_time_2013-01-01_to_2026-07-04.csv,2026-07-04T19:25:00,Curvage title-count allocation,sale date,allocated daily title count,Daily title counts allocated to canonical Curvage daily gross/net by price-weighted unit share.
Curvage,Stuffing tacos makes me burp and fart! 🌮💨,Stuffing tacos makes me burp and fart! 🌮💨,60064,1,106.99,79.3,106.99,79.3,34.99,1,2026-04-28,2026-04-28,creator_analytics/manual_backfills/curvage_title_counts_all_time_2013-01-01_to_2026-07-04.csv,2026-07-04T19:25:00,Curvage title-count allocation,sale date,allocated daily title count,Daily title counts allocated to canonical Curvage daily gross/net by price-weighted unit share.
Curvage,Cursed Cake Makes Greedy Co-worker Explode,Cursed Cake Makes Greedy Co-worker Explode,63618,1,77.09,57.14,77.09,57.14,27.99,1,2026-04-29,2026-04-29,creator_analytics/manual_backfills/curvage_title_counts_all_time_2013-01-01_to_2026-07-04.csv,2026-07-04T19:25:00,Curvage title-count allocation,sale date,allocated daily title count,Daily title counts allocated to canonical Curvage daily gross/net by price-weighted unit share.
Curvage,Your Gluttonous Girlfriend Can't Hold Back Farts 🌯💨,Your Gluttonous Girlfriend Can't Hold Back Farts 🌯💨,72725,1,55.06,40.81,55.06,40.81,19.99,1,2026-04-29,2026-04-29,creator_analytics/manual_backfills/curvage_title_counts_all_time_2013-01-01_to_2026-07-04.csv,2026-07-04T19:25:00,Curvage title-count allocation,sale date,allocated daily title count,Daily title counts allocated to canonical Curvage daily gross/net by price-weighted unit share.
Curvage,How gaining weight changed how I exercise 🏋🏻‍♀️💪,How gaining weight changed how I exercise 🏋🏻‍♀️💪,73734,1,101.06,74.91,101.06,74.91,27.99,1,2026-04-30,2026-04-30,creator_analytics/manual_backfills/curvage_title_counts_all_time_2013-01-01_to_2026-07-04.csv,2026-07-04T19:25:00,Curvage title-count allocation,sale date,allocated daily title count,Daily title counts allocated to canonical Curvage daily gross/net by price-weighted unit share.
Curvage,HR manager coerces you into becoming her feeder 🍩🤤,HR manager coerces you into becoming her feeder 🍩🤤,72499,1,56.83,42.12,56.83,42.12,11.99,1,2026-05-01,2026-05-01,creator_analytics/manual_backfills/curvage_title_counts_all_time_2013-01-01_to_2026-07-04.csv,2026-07-04T19:25:00,Curvage title-count allocation,sale date,allocated daily title count,Daily title counts allocated to canonical Curvage daily gross/net by price-weighted unit share.
Curvage,Gassy giantess vores you 👅💨,Gassy giantess vores you 👅💨,71108,1,53.06,39.33,53.06,39.33,24.99,1,2026-05-04,2026-05-04,creator_analytics/manual_backfills/curvage_title_counts_all_time_2013-01-01_to_2026-07-04.csv,2026-07-04T19:25:00,Curvage title-count allocation,sale date,allocated daily title count,Daily title counts allocated to canonical Curvage daily gross/net by price-weighted unit share.
Curvage,Girlfriend Wants to Gain to 600lbs for You 🍪,Girlfriend Wants to Gain to 600lbs for You 🍪,74929,11,293.08,217.24,26.64,19.75,19.99,1,2026-05-05,2026-05-05,creator_analytics/manual_backfills/curvage_title_counts_all_time_2013-01-01_to_2026-07-04.csv,2026-07-04T19:25:00,Curvage title-count allocation,sale date,allocated daily title count,Daily title counts allocated to canonical Curvage daily gross/net by price-weighted unit share.
Curvage,How gaining weight changed how I exercise 🏋🏻‍♀️💪,How gaining weight changed how I exercise 🏋🏻‍♀️💪,73734,1,37.31,27.65,37.31,27.65,27.99,1,2026-05-05,2026-05-05,creator_analytics/manual_backfills/curvage_title_counts_all_time_2013-01-01_to_2026-07-04.csv,2026-07-04T19:25:00,Curvage title-count allocation,sale date,allocated daily title count,Daily title counts allocated to canonical Curvage daily gross/net by price-weighted unit share.
Curvage,Girlfriend Wants to Gain to 600lbs for You 🍪,Girlfriend Wants to Gain to 600lbs for You 🍪,74929,11,239.58,177.58,21.78,16.14,19.99,1,2026-05-06,2026-05-06,creator_analytics/manual_backfills/curvage_title_counts_all_time_2013-01-01_to_2026-07-04.csv,2026-07-04T19:25:00,Curvage title-count allocation,sale date,allocated daily title count,Daily title counts allocated to canonical Curvage daily gross/net by price-weighted unit share.
Curvage,How gaining weight changed how I exercise 🏋🏻‍♀️💪,How gaining weight changed how I exercise 🏋🏻‍♀️💪,73734,1,30.5,22.6,30.5,22.6,27.99,1,2026-05-06,2026-05-06,creator_analytics/manual_backfills/curvage_title_counts_all_time_2013-01-01_to_2026-07-04.csv,2026-07-04T19:25:00,Curvage title-count allocation,sale date,allocated daily title count,Daily title counts allocated to canonical Curvage daily gross/net by price-weighted unit share.
Curvage,HR manager coerces you into becoming her feeder 🍩🤤,HR manager coerces you into becoming her feeder 🍩🤤,72499,1,13.06,9.68,13.06,9.68,11.99,1,2026-05-06,2026-05-06,creator_analytics/manual_backfills/curvage_title_counts_all_time_2013-01-01_to_2026-07-04.csv,2026-07-04T19:25:00,Curvage title-count allocation,sale date,allocated daily title count,Daily title counts allocated to canonical Curvage daily gross/net by price-weighted unit share.
Curvage,Nightmare Thanksgiving guest eats all the food! 🦃🤤,Nightmare Thanksgiving guest eats all the food! 🦃🤤,68878,3,104.56,77.5,34.85,25.83,31.99,1,2026-05-06,2026-05-06,creator_analytics/manual_backfills/curvage_title_counts_all_time_2013-01-01_to_2026-07-04.csv,2026-07-04T19:25:00,Curvage title-count allocation,sale date,allocated daily title count,Daily title counts allocated to canonical Curvage daily gross/net by price-weighted unit share.
Curvage,Your Gluttonous Girlfriend Can't Hold Back Farts 🌯💨,Your Gluttonous Girlfriend Can't Hold Back Farts 🌯💨,72725,1,21.78,16.14,21.78,16.14,19.99,1,2026-05-06,2026-05-06,creator_analytics/manual_backfills/curvage_title_counts_all_time_2013-01-01_to_2026-07-04.csv,2026-07-04T19:25:00,Curvage title-count allocation,sale date,allocated daily title count,Daily title counts allocated to canonical Curvage daily gross/net by price-weighted unit share.
Curvage,Girlfriend Wants to Gain to 600lbs for You 🍪,Girlfriend Wants to Gain to 600lbs for You 🍪,74929,4,122.13,90.52,30.53,22.63,19.99,1,2026-05-07,2026-05-07,creator_analytics/manual_backfills/curvage_title_counts_all_time_2013-01-01_to_2026-07-04.csv,2026-07-04T19:25:00,Curvage title-count allocation,sale date,allocated daily title count,Daily title counts allocated to canonical Curvage daily gross/net by price-weighted unit share.
Curvage,How gaining weight changed how I exercise 🏋🏻‍♀️💪,How gaining weight changed how I exercise 🏋🏻‍♀️💪,73734,2,85.5,63.38,42.75,31.69,27.99,1,2026-05-07,2026-05-07,creator_analytics/manual_backfills/curvage_title_counts_all_time_2013-01-01_to_2026-07-04.csv,2026-07-04T19:25:00,Curvage title-count allocation,sale date,allocated daily title count,Daily title counts allocated to canonical Curvage daily gross/net by price-weighted unit share.
Curvage,Girlfriend Wants to Gain to 600lbs for You 🍪,Girlfriend Wants to Gain to 600lbs for You 🍪,74929,3,79.06,58.6,26.35,19.53,19.99,1,2026-05-08,2026-05-08,creator_analytics/manual_backfills/curvage_title_counts_all_time_2013-01-01_to_2026-07-04.csv,2026-07-04T19:25:00,Curvage title-count allocation,sale date,allocated daily title count,Daily title counts allocated to canonical Curvage daily gross/net by price-weighted unit share.
Curvage,How gaining weight changed how I exercise 🏋🏻‍♀️💪,How gaining weight changed how I exercise 🏋🏻‍♀️💪,73734,1,36.9,27.35,36.9,27.35,27.99,1,2026-05-08,2026-05-08,creator_analytics/manual_backfills/curvage_title_counts_all_time_2013-01-01_to_2026-07-04.csv,2026-07-04T19:25:00,Curvage title-count allocation,sale date,allocated daily title count,Daily title counts allocated to canonical Curvage daily gross/net by price-weighted unit share.
Curvage,Cursed Cake Makes Greedy Co-worker Explode,Cursed Cake Makes Greedy Co-worker Explode,63618,1,46.37,34.37,46.37,34.37,27.99,1,2026-05-09,2026-05-09,creator_analytics/manual_backfills/curvage_title_counts_all_time_2013-01-01_to_2026-07-04.csv,2026-07-04T19:25:00,Curvage title-count allocation,sale date,allocated daily title count,Daily title counts allocated to canonical Curvage daily gross/net by price-weighted unit share.
Curvage,Get me pregnant and make me grow! 🤰😍,Get me pregnant and make me grow! 🤰😍,49011,1,21.52,15.95,21.52,15.95,12.99,1,2026-05-09,2026-05-09,creator_analytics/manual_backfills/curvage_title_counts_all_time_2013-01-01_to_2026-07-04.csv,2026-07-04T19:25:00,Curvage title-count allocation,sale date,allocated daily title count,Daily title counts allocated to canonical Curvage daily gross/net by price-weighted unit share.
Curvage,Girlfriend Wants to Gain to 600lbs for You 🍪,Girlfriend Wants to Gain to 600lbs for You 🍪,74929,3,99.35,73.64,33.12,24.55,19.99,1,2026-05-09,2026-05-09,creator_analytics/manual_backfills/curvage_title_counts_all_time_2013-01-01_to_2026-07-04.csv,2026-07-04T19:25:00,Curvage title-count allocation,sale date,allocated daily title count,Daily title counts allocated to canonical Curvage daily gross/net by price-weighted unit share.
Curvage,How gaining weight changed how I exercise 🏋🏻‍♀️💪,How gaining weight changed how I exercise 🏋🏻‍♀️💪,73734,1,46.37,34.37,46.37,34.37,27.99,1,2026-05-09,2026-05-09,creator_analytics/manual_backfills/curvage_title_counts_all_time_2013-01-01_to_2026-07-04.csv,2026-07-04T19:25:00,Curvage title-count allocation,sale date,allocated daily title count,Daily title counts allocated to canonical Curvage daily gross/net by price-weighted unit share.
Curvage,Pills make me grow until I pop 💊🍗🎈,Pills make me grow until I pop 💊🍗🎈,72067,1,24.83,18.41,24.83,18.41,14.99,1,2026-05-09,2026-05-09,creator_analytics/manual_backfills/curvage_title_counts_all_time_2013-01-01_to_2026-07-04.csv,2026-07-04T19:25:00,Curvage title-count allocation,sale date,allocated daily title count,Daily title counts allocated to canonical Curvage daily gross/net by price-weighted unit share.
Curvage,Girlfriend Wants to Gain to 600lbs for You 🍪,Girlfriend Wants to Gain to 600lbs for You 🍪,74929,2,39.98,29.58,19.99,14.79,19.99,1,2026-05-10,2026-05-10,creator_analytics/manual_backfills/curvage_title_counts_all_time_2013-01-01_to_2026-07-04.csv,2026-07-04T19:25:00,Curvage title-count allocation,sale date,allocated daily title count,Daily title counts allocated to canonical Curvage daily gross/net by price-weighted unit share.
Curvage,Girlfriend Wants to Gain to 600lbs for You 🍪,Girlfriend Wants to Gain to 600lbs for You 🍪,74929,1,67.97,50.37,67.97,50.37,19.99,1,2026-05-11,2026-05-11,creator_analytics/manual_backfills/curvage_title_counts_all_time_2013-01-01_to_2026-07-04.csv,2026-07-04T19:25:00,Curvage title-count allocation,sale date,allocated daily title count,Daily title counts allocated to canonical Curvage daily gross/net by price-weighted unit share.
Curvage,Girlfriend Wants to Gain to 600lbs for You 🍪,Girlfriend Wants to Gain to 600lbs for You 🍪,74929,1,93.95,69.45,93.95,69.45,19.99,1,2026-05-12,2026-05-12,creator_analytics/manual_backfills/curvage_title_counts_all_time_2013-01-01_to_2026-07-04.csv,2026-07-04T19:25:00,Curvage title-count allocation,sale date,allocated daily title count,Daily title counts allocated to canonical Curvage daily gross/net by price-weighted unit share.
Curvage,Girlfriend Wants to Gain to 600lbs for You 🍪,Girlfriend Wants to Gain to 600lbs for You 🍪,74929,2,44.69,41.86,22.34,20.93,19.99,1,2026-05-13,2026-05-13,creator_analytics/manual_backfills/curvage_title_counts_all_time_2013-01-01_to_2026-07-04.csv,2026-07-04T19:25:00,Curvage title-count allocation,sale date,allocated daily title count,Daily title counts allocated to canonical Curvage daily gross/net by price-weighted unit share.
Curvage,How gaining weight changed how I exercise 🏋🏻‍♀️💪,How gaining weight changed how I exercise 🏋🏻‍♀️💪,73734,1,31.28,29.3,31.28,29.3,27.99,1,2026-05-13,2026-05-13,creator_analytics/manual_backfills/curvage_title_counts_all_time_2013-01-01_to_2026-07-04.csv,2026-07-04T19:25:00,Curvage title-count allocation,sale date,allocated daily title count,Daily title counts allocated to canonical Curvage daily gross/net by price-weighted unit share.
Curvage,Girlfriend Wants to Gain to 600lbs for You 🍪,Girlfriend Wants to Gain to 600lbs for You 🍪,74929,1,28.22,27.04,28.22,27.04,19.99,1,2026-05-14,2026-05-14,creator_analytics/manual_backfills/curvage_title_counts_all_time_2013-01-01_to_2026-07-04.csv,2026-07-04T19:25:00,Curvage title-count allocation,sale date,allocated daily title count,Daily title counts allocated to canonical Curvage daily gross/net by price-weighted unit share.
Curvage,How gaining weight changed how I exercise 🏋🏻‍♀️💪,How gaining weight changed how I exercise 🏋🏻‍♀️💪,73734,1,39.52,37.86,39.52,37.86,27.99,1,2026-05-14,2026-05-14,creator_analytics/manual_backfills/curvage_title_counts_all_time_2013-01-01_to_2026-07-04.csv,2026-07-04T19:25:00,Curvage title-count allocation,sale date,allocated daily title count,Daily title counts allocated to canonical Curvage daily gross/net by price-weighted unit share.
Curvage,Stuffing My Face After Hitting the Gym! 🍔🥤,Stuffing My Face After Hitting the Gym! 🍔🥤,58749,1,28.22,27.04,28.22,27.04,19.99,1,2026-05-14,2026-05-14,creator_analytics/manual_backfills/curvage_title_counts_all_time_2013-01-01_to_2026-07-04.csv,2026-07-04T19:25:00,Curvage title-count allocation,sale date,allocated daily title count,Daily title counts allocated to canonical Curvage daily gross/net by price-weighted unit share.
Curvage,Girlfriend Wants to Gain to 600lbs for You 🍪,Girlfriend Wants to Gain to 600lbs for You 🍪,74929,3,68.69,50.86,22.9,16.95,19.99,1,2026-05-15,2026-05-15,creator_analytics/manual_backfills/curvage_title_counts_all_time_2013-01-01_to_2026-07-04.csv,2026-07-04T19:25:00,Curvage title-count allocation,sale date,allocated daily title count,Daily title counts allocated to canonical Curvage daily gross/net by price-weighted unit share.
Curvage,My bloated belly and burps are so hot! 🤤,My bloated belly and burps are so hot! 🤤,53641,1,28.62,21.19,28.62,21.19,24.99,1,2026-05-15,2026-05-15,creator_analytics/manual_backfills/curvage_title_counts_all_time_2013-01-01_to_2026-07-04.csv,2026-07-04T19:25:00,Curvage title-count allocation,sale date,allocated daily title count,Daily title counts allocated to canonical Curvage daily gross/net by price-weighted unit share.
Curvage,Stuffing and making out with your feedee 🤤🍗,Stuffing and making out with your feedee 🤤🍗,48622,1,28.62,21.19,28.62,21.19,24.99,1,2026-05-15,2026-05-15,creator_analytics/manual_backfills/curvage_title_counts_all_time_2013-01-01_to_2026-07-04.csv,2026-07-04T19:25:00,Curvage title-count allocation,sale date,allocated daily title count,Daily title counts allocated to canonical Curvage daily gross/net by price-weighted unit share.
Curvage,Girlfriend Wants to Gain to 600lbs for You 🍪,Girlfriend Wants to Gain to 600lbs for You 🍪,74929,1,19.99,14.84,19.99,14.84,19.99,1,2026-05-16,2026-05-16,creator_analytics/manual_backfills/curvage_title_counts_all_time_2013-01-01_to_2026-07-04.csv,2026-07-04T19:25:00,Curvage title-count allocation,sale date,allocated daily title count,Daily title counts allocated to canonical Curvage daily gross/net by price-weighted unit share.
Curvage,Nightmare Thanksgiving guest eats all the food! 🦃🤤,Nightmare Thanksgiving guest eats all the food! 🦃🤤,68878,1,31.99,23.74,31.99,23.74,31.99,1,2026-05-16,2026-05-16,creator_analytics/manual_backfills/curvage_title_counts_all_time_2013-01-01_to_2026-07-04.csv,2026-07-04T19:25:00,Curvage title-count allocation,sale date,allocated daily title count,Daily title counts allocated to canonical Curvage daily gross/net by price-weighted unit share.
Curvage,Girlfriend Wants to Gain to 600lbs for You 🍪,Girlfriend Wants to Gain to 600lbs for You 🍪,74929,1,29.98,22.11,29.98,22.11,19.99,1,2026-05-17,2026-05-17,creator_analytics/manual_backfills/curvage_title_counts_all_time_2013-01-01_to_2026-07-04.csv,2026-07-04T19:25:00,Curvage title-count allocation,sale date,allocated daily title count,Daily title counts allocated to canonical Curvage daily gross/net by price-weighted unit share.
Curvage,HR manager coerces you into becoming her feeder 🍩🤤,HR manager coerces you into becoming her feeder 🍩🤤,72499,1,17.99,13.26,17.99,13.26,11.99,1,2026-05-17,2026-05-17,creator_analytics/manual_backfills/curvage_title_counts_all_time_2013-01-01_to_2026-07-04.csv,2026-07-04T19:25:00,Curvage title-count allocation,sale date,allocated daily title count,Daily title counts allocated to canonical Curvage daily gross/net by price-weighted unit share.
Curvage,Girlfriend Wants to Gain to 600lbs for You 🍪,Girlfriend Wants to Gain to 600lbs for You 🍪,74929,1,19.99,14.79,19.99,14.79,19.99,1,2026-05-19,2026-05-19,creator_analytics/manual_backfills/curvage_title_counts_all_time_2013-01-01_to_2026-07-04.csv,2026-07-04T19:25:00,Curvage title-count allocation,sale date,allocated daily title count,Daily title counts allocated to canonical Curvage daily gross/net by price-weighted unit share.
Curvage,Girlfriend Wants to Gain to 600lbs for You 🍪,Girlfriend Wants to Gain to 600lbs for You 🍪,74929,1,36.98,27.33,36.98,27.33,19.99,1,2026-05-20,2026-05-20,creator_analytics/manual_backfills/curvage_title_counts_all_time_2013-01-01_to_2026-07-04.csv,2026-07-04T19:25:00,Curvage title-count allocation,sale date,allocated daily title count,Daily title counts allocated to canonical Curvage daily gross/net by price-weighted unit share.
Curvage,Cursed Cake Makes Greedy Co-worker Explode,Cursed Cake Makes Greedy Co-worker Explode,63618,1,23.33,22.69,23.33,22.69,27.99,1,2026-05-21,2026-05-21,creator_analytics/manual_backfills/curvage_title_counts_all_time_2013-01-01_to_2026-07-04.csv,2026-07-04T19:25:00,Curvage title-count allocation,sale date,allocated daily title count,Daily title counts allocated to canonical Curvage daily gross/net by price-weighted unit share.
Curvage,Girlfriend Wants to Gain to 600lbs for You 🍪,Girlfriend Wants to Gain to 600lbs for You 🍪,74929,3,49.98,48.62,16.66,16.21,19.99,1,2026-05-21,2026-05-21,creator_analytics/manual_backfills/curvage_title_counts_all_time_2013-01-01_to_2026-07-04.csv,2026-07-04T19:25:00,Curvage title-count allocation,sale date,allocated daily title count,Daily title counts allocated to canonical Curvage daily gross/net by price-weighted unit share.
Curvage,How gaining weight changed how I exercise 🏋🏻‍♀️💪,How gaining weight changed how I exercise 🏋🏻‍♀️💪,73734,1,23.33,22.69,23.33,22.69,27.99,1,2026-05-21,2026-05-21,creator_analytics/manual_backfills/curvage_title_counts_all_time_2013-01-01_to_2026-07-04.csv,2026-07-04T19:25:00,Curvage title-count allocation,sale date,allocated daily title count,Daily title counts allocated to canonical Curvage daily gross/net by price-weighted unit share.
Curvage,HR manager coerces you into becoming her feeder 🍩🤤,HR manager coerces you into becoming her feeder 🍩🤤,72499,1,9.99,9.72,9.99,9.72,11.99,1,2026-05-21,2026-05-21,creator_analytics/manual_backfills/curvage_title_counts_all_time_2013-01-01_to_2026-07-04.csv,2026-07-04T19:25:00,Curvage title-count allocation,sale date,allocated daily title count,Daily title counts allocated to canonical Curvage daily gross/net by price-weighted unit share.
Curvage,Nightmare Thanksgiving guest eats all the food! 🦃🤤,Nightmare Thanksgiving guest eats all the food! 🦃🤤,68878,1,26.66,25.94,26.66,25.94,31.99,1,2026-05-21,2026-05-21,creator_analytics/manual_backfills/curvage_title_counts_all_time_2013-01-01_to_2026-07-04.csv,2026-07-04T19:25:00,Curvage title-count allocation,sale date,allocated daily title count,Daily title counts allocated to canonical Curvage daily gross/net by price-weighted unit share.
Curvage,Pills make me grow until I pop 💊🍗🎈,Pills make me grow until I pop 💊🍗🎈,72067,2,24.98,24.31,12.49,12.15,14.99,1,2026-05-21,2026-05-21,creator_analytics/manual_backfills/curvage_title_counts_all_time_2013-01-01_to_2026-07-04.csv,2026-07-04T19:25:00,Curvage title-count allocation,sale date,allocated daily title count,Daily title counts allocated to canonical Curvage daily gross/net by price-weighted unit share.
Curvage,Your Gluttonous Girlfriend Can't Hold Back Farts 🌯💨,Your Gluttonous Girlfriend Can't Hold Back Farts 🌯💨,72725,1,16.66,16.21,16.66,16.21,19.99,1,2026-05-21,2026-05-21,creator_analytics/manual_backfills/curvage_title_counts_all_time_2013-01-01_to_2026-07-04.csv,2026-07-04T19:25:00,Curvage title-count allocation,sale date,allocated daily title count,Daily title counts allocated to canonical Curvage daily gross/net by price-weighted unit share.
Curvage,Best Friend's Mommy Tells You How to Please SSBBW 😈😍,Best Friend's Mommy Tells You How to Please SSBBW 😈😍,75672,24,453.14,380.24,18.88,15.84,19.99,1,2026-05-22,2026-05-22,creator_analytics/manual_backfills/curvage_title_counts_all_time_2013-01-01_to_2026-07-04.csv,2026-07-04T19:25:00,Curvage title-count allocation,sale date,allocated daily title count,Daily title counts allocated to canonical Curvage daily gross/net by price-weighted unit share.
Curvage,Girlfriend Wants to Gain to 600lbs for You 🍪,Girlfriend Wants to Gain to 600lbs for You 🍪,74929,2,37.76,31.69,18.88,15.84,19.99,1,2026-05-22,2026-05-22,creator_analytics/manual_backfills/curvage_title_counts_all_time_2013-01-01_to_2026-07-04.csv,2026-07-04T19:25:00,Curvage title-count allocation,sale date,allocated daily title count,Daily title counts allocated to canonical Curvage daily gross/net by price-weighted unit share.
Curvage,How gaining weight changed how I exercise 🏋🏻‍♀️💪,How gaining weight changed how I exercise 🏋🏻‍♀️💪,73734,3,79.31,66.55,26.44,22.18,27.99,1,2026-05-22,2026-05-22,creator_analytics/manual_backfills/curvage_title_counts_all_time_2013-01-01_to_2026-07-04.csv,2026-07-04T19:25:00,Curvage title-count allocation,sale date,allocated daily title count,Daily title counts allocated to canonical Curvage daily gross/net by price-weighted unit share.
Curvage,HR manager coerces you into becoming her feeder 🍩🤤,HR manager coerces you into becoming her feeder 🍩🤤,72499,1,11.32,9.5,11.32,9.5,11.99,1,2026-05-22,2026-05-22,creator_analytics/manual_backfills/curvage_title_counts_all_time_2013-01-01_to_2026-07-04.csv,2026-07-04T19:25:00,Curvage title-count allocation,sale date,allocated daily title count,Daily title counts allocated to canonical Curvage daily gross/net by price-weighted unit share.
Curvage,Pills make me grow until I pop 💊🍗🎈,Pills make me grow until I pop 💊🍗🎈,72067,1,14.16,11.88,14.16,11.88,14.99,1,2026-05-22,2026-05-22,creator_analytics/manual_backfills/curvage_title_counts_all_time_2013-01-01_to_2026-07-04.csv,2026-07-04T19:25:00,Curvage title-count allocation,sale date,allocated daily title count,Daily title counts allocated to canonical Curvage daily gross/net by price-weighted unit share.
Curvage,Best Friend's Mommy Tells You How to Please SSBBW 😈😍,Best Friend's Mommy Tells You How to Please SSBBW 😈😍,75672,14,194.84,207.02,13.92,14.79,19.99,1,2026-05-23,2026-05-23,creator_analytics/manual_backfills/curvage_title_counts_all_time_2013-01-01_to_2026-07-04.csv,2026-07-04T19:25:00,Curvage title-count allocation,sale date,allocated daily title count,Daily title counts allocated to canonical Curvage daily gross/net by price-weighted unit share.
Curvage,Girlfriend Wants to Gain to 600lbs for You 🍪,Girlfriend Wants to Gain to 600lbs for You 🍪,74929,3,41.75,44.36,13.92,14.79,19.99,1,2026-05-23,2026-05-23,creator_analytics/manual_backfills/curvage_title_counts_all_time_2013-01-01_to_2026-07-04.csv,2026-07-04T19:25:00,Curvage title-count allocation,sale date,allocated daily title count,Daily title counts allocated to canonical Curvage daily gross/net by price-weighted unit share.
Curvage,Pills make me grow until I pop 💊🍗🎈,Pills make me grow until I pop 💊🍗🎈,72067,1,10.44,11.09,10.44,11.09,14.99,1,2026-05-23,2026-05-23,creator_analytics/manual_backfills/curvage_title_counts_all_time_2013-01-01_to_2026-07-04.csv,2026-07-04T19:25:00,Curvage title-count allocation,sale date,allocated daily title count,Daily title counts allocated to canonical Curvage daily gross/net by price-weighted unit share.
Curvage,Your Gluttonous Girlfriend Can't Hold Back Farts 🌯💨,Your Gluttonous Girlfriend Can't Hold Back Farts 🌯💨,72725,2,27.83,29.57,13.92,14.79,19.99,1,2026-05-23,2026-05-23,creator_analytics/manual_backfills/curvage_title_counts_all_time_2013-01-01_to_2026-07-04.csv,2026-07-04T19:25:00,Curvage title-count allocation,sale date,allocated daily title count,Daily title counts allocated to canonical Curvage daily gross/net by price-weighted unit share.
Curvage,Best Friend's Mommy Tells You How to Please SSBBW 😈😍,Best Friend's Mommy Tells You How to Please SSBBW 😈😍,75672,9,83.04,151.17,9.23,16.8,19.99,1,2026-05-24,2026-05-24,creator_analytics/manual_backfills/curvage_title_counts_all_time_2013-01-01_to_2026-07-04.csv,2026-07-04T19:25:00,Curvage title-count allocation,sale date,allocated daily title count,Daily title counts allocated to canonical Curvage daily gross/net by price-weighted unit share.
Curvage,How gaining weight changed how I exercise 🏋🏻‍♀️💪,How gaining weight changed how I exercise 🏋🏻‍♀️💪,73734,1,12.92,23.52,12.92,23.52,27.99,1,2026-05-24,2026-05-24,creator_analytics/manual_backfills/curvage_title_counts_all_time_2013-01-01_to_2026-07-04.csv,2026-07-04T19:25:00,Curvage title-count allocation,sale date,allocated daily title count,Daily title counts allocated to canonical Curvage daily gross/net by price-weighted unit share.
Curvage,Best Friend's Mommy Tells You How to Please SSBBW 😈😍,Best Friend's Mommy Tells You How to Please SSBBW 😈😍,75672,7,173.43,128.41,24.78,18.34,19.99,1,2026-05-25,2026-05-25,creator_analytics/manual_backfills/curvage_title_counts_all_time_2013-01-01_to_2026-07-04.csv,2026-07-04T19:25:00,Curvage title-count allocation,sale date,allocated daily title count,Daily title counts allocated to canonical Curvage daily gross/net by price-weighted unit share.
Curvage,Cursed Cake Makes Greedy Co-worker Explode,Cursed Cake Makes Greedy Co-worker Explode,63618,1,34.69,25.69,34.69,25.69,27.99,1,2026-05-25,2026-05-25,creator_analytics/manual_backfills/curvage_title_counts_all_time_2013-01-01_to_2026-07-04.csv,2026-07-04T19:25:00,Curvage title-count allocation,sale date,allocated daily title count,Daily title counts allocated to canonical Curvage daily gross/net by price-weighted unit share.
Curvage,Girlfriend Wants to Gain to 600lbs for You 🍪,Girlfriend Wants to Gain to 600lbs for You 🍪,74929,1,24.78,18.34,24.78,18.34,19.99,1,2026-05-25,2026-05-25,creator_analytics/manual_backfills/curvage_title_counts_all_time_2013-01-01_to_2026-07-04.csv,2026-07-04T19:25:00,Curvage title-count allocation,sale date,allocated daily title count,Daily title counts allocated to canonical Curvage daily gross/net by price-weighted unit share.
Curvage,Best Friend's Mommy Tells You How to Please SSBBW 😈😍,Best Friend's Mommy Tells You How to Please SSBBW 😈😍,75672,3,46.34,44.43,15.45,14.81,19.99,1,2026-05-26,2026-05-26,creator_analytics/manual_backfills/curvage_title_counts_all_time_2013-01-01_to_2026-07-04.csv,2026-07-04T19:25:00,Curvage title-count allocation,sale date,allocated daily title count,Daily title counts allocated to canonical Curvage daily gross/net by price-weighted unit share.
Curvage,How gaining weight changed how I exercise 🏋🏻‍♀️💪,How gaining weight changed how I exercise 🏋🏻‍♀️💪,73734,1,21.63,20.73,21.63,20.73,27.99,1,2026-05-26,2026-05-26,creator_analytics/manual_backfills/curvage_title_counts_all_time_2013-01-01_to_2026-07-04.csv,2026-07-04T19:25:00,Curvage title-count allocation,sale date,allocated daily title count,Daily title counts allocated to canonical Curvage daily gross/net by price-weighted unit share.
Curvage,Best Friend's Mommy Tells You How to Please SSBBW 😈😍,Best Friend's Mommy Tells You How to Please SSBBW 😈😍,75672,3,122.56,90.73,40.85,30.24,19.99,1,2026-05-27,2026-05-27,creator_analytics/manual_backfills/curvage_title_counts_all_time_2013-01-01_to_2026-07-04.csv,2026-07-04T19:25:00,Curvage title-count allocation,sale date,allocated daily title count,Daily title counts allocated to canonical Curvage daily gross/net by price-weighted unit share.
Curvage,Girlfriend Wants to Gain to 600lbs for You 🍪,Girlfriend Wants to Gain to 600lbs for You 🍪,74929,1,40.85,30.24,40.85,30.24,19.99,1,2026-05-27,2026-05-27,creator_analytics/manual_backfills/curvage_title_counts_all_time_2013-01-01_to_2026-07-04.csv,2026-07-04T19:25:00,Curvage title-count allocation,sale date,allocated daily title count,Daily title counts allocated to canonical Curvage daily gross/net by price-weighted unit share.
Curvage,HR manager coerces you into becoming her feeder 🍩🤤,HR manager coerces you into becoming her feeder 🍩🤤,72499,1,24.5,18.14,24.5,18.14,11.99,1,2026-05-27,2026-05-27,creator_analytics/manual_backfills/curvage_title_counts_all_time_2013-01-01_to_2026-07-04.csv,2026-07-04T19:25:00,Curvage title-count allocation,sale date,allocated daily title count,Daily title counts allocated to canonical Curvage daily gross/net by price-weighted unit share.
Curvage,Best Friend's Mommy Tells You How to Please SSBBW 😈😍,Best Friend's Mommy Tells You How to Please SSBBW 😈😍,75672,3,76.05,65.43,25.35,21.81,19.99,1,2026-05-28,2026-05-28,creator_analytics/manual_backfills/curvage_title_counts_all_time_2013-01-01_to_2026-07-04.csv,2026-07-04T19:25:00,Curvage title-count allocation,sale date,allocated daily title count,Daily title counts allocated to canonical Curvage daily gross/net by price-weighted unit share.
Curvage,HR manager coerces you into becoming her feeder 🍩🤤,HR manager coerces you into becoming her feeder 🍩🤤,72499,1,15.2,13.08,15.2,13.08,11.99,1,2026-05-28,2026-05-28,creator_analytics/manual_backfills/curvage_title_counts_all_time_2013-01-01_to_2026-07-04.csv,2026-07-04T19:25:00,Curvage title-count allocation,sale date,allocated daily title count,Daily title counts allocated to canonical Curvage daily gross/net by price-weighted unit share.
Curvage,Stuffing and making out with your feedee 🤤🍗,Stuffing and making out with your feedee 🤤🍗,48622,1,31.69,27.27,31.69,27.27,24.99,1,2026-05-28,2026-05-28,creator_analytics/manual_backfills/curvage_title_counts_all_time_2013-01-01_to_2026-07-04.csv,2026-07-04T19:25:00,Curvage title-count allocation,sale date,allocated daily title count,Daily title counts allocated to canonical Curvage daily gross/net by price-weighted unit share.
Curvage,Best Friend's Mommy Tells You How to Please SSBBW 😈😍,Best Friend's Mommy Tells You How to Please SSBBW 😈😍,75672,2,72.96,53.91,36.48,26.95,19.99,1,2026-05-29,2026-05-29,creator_analytics/manual_backfills/curvage_title_counts_all_time_2013-01-01_to_2026-07-04.csv,2026-07-04T19:25:00,Curvage title-count allocation,sale date,allocated daily title count,Daily title counts allocated to canonical Curvage daily gross/net by price-weighted unit share.
Curvage,Best Friend's Mommy Tells You How to Please SSBBW 😈😍,Best Friend's Mommy Tells You How to Please SSBBW 😈😍,75672,2,19.99,29.58,9.99,14.79,19.99,1,2026-05-30,2026-05-30,creator_analytics/manual_backfills/curvage_title_counts_all_time_2013-01-01_to_2026-07-04.csv,2026-07-04T19:25:00,Curvage title-count allocation,sale date,allocated daily title count,Daily title counts allocated to canonical Curvage daily gross/net by price-weighted unit share.
Curvage,Best Friend's Mommy Tells You How to Please SSBBW 😈😍,Best Friend's Mommy Tells You How to Please SSBBW 😈😍,75672,2,53.45,39.49,26.72,19.74,19.99,1,2026-05-31,2026-05-31,creator_analytics/manual_backfills/curvage_title_counts_all_time_2013-01-01_to_2026-07-04.csv,2026-07-04T19:25:00,Curvage title-count allocation,sale date,allocated daily title count,Daily title counts allocated to canonical Curvage daily gross/net by price-weighted unit share.
Curvage,Girlfriend Wants to Gain to 600lbs for You 🍪,Girlfriend Wants to Gain to 600lbs for You 🍪,74929,2,53.45,39.49,26.72,19.74,19.99,1,2026-05-31,2026-05-31,creator_analytics/manual_backfills/curvage_title_counts_all_time_2013-01-01_to_2026-07-04.csv,2026-07-04T19:25:00,Curvage title-count allocation,sale date,allocated daily title count,Daily title counts allocated to canonical Curvage daily gross/net by price-weighted unit share.
Curvage,Pills make me grow until I pop 💊🍗🎈,Pills make me grow until I pop 💊🍗🎈,72067,1,20.04,14.81,20.04,14.81,14.99,1,2026-05-31,2026-05-31,creator_analytics/manual_backfills/curvage_title_counts_all_time_2013-01-01_to_2026-07-04.csv,2026-07-04T19:25:00,Curvage title-count allocation,sale date,allocated daily title count,Daily title counts allocated to canonical Curvage daily gross/net by price-weighted unit share.
Curvage,Cursed Cake Makes Greedy Co-worker Explode,Cursed Cake Makes Greedy Co-worker Explode,63618,1,27.99,20.79,27.99,20.79,27.99,1,2026-06-01,2026-06-01,creator_analytics/manual_backfills/curvage_title_counts_all_time_2013-01-01_to_2026-07-04.csv,2026-07-04T19:25:00,Curvage title-count allocation,sale date,allocated daily title count,Daily title counts allocated to canonical Curvage daily gross/net by price-weighted unit share.
Curvage,Cursed Cake Makes Greedy Co-worker Explode,Cursed Cake Makes Greedy Co-worker Explode,63618,1,27.99,20.79,27.99,20.79,27.99,1,2026-06-02,2026-06-02,creator_analytics/manual_backfills/curvage_title_counts_all_time_2013-01-01_to_2026-07-04.csv,2026-07-04T19:25:00,Curvage title-count allocation,sale date,allocated daily title count,Daily title counts allocated to canonical Curvage daily gross/net by price-weighted unit share.
Curvage,Best Friend's Mommy Tells You How to Please SSBBW 😈😍,Best Friend's Mommy Tells You How to Please SSBBW 😈😍,75672,1,14.99,14.79,14.99,14.79,19.99,1,2026-06-03,2026-06-03,creator_analytics/manual_backfills/curvage_title_counts_all_time_2013-01-01_to_2026-07-04.csv,2026-07-04T19:25:00,Curvage title-count allocation,sale date,allocated daily title count,Daily title counts allocated to canonical Curvage daily gross/net by price-weighted unit share.
Curvage,Girlfriend Wants to Gain to 600lbs for You 🍪,Girlfriend Wants to Gain to 600lbs for You 🍪,74929,3,44.98,44.37,14.99,14.79,19.99,1,2026-06-03,2026-06-03,creator_analytics/manual_backfills/curvage_title_counts_all_time_2013-01-01_to_2026-07-04.csv,2026-07-04T19:25:00,Curvage title-count allocation,sale date,allocated daily title count,Daily title counts allocated to canonical Curvage daily gross/net by price-weighted unit share.
Curvage,Best Friend's Mommy Tells You How to Please SSBBW 😈😍,Best Friend's Mommy Tells You How to Please SSBBW 😈😍,75672,1,19.99,14.8,19.99,14.8,19.99,1,2026-06-04,2026-06-04,creator_analytics/manual_backfills/curvage_title_counts_all_time_2013-01-01_to_2026-07-04.csv,2026-07-04T19:25:00,Curvage title-count allocation,sale date,allocated daily title count,Daily title counts allocated to canonical Curvage daily gross/net by price-weighted unit share.
Curvage,Girlfriend Wants to Gain to 600lbs for You 🍪,Girlfriend Wants to Gain to 600lbs for You 🍪,74929,1,19.99,14.8,19.99,14.8,19.99,1,2026-06-04,2026-06-04,creator_analytics/manual_backfills/curvage_title_counts_all_time_2013-01-01_to_2026-07-04.csv,2026-07-04T19:25:00,Curvage title-count allocation,sale date,allocated daily title count,Daily title counts allocated to canonical Curvage daily gross/net by price-weighted unit share.
Curvage,Greedy girlfriend stuffs her face and vores you! 🤤🍔,Greedy girlfriend stuffs her face and vores you! 🤤🍔,56366,1,21.99,16.28,21.99,16.28,21.99,1,2026-06-04,2026-06-04,creator_analytics/manual_backfills/curvage_title_counts_all_time_2013-01-01_to_2026-07-04.csv,2026-07-04T19:25:00,Curvage title-count allocation,sale date,allocated daily title count,Daily title counts allocated to canonical Curvage daily gross/net by price-weighted unit share.
Curvage,How gaining weight changed how I exercise 🏋🏻‍♀️💪,How gaining weight changed how I exercise 🏋🏻‍♀️💪,73734,1,27.99,20.78,27.99,20.78,27.99,1,2026-06-05,2026-06-05,creator_analytics/manual_backfills/curvage_title_counts_all_time_2013-01-01_to_2026-07-04.csv,2026-07-04T19:25:00,Curvage title-count allocation,sale date,allocated daily title count,Daily title counts allocated to canonical Curvage daily gross/net by price-weighted unit share.
Curvage,Your Girlfriend Encourages Mutual Gain POV,Your Girlfriend Encourages Mutual Gain POV,55022,1,24.99,18.55,24.99,18.55,24.99,1,2026-06-05,2026-06-05,creator_analytics/manual_backfills/curvage_title_counts_all_time_2013-01-01_to_2026-07-04.csv,2026-07-04T19:25:00,Curvage title-count allocation,sale date,allocated daily title count,Daily title counts allocated to canonical Curvage daily gross/net by price-weighted unit share.
Curvage,Best Friend's Mommy Tells You How to Please SSBBW 😈😍,Best Friend's Mommy Tells You How to Please SSBBW 😈😍,75672,1,19.99,14.79,19.99,14.79,19.99,1,2026-06-06,2026-06-06,creator_analytics/manual_backfills/curvage_title_counts_all_time_2013-01-01_to_2026-07-04.csv,2026-07-04T19:25:00,Curvage title-count allocation,sale date,allocated daily title count,Daily title counts allocated to canonical Curvage daily gross/net by price-weighted unit share.
Curvage,How gaining weight changed how I exercise 🏋🏻‍♀️💪,How gaining weight changed how I exercise 🏋🏻‍♀️💪,73734,1,27.99,20.71,27.99,20.71,27.99,1,2026-06-06,2026-06-06,creator_analytics/manual_backfills/curvage_title_counts_all_time_2013-01-01_to_2026-07-04.csv,2026-07-04T19:25:00,Curvage title-count allocation,sale date,allocated daily title count,Daily title counts allocated to canonical Curvage daily gross/net by price-weighted unit share.
Curvage,HR manager coerces you into becoming her feeder 🍩🤤,HR manager coerces you into becoming her feeder 🍩🤤,72499,1,11.99,8.87,11.99,8.87,11.99,1,2026-06-06,2026-06-06,creator_analytics/manual_backfills/curvage_title_counts_all_time_2013-01-01_to_2026-07-04.csv,2026-07-04T19:25:00,Curvage title-count allocation,sale date,allocated daily title count,Daily title counts allocated to canonical Curvage daily gross/net by price-weighted unit share.
Curvage,Best Friend's Mommy Tells You How to Please SSBBW 😈😍,Best Friend's Mommy Tells You How to Please SSBBW 😈😍,75672,3,39.98,44.37,13.33,14.79,19.99,1,2026-06-07,2026-06-07,creator_analytics/manual_backfills/curvage_title_counts_all_time_2013-01-01_to_2026-07-04.csv,2026-07-04T19:25:00,Curvage title-count allocation,sale date,allocated daily title count,Daily title counts allocated to canonical Curvage daily gross/net by price-weighted unit share.
Curvage,Best Friend's Mommy Tells You How to Please SSBBW 😈😍,Best Friend's Mommy Tells You How to Please SSBBW 😈😍,75672,1,19.99,14.79,19.99,14.79,19.99,1,2026-06-08,2026-06-08,creator_analytics/manual_backfills/curvage_title_counts_all_time_2013-01-01_to_2026-07-04.csv,2026-07-04T19:25:00,Curvage title-count allocation,sale date,allocated daily title count,Daily title counts allocated to canonical Curvage daily gross/net by price-weighted unit share.
Curvage,Girlfriend Wants to Gain to 600lbs for You 🍪,Girlfriend Wants to Gain to 600lbs for You 🍪,74929,1,19.99,14.79,19.99,14.79,19.99,1,2026-06-09,2026-06-09,creator_analytics/manual_backfills/curvage_title_counts_all_time_2013-01-01_to_2026-07-04.csv,2026-07-04T19:25:00,Curvage title-count allocation,sale date,allocated daily title count,Daily title counts allocated to canonical Curvage daily gross/net by price-weighted unit share.
Curvage,Best Friend's Mommy Tells You How to Please SSBBW 😈😍,Best Friend's Mommy Tells You How to Please SSBBW 😈😍,75672,1,19.99,14.8,19.99,14.8,19.99,1,2026-06-10,2026-06-10,creator_analytics/manual_backfills/curvage_title_counts_all_time_2013-01-01_to_2026-07-04.csv,2026-07-04T19:25:00,Curvage title-count allocation,sale date,allocated daily title count,Daily title counts allocated to canonical Curvage daily gross/net by price-weighted unit share.
Curvage,Pills make me grow until I pop 💊🍗🎈,Pills make me grow until I pop 💊🍗🎈,72067,1,14.99,11.1,14.99,11.1,14.99,1,2026-06-10,2026-06-10,creator_analytics/manual_backfills/curvage_title_counts_all_time_2013-01-01_to_2026-07-04.csv,2026-07-04T19:25:00,Curvage title-count allocation,sale date,allocated daily title count,Daily title counts allocated to canonical Curvage daily gross/net by price-weighted unit share.
Curvage,Stuffing in the Car Until I'm Stuck! 🚙🍟,Stuffing in the Car Until I'm Stuck! 🚙🍟,59966,1,28.99,21.47,28.99,21.47,28.99,1,2026-06-10,2026-06-10,creator_analytics/manual_backfills/curvage_title_counts_all_time_2013-01-01_to_2026-07-04.csv,2026-07-04T19:25:00,Curvage title-count allocation,sale date,allocated daily title count,Daily title counts allocated to canonical Curvage daily gross/net by price-weighted unit share.
Curvage,Best Friend's Mommy Tells You How to Please SSBBW 😈😍,Best Friend's Mommy Tells You How to Please SSBBW 😈😍,75672,1,19.99,14.85,19.99,14.85,19.99,1,2026-06-12,2026-06-12,creator_analytics/manual_backfills/curvage_title_counts_all_time_2013-01-01_to_2026-07-04.csv,2026-07-04T19:25:00,Curvage title-count allocation,sale date,allocated daily title count,Daily title counts allocated to canonical Curvage daily gross/net by price-weighted unit share.
Curvage,New weigh-in and measurements! 😍,New weigh-in and measurements! 😍,56046,1,34.99,25.98,34.99,25.98,34.99,1,2026-06-12,2026-06-12,creator_analytics/manual_backfills/curvage_title_counts_all_time_2013-01-01_to_2026-07-04.csv,2026-07-04T19:25:00,Curvage title-count allocation,sale date,allocated daily title count,Daily title counts allocated to canonical Curvage daily gross/net by price-weighted unit share.
Curvage,Best Friend's Mommy Tells You How to Please SSBBW 😈😍,Best Friend's Mommy Tells You How to Please SSBBW 😈😍,75672,1,19.99,14.79,19.99,14.79,19.99,1,2026-06-13,2026-06-13,creator_analytics/manual_backfills/curvage_title_counts_all_time_2013-01-01_to_2026-07-04.csv,2026-07-04T19:25:00,Curvage title-count allocation,sale date,allocated daily title count,Daily title counts allocated to canonical Curvage daily gross/net by price-weighted unit share.
Curvage,Girlfriend Wants to Gain to 600lbs for You 🍪,Girlfriend Wants to Gain to 600lbs for You 🍪,74929,1,19.99,14.79,19.99,14.79,19.99,1,2026-06-13,2026-06-13,creator_analytics/manual_backfills/curvage_title_counts_all_time_2013-01-01_to_2026-07-04.csv,2026-07-04T19:25:00,Curvage title-count allocation,sale date,allocated daily title count,Daily title counts allocated to canonical Curvage daily gross/net by price-weighted unit share.
Curvage,Best Friend's Mommy Tells You How to Please SSBBW 😈😍,Best Friend's Mommy Tells You How to Please SSBBW 😈😍,75672,2,39.98,29.58,19.99,14.79,19.99,1,2026-06-14,2026-06-14,creator_analytics/manual_backfills/curvage_title_counts_all_time_2013-01-01_to_2026-07-04.csv,2026-07-04T19:25:00,Curvage title-count allocation,sale date,allocated daily title count,Daily title counts allocated to canonical Curvage daily gross/net by price-weighted unit share.
Curvage,How gaining weight changed how I exercise 🏋🏻‍♀️💪,How gaining weight changed how I exercise 🏋🏻‍♀️💪,73734,1,27.99,20.71,27.99,20.71,27.99,1,2026-06-14,2026-06-14,creator_analytics/manual_backfills/curvage_title_counts_all_time_2013-01-01_to_2026-07-04.csv,2026-07-04T19:25:00,Curvage title-count allocation,sale date,allocated daily title count,Daily title counts allocated to canonical Curvage daily gross/net by price-weighted unit share.
Curvage,HR manager coerces you into becoming her feeder 🍩🤤,HR manager coerces you into becoming her feeder 🍩🤤,72499,1,11.99,8.87,11.99,8.87,11.99,1,2026-06-14,2026-06-14,creator_analytics/manual_backfills/curvage_title_counts_all_time_2013-01-01_to_2026-07-04.csv,2026-07-04T19:25:00,Curvage title-count allocation,sale date,allocated daily title count,Daily title counts allocated to canonical Curvage daily gross/net by price-weighted unit share.
Curvage,Your Gluttonous Girlfriend Can't Hold Back Farts 🌯💨,Your Gluttonous Girlfriend Can't Hold Back Farts 🌯💨,72725,2,39.98,29.58,19.99,14.79,19.99,1,2026-06-14,2026-06-14,creator_analytics/manual_backfills/curvage_title_counts_all_time_2013-01-01_to_2026-07-04.csv,2026-07-04T19:25:00,Curvage title-count allocation,sale date,allocated daily title count,Daily title counts allocated to canonical Curvage daily gross/net by price-weighted unit share.
Curvage,Best Friend's Mommy Tells You How to Please SSBBW 😈😍,Best Friend's Mommy Tells You How to Please SSBBW 😈😍,75672,2,39.98,29.6,19.99,14.8,19.99,1,2026-06-15,2026-06-15,creator_analytics/manual_backfills/curvage_title_counts_all_time_2013-01-01_to_2026-07-04.csv,2026-07-04T19:25:00,Curvage title-count allocation,sale date,allocated daily title count,Daily title counts allocated to canonical Curvage daily gross/net by price-weighted unit share.
Curvage,Stuffing and making out with your feedee 🤤🍗,Stuffing and making out with your feedee 🤤🍗,48622,1,24.99,18.5,24.99,18.5,24.99,1,2026-06-15,2026-06-15,creator_analytics/manual_backfills/curvage_title_counts_all_time_2013-01-01_to_2026-07-04.csv,2026-07-04T19:25:00,Curvage title-count allocation,sale date,allocated daily title count,Daily title counts allocated to canonical Curvage daily gross/net by price-weighted unit share.
Curvage,Stuffing My Face After Hitting the Gym! 🍔🥤,Stuffing My Face After Hitting the Gym! 🍔🥤,58749,1,19.99,14.8,19.99,14.8,19.99,1,2026-06-15,2026-06-15,creator_analytics/manual_backfills/curvage_title_counts_all_time_2013-01-01_to_2026-07-04.csv,2026-07-04T19:25:00,Curvage title-count allocation,sale date,allocated daily title count,Daily title counts allocated to canonical Curvage daily gross/net by price-weighted unit share.
Curvage,Best Friend's Mommy Tells You How to Please SSBBW 😈😍,Best Friend's Mommy Tells You How to Please SSBBW 😈😍,75672,1,19.99,14.79,19.99,14.79,19.99,1,2026-06-16,2026-06-16,creator_analytics/manual_backfills/curvage_title_counts_all_time_2013-01-01_to_2026-07-04.csv,2026-07-04T19:25:00,Curvage title-count allocation,sale date,allocated daily title count,Daily title counts allocated to canonical Curvage daily gross/net by price-weighted unit share.
Curvage,Girlfriend Wants to Gain to 600lbs for You 🍪,Girlfriend Wants to Gain to 600lbs for You 🍪,74929,1,19.99,14.79,19.99,14.79,19.99,1,2026-06-16,2026-06-16,creator_analytics/manual_backfills/curvage_title_counts_all_time_2013-01-01_to_2026-07-04.csv,2026-07-04T19:25:00,Curvage title-count allocation,sale date,allocated daily title count,Daily title counts allocated to canonical Curvage daily gross/net by price-weighted unit share.
Curvage,HR manager coerces you into becoming her feeder 🍩🤤,HR manager coerces you into becoming her feeder 🍩🤤,72499,1,11.99,8.87,11.99,8.87,11.99,1,2026-06-16,2026-06-16,creator_analytics/manual_backfills/curvage_title_counts_all_time_2013-01-01_to_2026-07-04.csv,2026-07-04T19:25:00,Curvage title-count allocation,sale date,allocated daily title count,Daily title counts allocated to canonical Curvage daily gross/net by price-weighted unit share.
Curvage,Nightmare Thanksgiving guest eats all the food! 🦃🤤,Nightmare Thanksgiving guest eats all the food! 🦃🤤,68878,1,31.99,23.67,31.99,23.67,31.99,1,2026-06-16,2026-06-16,creator_analytics/manual_backfills/curvage_title_counts_all_time_2013-01-01_to_2026-07-04.csv,2026-07-04T19:25:00,Curvage title-count allocation,sale date,allocated daily title count,Daily title counts allocated to canonical Curvage daily gross/net by price-weighted unit share.
Curvage,Pills make me grow until I pop 💊🍗🎈,Pills make me grow until I pop 💊🍗🎈,72067,1,14.99,11.09,14.99,11.09,14.99,1,2026-06-16,2026-06-16,creator_analytics/manual_backfills/curvage_title_counts_all_time_2013-01-01_to_2026-07-04.csv,2026-07-04T19:25:00,Curvage title-count allocation,sale date,allocated daily title count,Daily title counts allocated to canonical Curvage daily gross/net by price-weighted unit share.
Curvage,Best Friend's Mommy Tells You How to Please SSBBW 😈😍,Best Friend's Mommy Tells You How to Please SSBBW 😈😍,75672,2,39.98,29.61,19.99,14.81,19.99,1,2026-06-17,2026-06-17,creator_analytics/manual_backfills/curvage_title_counts_all_time_2013-01-01_to_2026-07-04.csv,2026-07-04T19:25:00,Curvage title-count allocation,sale date,allocated daily title count,Daily title counts allocated to canonical Curvage daily gross/net by price-weighted unit share.
Curvage,Gassy giantess vores you 👅💨,Gassy giantess vores you 👅💨,71108,1,24.99,18.51,24.99,18.51,24.99,1,2026-06-17,2026-06-17,creator_analytics/manual_backfills/curvage_title_counts_all_time_2013-01-01_to_2026-07-04.csv,2026-07-04T19:25:00,Curvage title-count allocation,sale date,allocated daily title count,Daily title counts allocated to canonical Curvage daily gross/net by price-weighted unit share.
Curvage,Best Friend's Mommy Tells You How to Please SSBBW 😈😍,Best Friend's Mommy Tells You How to Please SSBBW 😈😍,75672,1,19.99,14.79,19.99,14.79,19.99,1,2026-06-18,2026-06-18,creator_analytics/manual_backfills/curvage_title_counts_all_time_2013-01-01_to_2026-07-04.csv,2026-07-04T19:25:00,Curvage title-count allocation,sale date,allocated daily title count,Daily title counts allocated to canonical Curvage daily gross/net by price-weighted unit share.
Curvage,Girlfriend Wants to Gain to 600lbs for You 🍪,Girlfriend Wants to Gain to 600lbs for You 🍪,74929,1,19.99,14.79,19.99,14.79,19.99,1,2026-06-18,2026-06-18,creator_analytics/manual_backfills/curvage_title_counts_all_time_2013-01-01_to_2026-07-04.csv,2026-07-04T19:25:00,Curvage title-count allocation,sale date,allocated daily title count,Daily title counts allocated to canonical Curvage daily gross/net by price-weighted unit share.
Curvage,Crushing you flat under my massive 525lb body,Crushing you flat under my massive 525lb body,67883,1,17.99,13.31,17.99,13.31,17.99,1,2026-06-19,2026-06-19,creator_analytics/manual_backfills/curvage_title_counts_all_time_2013-01-01_to_2026-07-04.csv,2026-07-04T19:25:00,Curvage title-count allocation,sale date,allocated daily title count,Daily title counts allocated to canonical Curvage daily gross/net by price-weighted unit share.
Curvage,My bloated belly and burps are so hot! 🤤,My bloated belly and burps are so hot! 🤤,53641,1,24.99,18.49,24.99,18.49,24.99,1,2026-06-19,2026-06-19,creator_analytics/manual_backfills/curvage_title_counts_all_time_2013-01-01_to_2026-07-04.csv,2026-07-04T19:25:00,Curvage title-count allocation,sale date,allocated daily title count,Daily title counts allocated to canonical Curvage daily gross/net by price-weighted unit share.
Curvage,Nightmare Thanksgiving guest eats all the food! 🦃🤤,Nightmare Thanksgiving guest eats all the food! 🦃🤤,68878,1,31.99,23.67,31.99,23.67,31.99,1,2026-06-19,2026-06-19,creator_analytics/manual_backfills/curvage_title_counts_all_time_2013-01-01_to_2026-07-04.csv,2026-07-04T19:25:00,Curvage title-count allocation,sale date,allocated daily title count,Daily title counts allocated to canonical Curvage daily gross/net by price-weighted unit share.
Curvage,Pills make me grow until I pop 💊🍗🎈,Pills make me grow until I pop 💊🍗🎈,72067,1,14.99,11.09,14.99,11.09,14.99,1,2026-06-19,2026-06-19,creator_analytics/manual_backfills/curvage_title_counts_all_time_2013-01-01_to_2026-07-04.csv,2026-07-04T19:25:00,Curvage title-count allocation,sale date,allocated daily title count,Daily title counts allocated to canonical Curvage daily gross/net by price-weighted unit share.
Curvage,Sexy fatty gobbles a dozen ice cream sandwiches!,Sexy fatty gobbles a dozen ice cream sandwiches!,33057,1,8.99,6.65,8.99,6.65,8.99,1,2026-06-19,2026-06-19,creator_analytics/manual_backfills/curvage_title_counts_all_time_2013-01-01_to_2026-07-04.csv,2026-07-04T19:25:00,Curvage title-count allocation,sale date,allocated daily title count,Daily title counts allocated to canonical Curvage daily gross/net by price-weighted unit share.
Curvage,Best Friend's Mommy Tells You How to Please SSBBW 😈😍,Best Friend's Mommy Tells You How to Please SSBBW 😈😍,75672,1,19.99,14.76,19.99,14.76,19.99,1,2026-06-20,2026-06-20,creator_analytics/manual_backfills/curvage_title_counts_all_time_2013-01-01_to_2026-07-04.csv,2026-07-04T19:25:00,Curvage title-count allocation,sale date,allocated daily title count,Daily title counts allocated to canonical Curvage daily gross/net by price-weighted unit share.
Curvage,Horny SSBBW Succubus Grows for Your Cum POV,Horny SSBBW Succubus Grows for Your Cum POV,44086,1,14.99,11.07,14.99,11.07,14.99,1,2026-06-20,2026-06-20,creator_analytics/manual_backfills/curvage_title_counts_all_time_2013-01-01_to_2026-07-04.csv,2026-07-04T19:25:00,Curvage title-count allocation,sale date,allocated daily title count,Daily title counts allocated to canonical Curvage daily gross/net by price-weighted unit share.
Curvage,How gaining weight changed how I exercise 🏋🏻‍♀️💪,How gaining weight changed how I exercise 🏋🏻‍♀️💪,73734,1,27.99,20.8,27.99,20.8,27.99,1,2026-06-21,2026-06-21,creator_analytics/manual_backfills/curvage_title_counts_all_time_2013-01-01_to_2026-07-04.csv,2026-07-04T19:25:00,Curvage title-count allocation,sale date,allocated daily title count,Daily title counts allocated to canonical Curvage daily gross/net by price-weighted unit share.
Curvage,Nightmare Thanksgiving guest eats all the food! 🦃🤤,Nightmare Thanksgiving guest eats all the food! 🦃🤤,68878,1,31.99,23.78,31.99,23.78,31.99,1,2026-06-21,2026-06-21,creator_analytics/manual_backfills/curvage_title_counts_all_time_2013-01-01_to_2026-07-04.csv,2026-07-04T19:25:00,Curvage title-count allocation,sale date,allocated daily title count,Daily title counts allocated to canonical Curvage daily gross/net by price-weighted unit share.
Curvage,Best Friend's Mommy Tells You How to Please SSBBW 😈😍,Best Friend's Mommy Tells You How to Please SSBBW 😈😍,75672,1,30.76,22.76,30.76,22.76,19.99,1,2026-06-23,2026-06-23,creator_analytics/manual_backfills/curvage_title_counts_all_time_2013-01-01_to_2026-07-04.csv,2026-07-04T19:25:00,Curvage title-count allocation,sale date,allocated daily title count,Daily title counts allocated to canonical Curvage daily gross/net by price-weighted unit share.
Curvage,HR manager coerces you into becoming her feeder 🍩🤤,HR manager coerces you into becoming her feeder 🍩🤤,72499,1,18.45,13.65,18.45,13.65,11.99,1,2026-06-23,2026-06-23,creator_analytics/manual_backfills/curvage_title_counts_all_time_2013-01-01_to_2026-07-04.csv,2026-07-04T19:25:00,Curvage title-count allocation,sale date,allocated daily title count,Daily title counts allocated to canonical Curvage daily gross/net by price-weighted unit share.
Curvage,Stuffing My Face After Hitting the Gym! 🍔🥤,Stuffing My Face After Hitting the Gym! 🍔🥤,58749,1,30.76,22.76,30.76,22.76,19.99,1,2026-06-23,2026-06-23,creator_analytics/manual_backfills/curvage_title_counts_all_time_2013-01-01_to_2026-07-04.csv,2026-07-04T19:25:00,Curvage title-count allocation,sale date,allocated daily title count,Daily title counts allocated to canonical Curvage daily gross/net by price-weighted unit share.
Curvage,Best Friend's Mommy Tells You How to Please SSBBW 😈😍,Best Friend's Mommy Tells You How to Please SSBBW 😈😍,75672,2,39.98,29.61,19.99,14.81,19.99,1,2026-06-24,2026-06-24,creator_analytics/manual_backfills/curvage_title_counts_all_time_2013-01-01_to_2026-07-04.csv,2026-07-04T19:25:00,Curvage title-count allocation,sale date,allocated daily title count,Daily title counts allocated to canonical Curvage daily gross/net by price-weighted unit share.
Curvage,Nightmare Thanksgiving guest eats all the food! 🦃🤤,Nightmare Thanksgiving guest eats all the food! 🦃🤤,68878,1,31.99,23.69,31.99,23.69,31.99,1,2026-06-24,2026-06-24,creator_analytics/manual_backfills/curvage_title_counts_all_time_2013-01-01_to_2026-07-04.csv,2026-07-04T19:25:00,Curvage title-count allocation,sale date,allocated daily title count,Daily title counts allocated to canonical Curvage daily gross/net by price-weighted unit share.
Curvage,Pills make me grow until I pop 💊🍗🎈,Pills make me grow until I pop 💊🍗🎈,72067,1,14.99,11.1,14.99,11.1,14.99,1,2026-06-24,2026-06-24,creator_analytics/manual_backfills/curvage_title_counts_all_time_2013-01-01_to_2026-07-04.csv,2026-07-04T19:25:00,Curvage title-count allocation,sale date,allocated daily title count,Daily title counts allocated to canonical Curvage daily gross/net by price-weighted unit share.
Curvage,Best Friend's Mommy Tells You How to Please SSBBW 😈😍,Best Friend's Mommy Tells You How to Please SSBBW 😈😍,75672,1,19.99,14.79,19.99,14.79,19.99,1,2026-06-25,2026-06-25,creator_analytics/manual_backfills/curvage_title_counts_all_time_2013-01-01_to_2026-07-04.csv,2026-07-04T19:25:00,Curvage title-count allocation,sale date,allocated daily title count,Daily title counts allocated to canonical Curvage daily gross/net by price-weighted unit share.
Curvage,Pills make me grow until I pop 💊🍗🎈,Pills make me grow until I pop 💊🍗🎈,72067,1,14.99,11.04,14.99,11.04,14.99,1,2026-06-26,2026-06-26,creator_analytics/manual_backfills/curvage_title_counts_all_time_2013-01-01_to_2026-07-04.csv,2026-07-04T19:25:00,Curvage title-count allocation,sale date,allocated daily title count,Daily title counts allocated to canonical Curvage daily gross/net by price-weighted unit share.
Curvage,Nightmare Thanksgiving guest eats all the food! 🦃🤤,Nightmare Thanksgiving guest eats all the food! 🦃🤤,68878,1,31.99,23.79,31.99,23.79,31.99,1,2026-06-27,2026-06-27,creator_analytics/manual_backfills/curvage_title_counts_all_time_2013-01-01_to_2026-07-04.csv,2026-07-04T19:25:00,Curvage title-count allocation,sale date,allocated daily title count,Daily title counts allocated to canonical Curvage daily gross/net by price-weighted unit share.
Curvage,Greedy SSBBW Devours Roommates Leftovers,Greedy SSBBW Devours Roommates Leftovers,77165,10,369.9,275.4,36.99,27.54,36.99,1,2026-06-28,2026-06-28,creator_analytics/manual_backfills/curvage_title_counts_all_time_2013-01-01_to_2026-07-04.csv,2026-07-04T19:25:00,Curvage title-count allocation,sale date,allocated daily title count,Daily title counts allocated to canonical Curvage daily gross/net by price-weighted unit share.
Curvage,Best Friend's Mommy Tells You How to Please SSBBW 😈😍,Best Friend's Mommy Tells You How to Please SSBBW 😈😍,75672,2,39.98,29.72,19.99,14.86,19.99,1,2026-06-29,2026-06-29,creator_analytics/manual_backfills/curvage_title_counts_all_time_2013-01-01_to_2026-07-04.csv,2026-07-04T19:25:00,Curvage title-count allocation,sale date,allocated daily title count,Daily title counts allocated to canonical Curvage daily gross/net by price-weighted unit share.
Curvage,Greedy girlfriend stuffs her face and vores you! 🤤🍔,Greedy girlfriend stuffs her face and vores you! 🤤🍔,56366,1,21.99,16.35,21.99,16.35,21.99,1,2026-06-29,2026-06-29,creator_analytics/manual_backfills/curvage_title_counts_all_time_2013-01-01_to_2026-07-04.csv,2026-07-04T19:25:00,Curvage title-count allocation,sale date,allocated daily title count,Daily title counts allocated to canonical Curvage daily gross/net by price-weighted unit share.
Curvage,Greedy SSBBW Devours Roommates Leftovers,Greedy SSBBW Devours Roommates Leftovers,77165,10,369.9,275.01,36.99,27.5,36.99,1,2026-06-29,2026-06-29,creator_analytics/manual_backfills/curvage_title_counts_all_time_2013-01-01_to_2026-07-04.csv,2026-07-04T19:25:00,Curvage title-count allocation,sale date,allocated daily title count,Daily title counts allocated to canonical Curvage daily gross/net by price-weighted unit share.
Curvage,Pills make me grow until I pop 💊🍗🎈,Pills make me grow until I pop 💊🍗🎈,72067,1,14.99,11.14,14.99,11.14,14.99,1,2026-06-29,2026-06-29,creator_analytics/manual_backfills/curvage_title_counts_all_time_2013-01-01_to_2026-07-04.csv,2026-07-04T19:25:00,Curvage title-count allocation,sale date,allocated daily title count,Daily title counts allocated to canonical Curvage daily gross/net by price-weighted unit share.
Curvage,Thanksgiving stuffing and a cigarette! 🦃🚬,Thanksgiving stuffing and a cigarette! 🦃🚬,54801,1,29.99,22.3,29.99,22.3,29.99,1,2026-06-29,2026-06-29,creator_analytics/manual_backfills/curvage_title_counts_all_time_2013-01-01_to_2026-07-04.csv,2026-07-04T19:25:00,Curvage title-count allocation,sale date,allocated daily title count,Daily title counts allocated to canonical Curvage daily gross/net by price-weighted unit share.
Curvage,Your Gluttonous Girlfriend Can't Hold Back Farts 🌯💨,Your Gluttonous Girlfriend Can't Hold Back Farts 🌯💨,72725,1,19.99,14.86,19.99,14.86,19.99,1,2026-06-29,2026-06-29,creator_analytics/manual_backfills/curvage_title_counts_all_time_2013-01-01_to_2026-07-04.csv,2026-07-04T19:25:00,Curvage title-count allocation,sale date,allocated daily title count,Daily title counts allocated to canonical Curvage daily gross/net by price-weighted unit share.
Curvage,Cursed Cake Makes Greedy Co-worker Explode,Cursed Cake Makes Greedy Co-worker Explode,63618,1,27.99,20.8,27.99,20.8,27.99,1,2026-06-30,2026-06-30,creator_analytics/manual_backfills/curvage_title_counts_all_time_2013-01-01_to_2026-07-04.csv,2026-07-04T19:25:00,Curvage title-count allocation,sale date,allocated daily title count,Daily title counts allocated to canonical Curvage daily gross/net by price-weighted unit share.
Curvage,Girlfriend Wants to Gain to 600lbs for You 🍪,Girlfriend Wants to Gain to 600lbs for You 🍪,74929,2,39.98,29.7,19.99,14.85,19.99,1,2026-06-30,2026-06-30,creator_analytics/manual_backfills/curvage_title_counts_all_time_2013-01-01_to_2026-07-04.csv,2026-07-04T19:25:00,Curvage title-count allocation,sale date,allocated daily title count,Daily title counts allocated to canonical Curvage daily gross/net by price-weighted unit share.
Curvage,Greedy SSBBW Devours Roommates Leftovers,Greedy SSBBW Devours Roommates Leftovers,77165,5,184.95,137.41,36.99,27.48,36.99,1,2026-06-30,2026-06-30,creator_analytics/manual_backfills/curvage_title_counts_all_time_2013-01-01_to_2026-07-04.csv,2026-07-04T19:25:00,Curvage title-count allocation,sale date,allocated daily title count,Daily title counts allocated to canonical Curvage daily gross/net by price-weighted unit share.
Curvage,HR manager coerces you into becoming her feeder 🍩🤤,HR manager coerces you into becoming her feeder 🍩🤤,72499,1,11.99,8.91,11.99,8.91,11.99,1,2026-06-30,2026-06-30,creator_analytics/manual_backfills/curvage_title_counts_all_time_2013-01-01_to_2026-07-04.csv,2026-07-04T19:25:00,Curvage title-count allocation,sale date,allocated daily title count,Daily title counts allocated to canonical Curvage daily gross/net by price-weighted unit share.
Curvage,Nightmare Thanksgiving guest eats all the food! 🦃🤤,Nightmare Thanksgiving guest eats all the food! 🦃🤤,68878,1,31.99,23.77,31.99,23.77,31.99,1,2026-06-30,2026-06-30,creator_analytics/manual_backfills/curvage_title_counts_all_time_2013-01-01_to_2026-07-04.csv,2026-07-04T19:25:00,Curvage title-count allocation,sale date,allocated daily title count,Daily title counts allocated to canonical Curvage daily gross/net by price-weighted unit share.
Curvage,Your Gluttonous Girlfriend Can't Hold Back Farts 🌯💨,Your Gluttonous Girlfriend Can't Hold Back Farts 🌯💨,72725,1,19.99,14.85,19.99,14.85,19.99,1,2026-06-30,2026-06-30,creator_analytics/manual_backfills/curvage_title_counts_all_time_2013-01-01_to_2026-07-04.csv,2026-07-04T19:25:00,Curvage title-count allocation,sale date,allocated daily title count,Daily title counts allocated to canonical Curvage daily gross/net by price-weighted unit share.
Curvage,Best Friend's Mommy Tells You How to Please SSBBW 😈😍,Best Friend's Mommy Tells You How to Please SSBBW 😈😍,75672,2,39.98,29.71,19.99,14.85,19.99,1,2026-07-01,2026-07-01,creator_analytics/manual_backfills/curvage_title_counts_all_time_2013-01-01_to_2026-07-04.csv,2026-07-04T19:25:00,Curvage title-count allocation,sale date,allocated daily title count,Daily title counts allocated to canonical Curvage daily gross/net by price-weighted unit share.
Curvage,Greedy SSBBW Devours Roommates Leftovers,Greedy SSBBW Devours Roommates Leftovers,77165,4,147.96,109.94,36.99,27.48,36.99,1,2026-07-01,2026-07-01,creator_analytics/manual_backfills/curvage_title_counts_all_time_2013-01-01_to_2026-07-04.csv,2026-07-04T19:25:00,Curvage title-count allocation,sale date,allocated daily title count,Daily title counts allocated to canonical Curvage daily gross/net by price-weighted unit share.
Curvage,Pills make me grow until I pop 💊🍗🎈,Pills make me grow until I pop 💊🍗🎈,72067,1,14.99,11.14,14.99,11.14,14.99,1,2026-07-01,2026-07-01,creator_analytics/manual_backfills/curvage_title_counts_all_time_2013-01-01_to_2026-07-04.csv,2026-07-04T19:25:00,Curvage title-count allocation,sale date,allocated daily title count,Daily title counts allocated to canonical Curvage daily gross/net by price-weighted unit share.
Curvage,Best Friend's Mommy Tells You How to Please SSBBW 😈😍,Best Friend's Mommy Tells You How to Please SSBBW 😈😍,75672,1,19.99,14.77,19.99,14.77,19.99,1,2026-07-02,2026-07-02,creator_analytics/manual_backfills/curvage_title_counts_all_time_2013-01-01_to_2026-07-04.csv,2026-07-04T19:25:00,Curvage title-count allocation,sale date,allocated daily title count,Daily title counts allocated to canonical Curvage daily gross/net by price-weighted unit share.
Curvage,Get me pregnant and make me grow! 🤰😍,Get me pregnant and make me grow! 🤰😍,49011,1,12.99,9.6,12.99,9.6,12.99,1,2026-07-02,2026-07-02,creator_analytics/manual_backfills/curvage_title_counts_all_time_2013-01-01_to_2026-07-04.csv,2026-07-04T19:25:00,Curvage title-count allocation,sale date,allocated daily title count,Daily title counts allocated to canonical Curvage daily gross/net by price-weighted unit share.
Curvage,Greedy SSBBW Devours Roommates Leftovers,Greedy SSBBW Devours Roommates Leftovers,77165,1,36.99,27.34,36.99,27.34,36.99,1,2026-07-02,2026-07-02,creator_analytics/manual_backfills/curvage_title_counts_all_time_2013-01-01_to_2026-07-04.csv,2026-07-04T19:25:00,Curvage title-count allocation,sale date,allocated daily title count,Daily title counts allocated to canonical Curvage daily gross/net by price-weighted unit share.
Curvage,HR manager coerces you into becoming her feeder 🍩🤤,HR manager coerces you into becoming her feeder 🍩🤤,72499,1,11.99,8.86,11.99,8.86,11.99,1,2026-07-02,2026-07-02,creator_analytics/manual_backfills/curvage_title_counts_all_time_2013-01-01_to_2026-07-04.csv,2026-07-04T19:25:00,Curvage title-count allocation,sale date,allocated daily title count,Daily title counts allocated to canonical Curvage daily gross/net by price-weighted unit share.
Curvage,Soda-chugging cutie gets bloated and belches!,Soda-chugging cutie gets bloated and belches!,28679,1,10.99,8.12,10.99,8.12,10.99,1,2026-07-02,2026-07-02,creator_analytics/manual_backfills/curvage_title_counts_all_time_2013-01-01_to_2026-07-04.csv,2026-07-04T19:25:00,Curvage title-count allocation,sale date,allocated daily title count,Daily title counts allocated to canonical Curvage daily gross/net by price-weighted unit share.
Curvage,Best Friend's Mommy Tells You How to Please SSBBW 😈😍,Best Friend's Mommy Tells You How to Please SSBBW 😈😍,75672,1,19.99,14.87,19.99,14.87,19.99,1,2026-07-03,2026-07-03,creator_analytics/manual_backfills/curvage_title_counts_all_time_2013-01-01_to_2026-07-04.csv,2026-07-04T19:25:00,Curvage title-count allocation,sale date,allocated daily title count,Daily title counts allocated to canonical Curvage daily gross/net by price-weighted unit share.
Curvage,Greedy SSBBW Devours Roommates Leftovers,Greedy SSBBW Devours Roommates Leftovers,77165,6,221.94,165.09,36.99,27.52,36.99,1,2026-07-03,2026-07-03,creator_analytics/manual_backfills/curvage_title_counts_all_time_2013-01-01_to_2026-07-04.csv,2026-07-04T19:25:00,Curvage title-count allocation,sale date,allocated daily title count,Daily title counts allocated to canonical Curvage daily gross/net by price-weighted unit share.
Curvage,Stuffing tacos makes me burp and fart! 🌮💨,Stuffing tacos makes me burp and fart! 🌮💨,60064,1,34.99,26.03,34.99,26.03,34.99,1,2026-07-03,2026-07-03,creator_analytics/manual_backfills/curvage_title_counts_all_time_2013-01-01_to_2026-07-04.csv,2026-07-04T19:25:00,Curvage title-count allocation,sale date,allocated daily title count,Daily title counts allocated to canonical Curvage daily gross/net by price-weighted unit share.
Curvage,Your Gluttonous Girlfriend Can't Hold Back Farts 🌯💨,Your Gluttonous Girlfriend Can't Hold Back Farts 🌯💨,72725,1,19.99,14.87,19.99,14.87,19.99,1,2026-07-03,2026-07-03,creator_analytics/manual_backfills/curvage_title_counts_all_time_2013-01-01_to_2026-07-04.csv,2026-07-04T19:25:00,Curvage title-count allocation,sale date,allocated daily title count,Daily title counts allocated to canonical Curvage daily gross/net by price-weighted unit share.
Curvage,Greedy SSBBW Devours Roommates Leftovers,Greedy SSBBW Devours Roommates Leftovers,77165,1,36.99,27.44,36.99,27.44,36.99,1,2026-07-04,2026-07-04,creator_analytics/manual_backfills/curvage_title_counts_all_time_2013-01-01_to_2026-07-04.csv,2026-07-04T19:25:00,Curvage title-count allocation,sale date,allocated daily title count,Daily title counts allocated to canonical Curvage daily gross/net by price-weighted unit share.
Curvage,Watch my fat jiggle while I struggle to work out! 😅💪,Watch my fat jiggle while I struggle to work out! 😅💪,45396,1,12.99,9.64,12.99,9.64,12.99,1,2026-07-04,2026-07-04,creator_analytics/manual_backfills/curvage_title_counts_all_time_2013-01-01_to_2026-07-04.csv,2026-07-04T19:25:00,Curvage title-count allocation,sale date,allocated daily title count,Daily title counts allocated to canonical Curvage daily gross/net by price-weighted unit share.
