platform,title,clean_item_label,item_id,sales_count,gross_amount,net_amount,avg_gross_per_sale,avg_net_per_sale,price,row_count,first_date,last_date,source_files,latest_imported_at,surface,recency_basis,grain,allocation_method
Curvage,Soda-chugging cutie gets bloated and belches!,Soda-chugging cutie gets bloated and belches!,28679,4,77.9,57.78,19.48,14.45,10.99,1,2023-01-18,2023-01-18,creator_analytics/manual_backfills/curvage_title_counts_all_time_2013-01-01_to_2026-07-04.csv,2026-07-04T19:25:00,Curvage title-count allocation,sale date,allocated daily title count,Daily title counts allocated to canonical Curvage daily gross/net by price-weighted unit share.
Curvage,Soda-chugging cutie gets bloated and belches!,Soda-chugging cutie gets bloated and belches!,28679,8,144.96,107.52,18.12,13.44,10.99,1,2023-01-19,2023-01-19,creator_analytics/manual_backfills/curvage_title_counts_all_time_2013-01-01_to_2026-07-04.csv,2026-07-04T19:25:00,Curvage title-count allocation,sale date,allocated daily title count,Daily title counts allocated to canonical Curvage daily gross/net by price-weighted unit share.
Curvage,Soda-chugging cutie gets bloated and belches!,Soda-chugging cutie gets bloated and belches!,28679,1,85.99,63.78,85.99,63.78,10.99,1,2023-01-20,2023-01-20,creator_analytics/manual_backfills/curvage_title_counts_all_time_2013-01-01_to_2026-07-04.csv,2026-07-04T19:25:00,Curvage title-count allocation,sale date,allocated daily title count,Daily title counts allocated to canonical Curvage daily gross/net by price-weighted unit share.
Curvage,Soda-chugging cutie gets bloated and belches!,Soda-chugging cutie gets bloated and belches!,28679,3,45.38,33.66,15.13,11.22,10.99,1,2023-01-21,2023-01-21,creator_analytics/manual_backfills/curvage_title_counts_all_time_2013-01-01_to_2026-07-04.csv,2026-07-04T19:25:00,Curvage title-count allocation,sale date,allocated daily title count,Daily title counts allocated to canonical Curvage daily gross/net by price-weighted unit share.
Curvage,Soda-chugging cutie gets bloated and belches!,Soda-chugging cutie gets bloated and belches!,28679,1,21.68,16.08,21.68,16.08,10.99,1,2023-01-22,2023-01-22,creator_analytics/manual_backfills/curvage_title_counts_all_time_2013-01-01_to_2026-07-04.csv,2026-07-04T19:25:00,Curvage title-count allocation,sale date,allocated daily title count,Daily title counts allocated to canonical Curvage daily gross/net by price-weighted unit share.
Curvage,Soda-chugging cutie gets bloated and belches!,Soda-chugging cutie gets bloated and belches!,28679,1,23.7,17.58,23.7,17.58,10.99,1,2023-02-01,2023-02-01,creator_analytics/manual_backfills/curvage_title_counts_all_time_2013-01-01_to_2026-07-04.csv,2026-07-04T19:25:00,Curvage title-count allocation,sale date,allocated daily title count,Daily title counts allocated to canonical Curvage daily gross/net by price-weighted unit share.
Curvage,Soda-chugging cutie gets bloated and belches!,Soda-chugging cutie gets bloated and belches!,28679,4,105.65,78.36,26.41,19.59,10.99,1,2023-02-06,2023-02-06,creator_analytics/manual_backfills/curvage_title_counts_all_time_2013-01-01_to_2026-07-04.csv,2026-07-04T19:25:00,Curvage title-count allocation,sale date,allocated daily title count,Daily title counts allocated to canonical Curvage daily gross/net by price-weighted unit share.
Curvage,Soda-chugging cutie gets bloated and belches!,Soda-chugging cutie gets bloated and belches!,28679,1,23.7,17.58,23.7,17.58,10.99,1,2023-02-11,2023-02-11,creator_analytics/manual_backfills/curvage_title_counts_all_time_2013-01-01_to_2026-07-04.csv,2026-07-04T19:25:00,Curvage title-count allocation,sale date,allocated daily title count,Daily title counts allocated to canonical Curvage daily gross/net by price-weighted unit share.
Curvage,Soda-chugging cutie gets bloated and belches!,Soda-chugging cutie gets bloated and belches!,28679,1,32.52,24.12,32.52,24.12,10.99,1,2023-02-12,2023-02-12,creator_analytics/manual_backfills/curvage_title_counts_all_time_2013-01-01_to_2026-07-04.csv,2026-07-04T19:25:00,Curvage title-count allocation,sale date,allocated daily title count,Daily title counts allocated to canonical Curvage daily gross/net by price-weighted unit share.
Curvage,Soda-chugging cutie gets bloated and belches!,Soda-chugging cutie gets bloated and belches!,28679,1,23.7,17.58,23.7,17.58,10.99,1,2023-02-14,2023-02-14,creator_analytics/manual_backfills/curvage_title_counts_all_time_2013-01-01_to_2026-07-04.csv,2026-07-04T19:25:00,Curvage title-count allocation,sale date,allocated daily title count,Daily title counts allocated to canonical Curvage daily gross/net by price-weighted unit share.
Curvage,Soda-chugging cutie gets bloated and belches!,Soda-chugging cutie gets bloated and belches!,28679,1,21.68,16.08,21.68,16.08,10.99,1,2023-02-25,2023-02-25,creator_analytics/manual_backfills/curvage_title_counts_all_time_2013-01-01_to_2026-07-04.csv,2026-07-04T19:25:00,Curvage title-count allocation,sale date,allocated daily title count,Daily title counts allocated to canonical Curvage daily gross/net by price-weighted unit share.
Curvage,Soda-chugging cutie gets bloated and belches!,Soda-chugging cutie gets bloated and belches!,28679,1,49.43,36.66,49.43,36.66,10.99,1,2023-03-01,2023-03-01,creator_analytics/manual_backfills/curvage_title_counts_all_time_2013-01-01_to_2026-07-04.csv,2026-07-04T19:25:00,Curvage title-count allocation,sale date,allocated daily title count,Daily title counts allocated to canonical Curvage daily gross/net by price-weighted unit share.
Curvage,Soda-chugging cutie gets bloated and belches!,Soda-chugging cutie gets bloated and belches!,28679,1,21.68,16.08,21.68,16.08,10.99,1,2023-03-10,2023-03-10,creator_analytics/manual_backfills/curvage_title_counts_all_time_2013-01-01_to_2026-07-04.csv,2026-07-04T19:25:00,Curvage title-count allocation,sale date,allocated daily title count,Daily title counts allocated to canonical Curvage daily gross/net by price-weighted unit share.
Curvage,Soda-chugging cutie gets bloated and belches!,Soda-chugging cutie gets bloated and belches!,28679,1,10.84,8.04,10.84,8.04,10.99,1,2023-03-20,2023-03-20,creator_analytics/manual_backfills/curvage_title_counts_all_time_2013-01-01_to_2026-07-04.csv,2026-07-04T19:25:00,Curvage title-count allocation,sale date,allocated daily title count,Daily title counts allocated to canonical Curvage daily gross/net by price-weighted unit share.
Curvage,Soda-chugging cutie gets bloated and belches!,Soda-chugging cutie gets bloated and belches!,28679,1,130.64,96.9,130.64,96.9,10.99,1,2023-05-05,2023-05-05,creator_analytics/manual_backfills/curvage_title_counts_all_time_2013-01-01_to_2026-07-04.csv,2026-07-04T19:25:00,Curvage title-count allocation,sale date,allocated daily title count,Daily title counts allocated to canonical Curvage daily gross/net by price-weighted unit share.
Curvage,Soda-chugging cutie gets bloated and belches!,Soda-chugging cutie gets bloated and belches!,28679,1,40.61,30.12,40.61,30.12,10.99,1,2023-05-20,2023-05-20,creator_analytics/manual_backfills/curvage_title_counts_all_time_2013-01-01_to_2026-07-04.csv,2026-07-04T19:25:00,Curvage title-count allocation,sale date,allocated daily title count,Daily title counts allocated to canonical Curvage daily gross/net by price-weighted unit share.
Curvage,Sexy fatty gobbles a dozen ice cream sandwiches!,Sexy fatty gobbles a dozen ice cream sandwiches!,33057,5,100.31,74.4,20.06,14.88,8.99,1,2023-06-01,2023-06-01,creator_analytics/manual_backfills/curvage_title_counts_all_time_2013-01-01_to_2026-07-04.csv,2026-07-04T19:25:00,Curvage title-count allocation,sale date,allocated daily title count,Daily title counts allocated to canonical Curvage daily gross/net by price-weighted unit share.
Curvage,Sexy fatty gobbles a dozen ice cream sandwiches!,Sexy fatty gobbles a dozen ice cream sandwiches!,33057,9,195.12,144.72,21.68,16.08,8.99,1,2023-06-02,2023-06-02,creator_analytics/manual_backfills/curvage_title_counts_all_time_2013-01-01_to_2026-07-04.csv,2026-07-04T19:25:00,Curvage title-count allocation,sale date,allocated daily title count,Daily title counts allocated to canonical Curvage daily gross/net by price-weighted unit share.
Curvage,Sexy fatty gobbles a dozen ice cream sandwiches!,Sexy fatty gobbles a dozen ice cream sandwiches!,33057,2,52.18,38.7,26.09,19.35,8.99,1,2023-06-03,2023-06-03,creator_analytics/manual_backfills/curvage_title_counts_all_time_2013-01-01_to_2026-07-04.csv,2026-07-04T19:25:00,Curvage title-count allocation,sale date,allocated daily title count,Daily title counts allocated to canonical Curvage daily gross/net by price-weighted unit share.
Curvage,Sexy fatty gobbles a dozen ice cream sandwiches!,Sexy fatty gobbles a dozen ice cream sandwiches!,33057,2,69.08,51.24,34.54,25.62,8.99,1,2023-06-04,2023-06-04,creator_analytics/manual_backfills/curvage_title_counts_all_time_2013-01-01_to_2026-07-04.csv,2026-07-04T19:25:00,Curvage title-count allocation,sale date,allocated daily title count,Daily title counts allocated to canonical Curvage daily gross/net by price-weighted unit share.
Curvage,Sexy fatty gobbles a dozen ice cream sandwiches!,Sexy fatty gobbles a dozen ice cream sandwiches!,33057,1,21.68,16.08,21.68,16.08,8.99,1,2023-06-05,2023-06-05,creator_analytics/manual_backfills/curvage_title_counts_all_time_2013-01-01_to_2026-07-04.csv,2026-07-04T19:25:00,Curvage title-count allocation,sale date,allocated daily title count,Daily title counts allocated to canonical Curvage daily gross/net by price-weighted unit share.
Curvage,Sexy fatty gobbles a dozen ice cream sandwiches!,Sexy fatty gobbles a dozen ice cream sandwiches!,33057,3,39.31,29.16,13.1,9.72,8.99,1,2023-06-06,2023-06-06,creator_analytics/manual_backfills/curvage_title_counts_all_time_2013-01-01_to_2026-07-04.csv,2026-07-04T19:25:00,Curvage title-count allocation,sale date,allocated daily title count,Daily title counts allocated to canonical Curvage daily gross/net by price-weighted unit share.
Curvage,Sexy fatty gobbles a dozen ice cream sandwiches!,Sexy fatty gobbles a dozen ice cream sandwiches!,33057,2,43.36,32.16,21.68,16.08,8.99,1,2023-06-07,2023-06-07,creator_analytics/manual_backfills/curvage_title_counts_all_time_2013-01-01_to_2026-07-04.csv,2026-07-04T19:25:00,Curvage title-count allocation,sale date,allocated daily title count,Daily title counts allocated to canonical Curvage daily gross/net by price-weighted unit share.
Curvage,Sexy fatty gobbles a dozen ice cream sandwiches!,Sexy fatty gobbles a dozen ice cream sandwiches!,33057,3,39.31,29.16,13.1,9.72,8.99,1,2023-06-08,2023-06-08,creator_analytics/manual_backfills/curvage_title_counts_all_time_2013-01-01_to_2026-07-04.csv,2026-07-04T19:25:00,Curvage title-count allocation,sale date,allocated daily title count,Daily title counts allocated to canonical Curvage daily gross/net by price-weighted unit share.
Curvage,Sexy fatty gobbles a dozen ice cream sandwiches!,Sexy fatty gobbles a dozen ice cream sandwiches!,33057,1,25.72,19.08,25.72,19.08,8.99,1,2023-06-09,2023-06-09,creator_analytics/manual_backfills/curvage_title_counts_all_time_2013-01-01_to_2026-07-04.csv,2026-07-04T19:25:00,Curvage title-count allocation,sale date,allocated daily title count,Daily title counts allocated to canonical Curvage daily gross/net by price-weighted unit share.
Curvage,Sexy fatty gobbles a dozen ice cream sandwiches!,Sexy fatty gobbles a dozen ice cream sandwiches!,33057,2,17.63,13.08,8.82,6.54,8.99,1,2023-06-10,2023-06-10,creator_analytics/manual_backfills/curvage_title_counts_all_time_2013-01-01_to_2026-07-04.csv,2026-07-04T19:25:00,Curvage title-count allocation,sale date,allocated daily title count,Daily title counts allocated to canonical Curvage daily gross/net by price-weighted unit share.
Curvage,Sexy fatty gobbles a dozen ice cream sandwiches!,Sexy fatty gobbles a dozen ice cream sandwiches!,33057,2,17.63,13.08,8.82,6.54,8.99,1,2023-06-17,2023-06-17,creator_analytics/manual_backfills/curvage_title_counts_all_time_2013-01-01_to_2026-07-04.csv,2026-07-04T19:25:00,Curvage title-count allocation,sale date,allocated daily title count,Daily title counts allocated to canonical Curvage daily gross/net by price-weighted unit share.
Curvage,Sexy fatty gobbles a dozen ice cream sandwiches!,Sexy fatty gobbles a dozen ice cream sandwiches!,33057,2,30.5,22.62,15.25,11.31,8.99,1,2023-06-20,2023-06-20,creator_analytics/manual_backfills/curvage_title_counts_all_time_2013-01-01_to_2026-07-04.csv,2026-07-04T19:25:00,Curvage title-count allocation,sale date,allocated daily title count,Daily title counts allocated to canonical Curvage daily gross/net by price-weighted unit share.
Curvage,Sexy fatty gobbles a dozen ice cream sandwiches!,Sexy fatty gobbles a dozen ice cream sandwiches!,33057,1,47.4,35.16,47.4,35.16,8.99,1,2023-06-21,2023-06-21,creator_analytics/manual_backfills/curvage_title_counts_all_time_2013-01-01_to_2026-07-04.csv,2026-07-04T19:25:00,Curvage title-count allocation,sale date,allocated daily title count,Daily title counts allocated to canonical Curvage daily gross/net by price-weighted unit share.
Curvage,Soda-chugging cutie gets bloated and belches!,Soda-chugging cutie gets bloated and belches!,28679,1,130.08,96.48,130.08,96.48,10.99,1,2023-06-23,2023-06-23,creator_analytics/manual_backfills/curvage_title_counts_all_time_2013-01-01_to_2026-07-04.csv,2026-07-04T19:25:00,Curvage title-count allocation,sale date,allocated daily title count,Daily title counts allocated to canonical Curvage daily gross/net by price-weighted unit share.
Curvage,Sexy fatty gobbles a dozen ice cream sandwiches!,Sexy fatty gobbles a dozen ice cream sandwiches!,33057,1,267.68,198.54,267.68,198.54,8.99,1,2023-06-24,2023-06-24,creator_analytics/manual_backfills/curvage_title_counts_all_time_2013-01-01_to_2026-07-04.csv,2026-07-04T19:25:00,Curvage title-count allocation,sale date,allocated daily title count,Daily title counts allocated to canonical Curvage daily gross/net by price-weighted unit share.
Curvage,Sexy fatty gobbles a dozen ice cream sandwiches!,Sexy fatty gobbles a dozen ice cream sandwiches!,33057,1,133.84,99.27,133.84,99.27,8.99,1,2023-06-25,2023-06-25,creator_analytics/manual_backfills/curvage_title_counts_all_time_2013-01-01_to_2026-07-04.csv,2026-07-04T19:25:00,Curvage title-count allocation,sale date,allocated daily title count,Daily title counts allocated to canonical Curvage daily gross/net by price-weighted unit share.
Curvage,Soda-chugging cutie gets bloated and belches!,Soda-chugging cutie gets bloated and belches!,28679,1,59.98,44.49,59.98,44.49,10.99,1,2023-06-26,2023-06-26,creator_analytics/manual_backfills/curvage_title_counts_all_time_2013-01-01_to_2026-07-04.csv,2026-07-04T19:25:00,Curvage title-count allocation,sale date,allocated daily title count,Daily title counts allocated to canonical Curvage daily gross/net by price-weighted unit share.
Curvage,Sexy fatty gobbles a dozen ice cream sandwiches!,Sexy fatty gobbles a dozen ice cream sandwiches!,33057,1,22.11,16.4,22.11,16.4,8.99,1,2023-06-27,2023-06-27,creator_analytics/manual_backfills/curvage_title_counts_all_time_2013-01-01_to_2026-07-04.csv,2026-07-04T19:25:00,Curvage title-count allocation,sale date,allocated daily title count,Daily title counts allocated to canonical Curvage daily gross/net by price-weighted unit share.
Curvage,Soda-chugging cutie gets bloated and belches!,Soda-chugging cutie gets bloated and belches!,28679,1,27.03,20.05,27.03,20.05,10.99,1,2023-06-27,2023-06-27,creator_analytics/manual_backfills/curvage_title_counts_all_time_2013-01-01_to_2026-07-04.csv,2026-07-04T19:25:00,Curvage title-count allocation,sale date,allocated daily title count,Daily title counts allocated to canonical Curvage daily gross/net by price-weighted unit share.
Curvage,Sexy fatty gobbles a dozen ice cream sandwiches!,Sexy fatty gobbles a dozen ice cream sandwiches!,33057,1,18.65,13.83,18.65,13.83,8.99,1,2023-06-28,2023-06-28,creator_analytics/manual_backfills/curvage_title_counts_all_time_2013-01-01_to_2026-07-04.csv,2026-07-04T19:25:00,Curvage title-count allocation,sale date,allocated daily title count,Daily title counts allocated to canonical Curvage daily gross/net by price-weighted unit share.
Curvage,Sexy fatty gobbles a dozen ice cream sandwiches!,Sexy fatty gobbles a dozen ice cream sandwiches!,33057,1,53.19,39.45,53.19,39.45,8.99,1,2023-06-29,2023-06-29,creator_analytics/manual_backfills/curvage_title_counts_all_time_2013-01-01_to_2026-07-04.csv,2026-07-04T19:25:00,Curvage title-count allocation,sale date,allocated daily title count,Daily title counts allocated to canonical Curvage daily gross/net by price-weighted unit share.
Curvage,Sexy fatty gobbles a dozen ice cream sandwiches!,Sexy fatty gobbles a dozen ice cream sandwiches!,33057,4,86.43,64.11,21.61,16.03,8.99,1,2023-06-30,2023-06-30,creator_analytics/manual_backfills/curvage_title_counts_all_time_2013-01-01_to_2026-07-04.csv,2026-07-04T19:25:00,Curvage title-count allocation,sale date,allocated daily title count,Daily title counts allocated to canonical Curvage daily gross/net by price-weighted unit share.
Curvage,Soda-chugging cutie gets bloated and belches!,Soda-chugging cutie gets bloated and belches!,28679,2,61.28,45.45,30.64,22.73,10.99,1,2023-07-05,2023-07-05,creator_analytics/manual_backfills/curvage_title_counts_all_time_2013-01-01_to_2026-07-04.csv,2026-07-04T19:25:00,Curvage title-count allocation,sale date,allocated daily title count,Daily title counts allocated to canonical Curvage daily gross/net by price-weighted unit share.
Curvage,Sexy fatty gobbles a dozen ice cream sandwiches!,Sexy fatty gobbles a dozen ice cream sandwiches!,33057,1,66.05,48.99,66.05,48.99,8.99,1,2023-07-06,2023-07-06,creator_analytics/manual_backfills/curvage_title_counts_all_time_2013-01-01_to_2026-07-04.csv,2026-07-04T19:25:00,Curvage title-count allocation,sale date,allocated daily title count,Daily title counts allocated to canonical Curvage daily gross/net by price-weighted unit share.
Curvage,Sexy fatty gobbles a dozen ice cream sandwiches!,Sexy fatty gobbles a dozen ice cream sandwiches!,33057,3,53.19,39.45,17.73,13.15,8.99,1,2023-07-07,2023-07-07,creator_analytics/manual_backfills/curvage_title_counts_all_time_2013-01-01_to_2026-07-04.csv,2026-07-04T19:25:00,Curvage title-count allocation,sale date,allocated daily title count,Daily title counts allocated to canonical Curvage daily gross/net by price-weighted unit share.
Curvage,Sexy fatty gobbles a dozen ice cream sandwiches!,Sexy fatty gobbles a dozen ice cream sandwiches!,33057,2,27.46,20.37,13.73,10.19,8.99,1,2023-07-09,2023-07-09,creator_analytics/manual_backfills/curvage_title_counts_all_time_2013-01-01_to_2026-07-04.csv,2026-07-04T19:25:00,Curvage title-count allocation,sale date,allocated daily title count,Daily title counts allocated to canonical Curvage daily gross/net by price-weighted unit share.
Curvage,Sexy fatty gobbles a dozen ice cream sandwiches!,Sexy fatty gobbles a dozen ice cream sandwiches!,33057,1,34.54,25.62,34.54,25.62,8.99,1,2023-07-10,2023-07-10,creator_analytics/manual_backfills/curvage_title_counts_all_time_2013-01-01_to_2026-07-04.csv,2026-07-04T19:25:00,Curvage title-count allocation,sale date,allocated daily title count,Daily title counts allocated to canonical Curvage daily gross/net by price-weighted unit share.
Curvage,Sexy fatty gobbles a dozen ice cream sandwiches!,Sexy fatty gobbles a dozen ice cream sandwiches!,33057,1,8.82,6.54,8.82,6.54,8.99,1,2023-07-12,2023-07-12,creator_analytics/manual_backfills/curvage_title_counts_all_time_2013-01-01_to_2026-07-04.csv,2026-07-04T19:25:00,Curvage title-count allocation,sale date,allocated daily title count,Daily title counts allocated to canonical Curvage daily gross/net by price-weighted unit share.
Curvage,Sexy fatty gobbles a dozen ice cream sandwiches!,Sexy fatty gobbles a dozen ice cream sandwiches!,33057,1,8.82,6.54,8.82,6.54,8.99,1,2023-07-17,2023-07-17,creator_analytics/manual_backfills/curvage_title_counts_all_time_2013-01-01_to_2026-07-04.csv,2026-07-04T19:25:00,Curvage title-count allocation,sale date,allocated daily title count,Daily title counts allocated to canonical Curvage daily gross/net by price-weighted unit share.
Curvage,Sexy fatty gobbles a dozen ice cream sandwiches!,Sexy fatty gobbles a dozen ice cream sandwiches!,33057,1,8.82,6.54,8.82,6.54,8.99,1,2023-07-20,2023-07-20,creator_analytics/manual_backfills/curvage_title_counts_all_time_2013-01-01_to_2026-07-04.csv,2026-07-04T19:25:00,Curvage title-count allocation,sale date,allocated daily title count,Daily title counts allocated to canonical Curvage daily gross/net by price-weighted unit share.
Curvage,Sexy fatty gobbles a dozen ice cream sandwiches!,Sexy fatty gobbles a dozen ice cream sandwiches!,33057,1,21.68,16.08,21.68,16.08,8.99,1,2023-07-21,2023-07-21,creator_analytics/manual_backfills/curvage_title_counts_all_time_2013-01-01_to_2026-07-04.csv,2026-07-04T19:25:00,Curvage title-count allocation,sale date,allocated daily title count,Daily title counts allocated to canonical Curvage daily gross/net by price-weighted unit share.
Curvage,Sexy fatty gobbles a dozen ice cream sandwiches!,Sexy fatty gobbles a dozen ice cream sandwiches!,33057,2,384.57,285.24,192.28,142.62,8.99,1,2023-07-23,2023-07-23,creator_analytics/manual_backfills/curvage_title_counts_all_time_2013-01-01_to_2026-07-04.csv,2026-07-04T19:25:00,Curvage title-count allocation,sale date,allocated daily title count,Daily title counts allocated to canonical Curvage daily gross/net by price-weighted unit share.
Curvage,Sexy fatty gobbles a dozen ice cream sandwiches!,Sexy fatty gobbles a dozen ice cream sandwiches!,33057,2,277.63,205.92,138.81,102.96,8.99,1,2023-07-24,2023-07-24,creator_analytics/manual_backfills/curvage_title_counts_all_time_2013-01-01_to_2026-07-04.csv,2026-07-04T19:25:00,Curvage title-count allocation,sale date,allocated daily title count,Daily title counts allocated to canonical Curvage daily gross/net by price-weighted unit share.
Curvage,Sexy fatty gobbles a dozen ice cream sandwiches!,Sexy fatty gobbles a dozen ice cream sandwiches!,33057,1,8.82,6.54,8.82,6.54,8.99,1,2023-08-02,2023-08-02,creator_analytics/manual_backfills/curvage_title_counts_all_time_2013-01-01_to_2026-07-04.csv,2026-07-04T19:25:00,Curvage title-count allocation,sale date,allocated daily title count,Daily title counts allocated to canonical Curvage daily gross/net by price-weighted unit share.
Curvage,Sexy fatty gobbles a dozen ice cream sandwiches!,Sexy fatty gobbles a dozen ice cream sandwiches!,33057,1,34.54,25.62,34.54,25.62,8.99,1,2023-08-09,2023-08-09,creator_analytics/manual_backfills/curvage_title_counts_all_time_2013-01-01_to_2026-07-04.csv,2026-07-04T19:25:00,Curvage title-count allocation,sale date,allocated daily title count,Daily title counts allocated to canonical Curvage daily gross/net by price-weighted unit share.
Curvage,Sexy fatty gobbles a dozen ice cream sandwiches!,Sexy fatty gobbles a dozen ice cream sandwiches!,33057,1,8.82,6.54,8.82,6.54,8.99,1,2023-08-16,2023-08-16,creator_analytics/manual_backfills/curvage_title_counts_all_time_2013-01-01_to_2026-07-04.csv,2026-07-04T19:25:00,Curvage title-count allocation,sale date,allocated daily title count,Daily title counts allocated to canonical Curvage daily gross/net by price-weighted unit share.
Curvage,Sexy fatty gobbles a dozen ice cream sandwiches!,Sexy fatty gobbles a dozen ice cream sandwiches!,33057,1,21.68,16.08,21.68,16.08,8.99,1,2023-08-19,2023-08-19,creator_analytics/manual_backfills/curvage_title_counts_all_time_2013-01-01_to_2026-07-04.csv,2026-07-04T19:25:00,Curvage title-count allocation,sale date,allocated daily title count,Daily title counts allocated to canonical Curvage daily gross/net by price-weighted unit share.
Curvage,Sexy fatty gobbles a dozen ice cream sandwiches!,Sexy fatty gobbles a dozen ice cream sandwiches!,33057,2,236.9,175.71,118.45,87.86,8.99,1,2023-08-26,2023-08-26,creator_analytics/manual_backfills/curvage_title_counts_all_time_2013-01-01_to_2026-07-04.csv,2026-07-04T19:25:00,Curvage title-count allocation,sale date,allocated daily title count,Daily title counts allocated to canonical Curvage daily gross/net by price-weighted unit share.
Curvage,Sexy fatty gobbles a dozen ice cream sandwiches!,Sexy fatty gobbles a dozen ice cream sandwiches!,33057,1,51.17,37.95,51.17,37.95,8.99,1,2023-08-29,2023-08-29,creator_analytics/manual_backfills/curvage_title_counts_all_time_2013-01-01_to_2026-07-04.csv,2026-07-04T19:25:00,Curvage title-count allocation,sale date,allocated daily title count,Daily title counts allocated to canonical Curvage daily gross/net by price-weighted unit share.
Curvage,Sexy fatty gobbles a dozen ice cream sandwiches!,Sexy fatty gobbles a dozen ice cream sandwiches!,33057,1,472.62,350.55,472.62,350.55,8.99,1,2023-08-31,2023-08-31,creator_analytics/manual_backfills/curvage_title_counts_all_time_2013-01-01_to_2026-07-04.csv,2026-07-04T19:25:00,Curvage title-count allocation,sale date,allocated daily title count,Daily title counts allocated to canonical Curvage daily gross/net by price-weighted unit share.
Curvage,Soda-chugging cutie gets bloated and belches!,Soda-chugging cutie gets bloated and belches!,28679,1,271.72,201.54,271.72,201.54,10.99,1,2023-09-01,2023-09-01,creator_analytics/manual_backfills/curvage_title_counts_all_time_2013-01-01_to_2026-07-04.csv,2026-07-04T19:25:00,Curvage title-count allocation,sale date,allocated daily title count,Daily title counts allocated to canonical Curvage daily gross/net by price-weighted unit share.
Curvage,Soda-chugging cutie gets bloated and belches!,Soda-chugging cutie gets bloated and belches!,28679,1,161.58,119.85,161.58,119.85,10.99,1,2023-09-03,2023-09-03,creator_analytics/manual_backfills/curvage_title_counts_all_time_2013-01-01_to_2026-07-04.csv,2026-07-04T19:25:00,Curvage title-count allocation,sale date,allocated daily title count,Daily title counts allocated to canonical Curvage daily gross/net by price-weighted unit share.
Curvage,Sexy fatty gobbles a dozen ice cream sandwiches!,Sexy fatty gobbles a dozen ice cream sandwiches!,33057,1,21.68,16.08,21.68,16.08,8.99,1,2023-09-04,2023-09-04,creator_analytics/manual_backfills/curvage_title_counts_all_time_2013-01-01_to_2026-07-04.csv,2026-07-04T19:25:00,Curvage title-count allocation,sale date,allocated daily title count,Daily title counts allocated to canonical Curvage daily gross/net by price-weighted unit share.
Curvage,Soda-chugging cutie gets bloated and belches!,Soda-chugging cutie gets bloated and belches!,28679,1,153.5,113.85,153.5,113.85,10.99,1,2023-09-05,2023-09-05,creator_analytics/manual_backfills/curvage_title_counts_all_time_2013-01-01_to_2026-07-04.csv,2026-07-04T19:25:00,Curvage title-count allocation,sale date,allocated daily title count,Daily title counts allocated to canonical Curvage daily gross/net by price-weighted unit share.
Curvage,Sexy fatty gobbles a dozen ice cream sandwiches!,Sexy fatty gobbles a dozen ice cream sandwiches!,33057,2,137.03,101.64,68.52,50.82,8.99,1,2023-09-06,2023-09-06,creator_analytics/manual_backfills/curvage_title_counts_all_time_2013-01-01_to_2026-07-04.csv,2026-07-04T19:25:00,Curvage title-count allocation,sale date,allocated daily title count,Daily title counts allocated to canonical Curvage daily gross/net by price-weighted unit share.
Curvage,Sexy fatty gobbles a dozen ice cream sandwiches!,Sexy fatty gobbles a dozen ice cream sandwiches!,33057,2,314.68,233.4,157.34,116.7,8.99,1,2023-09-07,2023-09-07,creator_analytics/manual_backfills/curvage_title_counts_all_time_2013-01-01_to_2026-07-04.csv,2026-07-04T19:25:00,Curvage title-count allocation,sale date,allocated daily title count,Daily title counts allocated to canonical Curvage daily gross/net by price-weighted unit share.
Curvage,Sexy fatty gobbles a dozen ice cream sandwiches!,Sexy fatty gobbles a dozen ice cream sandwiches!,33057,1,64.76,48.03,64.76,48.03,8.99,1,2023-09-11,2023-09-11,creator_analytics/manual_backfills/curvage_title_counts_all_time_2013-01-01_to_2026-07-04.csv,2026-07-04T19:25:00,Curvage title-count allocation,sale date,allocated daily title count,Daily title counts allocated to canonical Curvage daily gross/net by price-weighted unit share.
Curvage,Sexy fatty gobbles a dozen ice cream sandwiches!,Sexy fatty gobbles a dozen ice cream sandwiches!,33057,1,38.3,28.41,38.3,28.41,8.99,1,2023-09-19,2023-09-19,creator_analytics/manual_backfills/curvage_title_counts_all_time_2013-01-01_to_2026-07-04.csv,2026-07-04T19:25:00,Curvage title-count allocation,sale date,allocated daily title count,Daily title counts allocated to canonical Curvage daily gross/net by price-weighted unit share.
Curvage,Sexy fatty gobbles a dozen ice cream sandwiches!,Sexy fatty gobbles a dozen ice cream sandwiches!,33057,1,21.68,16.08,21.68,16.08,8.99,1,2023-09-21,2023-09-21,creator_analytics/manual_backfills/curvage_title_counts_all_time_2013-01-01_to_2026-07-04.csv,2026-07-04T19:25:00,Curvage title-count allocation,sale date,allocated daily title count,Daily title counts allocated to canonical Curvage daily gross/net by price-weighted unit share.
Curvage,Sexy fatty gobbles a dozen ice cream sandwiches!,Sexy fatty gobbles a dozen ice cream sandwiches!,33057,2,37.29,27.66,18.65,13.83,8.99,1,2023-09-25,2023-09-25,creator_analytics/manual_backfills/curvage_title_counts_all_time_2013-01-01_to_2026-07-04.csv,2026-07-04T19:25:00,Curvage title-count allocation,sale date,allocated daily title count,Daily title counts allocated to canonical Curvage daily gross/net by price-weighted unit share.
Curvage,Sexy fatty gobbles a dozen ice cream sandwiches!,Sexy fatty gobbles a dozen ice cream sandwiches!,33057,1,71.55,53.07,71.55,53.07,8.99,1,2023-09-29,2023-09-29,creator_analytics/manual_backfills/curvage_title_counts_all_time_2013-01-01_to_2026-07-04.csv,2026-07-04T19:25:00,Curvage title-count allocation,sale date,allocated daily title count,Daily title counts allocated to canonical Curvage daily gross/net by price-weighted unit share.
Curvage,Sexy fatty gobbles a dozen ice cream sandwiches!,Sexy fatty gobbles a dozen ice cream sandwiches!,33057,1,60.99,45.24,60.99,45.24,8.99,1,2023-10-18,2023-10-18,creator_analytics/manual_backfills/curvage_title_counts_all_time_2013-01-01_to_2026-07-04.csv,2026-07-04T19:25:00,Curvage title-count allocation,sale date,allocated daily title count,Daily title counts allocated to canonical Curvage daily gross/net by price-weighted unit share.
Curvage,Sexy fatty gobbles a dozen ice cream sandwiches!,Sexy fatty gobbles a dozen ice cream sandwiches!,33057,1,28.47,21.12,28.47,21.12,8.99,1,2023-10-19,2023-10-19,creator_analytics/manual_backfills/curvage_title_counts_all_time_2013-01-01_to_2026-07-04.csv,2026-07-04T19:25:00,Curvage title-count allocation,sale date,allocated daily title count,Daily title counts allocated to canonical Curvage daily gross/net by price-weighted unit share.
Curvage,Sexy fatty gobbles a dozen ice cream sandwiches!,Sexy fatty gobbles a dozen ice cream sandwiches!,33057,1,8.82,6.54,8.82,6.54,8.99,1,2023-10-25,2023-10-25,creator_analytics/manual_backfills/curvage_title_counts_all_time_2013-01-01_to_2026-07-04.csv,2026-07-04T19:25:00,Curvage title-count allocation,sale date,allocated daily title count,Daily title counts allocated to canonical Curvage daily gross/net by price-weighted unit share.
Curvage,Sexy fatty gobbles a dozen ice cream sandwiches!,Sexy fatty gobbles a dozen ice cream sandwiches!,33057,1,54.2,40.2,54.2,40.2,8.99,1,2023-10-27,2023-10-27,creator_analytics/manual_backfills/curvage_title_counts_all_time_2013-01-01_to_2026-07-04.csv,2026-07-04T19:25:00,Curvage title-count allocation,sale date,allocated daily title count,Daily title counts allocated to canonical Curvage daily gross/net by price-weighted unit share.
Curvage,Sexy fatty gobbles a dozen ice cream sandwiches!,Sexy fatty gobbles a dozen ice cream sandwiches!,33057,1,8.82,6.54,8.82,6.54,8.99,1,2023-10-30,2023-10-30,creator_analytics/manual_backfills/curvage_title_counts_all_time_2013-01-01_to_2026-07-04.csv,2026-07-04T19:25:00,Curvage title-count allocation,sale date,allocated daily title count,Daily title counts allocated to canonical Curvage daily gross/net by price-weighted unit share.
Curvage,Sexy fatty gobbles a dozen ice cream sandwiches!,Sexy fatty gobbles a dozen ice cream sandwiches!,33057,1,18.65,13.83,18.65,13.83,8.99,1,2023-11-16,2023-11-16,creator_analytics/manual_backfills/curvage_title_counts_all_time_2013-01-01_to_2026-07-04.csv,2026-07-04T19:25:00,Curvage title-count allocation,sale date,allocated daily title count,Daily title counts allocated to canonical Curvage daily gross/net by price-weighted unit share.
Curvage,Sexy fatty gobbles a dozen ice cream sandwiches!,Sexy fatty gobbles a dozen ice cream sandwiches!,33057,1,54.2,40.2,54.2,40.2,8.99,1,2023-11-18,2023-11-18,creator_analytics/manual_backfills/curvage_title_counts_all_time_2013-01-01_to_2026-07-04.csv,2026-07-04T19:25:00,Curvage title-count allocation,sale date,allocated daily title count,Daily title counts allocated to canonical Curvage daily gross/net by price-weighted unit share.
Curvage,Soda-chugging cutie gets bloated and belches!,Soda-chugging cutie gets bloated and belches!,28679,1,60.27,44.7,60.27,44.7,10.99,1,2023-11-19,2023-11-19,creator_analytics/manual_backfills/curvage_title_counts_all_time_2013-01-01_to_2026-07-04.csv,2026-07-04T19:25:00,Curvage title-count allocation,sale date,allocated daily title count,Daily title counts allocated to canonical Curvage daily gross/net by price-weighted unit share.
Curvage,Sexy fatty gobbles a dozen ice cream sandwiches!,Sexy fatty gobbles a dozen ice cream sandwiches!,33057,1,8.82,6.54,8.82,6.54,8.99,1,2023-11-25,2023-11-25,creator_analytics/manual_backfills/curvage_title_counts_all_time_2013-01-01_to_2026-07-04.csv,2026-07-04T19:25:00,Curvage title-count allocation,sale date,allocated daily title count,Daily title counts allocated to canonical Curvage daily gross/net by price-weighted unit share.
Curvage,Soda-chugging cutie gets bloated and belches!,Soda-chugging cutie gets bloated and belches!,28679,1,397.19,294.6,397.19,294.6,10.99,1,2023-11-28,2023-11-28,creator_analytics/manual_backfills/curvage_title_counts_all_time_2013-01-01_to_2026-07-04.csv,2026-07-04T19:25:00,Curvage title-count allocation,sale date,allocated daily title count,Daily title counts allocated to canonical Curvage daily gross/net by price-weighted unit share.
Curvage,Sexy fatty gobbles a dozen ice cream sandwiches!,Sexy fatty gobbles a dozen ice cream sandwiches!,33057,1,70.82,52.53,70.82,52.53,8.99,1,2023-11-30,2023-11-30,creator_analytics/manual_backfills/curvage_title_counts_all_time_2013-01-01_to_2026-07-04.csv,2026-07-04T19:25:00,Curvage title-count allocation,sale date,allocated daily title count,Daily title counts allocated to canonical Curvage daily gross/net by price-weighted unit share.
Curvage,Sexy fatty gobbles a dozen ice cream sandwiches!,Sexy fatty gobbles a dozen ice cream sandwiches!,33057,1,229.37,170.13,229.37,170.13,8.99,1,2023-12-15,2023-12-15,creator_analytics/manual_backfills/curvage_title_counts_all_time_2013-01-01_to_2026-07-04.csv,2026-07-04T19:25:00,Curvage title-count allocation,sale date,allocated daily title count,Daily title counts allocated to canonical Curvage daily gross/net by price-weighted unit share.
Curvage,Sexy fatty gobbles a dozen ice cream sandwiches!,Sexy fatty gobbles a dozen ice cream sandwiches!,33057,1,62.0,45.99,62.0,45.99,8.99,1,2023-12-29,2023-12-29,creator_analytics/manual_backfills/curvage_title_counts_all_time_2013-01-01_to_2026-07-04.csv,2026-07-04T19:25:00,Curvage title-count allocation,sale date,allocated daily title count,Daily title counts allocated to canonical Curvage daily gross/net by price-weighted unit share.
Curvage,Sexy fatty gobbles a dozen ice cream sandwiches!,Sexy fatty gobbles a dozen ice cream sandwiches!,33057,1,106.37,78.9,106.37,78.9,8.99,1,2024-01-08,2024-01-08,creator_analytics/manual_backfills/curvage_title_counts_all_time_2013-01-01_to_2026-07-04.csv,2026-07-04T19:25:00,Curvage title-count allocation,sale date,allocated daily title count,Daily title counts allocated to canonical Curvage daily gross/net by price-weighted unit share.
Curvage,Sexy fatty gobbles a dozen ice cream sandwiches!,Sexy fatty gobbles a dozen ice cream sandwiches!,33057,1,41.34,30.66,41.34,30.66,8.99,1,2024-01-12,2024-01-12,creator_analytics/manual_backfills/curvage_title_counts_all_time_2013-01-01_to_2026-07-04.csv,2026-07-04T19:25:00,Curvage title-count allocation,sale date,allocated daily title count,Daily title counts allocated to canonical Curvage daily gross/net by price-weighted unit share.
Curvage,Soda-chugging cutie gets bloated and belches!,Soda-chugging cutie gets bloated and belches!,28679,1,36.56,27.12,36.56,27.12,10.99,1,2024-01-27,2024-01-27,creator_analytics/manual_backfills/curvage_title_counts_all_time_2013-01-01_to_2026-07-04.csv,2026-07-04T19:25:00,Curvage title-count allocation,sale date,allocated daily title count,Daily title counts allocated to canonical Curvage daily gross/net by price-weighted unit share.
Curvage,Soda-chugging cutie gets bloated and belches!,Soda-chugging cutie gets bloated and belches!,28679,1,21.68,16.08,21.68,16.08,10.99,1,2024-02-09,2024-02-09,creator_analytics/manual_backfills/curvage_title_counts_all_time_2013-01-01_to_2026-07-04.csv,2026-07-04T19:25:00,Curvage title-count allocation,sale date,allocated daily title count,Daily title counts allocated to canonical Curvage daily gross/net by price-weighted unit share.
Curvage,Sexy fatty gobbles a dozen ice cream sandwiches!,Sexy fatty gobbles a dozen ice cream sandwiches!,33057,1,106.42,78.93,106.42,78.93,8.99,1,2024-02-12,2024-02-12,creator_analytics/manual_backfills/curvage_title_counts_all_time_2013-01-01_to_2026-07-04.csv,2026-07-04T19:25:00,Curvage title-count allocation,sale date,allocated daily title count,Daily title counts allocated to canonical Curvage daily gross/net by price-weighted unit share.
Curvage,Soda-chugging cutie gets bloated and belches!,Soda-chugging cutie gets bloated and belches!,28679,1,60.99,45.24,60.99,45.24,10.99,1,2024-02-16,2024-02-16,creator_analytics/manual_backfills/curvage_title_counts_all_time_2013-01-01_to_2026-07-04.csv,2026-07-04T19:25:00,Curvage title-count allocation,sale date,allocated daily title count,Daily title counts allocated to canonical Curvage daily gross/net by price-weighted unit share.
Curvage,Sexy fatty gobbles a dozen ice cream sandwiches!,Sexy fatty gobbles a dozen ice cream sandwiches!,33057,1,69.08,51.24,69.08,51.24,8.99,1,2024-02-18,2024-02-18,creator_analytics/manual_backfills/curvage_title_counts_all_time_2013-01-01_to_2026-07-04.csv,2026-07-04T19:25:00,Curvage title-count allocation,sale date,allocated daily title count,Daily title counts allocated to canonical Curvage daily gross/net by price-weighted unit share.
Curvage,Soda-chugging cutie gets bloated and belches!,Soda-chugging cutie gets bloated and belches!,28679,1,72.12,53.49,72.12,53.49,10.99,1,2024-03-09,2024-03-09,creator_analytics/manual_backfills/curvage_title_counts_all_time_2013-01-01_to_2026-07-04.csv,2026-07-04T19:25:00,Curvage title-count allocation,sale date,allocated daily title count,Daily title counts allocated to canonical Curvage daily gross/net by price-weighted unit share.
Curvage,Horny SSBBW Succubus Grows for Your Cum POV,Horny SSBBW Succubus Grows for Your Cum POV,44086,10,127.49,94.56,12.75,9.46,14.99,1,2024-03-11,2024-03-11,creator_analytics/manual_backfills/curvage_title_counts_all_time_2013-01-01_to_2026-07-04.csv,2026-07-04T19:25:00,Curvage title-count allocation,sale date,allocated daily title count,Daily title counts allocated to canonical Curvage daily gross/net by price-weighted unit share.
Curvage,Horny SSBBW Succubus Grows for Your Cum POV,Horny SSBBW Succubus Grows for Your Cum POV,44086,4,86.43,64.11,21.61,16.03,14.99,1,2024-03-12,2024-03-12,creator_analytics/manual_backfills/curvage_title_counts_all_time_2013-01-01_to_2026-07-04.csv,2026-07-04T19:25:00,Curvage title-count allocation,sale date,allocated daily title count,Daily title counts allocated to canonical Curvage daily gross/net by price-weighted unit share.
Curvage,Horny SSBBW Succubus Grows for Your Cum POV,Horny SSBBW Succubus Grows for Your Cum POV,44086,3,29.49,21.87,9.83,7.29,14.99,1,2024-03-13,2024-03-13,creator_analytics/manual_backfills/curvage_title_counts_all_time_2013-01-01_to_2026-07-04.csv,2026-07-04T19:25:00,Curvage title-count allocation,sale date,allocated daily title count,Daily title counts allocated to canonical Curvage daily gross/net by price-weighted unit share.
Curvage,Horny SSBBW Succubus Grows for Your Cum POV,Horny SSBBW Succubus Grows for Your Cum POV,44086,1,61.72,45.78,61.72,45.78,14.99,1,2024-03-14,2024-03-14,creator_analytics/manual_backfills/curvage_title_counts_all_time_2013-01-01_to_2026-07-04.csv,2026-07-04T19:25:00,Curvage title-count allocation,sale date,allocated daily title count,Daily title counts allocated to canonical Curvage daily gross/net by price-weighted unit share.
Curvage,Horny SSBBW Succubus Grows for Your Cum POV,Horny SSBBW Succubus Grows for Your Cum POV,44086,2,29.49,21.87,14.74,10.94,14.99,1,2024-03-16,2024-03-16,creator_analytics/manual_backfills/curvage_title_counts_all_time_2013-01-01_to_2026-07-04.csv,2026-07-04T19:25:00,Curvage title-count allocation,sale date,allocated daily title count,Daily title counts allocated to canonical Curvage daily gross/net by price-weighted unit share.
Curvage,Horny SSBBW Succubus Grows for Your Cum POV,Horny SSBBW Succubus Grows for Your Cum POV,44086,1,53.92,39.99,53.92,39.99,14.99,1,2024-03-18,2024-03-18,creator_analytics/manual_backfills/curvage_title_counts_all_time_2013-01-01_to_2026-07-04.csv,2026-07-04T19:25:00,Curvage title-count allocation,sale date,allocated daily title count,Daily title counts allocated to canonical Curvage daily gross/net by price-weighted unit share.
Curvage,Horny SSBBW Succubus Grows for Your Cum POV,Horny SSBBW Succubus Grows for Your Cum POV,44086,1,9.83,7.29,9.83,7.29,14.99,1,2024-03-19,2024-03-19,creator_analytics/manual_backfills/curvage_title_counts_all_time_2013-01-01_to_2026-07-04.csv,2026-07-04T19:25:00,Curvage title-count allocation,sale date,allocated daily title count,Daily title counts allocated to canonical Curvage daily gross/net by price-weighted unit share.
Curvage,Horny SSBBW Succubus Grows for Your Cum POV,Horny SSBBW Succubus Grows for Your Cum POV,44086,1,19.66,14.58,19.66,14.58,14.99,1,2024-03-20,2024-03-20,creator_analytics/manual_backfills/curvage_title_counts_all_time_2013-01-01_to_2026-07-04.csv,2026-07-04T19:25:00,Curvage title-count allocation,sale date,allocated daily title count,Daily title counts allocated to canonical Curvage daily gross/net by price-weighted unit share.
Curvage,Horny SSBBW Succubus Grows for Your Cum POV,Horny SSBBW Succubus Grows for Your Cum POV,44086,1,33.25,24.66,33.25,24.66,14.99,1,2024-04-01,2024-04-01,creator_analytics/manual_backfills/curvage_title_counts_all_time_2013-01-01_to_2026-07-04.csv,2026-07-04T19:25:00,Curvage title-count allocation,sale date,allocated daily title count,Daily title counts allocated to canonical Curvage daily gross/net by price-weighted unit share.
Curvage,Horny SSBBW Succubus Grows for Your Cum POV,Horny SSBBW Succubus Grows for Your Cum POV,44086,1,66.05,48.99,66.05,48.99,14.99,1,2024-04-02,2024-04-02,creator_analytics/manual_backfills/curvage_title_counts_all_time_2013-01-01_to_2026-07-04.csv,2026-07-04T19:25:00,Curvage title-count allocation,sale date,allocated daily title count,Daily title counts allocated to canonical Curvage daily gross/net by price-weighted unit share.
Curvage,Horny SSBBW Succubus Grows for Your Cum POV,Horny SSBBW Succubus Grows for Your Cum POV,44086,1,22.69,16.83,22.69,16.83,14.99,1,2024-04-05,2024-04-05,creator_analytics/manual_backfills/curvage_title_counts_all_time_2013-01-01_to_2026-07-04.csv,2026-07-04T19:25:00,Curvage title-count allocation,sale date,allocated daily title count,Daily title counts allocated to canonical Curvage daily gross/net by price-weighted unit share.
Curvage,Horny SSBBW Succubus Grows for Your Cum POV,Horny SSBBW Succubus Grows for Your Cum POV,44086,1,261.12,193.68,261.12,193.68,14.99,1,2024-04-07,2024-04-07,creator_analytics/manual_backfills/curvage_title_counts_all_time_2013-01-01_to_2026-07-04.csv,2026-07-04T19:25:00,Curvage title-count allocation,sale date,allocated daily title count,Daily title counts allocated to canonical Curvage daily gross/net by price-weighted unit share.
Curvage,Horny SSBBW Succubus Grows for Your Cum POV,Horny SSBBW Succubus Grows for Your Cum POV,44086,1,152.89,113.4,152.89,113.4,14.99,1,2024-04-08,2024-04-08,creator_analytics/manual_backfills/curvage_title_counts_all_time_2013-01-01_to_2026-07-04.csv,2026-07-04T19:25:00,Curvage title-count allocation,sale date,allocated daily title count,Daily title counts allocated to canonical Curvage daily gross/net by price-weighted unit share.
Curvage,Watch my fat jiggle while I struggle to work out! 😅💪,Watch my fat jiggle while I struggle to work out! 😅💪,45396,2,115.31,85.53,57.66,42.76,12.99,1,2024-04-10,2024-04-10,creator_analytics/manual_backfills/curvage_title_counts_all_time_2013-01-01_to_2026-07-04.csv,2026-07-04T19:25:00,Curvage title-count allocation,sale date,allocated daily title count,Daily title counts allocated to canonical Curvage daily gross/net by price-weighted unit share.
Curvage,Horny SSBBW Succubus Grows for Your Cum POV,Horny SSBBW Succubus Grows for Your Cum POV,44086,1,30.06,22.29,30.06,22.29,14.99,1,2024-04-11,2024-04-11,creator_analytics/manual_backfills/curvage_title_counts_all_time_2013-01-01_to_2026-07-04.csv,2026-07-04T19:25:00,Curvage title-count allocation,sale date,allocated daily title count,Daily title counts allocated to canonical Curvage daily gross/net by price-weighted unit share.
Curvage,Watch my fat jiggle while I struggle to work out! 😅💪,Watch my fat jiggle while I struggle to work out! 😅💪,45396,9,234.42,173.88,26.05,19.32,12.99,1,2024-04-11,2024-04-11,creator_analytics/manual_backfills/curvage_title_counts_all_time_2013-01-01_to_2026-07-04.csv,2026-07-04T19:25:00,Curvage title-count allocation,sale date,allocated daily title count,Daily title counts allocated to canonical Curvage daily gross/net by price-weighted unit share.
Curvage,Watch my fat jiggle while I struggle to work out! 😅💪,Watch my fat jiggle while I struggle to work out! 😅💪,45396,1,73.13,54.24,73.13,54.24,12.99,1,2024-04-12,2024-04-12,creator_analytics/manual_backfills/curvage_title_counts_all_time_2013-01-01_to_2026-07-04.csv,2026-07-04T19:25:00,Curvage title-count allocation,sale date,allocated daily title count,Daily title counts allocated to canonical Curvage daily gross/net by price-weighted unit share.
Curvage,Watch my fat jiggle while I struggle to work out! 😅💪,Watch my fat jiggle while I struggle to work out! 😅💪,45396,4,108.24,80.28,27.06,20.07,12.99,1,2024-04-13,2024-04-13,creator_analytics/manual_backfills/curvage_title_counts_all_time_2013-01-01_to_2026-07-04.csv,2026-07-04T19:25:00,Curvage title-count allocation,sale date,allocated daily title count,Daily title counts allocated to canonical Curvage daily gross/net by price-weighted unit share.
Curvage,Horny SSBBW Succubus Grows for Your Cum POV,Horny SSBBW Succubus Grows for Your Cum POV,44086,1,32.57,24.16,32.57,24.16,14.99,1,2024-04-14,2024-04-14,creator_analytics/manual_backfills/curvage_title_counts_all_time_2013-01-01_to_2026-07-04.csv,2026-07-04T19:25:00,Curvage title-count allocation,sale date,allocated daily title count,Daily title counts allocated to canonical Curvage daily gross/net by price-weighted unit share.
Curvage,Watch my fat jiggle while I struggle to work out! 😅💪,Watch my fat jiggle while I struggle to work out! 😅💪,45396,2,56.45,41.87,28.23,20.94,12.99,1,2024-04-14,2024-04-14,creator_analytics/manual_backfills/curvage_title_counts_all_time_2013-01-01_to_2026-07-04.csv,2026-07-04T19:25:00,Curvage title-count allocation,sale date,allocated daily title count,Daily title counts allocated to canonical Curvage daily gross/net by price-weighted unit share.
Curvage,Watch my fat jiggle while I struggle to work out! 😅💪,Watch my fat jiggle while I struggle to work out! 😅💪,45396,1,34.82,25.83,34.82,25.83,12.99,1,2024-04-17,2024-04-17,creator_analytics/manual_backfills/curvage_title_counts_all_time_2013-01-01_to_2026-07-04.csv,2026-07-04T19:25:00,Curvage title-count allocation,sale date,allocated daily title count,Daily title counts allocated to canonical Curvage daily gross/net by price-weighted unit share.
Curvage,Horny SSBBW Succubus Grows for Your Cum POV,Horny SSBBW Succubus Grows for Your Cum POV,44086,1,14.88,11.04,14.88,11.04,14.99,1,2024-04-19,2024-04-19,creator_analytics/manual_backfills/curvage_title_counts_all_time_2013-01-01_to_2026-07-04.csv,2026-07-04T19:25:00,Curvage title-count allocation,sale date,allocated daily title count,Daily title counts allocated to canonical Curvage daily gross/net by price-weighted unit share.
Curvage,Watch my fat jiggle while I struggle to work out! 😅💪,Watch my fat jiggle while I struggle to work out! 😅💪,45396,2,60.55,44.91,30.27,22.45,12.99,1,2024-04-20,2024-04-20,creator_analytics/manual_backfills/curvage_title_counts_all_time_2013-01-01_to_2026-07-04.csv,2026-07-04T19:25:00,Curvage title-count allocation,sale date,allocated daily title count,Daily title counts allocated to canonical Curvage daily gross/net by price-weighted unit share.
Curvage,Watch my fat jiggle while I struggle to work out! 😅💪,Watch my fat jiggle while I struggle to work out! 😅💪,45396,4,148.56,110.19,37.14,27.55,12.99,1,2024-04-21,2024-04-21,creator_analytics/manual_backfills/curvage_title_counts_all_time_2013-01-01_to_2026-07-04.csv,2026-07-04T19:25:00,Curvage title-count allocation,sale date,allocated daily title count,Daily title counts allocated to canonical Curvage daily gross/net by price-weighted unit share.
Curvage,Watch my fat jiggle while I struggle to work out! 😅💪,Watch my fat jiggle while I struggle to work out! 😅💪,45396,1,98.12,72.78,98.12,72.78,12.99,1,2024-04-22,2024-04-22,creator_analytics/manual_backfills/curvage_title_counts_all_time_2013-01-01_to_2026-07-04.csv,2026-07-04T19:25:00,Curvage title-count allocation,sale date,allocated daily title count,Daily title counts allocated to canonical Curvage daily gross/net by price-weighted unit share.
Curvage,Watch my fat jiggle while I struggle to work out! 😅💪,Watch my fat jiggle while I struggle to work out! 😅💪,45396,1,12.86,9.54,12.86,9.54,12.99,1,2024-04-23,2024-04-23,creator_analytics/manual_backfills/curvage_title_counts_all_time_2013-01-01_to_2026-07-04.csv,2026-07-04T19:25:00,Curvage title-count allocation,sale date,allocated daily title count,Daily title counts allocated to canonical Curvage daily gross/net by price-weighted unit share.
Curvage,Horny SSBBW Succubus Grows for Your Cum POV,Horny SSBBW Succubus Grows for Your Cum POV,44086,1,14.82,10.99,14.82,10.99,14.99,1,2024-04-30,2024-04-30,creator_analytics/manual_backfills/curvage_title_counts_all_time_2013-01-01_to_2026-07-04.csv,2026-07-04T19:25:00,Curvage title-count allocation,sale date,allocated daily title count,Daily title counts allocated to canonical Curvage daily gross/net by price-weighted unit share.
Curvage,Sexy fatty gobbles a dozen ice cream sandwiches!,Sexy fatty gobbles a dozen ice cream sandwiches!,33057,1,8.89,6.59,8.89,6.59,8.99,1,2024-04-30,2024-04-30,creator_analytics/manual_backfills/curvage_title_counts_all_time_2013-01-01_to_2026-07-04.csv,2026-07-04T19:25:00,Curvage title-count allocation,sale date,allocated daily title count,Daily title counts allocated to canonical Curvage daily gross/net by price-weighted unit share.
Curvage,Sexy fatty gobbles a dozen ice cream sandwiches!,Sexy fatty gobbles a dozen ice cream sandwiches!,33057,1,31.99,23.73,31.99,23.73,8.99,1,2024-05-01,2024-05-01,creator_analytics/manual_backfills/curvage_title_counts_all_time_2013-01-01_to_2026-07-04.csv,2026-07-04T19:25:00,Curvage title-count allocation,sale date,allocated daily title count,Daily title counts allocated to canonical Curvage daily gross/net by price-weighted unit share.
Curvage,Soda-chugging cutie gets bloated and belches!,Soda-chugging cutie gets bloated and belches!,28679,1,39.11,29.01,39.11,29.01,10.99,1,2024-05-01,2024-05-01,creator_analytics/manual_backfills/curvage_title_counts_all_time_2013-01-01_to_2026-07-04.csv,2026-07-04T19:25:00,Curvage title-count allocation,sale date,allocated daily title count,Daily title counts allocated to canonical Curvage daily gross/net by price-weighted unit share.
Curvage,Watch my fat jiggle while I struggle to work out! 😅💪,Watch my fat jiggle while I struggle to work out! 😅💪,45396,2,225.73,167.43,112.87,83.72,12.99,1,2024-05-02,2024-05-02,creator_analytics/manual_backfills/curvage_title_counts_all_time_2013-01-01_to_2026-07-04.csv,2026-07-04T19:25:00,Curvage title-count allocation,sale date,allocated daily title count,Daily title counts allocated to canonical Curvage daily gross/net by price-weighted unit share.
Curvage,Horny SSBBW Succubus Grows for Your Cum POV,Horny SSBBW Succubus Grows for Your Cum POV,44086,1,97.01,71.96,97.01,71.96,14.99,1,2024-05-03,2024-05-03,creator_analytics/manual_backfills/curvage_title_counts_all_time_2013-01-01_to_2026-07-04.csv,2026-07-04T19:25:00,Curvage title-count allocation,sale date,allocated daily title count,Daily title counts allocated to canonical Curvage daily gross/net by price-weighted unit share.
Curvage,Sexy fatty gobbles a dozen ice cream sandwiches!,Sexy fatty gobbles a dozen ice cream sandwiches!,33057,1,58.18,43.15,58.18,43.15,8.99,1,2024-05-03,2024-05-03,creator_analytics/manual_backfills/curvage_title_counts_all_time_2013-01-01_to_2026-07-04.csv,2026-07-04T19:25:00,Curvage title-count allocation,sale date,allocated daily title count,Daily title counts allocated to canonical Curvage daily gross/net by price-weighted unit share.
Curvage,Watch my fat jiggle while I struggle to work out! 😅💪,Watch my fat jiggle while I struggle to work out! 😅💪,45396,1,55.49,41.16,55.49,41.16,12.99,1,2024-05-05,2024-05-05,creator_analytics/manual_backfills/curvage_title_counts_all_time_2013-01-01_to_2026-07-04.csv,2026-07-04T19:25:00,Curvage title-count allocation,sale date,allocated daily title count,Daily title counts allocated to canonical Curvage daily gross/net by price-weighted unit share.
Curvage,Horny SSBBW Succubus Grows for Your Cum POV,Horny SSBBW Succubus Grows for Your Cum POV,44086,1,51.49,38.19,51.49,38.19,14.99,1,2024-05-07,2024-05-07,creator_analytics/manual_backfills/curvage_title_counts_all_time_2013-01-01_to_2026-07-04.csv,2026-07-04T19:25:00,Curvage title-count allocation,sale date,allocated daily title count,Daily title counts allocated to canonical Curvage daily gross/net by price-weighted unit share.
Curvage,Watch my fat jiggle while I struggle to work out! 😅💪,Watch my fat jiggle while I struggle to work out! 😅💪,45396,1,44.62,33.09,44.62,33.09,12.99,1,2024-05-07,2024-05-07,creator_analytics/manual_backfills/curvage_title_counts_all_time_2013-01-01_to_2026-07-04.csv,2026-07-04T19:25:00,Curvage title-count allocation,sale date,allocated daily title count,Daily title counts allocated to canonical Curvage daily gross/net by price-weighted unit share.
Curvage,Horny SSBBW Succubus Grows for Your Cum POV,Horny SSBBW Succubus Grows for Your Cum POV,44086,1,70.33,52.16,70.33,52.16,14.99,1,2024-05-27,2024-05-27,creator_analytics/manual_backfills/curvage_title_counts_all_time_2013-01-01_to_2026-07-04.csv,2026-07-04T19:25:00,Curvage title-count allocation,sale date,allocated daily title count,Daily title counts allocated to canonical Curvage daily gross/net by price-weighted unit share.
Curvage,Sexy fatty gobbles a dozen ice cream sandwiches!,Sexy fatty gobbles a dozen ice cream sandwiches!,33057,1,42.18,31.28,42.18,31.28,8.99,1,2024-05-27,2024-05-27,creator_analytics/manual_backfills/curvage_title_counts_all_time_2013-01-01_to_2026-07-04.csv,2026-07-04T19:25:00,Curvage title-count allocation,sale date,allocated daily title count,Daily title counts allocated to canonical Curvage daily gross/net by price-weighted unit share.
Curvage,Soda-chugging cutie gets bloated and belches!,Soda-chugging cutie gets bloated and belches!,28679,1,51.56,38.24,51.56,38.24,10.99,1,2024-05-27,2024-05-27,creator_analytics/manual_backfills/curvage_title_counts_all_time_2013-01-01_to_2026-07-04.csv,2026-07-04T19:25:00,Curvage title-count allocation,sale date,allocated daily title count,Daily title counts allocated to canonical Curvage daily gross/net by price-weighted unit share.
Curvage,Watch my fat jiggle while I struggle to work out! 😅💪,Watch my fat jiggle while I struggle to work out! 😅💪,45396,1,60.94,45.2,60.94,45.2,12.99,1,2024-05-27,2024-05-27,creator_analytics/manual_backfills/curvage_title_counts_all_time_2013-01-01_to_2026-07-04.csv,2026-07-04T19:25:00,Curvage title-count allocation,sale date,allocated daily title count,Daily title counts allocated to canonical Curvage daily gross/net by price-weighted unit share.
Curvage,Watch my fat jiggle while I struggle to work out! 😅💪,Watch my fat jiggle while I struggle to work out! 😅💪,45396,1,53.47,39.66,53.47,39.66,12.99,1,2024-05-29,2024-05-29,creator_analytics/manual_backfills/curvage_title_counts_all_time_2013-01-01_to_2026-07-04.csv,2026-07-04T19:25:00,Curvage title-count allocation,sale date,allocated daily title count,Daily title counts allocated to canonical Curvage daily gross/net by price-weighted unit share.
Curvage,Watch my fat jiggle while I struggle to work out! 😅💪,Watch my fat jiggle while I struggle to work out! 😅💪,45396,1,52.46,38.91,52.46,38.91,12.99,1,2024-06-01,2024-06-01,creator_analytics/manual_backfills/curvage_title_counts_all_time_2013-01-01_to_2026-07-04.csv,2026-07-04T19:25:00,Curvage title-count allocation,sale date,allocated daily title count,Daily title counts allocated to canonical Curvage daily gross/net by price-weighted unit share.
Curvage,Stuffing and making out with your feedee 🤤🍗,Stuffing and making out with your feedee 🤤🍗,48622,6,298.09,221.1,49.68,36.85,24.99,1,2024-07-03,2024-07-03,creator_analytics/manual_backfills/curvage_title_counts_all_time_2013-01-01_to_2026-07-04.csv,2026-07-04T19:25:00,Curvage title-count allocation,sale date,allocated daily title count,Daily title counts allocated to canonical Curvage daily gross/net by price-weighted unit share.
Curvage,Horny SSBBW Succubus Grows for Your Cum POV,Horny SSBBW Succubus Grows for Your Cum POV,44086,1,36.86,27.34,36.86,27.34,14.99,1,2024-07-04,2024-07-04,creator_analytics/manual_backfills/curvage_title_counts_all_time_2013-01-01_to_2026-07-04.csv,2026-07-04T19:25:00,Curvage title-count allocation,sale date,allocated daily title count,Daily title counts allocated to canonical Curvage daily gross/net by price-weighted unit share.
Curvage,Stuffing and making out with your feedee 🤤🍗,Stuffing and making out with your feedee 🤤🍗,48622,6,368.74,273.5,61.46,45.58,24.99,1,2024-07-04,2024-07-04,creator_analytics/manual_backfills/curvage_title_counts_all_time_2013-01-01_to_2026-07-04.csv,2026-07-04T19:25:00,Curvage title-count allocation,sale date,allocated daily title count,Daily title counts allocated to canonical Curvage daily gross/net by price-weighted unit share.
Curvage,Stuffing and making out with your feedee 🤤🍗,Stuffing and making out with your feedee 🤤🍗,48622,1,65.6,48.66,65.6,48.66,24.99,1,2024-07-05,2024-07-05,creator_analytics/manual_backfills/curvage_title_counts_all_time_2013-01-01_to_2026-07-04.csv,2026-07-04T19:25:00,Curvage title-count allocation,sale date,allocated daily title count,Daily title counts allocated to canonical Curvage daily gross/net by price-weighted unit share.
Curvage,Stuffing and making out with your feedee 🤤🍗,Stuffing and making out with your feedee 🤤🍗,48622,2,101.72,75.45,50.86,37.73,24.99,1,2024-07-06,2024-07-06,creator_analytics/manual_backfills/curvage_title_counts_all_time_2013-01-01_to_2026-07-04.csv,2026-07-04T19:25:00,Curvage title-count allocation,sale date,allocated daily title count,Daily title counts allocated to canonical Curvage daily gross/net by price-weighted unit share.
Curvage,Horny SSBBW Succubus Grows for Your Cum POV,Horny SSBBW Succubus Grows for Your Cum POV,44086,1,19.78,14.67,19.78,14.67,14.99,1,2024-07-07,2024-07-07,creator_analytics/manual_backfills/curvage_title_counts_all_time_2013-01-01_to_2026-07-04.csv,2026-07-04T19:25:00,Curvage title-count allocation,sale date,allocated daily title count,Daily title counts allocated to canonical Curvage daily gross/net by price-weighted unit share.
Curvage,Soda-chugging cutie gets bloated and belches!,Soda-chugging cutie gets bloated and belches!,28679,1,14.5,10.76,14.5,10.76,10.99,1,2024-07-07,2024-07-07,creator_analytics/manual_backfills/curvage_title_counts_all_time_2013-01-01_to_2026-07-04.csv,2026-07-04T19:25:00,Curvage title-count allocation,sale date,allocated daily title count,Daily title counts allocated to canonical Curvage daily gross/net by price-weighted unit share.
Curvage,Stuffing and making out with your feedee 🤤🍗,Stuffing and making out with your feedee 🤤🍗,48622,3,98.94,73.39,32.98,24.46,24.99,1,2024-07-07,2024-07-07,creator_analytics/manual_backfills/curvage_title_counts_all_time_2013-01-01_to_2026-07-04.csv,2026-07-04T19:25:00,Curvage title-count allocation,sale date,allocated daily title count,Daily title counts allocated to canonical Curvage daily gross/net by price-weighted unit share.
Curvage,Horny SSBBW Succubus Grows for Your Cum POV,Horny SSBBW Succubus Grows for Your Cum POV,44086,1,134.97,100.11,134.97,100.11,14.99,1,2024-07-08,2024-07-08,creator_analytics/manual_backfills/curvage_title_counts_all_time_2013-01-01_to_2026-07-04.csv,2026-07-04T19:25:00,Curvage title-count allocation,sale date,allocated daily title count,Daily title counts allocated to canonical Curvage daily gross/net by price-weighted unit share.
Curvage,Stuffing and making out with your feedee 🤤🍗,Stuffing and making out with your feedee 🤤🍗,48622,1,75.72,56.16,75.72,56.16,24.99,1,2024-07-09,2024-07-09,creator_analytics/manual_backfills/curvage_title_counts_all_time_2013-01-01_to_2026-07-04.csv,2026-07-04T19:25:00,Curvage title-count allocation,sale date,allocated daily title count,Daily title counts allocated to canonical Curvage daily gross/net by price-weighted unit share.
Curvage,Sexy fatty gobbles a dozen ice cream sandwiches!,Sexy fatty gobbles a dozen ice cream sandwiches!,33057,1,19.15,14.21,19.15,14.21,8.99,1,2024-07-10,2024-07-10,creator_analytics/manual_backfills/curvage_title_counts_all_time_2013-01-01_to_2026-07-04.csv,2026-07-04T19:25:00,Curvage title-count allocation,sale date,allocated daily title count,Daily title counts allocated to canonical Curvage daily gross/net by price-weighted unit share.
Curvage,Stuffing and making out with your feedee 🤤🍗,Stuffing and making out with your feedee 🤤🍗,48622,1,53.25,39.49,53.25,39.49,24.99,1,2024-07-10,2024-07-10,creator_analytics/manual_backfills/curvage_title_counts_all_time_2013-01-01_to_2026-07-04.csv,2026-07-04T19:25:00,Curvage title-count allocation,sale date,allocated daily title count,Daily title counts allocated to canonical Curvage daily gross/net by price-weighted unit share.
Curvage,Stuffing and making out with your feedee 🤤🍗,Stuffing and making out with your feedee 🤤🍗,48622,2,127.73,94.74,63.87,47.37,24.99,1,2024-07-11,2024-07-11,creator_analytics/manual_backfills/curvage_title_counts_all_time_2013-01-01_to_2026-07-04.csv,2026-07-04T19:25:00,Curvage title-count allocation,sale date,allocated daily title count,Daily title counts allocated to canonical Curvage daily gross/net by price-weighted unit share.
Curvage,Stuffing and making out with your feedee 🤤🍗,Stuffing and making out with your feedee 🤤🍗,48622,1,69.37,51.45,69.37,51.45,24.99,1,2024-07-12,2024-07-12,creator_analytics/manual_backfills/curvage_title_counts_all_time_2013-01-01_to_2026-07-04.csv,2026-07-04T19:25:00,Curvage title-count allocation,sale date,allocated daily title count,Daily title counts allocated to canonical Curvage daily gross/net by price-weighted unit share.
Curvage,Watch my fat jiggle while I struggle to work out! 😅💪,Watch my fat jiggle while I struggle to work out! 😅💪,45396,1,45.38,33.66,45.38,33.66,12.99,1,2024-07-13,2024-07-13,creator_analytics/manual_backfills/curvage_title_counts_all_time_2013-01-01_to_2026-07-04.csv,2026-07-04T19:25:00,Curvage title-count allocation,sale date,allocated daily title count,Daily title counts allocated to canonical Curvage daily gross/net by price-weighted unit share.
Curvage,Get me pregnant and make me grow! 🤰😍,Get me pregnant and make me grow! 🤰😍,49011,2,53.47,39.66,26.74,19.83,12.99,1,2024-07-14,2024-07-14,creator_analytics/manual_backfills/curvage_title_counts_all_time_2013-01-01_to_2026-07-04.csv,2026-07-04T19:25:00,Curvage title-count allocation,sale date,allocated daily title count,Daily title counts allocated to canonical Curvage daily gross/net by price-weighted unit share.
Curvage,Watch my fat jiggle while I struggle to work out! 😅💪,Watch my fat jiggle while I struggle to work out! 😅💪,45396,1,26.74,19.83,26.74,19.83,12.99,1,2024-07-14,2024-07-14,creator_analytics/manual_backfills/curvage_title_counts_all_time_2013-01-01_to_2026-07-04.csv,2026-07-04T19:25:00,Curvage title-count allocation,sale date,allocated daily title count,Daily title counts allocated to canonical Curvage daily gross/net by price-weighted unit share.
Curvage,Get me pregnant and make me grow! 🤰😍,Get me pregnant and make me grow! 🤰😍,49011,5,95.28,70.67,19.06,14.13,12.99,1,2024-07-15,2024-07-15,creator_analytics/manual_backfills/curvage_title_counts_all_time_2013-01-01_to_2026-07-04.csv,2026-07-04T19:25:00,Curvage title-count allocation,sale date,allocated daily title count,Daily title counts allocated to canonical Curvage daily gross/net by price-weighted unit share.
Curvage,Stuffing and making out with your feedee 🤤🍗,Stuffing and making out with your feedee 🤤🍗,48622,1,36.66,27.19,36.66,27.19,24.99,1,2024-07-15,2024-07-15,creator_analytics/manual_backfills/curvage_title_counts_all_time_2013-01-01_to_2026-07-04.csv,2026-07-04T19:25:00,Curvage title-count allocation,sale date,allocated daily title count,Daily title counts allocated to canonical Curvage daily gross/net by price-weighted unit share.
Curvage,Get me pregnant and make me grow! 🤰😍,Get me pregnant and make me grow! 🤰😍,49011,2,102.17,75.78,51.08,37.89,12.99,1,2024-07-16,2024-07-16,creator_analytics/manual_backfills/curvage_title_counts_all_time_2013-01-01_to_2026-07-04.csv,2026-07-04T19:25:00,Curvage title-count allocation,sale date,allocated daily title count,Daily title counts allocated to canonical Curvage daily gross/net by price-weighted unit share.
Curvage,Get me pregnant and make me grow! 🤰😍,Get me pregnant and make me grow! 🤰😍,49011,2,25.9,19.21,12.95,9.6,12.99,1,2024-07-17,2024-07-17,creator_analytics/manual_backfills/curvage_title_counts_all_time_2013-01-01_to_2026-07-04.csv,2026-07-04T19:25:00,Curvage title-count allocation,sale date,allocated daily title count,Daily title counts allocated to canonical Curvage daily gross/net by price-weighted unit share.
Curvage,Stuffing and making out with your feedee 🤤🍗,Stuffing and making out with your feedee 🤤🍗,48622,2,49.82,36.95,24.91,18.48,24.99,1,2024-07-17,2024-07-17,creator_analytics/manual_backfills/curvage_title_counts_all_time_2013-01-01_to_2026-07-04.csv,2026-07-04T19:25:00,Curvage title-count allocation,sale date,allocated daily title count,Daily title counts allocated to canonical Curvage daily gross/net by price-weighted unit share.
Curvage,Get me pregnant and make me grow! 🤰😍,Get me pregnant and make me grow! 🤰😍,49011,1,61.56,45.66,61.56,45.66,12.99,1,2024-07-18,2024-07-18,creator_analytics/manual_backfills/curvage_title_counts_all_time_2013-01-01_to_2026-07-04.csv,2026-07-04T19:25:00,Curvage title-count allocation,sale date,allocated daily title count,Daily title counts allocated to canonical Curvage daily gross/net by price-weighted unit share.
Curvage,Get me pregnant and make me grow! 🤰😍,Get me pregnant and make me grow! 🤰😍,49011,1,25.72,19.08,25.72,19.08,12.99,1,2024-07-20,2024-07-20,creator_analytics/manual_backfills/curvage_title_counts_all_time_2013-01-01_to_2026-07-04.csv,2026-07-04T19:25:00,Curvage title-count allocation,sale date,allocated daily title count,Daily title counts allocated to canonical Curvage daily gross/net by price-weighted unit share.
Curvage,Get me pregnant and make me grow! 🤰😍,Get me pregnant and make me grow! 🤰😍,49011,2,227.31,168.6,113.66,84.3,12.99,1,2024-07-21,2024-07-21,creator_analytics/manual_backfills/curvage_title_counts_all_time_2013-01-01_to_2026-07-04.csv,2026-07-04T19:25:00,Curvage title-count allocation,sale date,allocated daily title count,Daily title counts allocated to canonical Curvage daily gross/net by price-weighted unit share.
Curvage,Stuffing and making out with your feedee 🤤🍗,Stuffing and making out with your feedee 🤤🍗,48622,1,219.06,162.48,219.06,162.48,24.99,1,2024-07-22,2024-07-22,creator_analytics/manual_backfills/curvage_title_counts_all_time_2013-01-01_to_2026-07-04.csv,2026-07-04T19:25:00,Curvage title-count allocation,sale date,allocated daily title count,Daily title counts allocated to canonical Curvage daily gross/net by price-weighted unit share.
Curvage,Get me pregnant and make me grow! 🤰😍,Get me pregnant and make me grow! 🤰😍,49011,1,123.12,91.32,123.12,91.32,12.99,1,2024-07-23,2024-07-23,creator_analytics/manual_backfills/curvage_title_counts_all_time_2013-01-01_to_2026-07-04.csv,2026-07-04T19:25:00,Curvage title-count allocation,sale date,allocated daily title count,Daily title counts allocated to canonical Curvage daily gross/net by price-weighted unit share.
Curvage,Get me pregnant and make me grow! 🤰😍,Get me pregnant and make me grow! 🤰😍,49011,2,68.36,50.7,34.18,25.35,12.99,1,2024-07-27,2024-07-27,creator_analytics/manual_backfills/curvage_title_counts_all_time_2013-01-01_to_2026-07-04.csv,2026-07-04T19:25:00,Curvage title-count allocation,sale date,allocated daily title count,Daily title counts allocated to canonical Curvage daily gross/net by price-weighted unit share.
Curvage,Stuffing and making out with your feedee 🤤🍗,Stuffing and making out with your feedee 🤤🍗,48622,1,25.0,18.54,25.0,18.54,24.99,1,2024-07-28,2024-07-28,creator_analytics/manual_backfills/curvage_title_counts_all_time_2013-01-01_to_2026-07-04.csv,2026-07-04T19:25:00,Curvage title-count allocation,sale date,allocated daily title count,Daily title counts allocated to canonical Curvage daily gross/net by price-weighted unit share.
Curvage,Get me pregnant and make me grow! 🤰😍,Get me pregnant and make me grow! 🤰😍,49011,1,29.95,22.21,29.95,22.21,12.99,1,2024-07-31,2024-07-31,creator_analytics/manual_backfills/curvage_title_counts_all_time_2013-01-01_to_2026-07-04.csv,2026-07-04T19:25:00,Curvage title-count allocation,sale date,allocated daily title count,Daily title counts allocated to canonical Curvage daily gross/net by price-weighted unit share.
Curvage,Stuffing and making out with your feedee 🤤🍗,Stuffing and making out with your feedee 🤤🍗,48622,1,57.62,42.74,57.62,42.74,24.99,1,2024-07-31,2024-07-31,creator_analytics/manual_backfills/curvage_title_counts_all_time_2013-01-01_to_2026-07-04.csv,2026-07-04T19:25:00,Curvage title-count allocation,sale date,allocated daily title count,Daily title counts allocated to canonical Curvage daily gross/net by price-weighted unit share.
Curvage,Stuffing and making out with your feedee 🤤🍗,Stuffing and making out with your feedee 🤤🍗,48622,1,38.87,28.83,38.87,28.83,24.99,1,2024-08-03,2024-08-03,creator_analytics/manual_backfills/curvage_title_counts_all_time_2013-01-01_to_2026-07-04.csv,2026-07-04T19:25:00,Curvage title-count allocation,sale date,allocated daily title count,Daily title counts allocated to canonical Curvage daily gross/net by price-weighted unit share.
Curvage,Get me pregnant and make me grow! 🤰😍,Get me pregnant and make me grow! 🤰😍,49011,1,23.7,17.58,23.7,17.58,12.99,1,2024-08-08,2024-08-08,creator_analytics/manual_backfills/curvage_title_counts_all_time_2013-01-01_to_2026-07-04.csv,2026-07-04T19:25:00,Curvage title-count allocation,sale date,allocated daily title count,Daily title counts allocated to canonical Curvage daily gross/net by price-weighted unit share.
Curvage,Get me pregnant and make me grow! 🤰😍,Get me pregnant and make me grow! 🤰😍,49011,1,12.86,9.54,12.86,9.54,12.99,1,2024-08-12,2024-08-12,creator_analytics/manual_backfills/curvage_title_counts_all_time_2013-01-01_to_2026-07-04.csv,2026-07-04T19:25:00,Curvage title-count allocation,sale date,allocated daily title count,Daily title counts allocated to canonical Curvage daily gross/net by price-weighted unit share.
Curvage,Get me pregnant and make me grow! 🤰😍,Get me pregnant and make me grow! 🤰😍,49011,1,78.47,58.2,78.47,58.2,12.99,1,2024-08-16,2024-08-16,creator_analytics/manual_backfills/curvage_title_counts_all_time_2013-01-01_to_2026-07-04.csv,2026-07-04T19:25:00,Curvage title-count allocation,sale date,allocated daily title count,Daily title counts allocated to canonical Curvage daily gross/net by price-weighted unit share.
Curvage,Get me pregnant and make me grow! 🤰😍,Get me pregnant and make me grow! 🤰😍,49011,1,23.7,17.58,23.7,17.58,12.99,1,2024-08-17,2024-08-17,creator_analytics/manual_backfills/curvage_title_counts_all_time_2013-01-01_to_2026-07-04.csv,2026-07-04T19:25:00,Curvage title-count allocation,sale date,allocated daily title count,Daily title counts allocated to canonical Curvage daily gross/net by price-weighted unit share.
Curvage,Get me pregnant and make me grow! 🤰😍,Get me pregnant and make me grow! 🤰😍,49011,1,32.8,24.33,32.8,24.33,12.99,1,2024-08-18,2024-08-18,creator_analytics/manual_backfills/curvage_title_counts_all_time_2013-01-01_to_2026-07-04.csv,2026-07-04T19:25:00,Curvage title-count allocation,sale date,allocated daily title count,Daily title counts allocated to canonical Curvage daily gross/net by price-weighted unit share.
Curvage,Get me pregnant and make me grow! 🤰😍,Get me pregnant and make me grow! 🤰😍,49011,1,28.76,21.33,28.76,21.33,12.99,1,2024-08-19,2024-08-19,creator_analytics/manual_backfills/curvage_title_counts_all_time_2013-01-01_to_2026-07-04.csv,2026-07-04T19:25:00,Curvage title-count allocation,sale date,allocated daily title count,Daily title counts allocated to canonical Curvage daily gross/net by price-weighted unit share.
Curvage,Sexy fatty gobbles a dozen ice cream sandwiches!,Sexy fatty gobbles a dozen ice cream sandwiches!,33057,1,34.54,25.62,34.54,25.62,8.99,1,2024-08-29,2024-08-29,creator_analytics/manual_backfills/curvage_title_counts_all_time_2013-01-01_to_2026-07-04.csv,2026-07-04T19:25:00,Curvage title-count allocation,sale date,allocated daily title count,Daily title counts allocated to canonical Curvage daily gross/net by price-weighted unit share.
Curvage,Horny SSBBW Succubus Grows for Your Cum POV,Horny SSBBW Succubus Grows for Your Cum POV,44086,1,29.77,22.08,29.77,22.08,14.99,1,2024-08-30,2024-08-30,creator_analytics/manual_backfills/curvage_title_counts_all_time_2013-01-01_to_2026-07-04.csv,2026-07-04T19:25:00,Curvage title-count allocation,sale date,allocated daily title count,Daily title counts allocated to canonical Curvage daily gross/net by price-weighted unit share.
Curvage,Stuffing and making out with your feedee 🤤🍗,Stuffing and making out with your feedee 🤤🍗,48622,1,38.87,28.83,38.87,28.83,24.99,1,2024-09-01,2024-09-01,creator_analytics/manual_backfills/curvage_title_counts_all_time_2013-01-01_to_2026-07-04.csv,2026-07-04T19:25:00,Curvage title-count allocation,sale date,allocated daily title count,Daily title counts allocated to canonical Curvage daily gross/net by price-weighted unit share.
Curvage,Stuffing and making out with your feedee 🤤🍗,Stuffing and making out with your feedee 🤤🍗,48622,1,71.67,53.16,71.67,53.16,24.99,1,2024-09-06,2024-09-06,creator_analytics/manual_backfills/curvage_title_counts_all_time_2013-01-01_to_2026-07-04.csv,2026-07-04T19:25:00,Curvage title-count allocation,sale date,allocated daily title count,Daily title counts allocated to canonical Curvage daily gross/net by price-weighted unit share.
Curvage,Get me pregnant and make me grow! 🤰😍,Get me pregnant and make me grow! 🤰😍,49011,1,12.86,9.54,12.86,9.54,12.99,1,2024-09-08,2024-09-08,creator_analytics/manual_backfills/curvage_title_counts_all_time_2013-01-01_to_2026-07-04.csv,2026-07-04T19:25:00,Curvage title-count allocation,sale date,allocated daily title count,Daily title counts allocated to canonical Curvage daily gross/net by price-weighted unit share.
Curvage,Horny SSBBW Succubus Grows for Your Cum POV,Horny SSBBW Succubus Grows for Your Cum POV,44086,1,44.65,33.12,44.65,33.12,14.99,1,2024-09-09,2024-09-09,creator_analytics/manual_backfills/curvage_title_counts_all_time_2013-01-01_to_2026-07-04.csv,2026-07-04T19:25:00,Curvage title-count allocation,sale date,allocated daily title count,Daily title counts allocated to canonical Curvage daily gross/net by price-weighted unit share.
Curvage,Get me pregnant and make me grow! 🤰😍,Get me pregnant and make me grow! 🤰😍,49011,1,19.24,14.27,19.24,14.27,12.99,1,2024-09-10,2024-09-10,creator_analytics/manual_backfills/curvage_title_counts_all_time_2013-01-01_to_2026-07-04.csv,2026-07-04T19:25:00,Curvage title-count allocation,sale date,allocated daily title count,Daily title counts allocated to canonical Curvage daily gross/net by price-weighted unit share.
Curvage,Horny SSBBW Succubus Grows for Your Cum POV,Horny SSBBW Succubus Grows for Your Cum POV,44086,1,22.21,16.47,22.21,16.47,14.99,1,2024-09-10,2024-09-10,creator_analytics/manual_backfills/curvage_title_counts_all_time_2013-01-01_to_2026-07-04.csv,2026-07-04T19:25:00,Curvage title-count allocation,sale date,allocated daily title count,Daily title counts allocated to canonical Curvage daily gross/net by price-weighted unit share.
Curvage,Stuffing and making out with your feedee 🤤🍗,Stuffing and making out with your feedee 🤤🍗,48622,1,37.02,27.46,37.02,27.46,24.99,1,2024-09-10,2024-09-10,creator_analytics/manual_backfills/curvage_title_counts_all_time_2013-01-01_to_2026-07-04.csv,2026-07-04T19:25:00,Curvage title-count allocation,sale date,allocated daily title count,Daily title counts allocated to canonical Curvage daily gross/net by price-weighted unit share.
Curvage,Get me pregnant and make me grow! 🤰😍,Get me pregnant and make me grow! 🤰😍,49011,1,20.36,15.1,20.36,15.1,12.99,1,2024-09-18,2024-09-18,creator_analytics/manual_backfills/curvage_title_counts_all_time_2013-01-01_to_2026-07-04.csv,2026-07-04T19:25:00,Curvage title-count allocation,sale date,allocated daily title count,Daily title counts allocated to canonical Curvage daily gross/net by price-weighted unit share.
Curvage,Stuffing and making out with your feedee 🤤🍗,Stuffing and making out with your feedee 🤤🍗,48622,1,39.17,29.06,39.17,29.06,24.99,1,2024-09-18,2024-09-18,creator_analytics/manual_backfills/curvage_title_counts_all_time_2013-01-01_to_2026-07-04.csv,2026-07-04T19:25:00,Curvage title-count allocation,sale date,allocated daily title count,Daily title counts allocated to canonical Curvage daily gross/net by price-weighted unit share.
Curvage,Horny SSBBW Succubus Grows for Your Cum POV,Horny SSBBW Succubus Grows for Your Cum POV,44086,1,27.75,20.58,27.75,20.58,14.99,1,2024-09-23,2024-09-23,creator_analytics/manual_backfills/curvage_title_counts_all_time_2013-01-01_to_2026-07-04.csv,2026-07-04T19:25:00,Curvage title-count allocation,sale date,allocated daily title count,Daily title counts allocated to canonical Curvage daily gross/net by price-weighted unit share.
Curvage,Stuffing and making out with your feedee 🤤🍗,Stuffing and making out with your feedee 🤤🍗,48622,1,25.0,18.54,25.0,18.54,24.99,1,2024-09-28,2024-09-28,creator_analytics/manual_backfills/curvage_title_counts_all_time_2013-01-01_to_2026-07-04.csv,2026-07-04T19:25:00,Curvage title-count allocation,sale date,allocated daily title count,Daily title counts allocated to canonical Curvage daily gross/net by price-weighted unit share.
Curvage,Stuffing and making out with your feedee 🤤🍗,Stuffing and making out with your feedee 🤤🍗,48622,1,25.0,18.54,25.0,18.54,24.99,1,2024-10-10,2024-10-10,creator_analytics/manual_backfills/curvage_title_counts_all_time_2013-01-01_to_2026-07-04.csv,2026-07-04T19:25:00,Curvage title-count allocation,sale date,allocated daily title count,Daily title counts allocated to canonical Curvage daily gross/net by price-weighted unit share.
Curvage,Get me pregnant and make me grow! 🤰😍,Get me pregnant and make me grow! 🤰😍,49011,1,40.61,30.12,40.61,30.12,12.99,1,2024-10-15,2024-10-15,creator_analytics/manual_backfills/curvage_title_counts_all_time_2013-01-01_to_2026-07-04.csv,2026-07-04T19:25:00,Curvage title-count allocation,sale date,allocated daily title count,Daily title counts allocated to canonical Curvage daily gross/net by price-weighted unit share.
Curvage,Get me pregnant and make me grow! 🤰😍,Get me pregnant and make me grow! 🤰😍,49011,1,26.74,19.83,26.74,19.83,12.99,1,2024-10-18,2024-10-18,creator_analytics/manual_backfills/curvage_title_counts_all_time_2013-01-01_to_2026-07-04.csv,2026-07-04T19:25:00,Curvage title-count allocation,sale date,allocated daily title count,Daily title counts allocated to canonical Curvage daily gross/net by price-weighted unit share.
Curvage,Stuffing and making out with your feedee 🤤🍗,Stuffing and making out with your feedee 🤤🍗,48622,1,44.94,33.33,44.94,33.33,24.99,1,2024-10-22,2024-10-22,creator_analytics/manual_backfills/curvage_title_counts_all_time_2013-01-01_to_2026-07-04.csv,2026-07-04T19:25:00,Curvage title-count allocation,sale date,allocated daily title count,Daily title counts allocated to canonical Curvage daily gross/net by price-weighted unit share.
Curvage,Get me pregnant and make me grow! 🤰😍,Get me pregnant and make me grow! 🤰😍,49011,1,279.61,207.39,279.61,207.39,12.99,1,2024-10-26,2024-10-26,creator_analytics/manual_backfills/curvage_title_counts_all_time_2013-01-01_to_2026-07-04.csv,2026-07-04T19:25:00,Curvage title-count allocation,sale date,allocated daily title count,Daily title counts allocated to canonical Curvage daily gross/net by price-weighted unit share.
Curvage,Soda-chugging cutie gets bloated and belches!,Soda-chugging cutie gets bloated and belches!,28679,1,32.8,24.33,32.8,24.33,10.99,1,2024-10-29,2024-10-29,creator_analytics/manual_backfills/curvage_title_counts_all_time_2013-01-01_to_2026-07-04.csv,2026-07-04T19:25:00,Curvage title-count allocation,sale date,allocated daily title count,Daily title counts allocated to canonical Curvage daily gross/net by price-weighted unit share.
Curvage,Stuffing and making out with your feedee 🤤🍗,Stuffing and making out with your feedee 🤤🍗,48622,1,46.96,34.83,46.96,34.83,24.99,1,2024-10-30,2024-10-30,creator_analytics/manual_backfills/curvage_title_counts_all_time_2013-01-01_to_2026-07-04.csv,2026-07-04T19:25:00,Curvage title-count allocation,sale date,allocated daily title count,Daily title counts allocated to canonical Curvage daily gross/net by price-weighted unit share.
Curvage,My bloated belly and burps are so hot! 🤤,My bloated belly and burps are so hot! 🤤,53641,6,184.8,137.07,30.8,22.84,24.99,1,2024-10-31,2024-10-31,creator_analytics/manual_backfills/curvage_title_counts_all_time_2013-01-01_to_2026-07-04.csv,2026-07-04T19:25:00,Curvage title-count allocation,sale date,allocated daily title count,Daily title counts allocated to canonical Curvage daily gross/net by price-weighted unit share.
Curvage,My bloated belly and burps are so hot! 🤤,My bloated belly and burps are so hot! 🤤,53641,3,113.86,84.45,37.95,28.15,24.99,1,2024-11-01,2024-11-01,creator_analytics/manual_backfills/curvage_title_counts_all_time_2013-01-01_to_2026-07-04.csv,2026-07-04T19:25:00,Curvage title-count allocation,sale date,allocated daily title count,Daily title counts allocated to canonical Curvage daily gross/net by price-weighted unit share.
Curvage,My bloated belly and burps are so hot! 🤤,My bloated belly and burps are so hot! 🤤,53641,2,49.99,37.08,25.0,18.54,24.99,1,2024-11-02,2024-11-02,creator_analytics/manual_backfills/curvage_title_counts_all_time_2013-01-01_to_2026-07-04.csv,2026-07-04T19:25:00,Curvage title-count allocation,sale date,allocated daily title count,Daily title counts allocated to canonical Curvage daily gross/net by price-weighted unit share.
Curvage,Horny SSBBW Succubus Grows for Your Cum POV,Horny SSBBW Succubus Grows for Your Cum POV,44086,1,45.13,33.47,45.13,33.47,14.99,1,2024-11-03,2024-11-03,creator_analytics/manual_backfills/curvage_title_counts_all_time_2013-01-01_to_2026-07-04.csv,2026-07-04T19:25:00,Curvage title-count allocation,sale date,allocated daily title count,Daily title counts allocated to canonical Curvage daily gross/net by price-weighted unit share.
Curvage,My bloated belly and burps are so hot! 🤤,My bloated belly and burps are so hot! 🤤,53641,1,75.24,55.81,75.24,55.81,24.99,1,2024-11-03,2024-11-03,creator_analytics/manual_backfills/curvage_title_counts_all_time_2013-01-01_to_2026-07-04.csv,2026-07-04T19:25:00,Curvage title-count allocation,sale date,allocated daily title count,Daily title counts allocated to canonical Curvage daily gross/net by price-weighted unit share.
Curvage,My bloated belly and burps are so hot! 🤤,My bloated belly and burps are so hot! 🤤,53641,1,25.0,18.54,25.0,18.54,24.99,1,2024-11-06,2024-11-06,creator_analytics/manual_backfills/curvage_title_counts_all_time_2013-01-01_to_2026-07-04.csv,2026-07-04T19:25:00,Curvage title-count allocation,sale date,allocated daily title count,Daily title counts allocated to canonical Curvage daily gross/net by price-weighted unit share.
Curvage,Stuffing and making out with your feedee 🤤🍗,Stuffing and making out with your feedee 🤤🍗,48622,1,25.0,18.54,25.0,18.54,24.99,1,2024-11-06,2024-11-06,creator_analytics/manual_backfills/curvage_title_counts_all_time_2013-01-01_to_2026-07-04.csv,2026-07-04T19:25:00,Curvage title-count allocation,sale date,allocated daily title count,Daily title counts allocated to canonical Curvage daily gross/net by price-weighted unit share.
Curvage,My bloated belly and burps are so hot! 🤤,My bloated belly and burps are so hot! 🤤,53641,1,40.89,30.33,40.89,30.33,24.99,1,2024-11-07,2024-11-07,creator_analytics/manual_backfills/curvage_title_counts_all_time_2013-01-01_to_2026-07-04.csv,2026-07-04T19:25:00,Curvage title-count allocation,sale date,allocated daily title count,Daily title counts allocated to canonical Curvage daily gross/net by price-weighted unit share.
Curvage,Get me pregnant and make me grow! 🤰😍,Get me pregnant and make me grow! 🤰😍,49011,1,25.26,18.73,25.26,18.73,12.99,1,2024-11-08,2024-11-08,creator_analytics/manual_backfills/curvage_title_counts_all_time_2013-01-01_to_2026-07-04.csv,2026-07-04T19:25:00,Curvage title-count allocation,sale date,allocated daily title count,Daily title counts allocated to canonical Curvage daily gross/net by price-weighted unit share.
Curvage,My bloated belly and burps are so hot! 🤤,My bloated belly and burps are so hot! 🤤,53641,1,48.59,36.04,48.59,36.04,24.99,1,2024-11-08,2024-11-08,creator_analytics/manual_backfills/curvage_title_counts_all_time_2013-01-01_to_2026-07-04.csv,2026-07-04T19:25:00,Curvage title-count allocation,sale date,allocated daily title count,Daily title counts allocated to canonical Curvage daily gross/net by price-weighted unit share.
Curvage,Sexy fatty gobbles a dozen ice cream sandwiches!,Sexy fatty gobbles a dozen ice cream sandwiches!,33057,1,17.48,12.97,17.48,12.97,8.99,1,2024-11-08,2024-11-08,creator_analytics/manual_backfills/curvage_title_counts_all_time_2013-01-01_to_2026-07-04.csv,2026-07-04T19:25:00,Curvage title-count allocation,sale date,allocated daily title count,Daily title counts allocated to canonical Curvage daily gross/net by price-weighted unit share.
Curvage,My bloated belly and burps are so hot! 🤤,My bloated belly and burps are so hot! 🤤,53641,1,55.78,41.37,55.78,41.37,24.99,1,2024-11-10,2024-11-10,creator_analytics/manual_backfills/curvage_title_counts_all_time_2013-01-01_to_2026-07-04.csv,2026-07-04T19:25:00,Curvage title-count allocation,sale date,allocated daily title count,Daily title counts allocated to canonical Curvage daily gross/net by price-weighted unit share.
Curvage,My bloated belly and burps are so hot! 🤤,My bloated belly and burps are so hot! 🤤,53641,1,25.0,18.54,25.0,18.54,24.99,1,2024-11-11,2024-11-11,creator_analytics/manual_backfills/curvage_title_counts_all_time_2013-01-01_to_2026-07-04.csv,2026-07-04T19:25:00,Curvage title-count allocation,sale date,allocated daily title count,Daily title counts allocated to canonical Curvage daily gross/net by price-weighted unit share.
Curvage,My bloated belly and burps are so hot! 🤤,My bloated belly and burps are so hot! 🤤,53641,1,37.86,28.08,37.86,28.08,24.99,1,2024-11-14,2024-11-14,creator_analytics/manual_backfills/curvage_title_counts_all_time_2013-01-01_to_2026-07-04.csv,2026-07-04T19:25:00,Curvage title-count allocation,sale date,allocated daily title count,Daily title counts allocated to canonical Curvage daily gross/net by price-weighted unit share.
Curvage,Sexy fatty gobbles a dozen ice cream sandwiches!,Sexy fatty gobbles a dozen ice cream sandwiches!,33057,1,24.71,18.33,24.71,18.33,8.99,1,2024-11-16,2024-11-16,creator_analytics/manual_backfills/curvage_title_counts_all_time_2013-01-01_to_2026-07-04.csv,2026-07-04T19:25:00,Curvage title-count allocation,sale date,allocated daily title count,Daily title counts allocated to canonical Curvage daily gross/net by price-weighted unit share.
Curvage,Stuffing and making out with your feedee 🤤🍗,Stuffing and making out with your feedee 🤤🍗,48622,1,88.86,65.91,88.86,65.91,24.99,1,2024-11-19,2024-11-19,creator_analytics/manual_backfills/curvage_title_counts_all_time_2013-01-01_to_2026-07-04.csv,2026-07-04T19:25:00,Curvage title-count allocation,sale date,allocated daily title count,Daily title counts allocated to canonical Curvage daily gross/net by price-weighted unit share.
Curvage,Watch my fat jiggle while I struggle to work out! 😅💪,Watch my fat jiggle while I struggle to work out! 😅💪,45396,1,137.84,102.24,137.84,102.24,12.99,1,2024-11-20,2024-11-20,creator_analytics/manual_backfills/curvage_title_counts_all_time_2013-01-01_to_2026-07-04.csv,2026-07-04T19:25:00,Curvage title-count allocation,sale date,allocated daily title count,Daily title counts allocated to canonical Curvage daily gross/net by price-weighted unit share.
Curvage,Stuffing and making out with your feedee 🤤🍗,Stuffing and making out with your feedee 🤤🍗,48622,1,65.89,48.87,65.89,48.87,24.99,1,2024-11-22,2024-11-22,creator_analytics/manual_backfills/curvage_title_counts_all_time_2013-01-01_to_2026-07-04.csv,2026-07-04T19:25:00,Curvage title-count allocation,sale date,allocated daily title count,Daily title counts allocated to canonical Curvage daily gross/net by price-weighted unit share.
Curvage,My bloated belly and burps are so hot! 🤤,My bloated belly and burps are so hot! 🤤,53641,1,193.5,143.52,193.5,143.52,24.99,1,2024-11-23,2024-11-23,creator_analytics/manual_backfills/curvage_title_counts_all_time_2013-01-01_to_2026-07-04.csv,2026-07-04T19:25:00,Curvage title-count allocation,sale date,allocated daily title count,Daily title counts allocated to canonical Curvage daily gross/net by price-weighted unit share.
Curvage,Soda-chugging cutie gets bloated and belches!,Soda-chugging cutie gets bloated and belches!,28679,1,85.1,63.12,85.1,63.12,10.99,1,2024-11-23,2024-11-23,creator_analytics/manual_backfills/curvage_title_counts_all_time_2013-01-01_to_2026-07-04.csv,2026-07-04T19:25:00,Curvage title-count allocation,sale date,allocated daily title count,Daily title counts allocated to canonical Curvage daily gross/net by price-weighted unit share.
Curvage,My bloated belly and burps are so hot! 🤤,My bloated belly and burps are so hot! 🤤,53641,2,140.85,104.47,70.43,52.24,24.99,1,2024-11-25,2024-11-25,creator_analytics/manual_backfills/curvage_title_counts_all_time_2013-01-01_to_2026-07-04.csv,2026-07-04T19:25:00,Curvage title-count allocation,sale date,allocated daily title count,Daily title counts allocated to canonical Curvage daily gross/net by price-weighted unit share.
Curvage,Stuffing and making out with your feedee 🤤🍗,Stuffing and making out with your feedee 🤤🍗,48622,2,140.85,104.47,70.43,52.24,24.99,1,2024-11-25,2024-11-25,creator_analytics/manual_backfills/curvage_title_counts_all_time_2013-01-01_to_2026-07-04.csv,2026-07-04T19:25:00,Curvage title-count allocation,sale date,allocated daily title count,Daily title counts allocated to canonical Curvage daily gross/net by price-weighted unit share.
Curvage,Watch my fat jiggle while I struggle to work out! 😅💪,Watch my fat jiggle while I struggle to work out! 😅💪,45396,1,36.61,27.15,36.61,27.15,12.99,1,2024-11-25,2024-11-25,creator_analytics/manual_backfills/curvage_title_counts_all_time_2013-01-01_to_2026-07-04.csv,2026-07-04T19:25:00,Curvage title-count allocation,sale date,allocated daily title count,Daily title counts allocated to canonical Curvage daily gross/net by price-weighted unit share.
Curvage,My bloated belly and burps are so hot! 🤤,My bloated belly and burps are so hot! 🤤,53641,1,57.8,42.87,57.8,42.87,24.99,1,2024-11-27,2024-11-27,creator_analytics/manual_backfills/curvage_title_counts_all_time_2013-01-01_to_2026-07-04.csv,2026-07-04T19:25:00,Curvage title-count allocation,sale date,allocated daily title count,Daily title counts allocated to canonical Curvage daily gross/net by price-weighted unit share.
Curvage,Stuffing and making out with your feedee 🤤🍗,Stuffing and making out with your feedee 🤤🍗,48622,1,47.2,35.01,47.2,35.01,24.99,1,2024-11-30,2024-11-30,creator_analytics/manual_backfills/curvage_title_counts_all_time_2013-01-01_to_2026-07-04.csv,2026-07-04T19:25:00,Curvage title-count allocation,sale date,allocated daily title count,Daily title counts allocated to canonical Curvage daily gross/net by price-weighted unit share.
Curvage,Thanksgiving stuffing and a cigarette! 🦃🚬,Thanksgiving stuffing and a cigarette! 🦃🚬,54801,5,283.25,210.09,56.65,42.02,29.99,1,2024-11-30,2024-11-30,creator_analytics/manual_backfills/curvage_title_counts_all_time_2013-01-01_to_2026-07-04.csv,2026-07-04T19:25:00,Curvage title-count allocation,sale date,allocated daily title count,Daily title counts allocated to canonical Curvage daily gross/net by price-weighted unit share.
Curvage,Thanksgiving stuffing and a cigarette! 🦃🚬,Thanksgiving stuffing and a cigarette! 🦃🚬,54801,12,621.13,460.7,51.76,38.39,29.99,1,2024-12-01,2024-12-01,creator_analytics/manual_backfills/curvage_title_counts_all_time_2013-01-01_to_2026-07-04.csv,2026-07-04T19:25:00,Curvage title-count allocation,sale date,allocated daily title count,Daily title counts allocated to canonical Curvage daily gross/net by price-weighted unit share.
Curvage,Watch my fat jiggle while I struggle to work out! 😅💪,Watch my fat jiggle while I struggle to work out! 😅💪,45396,1,22.42,16.63,22.42,16.63,12.99,1,2024-12-01,2024-12-01,creator_analytics/manual_backfills/curvage_title_counts_all_time_2013-01-01_to_2026-07-04.csv,2026-07-04T19:25:00,Curvage title-count allocation,sale date,allocated daily title count,Daily title counts allocated to canonical Curvage daily gross/net by price-weighted unit share.
Curvage,Thanksgiving stuffing and a cigarette! 🦃🚬,Thanksgiving stuffing and a cigarette! 🦃🚬,54801,5,221.93,164.61,44.39,32.92,29.99,1,2024-12-02,2024-12-02,creator_analytics/manual_backfills/curvage_title_counts_all_time_2013-01-01_to_2026-07-04.csv,2026-07-04T19:25:00,Curvage title-count allocation,sale date,allocated daily title count,Daily title counts allocated to canonical Curvage daily gross/net by price-weighted unit share.
Curvage,Thanksgiving stuffing and a cigarette! 🦃🚬,Thanksgiving stuffing and a cigarette! 🦃🚬,54801,1,135.25,100.32,135.25,100.32,29.99,1,2024-12-03,2024-12-03,creator_analytics/manual_backfills/curvage_title_counts_all_time_2013-01-01_to_2026-07-04.csv,2026-07-04T19:25:00,Curvage title-count allocation,sale date,allocated daily title count,Daily title counts allocated to canonical Curvage daily gross/net by price-weighted unit share.
Curvage,Thanksgiving stuffing and a cigarette! 🦃🚬,Thanksgiving stuffing and a cigarette! 🦃🚬,54801,2,94.93,70.41,47.46,35.2,29.99,1,2024-12-04,2024-12-04,creator_analytics/manual_backfills/curvage_title_counts_all_time_2013-01-01_to_2026-07-04.csv,2026-07-04T19:25:00,Curvage title-count allocation,sale date,allocated daily title count,Daily title counts allocated to canonical Curvage daily gross/net by price-weighted unit share.
Curvage,My bloated belly and burps are so hot! 🤤,My bloated belly and burps are so hot! 🤤,53641,2,50.06,37.13,25.03,18.56,24.99,1,2024-12-05,2024-12-05,creator_analytics/manual_backfills/curvage_title_counts_all_time_2013-01-01_to_2026-07-04.csv,2026-07-04T19:25:00,Curvage title-count allocation,sale date,allocated daily title count,Daily title counts allocated to canonical Curvage daily gross/net by price-weighted unit share.
Curvage,Stuffing and making out with your feedee 🤤🍗,Stuffing and making out with your feedee 🤤🍗,48622,1,25.03,18.56,25.03,18.56,24.99,1,2024-12-05,2024-12-05,creator_analytics/manual_backfills/curvage_title_counts_all_time_2013-01-01_to_2026-07-04.csv,2026-07-04T19:25:00,Curvage title-count allocation,sale date,allocated daily title count,Daily title counts allocated to canonical Curvage daily gross/net by price-weighted unit share.
Curvage,Thanksgiving stuffing and a cigarette! 🦃🚬,Thanksgiving stuffing and a cigarette! 🦃🚬,54801,6,180.22,133.67,30.04,22.28,29.99,1,2024-12-05,2024-12-05,creator_analytics/manual_backfills/curvage_title_counts_all_time_2013-01-01_to_2026-07-04.csv,2026-07-04T19:25:00,Curvage title-count allocation,sale date,allocated daily title count,Daily title counts allocated to canonical Curvage daily gross/net by price-weighted unit share.
Curvage,Thanksgiving stuffing and a cigarette! 🦃🚬,Thanksgiving stuffing and a cigarette! 🦃🚬,54801,1,38.87,28.83,38.87,28.83,29.99,1,2024-12-06,2024-12-06,creator_analytics/manual_backfills/curvage_title_counts_all_time_2013-01-01_to_2026-07-04.csv,2026-07-04T19:25:00,Curvage title-count allocation,sale date,allocated daily title count,Daily title counts allocated to canonical Curvage daily gross/net by price-weighted unit share.
Curvage,Thanksgiving stuffing and a cigarette! 🦃🚬,Thanksgiving stuffing and a cigarette! 🦃🚬,54801,1,43.93,32.58,43.93,32.58,29.99,1,2024-12-07,2024-12-07,creator_analytics/manual_backfills/curvage_title_counts_all_time_2013-01-01_to_2026-07-04.csv,2026-07-04T19:25:00,Curvage title-count allocation,sale date,allocated daily title count,Daily title counts allocated to canonical Curvage daily gross/net by price-weighted unit share.
Curvage,My bloated belly and burps are so hot! 🤤,My bloated belly and burps are so hot! 🤤,53641,1,38.09,28.25,38.09,28.25,24.99,1,2024-12-08,2024-12-08,creator_analytics/manual_backfills/curvage_title_counts_all_time_2013-01-01_to_2026-07-04.csv,2026-07-04T19:25:00,Curvage title-count allocation,sale date,allocated daily title count,Daily title counts allocated to canonical Curvage daily gross/net by price-weighted unit share.
Curvage,Thanksgiving stuffing and a cigarette! 🦃🚬,Thanksgiving stuffing and a cigarette! 🦃🚬,54801,1,45.71,33.91,45.71,33.91,29.99,1,2024-12-08,2024-12-08,creator_analytics/manual_backfills/curvage_title_counts_all_time_2013-01-01_to_2026-07-04.csv,2026-07-04T19:25:00,Curvage title-count allocation,sale date,allocated daily title count,Daily title counts allocated to canonical Curvage daily gross/net by price-weighted unit share.
Curvage,Your Girlfriend Encourages Mutual Gain POV,Your Girlfriend Encourages Mutual Gain POV,55022,2,116.61,86.49,58.3,43.24,24.99,1,2024-12-09,2024-12-09,creator_analytics/manual_backfills/curvage_title_counts_all_time_2013-01-01_to_2026-07-04.csv,2026-07-04T19:25:00,Curvage title-count allocation,sale date,allocated daily title count,Daily title counts allocated to canonical Curvage daily gross/net by price-weighted unit share.
Curvage,Your Girlfriend Encourages Mutual Gain POV,Your Girlfriend Encourages Mutual Gain POV,55022,7,231.76,171.9,33.11,24.56,24.99,1,2024-12-10,2024-12-10,creator_analytics/manual_backfills/curvage_title_counts_all_time_2013-01-01_to_2026-07-04.csv,2026-07-04T19:25:00,Curvage title-count allocation,sale date,allocated daily title count,Daily title counts allocated to canonical Curvage daily gross/net by price-weighted unit share.
Curvage,Thanksgiving stuffing and a cigarette! 🦃🚬,Thanksgiving stuffing and a cigarette! 🦃🚬,54801,1,76.3,56.59,76.3,56.59,29.99,1,2024-12-11,2024-12-11,creator_analytics/manual_backfills/curvage_title_counts_all_time_2013-01-01_to_2026-07-04.csv,2026-07-04T19:25:00,Curvage title-count allocation,sale date,allocated daily title count,Daily title counts allocated to canonical Curvage daily gross/net by price-weighted unit share.
Curvage,Your Girlfriend Encourages Mutual Gain POV,Your Girlfriend Encourages Mutual Gain POV,55022,3,190.73,141.47,63.58,47.16,24.99,1,2024-12-11,2024-12-11,creator_analytics/manual_backfills/curvage_title_counts_all_time_2013-01-01_to_2026-07-04.csv,2026-07-04T19:25:00,Curvage title-count allocation,sale date,allocated daily title count,Daily title counts allocated to canonical Curvage daily gross/net by price-weighted unit share.
Curvage,Thanksgiving stuffing and a cigarette! 🦃🚬,Thanksgiving stuffing and a cigarette! 🦃🚬,54801,1,39.66,29.42,39.66,29.42,29.99,1,2024-12-12,2024-12-12,creator_analytics/manual_backfills/curvage_title_counts_all_time_2013-01-01_to_2026-07-04.csv,2026-07-04T19:25:00,Curvage title-count allocation,sale date,allocated daily title count,Daily title counts allocated to canonical Curvage daily gross/net by price-weighted unit share.
Curvage,Your Girlfriend Encourages Mutual Gain POV,Your Girlfriend Encourages Mutual Gain POV,55022,2,66.1,49.03,33.05,24.52,24.99,1,2024-12-12,2024-12-12,creator_analytics/manual_backfills/curvage_title_counts_all_time_2013-01-01_to_2026-07-04.csv,2026-07-04T19:25:00,Curvage title-count allocation,sale date,allocated daily title count,Daily title counts allocated to canonical Curvage daily gross/net by price-weighted unit share.
Curvage,Your Girlfriend Encourages Mutual Gain POV,Your Girlfriend Encourages Mutual Gain POV,55022,1,59.82,44.37,59.82,44.37,24.99,1,2024-12-13,2024-12-13,creator_analytics/manual_backfills/curvage_title_counts_all_time_2013-01-01_to_2026-07-04.csv,2026-07-04T19:25:00,Curvage title-count allocation,sale date,allocated daily title count,Daily title counts allocated to canonical Curvage daily gross/net by price-weighted unit share.
Curvage,Your Girlfriend Encourages Mutual Gain POV,Your Girlfriend Encourages Mutual Gain POV,55022,1,25.0,18.54,25.0,18.54,24.99,1,2024-12-14,2024-12-14,creator_analytics/manual_backfills/curvage_title_counts_all_time_2013-01-01_to_2026-07-04.csv,2026-07-04T19:25:00,Curvage title-count allocation,sale date,allocated daily title count,Daily title counts allocated to canonical Curvage daily gross/net by price-weighted unit share.
Curvage,Thanksgiving stuffing and a cigarette! 🦃🚬,Thanksgiving stuffing and a cigarette! 🦃🚬,54801,1,30.03,22.27,30.03,22.27,29.99,1,2024-12-17,2024-12-17,creator_analytics/manual_backfills/curvage_title_counts_all_time_2013-01-01_to_2026-07-04.csv,2026-07-04T19:25:00,Curvage title-count allocation,sale date,allocated daily title count,Daily title counts allocated to canonical Curvage daily gross/net by price-weighted unit share.
Curvage,Your Girlfriend Encourages Mutual Gain POV,Your Girlfriend Encourages Mutual Gain POV,55022,1,25.02,18.56,25.02,18.56,24.99,1,2024-12-17,2024-12-17,creator_analytics/manual_backfills/curvage_title_counts_all_time_2013-01-01_to_2026-07-04.csv,2026-07-04T19:25:00,Curvage title-count allocation,sale date,allocated daily title count,Daily title counts allocated to canonical Curvage daily gross/net by price-weighted unit share.
Curvage,Your Girlfriend Encourages Mutual Gain POV,Your Girlfriend Encourages Mutual Gain POV,55022,2,99.98,74.16,49.99,37.08,24.99,1,2024-12-19,2024-12-19,creator_analytics/manual_backfills/curvage_title_counts_all_time_2013-01-01_to_2026-07-04.csv,2026-07-04T19:25:00,Curvage title-count allocation,sale date,allocated daily title count,Daily title counts allocated to canonical Curvage daily gross/net by price-weighted unit share.
Curvage,Your Girlfriend Encourages Mutual Gain POV,Your Girlfriend Encourages Mutual Gain POV,55022,1,25.0,18.54,25.0,18.54,24.99,1,2024-12-21,2024-12-21,creator_analytics/manual_backfills/curvage_title_counts_all_time_2013-01-01_to_2026-07-04.csv,2026-07-04T19:25:00,Curvage title-count allocation,sale date,allocated daily title count,Daily title counts allocated to canonical Curvage daily gross/net by price-weighted unit share.
Curvage,Thanksgiving stuffing and a cigarette! 🦃🚬,Thanksgiving stuffing and a cigarette! 🦃🚬,54801,1,30.05,22.29,30.05,22.29,29.99,1,2024-12-22,2024-12-22,creator_analytics/manual_backfills/curvage_title_counts_all_time_2013-01-01_to_2026-07-04.csv,2026-07-04T19:25:00,Curvage title-count allocation,sale date,allocated daily title count,Daily title counts allocated to canonical Curvage daily gross/net by price-weighted unit share.
Curvage,Your Girlfriend Encourages Mutual Gain POV,Your Girlfriend Encourages Mutual Gain POV,55022,1,49.99,37.08,49.99,37.08,24.99,1,2024-12-23,2024-12-23,creator_analytics/manual_backfills/curvage_title_counts_all_time_2013-01-01_to_2026-07-04.csv,2026-07-04T19:25:00,Curvage title-count allocation,sale date,allocated daily title count,Daily title counts allocated to canonical Curvage daily gross/net by price-weighted unit share.
Curvage,Stuffing and making out with your feedee 🤤🍗,Stuffing and making out with your feedee 🤤🍗,48622,1,25.0,18.54,25.0,18.54,24.99,1,2024-12-25,2024-12-25,creator_analytics/manual_backfills/curvage_title_counts_all_time_2013-01-01_to_2026-07-04.csv,2026-07-04T19:25:00,Curvage title-count allocation,sale date,allocated daily title count,Daily title counts allocated to canonical Curvage daily gross/net by price-weighted unit share.
Curvage,Your Girlfriend Encourages Mutual Gain POV,Your Girlfriend Encourages Mutual Gain POV,55022,2,49.99,37.08,25.0,18.54,24.99,1,2024-12-25,2024-12-25,creator_analytics/manual_backfills/curvage_title_counts_all_time_2013-01-01_to_2026-07-04.csv,2026-07-04T19:25:00,Curvage title-count allocation,sale date,allocated daily title count,Daily title counts allocated to canonical Curvage daily gross/net by price-weighted unit share.
Curvage,Your Girlfriend Encourages Mutual Gain POV,Your Girlfriend Encourages Mutual Gain POV,55022,1,25.0,18.54,25.0,18.54,24.99,1,2024-12-27,2024-12-27,creator_analytics/manual_backfills/curvage_title_counts_all_time_2013-01-01_to_2026-07-04.csv,2026-07-04T19:25:00,Curvage title-count allocation,sale date,allocated daily title count,Daily title counts allocated to canonical Curvage daily gross/net by price-weighted unit share.
Curvage,Thanksgiving stuffing and a cigarette! 🦃🚬,Thanksgiving stuffing and a cigarette! 🦃🚬,54801,1,40.9,30.34,40.9,30.34,29.99,1,2024-12-30,2024-12-30,creator_analytics/manual_backfills/curvage_title_counts_all_time_2013-01-01_to_2026-07-04.csv,2026-07-04T19:25:00,Curvage title-count allocation,sale date,allocated daily title count,Daily title counts allocated to canonical Curvage daily gross/net by price-weighted unit share.
Curvage,Your Girlfriend Encourages Mutual Gain POV,Your Girlfriend Encourages Mutual Gain POV,55022,1,34.08,25.28,34.08,25.28,24.99,1,2024-12-30,2024-12-30,creator_analytics/manual_backfills/curvage_title_counts_all_time_2013-01-01_to_2026-07-04.csv,2026-07-04T19:25:00,Curvage title-count allocation,sale date,allocated daily title count,Daily title counts allocated to canonical Curvage daily gross/net by price-weighted unit share.
Curvage,Stuffing and making out with your feedee 🤤🍗,Stuffing and making out with your feedee 🤤🍗,48622,1,25.0,18.54,25.0,18.54,24.99,1,2024-12-31,2024-12-31,creator_analytics/manual_backfills/curvage_title_counts_all_time_2013-01-01_to_2026-07-04.csv,2026-07-04T19:25:00,Curvage title-count allocation,sale date,allocated daily title count,Daily title counts allocated to canonical Curvage daily gross/net by price-weighted unit share.
Curvage,Sexy fatty gobbles a dozen ice cream sandwiches!,Sexy fatty gobbles a dozen ice cream sandwiches!,33057,1,8.82,6.54,8.82,6.54,8.99,1,2025-01-02,2025-01-02,creator_analytics/manual_backfills/curvage_title_counts_all_time_2013-01-01_to_2026-07-04.csv,2026-07-04T19:25:00,Curvage title-count allocation,sale date,allocated daily title count,Daily title counts allocated to canonical Curvage daily gross/net by price-weighted unit share.
Curvage,New weigh-in and measurements! 😍,New weigh-in and measurements! 😍,56046,10,395.93,293.67,39.59,29.37,34.99,1,2025-01-05,2025-01-05,creator_analytics/manual_backfills/curvage_title_counts_all_time_2013-01-01_to_2026-07-04.csv,2026-07-04T19:25:00,Curvage title-count allocation,sale date,allocated daily title count,Daily title counts allocated to canonical Curvage daily gross/net by price-weighted unit share.
Curvage,Stuffing and making out with your feedee 🤤🍗,Stuffing and making out with your feedee 🤤🍗,48622,1,28.28,20.97,28.28,20.97,24.99,1,2025-01-05,2025-01-05,creator_analytics/manual_backfills/curvage_title_counts_all_time_2013-01-01_to_2026-07-04.csv,2026-07-04T19:25:00,Curvage title-count allocation,sale date,allocated daily title count,Daily title counts allocated to canonical Curvage daily gross/net by price-weighted unit share.
Curvage,Thanksgiving stuffing and a cigarette! 🦃🚬,Thanksgiving stuffing and a cigarette! 🦃🚬,54801,1,33.94,25.17,33.94,25.17,29.99,1,2025-01-05,2025-01-05,creator_analytics/manual_backfills/curvage_title_counts_all_time_2013-01-01_to_2026-07-04.csv,2026-07-04T19:25:00,Curvage title-count allocation,sale date,allocated daily title count,Daily title counts allocated to canonical Curvage daily gross/net by price-weighted unit share.
Curvage,New weigh-in and measurements! 😍,New weigh-in and measurements! 😍,56046,8,318.67,236.37,39.83,29.55,34.99,1,2025-01-06,2025-01-06,creator_analytics/manual_backfills/curvage_title_counts_all_time_2013-01-01_to_2026-07-04.csv,2026-07-04T19:25:00,Curvage title-count allocation,sale date,allocated daily title count,Daily title counts allocated to canonical Curvage daily gross/net by price-weighted unit share.
Curvage,Thanksgiving stuffing and a cigarette! 🦃🚬,Thanksgiving stuffing and a cigarette! 🦃🚬,54801,1,34.14,25.32,34.14,25.32,29.99,1,2025-01-06,2025-01-06,creator_analytics/manual_backfills/curvage_title_counts_all_time_2013-01-01_to_2026-07-04.csv,2026-07-04T19:25:00,Curvage title-count allocation,sale date,allocated daily title count,Daily title counts allocated to canonical Curvage daily gross/net by price-weighted unit share.
Curvage,New weigh-in and measurements! 😍,New weigh-in and measurements! 😍,56046,5,175.54,130.2,35.11,26.04,34.99,1,2025-01-07,2025-01-07,creator_analytics/manual_backfills/curvage_title_counts_all_time_2013-01-01_to_2026-07-04.csv,2026-07-04T19:25:00,Curvage title-count allocation,sale date,allocated daily title count,Daily title counts allocated to canonical Curvage daily gross/net by price-weighted unit share.
Curvage,Get me pregnant and make me grow! 🤰😍,Get me pregnant and make me grow! 🤰😍,49011,1,22.02,16.33,22.02,16.33,12.99,1,2025-01-08,2025-01-08,creator_analytics/manual_backfills/curvage_title_counts_all_time_2013-01-01_to_2026-07-04.csv,2026-07-04T19:25:00,Curvage title-count allocation,sale date,allocated daily title count,Daily title counts allocated to canonical Curvage daily gross/net by price-weighted unit share.
Curvage,New weigh-in and measurements! 😍,New weigh-in and measurements! 😍,56046,1,59.31,43.99,59.31,43.99,34.99,1,2025-01-08,2025-01-08,creator_analytics/manual_backfills/curvage_title_counts_all_time_2013-01-01_to_2026-07-04.csv,2026-07-04T19:25:00,Curvage title-count allocation,sale date,allocated daily title count,Daily title counts allocated to canonical Curvage daily gross/net by price-weighted unit share.
Curvage,Stuffing and making out with your feedee 🤤🍗,Stuffing and making out with your feedee 🤤🍗,48622,1,42.36,31.42,42.36,31.42,24.99,1,2025-01-08,2025-01-08,creator_analytics/manual_backfills/curvage_title_counts_all_time_2013-01-01_to_2026-07-04.csv,2026-07-04T19:25:00,Curvage title-count allocation,sale date,allocated daily title count,Daily title counts allocated to canonical Curvage daily gross/net by price-weighted unit share.
Curvage,New weigh-in and measurements! 😍,New weigh-in and measurements! 😍,56046,2,70.22,52.08,35.11,26.04,34.99,1,2025-01-09,2025-01-09,creator_analytics/manual_backfills/curvage_title_counts_all_time_2013-01-01_to_2026-07-04.csv,2026-07-04T19:25:00,Curvage title-count allocation,sale date,allocated daily title count,Daily title counts allocated to canonical Curvage daily gross/net by price-weighted unit share.
Curvage,New weigh-in and measurements! 😍,New weigh-in and measurements! 😍,56046,3,154.3,114.45,51.43,38.15,34.99,1,2025-01-11,2025-01-11,creator_analytics/manual_backfills/curvage_title_counts_all_time_2013-01-01_to_2026-07-04.csv,2026-07-04T19:25:00,Curvage title-count allocation,sale date,allocated daily title count,Daily title counts allocated to canonical Curvage daily gross/net by price-weighted unit share.
Curvage,New weigh-in and measurements! 😍,New weigh-in and measurements! 😍,56046,4,140.4,104.14,35.1,26.03,34.99,1,2025-01-12,2025-01-12,creator_analytics/manual_backfills/curvage_title_counts_all_time_2013-01-01_to_2026-07-04.csv,2026-07-04T19:25:00,Curvage title-count allocation,sale date,allocated daily title count,Daily title counts allocated to canonical Curvage daily gross/net by price-weighted unit share.
Curvage,Thanksgiving stuffing and a cigarette! 🦃🚬,Thanksgiving stuffing and a cigarette! 🦃🚬,54801,1,30.08,22.31,30.08,22.31,29.99,1,2025-01-12,2025-01-12,creator_analytics/manual_backfills/curvage_title_counts_all_time_2013-01-01_to_2026-07-04.csv,2026-07-04T19:25:00,Curvage title-count allocation,sale date,allocated daily title count,Daily title counts allocated to canonical Curvage daily gross/net by price-weighted unit share.
Curvage,Greedy girlfriend stuffs her face and vores you! 🤤🍔,Greedy girlfriend stuffs her face and vores you! 🤤🍔,56366,4,110.12,81.68,27.53,20.42,21.99,1,2025-01-13,2025-01-13,creator_analytics/manual_backfills/curvage_title_counts_all_time_2013-01-01_to_2026-07-04.csv,2026-07-04T19:25:00,Curvage title-count allocation,sale date,allocated daily title count,Daily title counts allocated to canonical Curvage daily gross/net by price-weighted unit share.
Curvage,Thanksgiving stuffing and a cigarette! 🦃🚬,Thanksgiving stuffing and a cigarette! 🦃🚬,54801,1,37.55,27.85,37.55,27.85,29.99,1,2025-01-13,2025-01-13,creator_analytics/manual_backfills/curvage_title_counts_all_time_2013-01-01_to_2026-07-04.csv,2026-07-04T19:25:00,Curvage title-count allocation,sale date,allocated daily title count,Daily title counts allocated to canonical Curvage daily gross/net by price-weighted unit share.
Curvage,Greedy girlfriend stuffs her face and vores you! 🤤🍔,Greedy girlfriend stuffs her face and vores you! 🤤🍔,56366,10,245.58,182.15,24.56,18.22,21.99,1,2025-01-14,2025-01-14,creator_analytics/manual_backfills/curvage_title_counts_all_time_2013-01-01_to_2026-07-04.csv,2026-07-04T19:25:00,Curvage title-count allocation,sale date,allocated daily title count,Daily title counts allocated to canonical Curvage daily gross/net by price-weighted unit share.
Curvage,New weigh-in and measurements! 😍,New weigh-in and measurements! 😍,56046,3,117.23,86.95,39.08,28.98,34.99,1,2025-01-14,2025-01-14,creator_analytics/manual_backfills/curvage_title_counts_all_time_2013-01-01_to_2026-07-04.csv,2026-07-04T19:25:00,Curvage title-count allocation,sale date,allocated daily title count,Daily title counts allocated to canonical Curvage daily gross/net by price-weighted unit share.
Curvage,Greedy girlfriend stuffs her face and vores you! 🤤🍔,Greedy girlfriend stuffs her face and vores you! 🤤🍔,56366,3,102.19,75.79,34.06,25.26,21.99,1,2025-01-15,2025-01-15,creator_analytics/manual_backfills/curvage_title_counts_all_time_2013-01-01_to_2026-07-04.csv,2026-07-04T19:25:00,Curvage title-count allocation,sale date,allocated daily title count,Daily title counts allocated to canonical Curvage daily gross/net by price-weighted unit share.
Curvage,New weigh-in and measurements! 😍,New weigh-in and measurements! 😍,56046,2,108.4,80.4,54.2,40.2,34.99,1,2025-01-15,2025-01-15,creator_analytics/manual_backfills/curvage_title_counts_all_time_2013-01-01_to_2026-07-04.csv,2026-07-04T19:25:00,Curvage title-count allocation,sale date,allocated daily title count,Daily title counts allocated to canonical Curvage daily gross/net by price-weighted unit share.
Curvage,Thanksgiving stuffing and a cigarette! 🦃🚬,Thanksgiving stuffing and a cigarette! 🦃🚬,54801,1,46.45,34.46,46.45,34.46,29.99,1,2025-01-15,2025-01-15,creator_analytics/manual_backfills/curvage_title_counts_all_time_2013-01-01_to_2026-07-04.csv,2026-07-04T19:25:00,Curvage title-count allocation,sale date,allocated daily title count,Daily title counts allocated to canonical Curvage daily gross/net by price-weighted unit share.
Curvage,Greedy girlfriend stuffs her face and vores you! 🤤🍔,Greedy girlfriend stuffs her face and vores you! 🤤🍔,56366,1,22.02,16.34,22.02,16.34,21.99,1,2025-01-16,2025-01-16,creator_analytics/manual_backfills/curvage_title_counts_all_time_2013-01-01_to_2026-07-04.csv,2026-07-04T19:25:00,Curvage title-count allocation,sale date,allocated daily title count,Daily title counts allocated to canonical Curvage daily gross/net by price-weighted unit share.
Curvage,New weigh-in and measurements! 😍,New weigh-in and measurements! 😍,56046,1,35.05,25.99,35.05,25.99,34.99,1,2025-01-16,2025-01-16,creator_analytics/manual_backfills/curvage_title_counts_all_time_2013-01-01_to_2026-07-04.csv,2026-07-04T19:25:00,Curvage title-count allocation,sale date,allocated daily title count,Daily title counts allocated to canonical Curvage daily gross/net by price-weighted unit share.
Curvage,Greedy girlfriend stuffs her face and vores you! 🤤🍔,Greedy girlfriend stuffs her face and vores you! 🤤🍔,56366,2,81.68,60.58,40.84,30.29,21.99,1,2025-01-17,2025-01-17,creator_analytics/manual_backfills/curvage_title_counts_all_time_2013-01-01_to_2026-07-04.csv,2026-07-04T19:25:00,Curvage title-count allocation,sale date,allocated daily title count,Daily title counts allocated to canonical Curvage daily gross/net by price-weighted unit share.
Curvage,New weigh-in and measurements! 😍,New weigh-in and measurements! 😍,56046,1,64.98,48.2,64.98,48.2,34.99,1,2025-01-17,2025-01-17,creator_analytics/manual_backfills/curvage_title_counts_all_time_2013-01-01_to_2026-07-04.csv,2026-07-04T19:25:00,Curvage title-count allocation,sale date,allocated daily title count,Daily title counts allocated to canonical Curvage daily gross/net by price-weighted unit share.
Curvage,Greedy girlfriend stuffs her face and vores you! 🤤🍔,Greedy girlfriend stuffs her face and vores you! 🤤🍔,56366,2,43.93,32.58,21.96,16.29,21.99,1,2025-01-18,2025-01-18,creator_analytics/manual_backfills/curvage_title_counts_all_time_2013-01-01_to_2026-07-04.csv,2026-07-04T19:25:00,Curvage title-count allocation,sale date,allocated daily title count,Daily title counts allocated to canonical Curvage daily gross/net by price-weighted unit share.
Curvage,New weigh-in and measurements! 😍,New weigh-in and measurements! 😍,56046,2,105.04,77.91,52.52,38.95,34.99,1,2025-01-19,2025-01-19,creator_analytics/manual_backfills/curvage_title_counts_all_time_2013-01-01_to_2026-07-04.csv,2026-07-04T19:25:00,Curvage title-count allocation,sale date,allocated daily title count,Daily title counts allocated to canonical Curvage daily gross/net by price-weighted unit share.
Curvage,Greedy girlfriend stuffs her face and vores you! 🤤🍔,Greedy girlfriend stuffs her face and vores you! 🤤🍔,56366,2,65.89,48.87,32.94,24.43,21.99,1,2025-01-20,2025-01-20,creator_analytics/manual_backfills/curvage_title_counts_all_time_2013-01-01_to_2026-07-04.csv,2026-07-04T19:25:00,Curvage title-count allocation,sale date,allocated daily title count,Daily title counts allocated to canonical Curvage daily gross/net by price-weighted unit share.
Curvage,Greedy girlfriend stuffs her face and vores you! 🤤🍔,Greedy girlfriend stuffs her face and vores you! 🤤🍔,56366,2,79.48,58.95,39.74,29.48,21.99,1,2025-01-21,2025-01-21,creator_analytics/manual_backfills/curvage_title_counts_all_time_2013-01-01_to_2026-07-04.csv,2026-07-04T19:25:00,Curvage title-count allocation,sale date,allocated daily title count,Daily title counts allocated to canonical Curvage daily gross/net by price-weighted unit share.
Curvage,Greedy girlfriend stuffs her face and vores you! 🤤🍔,Greedy girlfriend stuffs her face and vores you! 🤤🍔,56366,1,22.0,16.32,22.0,16.32,21.99,1,2025-01-23,2025-01-23,creator_analytics/manual_backfills/curvage_title_counts_all_time_2013-01-01_to_2026-07-04.csv,2026-07-04T19:25:00,Curvage title-count allocation,sale date,allocated daily title count,Daily title counts allocated to canonical Curvage daily gross/net by price-weighted unit share.
Curvage,My bloated belly and burps are so hot! 🤤,My bloated belly and burps are so hot! 🤤,53641,1,25.0,18.55,25.0,18.55,24.99,1,2025-01-23,2025-01-23,creator_analytics/manual_backfills/curvage_title_counts_all_time_2013-01-01_to_2026-07-04.csv,2026-07-04T19:25:00,Curvage title-count allocation,sale date,allocated daily title count,Daily title counts allocated to canonical Curvage daily gross/net by price-weighted unit share.
Curvage,Thanksgiving stuffing and a cigarette! 🦃🚬,Thanksgiving stuffing and a cigarette! 🦃🚬,54801,1,30.01,22.26,30.01,22.26,29.99,1,2025-01-23,2025-01-23,creator_analytics/manual_backfills/curvage_title_counts_all_time_2013-01-01_to_2026-07-04.csv,2026-07-04T19:25:00,Curvage title-count allocation,sale date,allocated daily title count,Daily title counts allocated to canonical Curvage daily gross/net by price-weighted unit share.
Curvage,Greedy girlfriend stuffs her face and vores you! 🤤🍔,Greedy girlfriend stuffs her face and vores you! 🤤🍔,56366,1,28.0,20.77,28.0,20.77,21.99,1,2025-01-24,2025-01-24,creator_analytics/manual_backfills/curvage_title_counts_all_time_2013-01-01_to_2026-07-04.csv,2026-07-04T19:25:00,Curvage title-count allocation,sale date,allocated daily title count,Daily title counts allocated to canonical Curvage daily gross/net by price-weighted unit share.
Curvage,Stuffing and making out with your feedee 🤤🍗,Stuffing and making out with your feedee 🤤🍗,48622,1,31.82,23.6,31.82,23.6,24.99,1,2025-01-24,2025-01-24,creator_analytics/manual_backfills/curvage_title_counts_all_time_2013-01-01_to_2026-07-04.csv,2026-07-04T19:25:00,Curvage title-count allocation,sale date,allocated daily title count,Daily title counts allocated to canonical Curvage daily gross/net by price-weighted unit share.
Curvage,Greedy girlfriend stuffs her face and vores you! 🤤🍔,Greedy girlfriend stuffs her face and vores you! 🤤🍔,56366,1,21.99,16.31,21.99,16.31,21.99,1,2025-01-25,2025-01-25,creator_analytics/manual_backfills/curvage_title_counts_all_time_2013-01-01_to_2026-07-04.csv,2026-07-04T19:25:00,Curvage title-count allocation,sale date,allocated daily title count,Daily title counts allocated to canonical Curvage daily gross/net by price-weighted unit share.
Curvage,Your Girlfriend Encourages Mutual Gain POV,Your Girlfriend Encourages Mutual Gain POV,55022,2,49.97,37.06,24.98,18.53,24.99,1,2025-01-25,2025-01-25,creator_analytics/manual_backfills/curvage_title_counts_all_time_2013-01-01_to_2026-07-04.csv,2026-07-04T19:25:00,Curvage title-count allocation,sale date,allocated daily title count,Daily title counts allocated to canonical Curvage daily gross/net by price-weighted unit share.
Curvage,Greedy girlfriend stuffs her face and vores you! 🤤🍔,Greedy girlfriend stuffs her face and vores you! 🤤🍔,56366,1,22.0,16.32,22.0,16.32,21.99,1,2025-01-26,2025-01-26,creator_analytics/manual_backfills/curvage_title_counts_all_time_2013-01-01_to_2026-07-04.csv,2026-07-04T19:25:00,Curvage title-count allocation,sale date,allocated daily title count,Daily title counts allocated to canonical Curvage daily gross/net by price-weighted unit share.
Curvage,Thanksgiving stuffing and a cigarette! 🦃🚬,Thanksgiving stuffing and a cigarette! 🦃🚬,54801,1,30.01,22.26,30.01,22.26,29.99,1,2025-01-26,2025-01-26,creator_analytics/manual_backfills/curvage_title_counts_all_time_2013-01-01_to_2026-07-04.csv,2026-07-04T19:25:00,Curvage title-count allocation,sale date,allocated daily title count,Daily title counts allocated to canonical Curvage daily gross/net by price-weighted unit share.
Curvage,Greedy girlfriend stuffs her face and vores you! 🤤🍔,Greedy girlfriend stuffs her face and vores you! 🤤🍔,56366,1,57.07,42.33,57.07,42.33,21.99,1,2025-01-28,2025-01-28,creator_analytics/manual_backfills/curvage_title_counts_all_time_2013-01-01_to_2026-07-04.csv,2026-07-04T19:25:00,Curvage title-count allocation,sale date,allocated daily title count,Daily title counts allocated to canonical Curvage daily gross/net by price-weighted unit share.
Curvage,Stuffing and making out with your feedee 🤤🍗,Stuffing and making out with your feedee 🤤🍗,48622,1,25.02,18.56,25.02,18.56,24.99,1,2025-01-31,2025-01-31,creator_analytics/manual_backfills/curvage_title_counts_all_time_2013-01-01_to_2026-07-04.csv,2026-07-04T19:25:00,Curvage title-count allocation,sale date,allocated daily title count,Daily title counts allocated to canonical Curvage daily gross/net by price-weighted unit share.
Curvage,Thanksgiving stuffing and a cigarette! 🦃🚬,Thanksgiving stuffing and a cigarette! 🦃🚬,54801,1,30.03,22.27,30.03,22.27,29.99,1,2025-01-31,2025-01-31,creator_analytics/manual_backfills/curvage_title_counts_all_time_2013-01-01_to_2026-07-04.csv,2026-07-04T19:25:00,Curvage title-count allocation,sale date,allocated daily title count,Daily title counts allocated to canonical Curvage daily gross/net by price-weighted unit share.
Curvage,Greedy girlfriend stuffs her face and vores you! 🤤🍔,Greedy girlfriend stuffs her face and vores you! 🤤🍔,56366,1,21.96,16.29,21.96,16.29,21.99,1,2025-02-01,2025-02-01,creator_analytics/manual_backfills/curvage_title_counts_all_time_2013-01-01_to_2026-07-04.csv,2026-07-04T19:25:00,Curvage title-count allocation,sale date,allocated daily title count,Daily title counts allocated to canonical Curvage daily gross/net by price-weighted unit share.
Curvage,New weigh-in and measurements! 😍,New weigh-in and measurements! 😍,56046,1,67.91,50.37,67.91,50.37,34.99,1,2025-02-02,2025-02-02,creator_analytics/manual_backfills/curvage_title_counts_all_time_2013-01-01_to_2026-07-04.csv,2026-07-04T19:25:00,Curvage title-count allocation,sale date,allocated daily title count,Daily title counts allocated to canonical Curvage daily gross/net by price-weighted unit share.
Curvage,Greedy girlfriend stuffs her face and vores you! 🤤🍔,Greedy girlfriend stuffs her face and vores you! 🤤🍔,56366,2,71.03,52.68,35.51,26.34,21.99,1,2025-02-04,2025-02-04,creator_analytics/manual_backfills/curvage_title_counts_all_time_2013-01-01_to_2026-07-04.csv,2026-07-04T19:25:00,Curvage title-count allocation,sale date,allocated daily title count,Daily title counts allocated to canonical Curvage daily gross/net by price-weighted unit share.
Curvage,My bloated belly and burps are so hot! 🤤,My bloated belly and burps are so hot! 🤤,53641,1,40.36,29.93,40.36,29.93,24.99,1,2025-02-04,2025-02-04,creator_analytics/manual_backfills/curvage_title_counts_all_time_2013-01-01_to_2026-07-04.csv,2026-07-04T19:25:00,Curvage title-count allocation,sale date,allocated daily title count,Daily title counts allocated to canonical Curvage daily gross/net by price-weighted unit share.
Curvage,New weigh-in and measurements! 😍,New weigh-in and measurements! 😍,56046,1,56.51,41.91,56.51,41.91,34.99,1,2025-02-04,2025-02-04,creator_analytics/manual_backfills/curvage_title_counts_all_time_2013-01-01_to_2026-07-04.csv,2026-07-04T19:25:00,Curvage title-count allocation,sale date,allocated daily title count,Daily title counts allocated to canonical Curvage daily gross/net by price-weighted unit share.
Curvage,Greedy girlfriend stuffs her face and vores you! 🤤🍔,Greedy girlfriend stuffs her face and vores you! 🤤🍔,56366,2,43.93,32.58,21.96,16.29,21.99,1,2025-02-06,2025-02-06,creator_analytics/manual_backfills/curvage_title_counts_all_time_2013-01-01_to_2026-07-04.csv,2026-07-04T19:25:00,Curvage title-count allocation,sale date,allocated daily title count,Daily title counts allocated to canonical Curvage daily gross/net by price-weighted unit share.
Curvage,Stuffing and making out with your feedee 🤤🍗,Stuffing and making out with your feedee 🤤🍗,48622,1,44.94,33.33,44.94,33.33,24.99,1,2025-02-07,2025-02-07,creator_analytics/manual_backfills/curvage_title_counts_all_time_2013-01-01_to_2026-07-04.csv,2026-07-04T19:25:00,Curvage title-count allocation,sale date,allocated daily title count,Daily title counts allocated to canonical Curvage daily gross/net by price-weighted unit share.
Curvage,Greedy girlfriend stuffs her face and vores you! 🤤🍔,Greedy girlfriend stuffs her face and vores you! 🤤🍔,56366,1,28.95,21.47,28.95,21.47,21.99,1,2025-02-08,2025-02-08,creator_analytics/manual_backfills/curvage_title_counts_all_time_2013-01-01_to_2026-07-04.csv,2026-07-04T19:25:00,Curvage title-count allocation,sale date,allocated daily title count,Daily title counts allocated to canonical Curvage daily gross/net by price-weighted unit share.
Curvage,Stuffing and making out with your feedee 🤤🍗,Stuffing and making out with your feedee 🤤🍗,48622,1,32.9,24.4,32.9,24.4,24.99,1,2025-02-08,2025-02-08,creator_analytics/manual_backfills/curvage_title_counts_all_time_2013-01-01_to_2026-07-04.csv,2026-07-04T19:25:00,Curvage title-count allocation,sale date,allocated daily title count,Daily title counts allocated to canonical Curvage daily gross/net by price-weighted unit share.
Curvage,Greedy girlfriend stuffs her face and vores you! 🤤🍔,Greedy girlfriend stuffs her face and vores you! 🤤🍔,56366,2,60.83,45.12,30.42,22.56,21.99,1,2025-02-09,2025-02-09,creator_analytics/manual_backfills/curvage_title_counts_all_time_2013-01-01_to_2026-07-04.csv,2026-07-04T19:25:00,Curvage title-count allocation,sale date,allocated daily title count,Daily title counts allocated to canonical Curvage daily gross/net by price-weighted unit share.
Curvage,New weigh-in and measurements! 😍,New weigh-in and measurements! 😍,56046,1,35.11,26.04,35.11,26.04,34.99,1,2025-02-11,2025-02-11,creator_analytics/manual_backfills/curvage_title_counts_all_time_2013-01-01_to_2026-07-04.csv,2026-07-04T19:25:00,Curvage title-count allocation,sale date,allocated daily title count,Daily title counts allocated to canonical Curvage daily gross/net by price-weighted unit share.
Curvage,New weigh-in and measurements! 😍,New weigh-in and measurements! 😍,56046,1,35.11,26.04,35.11,26.04,34.99,1,2025-02-12,2025-02-12,creator_analytics/manual_backfills/curvage_title_counts_all_time_2013-01-01_to_2026-07-04.csv,2026-07-04T19:25:00,Curvage title-count allocation,sale date,allocated daily title count,Daily title counts allocated to canonical Curvage daily gross/net by price-weighted unit share.
Curvage,Your Girlfriend Encourages Mutual Gain POV,Your Girlfriend Encourages Mutual Gain POV,55022,1,41.9,31.08,41.9,31.08,24.99,1,2025-02-14,2025-02-14,creator_analytics/manual_backfills/curvage_title_counts_all_time_2013-01-01_to_2026-07-04.csv,2026-07-04T19:25:00,Curvage title-count allocation,sale date,allocated daily title count,Daily title counts allocated to canonical Curvage daily gross/net by price-weighted unit share.
Curvage,New weigh-in and measurements! 😍,New weigh-in and measurements! 😍,56046,1,52.01,38.58,52.01,38.58,34.99,1,2025-02-16,2025-02-16,creator_analytics/manual_backfills/curvage_title_counts_all_time_2013-01-01_to_2026-07-04.csv,2026-07-04T19:25:00,Curvage title-count allocation,sale date,allocated daily title count,Daily title counts allocated to canonical Curvage daily gross/net by price-weighted unit share.
Curvage,Greedy girlfriend stuffs her face and vores you! 🤤🍔,Greedy girlfriend stuffs her face and vores you! 🤤🍔,56366,2,43.93,32.58,21.96,16.29,21.99,1,2025-02-17,2025-02-17,creator_analytics/manual_backfills/curvage_title_counts_all_time_2013-01-01_to_2026-07-04.csv,2026-07-04T19:25:00,Curvage title-count allocation,sale date,allocated daily title count,Daily title counts allocated to canonical Curvage daily gross/net by price-weighted unit share.
Curvage,Greedy girlfriend stuffs her face and vores you! 🤤🍔,Greedy girlfriend stuffs her face and vores you! 🤤🍔,56366,1,37.81,28.04,37.81,28.04,21.99,1,2025-02-18,2025-02-18,creator_analytics/manual_backfills/curvage_title_counts_all_time_2013-01-01_to_2026-07-04.csv,2026-07-04T19:25:00,Curvage title-count allocation,sale date,allocated daily title count,Daily title counts allocated to canonical Curvage daily gross/net by price-weighted unit share.
Curvage,Stuffing and making out with your feedee 🤤🍗,Stuffing and making out with your feedee 🤤🍗,48622,1,42.97,31.87,42.97,31.87,24.99,1,2025-02-18,2025-02-18,creator_analytics/manual_backfills/curvage_title_counts_all_time_2013-01-01_to_2026-07-04.csv,2026-07-04T19:25:00,Curvage title-count allocation,sale date,allocated daily title count,Daily title counts allocated to canonical Curvage daily gross/net by price-weighted unit share.
Curvage,Your Girlfriend Encourages Mutual Gain POV,Your Girlfriend Encourages Mutual Gain POV,55022,1,177.44,131.61,177.44,131.61,24.99,1,2025-02-19,2025-02-19,creator_analytics/manual_backfills/curvage_title_counts_all_time_2013-01-01_to_2026-07-04.csv,2026-07-04T19:25:00,Curvage title-count allocation,sale date,allocated daily title count,Daily title counts allocated to canonical Curvage daily gross/net by price-weighted unit share.
Curvage,Stuffing and making out with your feedee 🤤🍗,Stuffing and making out with your feedee 🤤🍗,48622,1,200.41,148.65,200.41,148.65,24.99,1,2025-02-20,2025-02-20,creator_analytics/manual_backfills/curvage_title_counts_all_time_2013-01-01_to_2026-07-04.csv,2026-07-04T19:25:00,Curvage title-count allocation,sale date,allocated daily title count,Daily title counts allocated to canonical Curvage daily gross/net by price-weighted unit share.
Curvage,Greedy girlfriend stuffs her face and vores you! 🤤🍔,Greedy girlfriend stuffs her face and vores you! 🤤🍔,56366,1,27.37,20.3,27.37,20.3,21.99,1,2025-02-22,2025-02-22,creator_analytics/manual_backfills/curvage_title_counts_all_time_2013-01-01_to_2026-07-04.csv,2026-07-04T19:25:00,Curvage title-count allocation,sale date,allocated daily title count,Daily title counts allocated to canonical Curvage daily gross/net by price-weighted unit share.
Curvage,New weigh-in and measurements! 😍,New weigh-in and measurements! 😍,56046,1,43.54,32.3,43.54,32.3,34.99,1,2025-02-22,2025-02-22,creator_analytics/manual_backfills/curvage_title_counts_all_time_2013-01-01_to_2026-07-04.csv,2026-07-04T19:25:00,Curvage title-count allocation,sale date,allocated daily title count,Daily title counts allocated to canonical Curvage daily gross/net by price-weighted unit share.
Curvage,Your Girlfriend Encourages Mutual Gain POV,Your Girlfriend Encourages Mutual Gain POV,55022,1,31.1,23.07,31.1,23.07,24.99,1,2025-02-22,2025-02-22,creator_analytics/manual_backfills/curvage_title_counts_all_time_2013-01-01_to_2026-07-04.csv,2026-07-04T19:25:00,Curvage title-count allocation,sale date,allocated daily title count,Daily title counts allocated to canonical Curvage daily gross/net by price-weighted unit share.
Curvage,Stuffing and making out with your feedee 🤤🍗,Stuffing and making out with your feedee 🤤🍗,48622,1,44.94,33.33,44.94,33.33,24.99,1,2025-02-27,2025-02-27,creator_analytics/manual_backfills/curvage_title_counts_all_time_2013-01-01_to_2026-07-04.csv,2026-07-04T19:25:00,Curvage title-count allocation,sale date,allocated daily title count,Daily title counts allocated to canonical Curvage daily gross/net by price-weighted unit share.
Curvage,Your Girlfriend Encourages Mutual Gain POV,Your Girlfriend Encourages Mutual Gain POV,55022,2,83.81,62.16,41.9,31.08,24.99,1,2025-03-01,2025-03-01,creator_analytics/manual_backfills/curvage_title_counts_all_time_2013-01-01_to_2026-07-04.csv,2026-07-04T19:25:00,Curvage title-count allocation,sale date,allocated daily title count,Daily title counts allocated to canonical Curvage daily gross/net by price-weighted unit share.
Curvage,New weigh-in and measurements! 😍,New weigh-in and measurements! 😍,56046,1,83.95,62.27,83.95,62.27,34.99,1,2025-03-02,2025-03-02,creator_analytics/manual_backfills/curvage_title_counts_all_time_2013-01-01_to_2026-07-04.csv,2026-07-04T19:25:00,Curvage title-count allocation,sale date,allocated daily title count,Daily title counts allocated to canonical Curvage daily gross/net by price-weighted unit share.
Curvage,Stuffing and making out with your feedee 🤤🍗,Stuffing and making out with your feedee 🤤🍗,48622,1,59.96,44.47,59.96,44.47,24.99,1,2025-03-02,2025-03-02,creator_analytics/manual_backfills/curvage_title_counts_all_time_2013-01-01_to_2026-07-04.csv,2026-07-04T19:25:00,Curvage title-count allocation,sale date,allocated daily title count,Daily title counts allocated to canonical Curvage daily gross/net by price-weighted unit share.
Curvage,Watch my fat jiggle while I struggle to work out! 😅💪,Watch my fat jiggle while I struggle to work out! 😅💪,45396,1,30.5,22.62,30.5,22.62,12.99,1,2025-03-03,2025-03-03,creator_analytics/manual_backfills/curvage_title_counts_all_time_2013-01-01_to_2026-07-04.csv,2026-07-04T19:25:00,Curvage title-count allocation,sale date,allocated daily title count,Daily title counts allocated to canonical Curvage daily gross/net by price-weighted unit share.
Curvage,Greedy girlfriend stuffs her face and vores you! 🤤🍔,Greedy girlfriend stuffs her face and vores you! 🤤🍔,56366,1,41.9,31.08,41.9,31.08,21.99,1,2025-03-04,2025-03-04,creator_analytics/manual_backfills/curvage_title_counts_all_time_2013-01-01_to_2026-07-04.csv,2026-07-04T19:25:00,Curvage title-count allocation,sale date,allocated daily title count,Daily title counts allocated to canonical Curvage daily gross/net by price-weighted unit share.
Curvage,Greedy girlfriend stuffs her face and vores you! 🤤🍔,Greedy girlfriend stuffs her face and vores you! 🤤🍔,56366,1,21.98,16.3,21.98,16.3,21.99,1,2025-03-10,2025-03-10,creator_analytics/manual_backfills/curvage_title_counts_all_time_2013-01-01_to_2026-07-04.csv,2026-07-04T19:25:00,Curvage title-count allocation,sale date,allocated daily title count,Daily title counts allocated to canonical Curvage daily gross/net by price-weighted unit share.
Curvage,New weigh-in and measurements! 😍,New weigh-in and measurements! 😍,56046,1,34.97,25.94,34.97,25.94,34.99,1,2025-03-10,2025-03-10,creator_analytics/manual_backfills/curvage_title_counts_all_time_2013-01-01_to_2026-07-04.csv,2026-07-04T19:25:00,Curvage title-count allocation,sale date,allocated daily title count,Daily title counts allocated to canonical Curvage daily gross/net by price-weighted unit share.
Curvage,Watch my fat jiggle while I struggle to work out! 😅💪,Watch my fat jiggle while I struggle to work out! 😅💪,45396,1,12.98,9.63,12.98,9.63,12.99,1,2025-03-10,2025-03-10,creator_analytics/manual_backfills/curvage_title_counts_all_time_2013-01-01_to_2026-07-04.csv,2026-07-04T19:25:00,Curvage title-count allocation,sale date,allocated daily title count,Daily title counts allocated to canonical Curvage daily gross/net by price-weighted unit share.
Curvage,Greedy girlfriend stuffs her face and vores you! 🤤🍔,Greedy girlfriend stuffs her face and vores you! 🤤🍔,56366,1,43.93,32.58,43.93,32.58,21.99,1,2025-03-11,2025-03-11,creator_analytics/manual_backfills/curvage_title_counts_all_time_2013-01-01_to_2026-07-04.csv,2026-07-04T19:25:00,Curvage title-count allocation,sale date,allocated daily title count,Daily title counts allocated to canonical Curvage daily gross/net by price-weighted unit share.
Curvage,New weigh-in and measurements! 😍,New weigh-in and measurements! 😍,56046,1,55.05,40.83,55.05,40.83,34.99,1,2025-03-12,2025-03-12,creator_analytics/manual_backfills/curvage_title_counts_all_time_2013-01-01_to_2026-07-04.csv,2026-07-04T19:25:00,Curvage title-count allocation,sale date,allocated daily title count,Daily title counts allocated to canonical Curvage daily gross/net by price-weighted unit share.
Curvage,Stuffing My Face After Hitting the Gym! 🍔🥤,Stuffing My Face After Hitting the Gym! 🍔🥤,58749,3,93.63,69.45,31.21,23.15,19.99,1,2025-03-13,2025-03-13,creator_analytics/manual_backfills/curvage_title_counts_all_time_2013-01-01_to_2026-07-04.csv,2026-07-04T19:25:00,Curvage title-count allocation,sale date,allocated daily title count,Daily title counts allocated to canonical Curvage daily gross/net by price-weighted unit share.
Curvage,My bloated belly and burps are so hot! 🤤,My bloated belly and burps are so hot! 🤤,53641,1,30.33,22.49,30.33,22.49,24.99,1,2025-03-14,2025-03-14,creator_analytics/manual_backfills/curvage_title_counts_all_time_2013-01-01_to_2026-07-04.csv,2026-07-04T19:25:00,Curvage title-count allocation,sale date,allocated daily title count,Daily title counts allocated to canonical Curvage daily gross/net by price-weighted unit share.
Curvage,Stuffing My Face After Hitting the Gym! 🍔🥤,Stuffing My Face After Hitting the Gym! 🍔🥤,58749,8,194.07,143.95,24.26,17.99,19.99,1,2025-03-14,2025-03-14,creator_analytics/manual_backfills/curvage_title_counts_all_time_2013-01-01_to_2026-07-04.csv,2026-07-04T19:25:00,Curvage title-count allocation,sale date,allocated daily title count,Daily title counts allocated to canonical Curvage daily gross/net by price-weighted unit share.
Curvage,Stuffing My Face After Hitting the Gym! 🍔🥤,Stuffing My Face After Hitting the Gym! 🍔🥤,58749,4,100.39,74.46,25.1,18.62,19.99,1,2025-03-15,2025-03-15,creator_analytics/manual_backfills/curvage_title_counts_all_time_2013-01-01_to_2026-07-04.csv,2026-07-04T19:25:00,Curvage title-count allocation,sale date,allocated daily title count,Daily title counts allocated to canonical Curvage daily gross/net by price-weighted unit share.
Curvage,Thanksgiving stuffing and a cigarette! 🦃🚬,Thanksgiving stuffing and a cigarette! 🦃🚬,54801,2,75.31,55.86,37.65,27.93,29.99,1,2025-03-15,2025-03-15,creator_analytics/manual_backfills/curvage_title_counts_all_time_2013-01-01_to_2026-07-04.csv,2026-07-04T19:25:00,Curvage title-count allocation,sale date,allocated daily title count,Daily title counts allocated to canonical Curvage daily gross/net by price-weighted unit share.
Curvage,Stuffing My Face After Hitting the Gym! 🍔🥤,Stuffing My Face After Hitting the Gym! 🍔🥤,58749,1,126.44,93.78,126.44,93.78,19.99,1,2025-03-16,2025-03-16,creator_analytics/manual_backfills/curvage_title_counts_all_time_2013-01-01_to_2026-07-04.csv,2026-07-04T19:25:00,Curvage title-count allocation,sale date,allocated daily title count,Daily title counts allocated to canonical Curvage daily gross/net by price-weighted unit share.
Curvage,Greedy girlfriend stuffs her face and vores you! 🤤🍔,Greedy girlfriend stuffs her face and vores you! 🤤🍔,56366,1,98.69,73.2,98.69,73.2,21.99,1,2025-03-17,2025-03-17,creator_analytics/manual_backfills/curvage_title_counts_all_time_2013-01-01_to_2026-07-04.csv,2026-07-04T19:25:00,Curvage title-count allocation,sale date,allocated daily title count,Daily title counts allocated to canonical Curvage daily gross/net by price-weighted unit share.
Curvage,Horny SSBBW Succubus Grows for Your Cum POV,Horny SSBBW Succubus Grows for Your Cum POV,44086,1,29.41,21.82,29.41,21.82,14.99,1,2025-03-18,2025-03-18,creator_analytics/manual_backfills/curvage_title_counts_all_time_2013-01-01_to_2026-07-04.csv,2026-07-04T19:25:00,Curvage title-count allocation,sale date,allocated daily title count,Daily title counts allocated to canonical Curvage daily gross/net by price-weighted unit share.
Curvage,Stuffing My Face After Hitting the Gym! 🍔🥤,Stuffing My Face After Hitting the Gym! 🍔🥤,58749,1,39.22,29.09,39.22,29.09,19.99,1,2025-03-18,2025-03-18,creator_analytics/manual_backfills/curvage_title_counts_all_time_2013-01-01_to_2026-07-04.csv,2026-07-04T19:25:00,Curvage title-count allocation,sale date,allocated daily title count,Daily title counts allocated to canonical Curvage daily gross/net by price-weighted unit share.
Curvage,Stuffing My Face After Hitting the Gym! 🍔🥤,Stuffing My Face After Hitting the Gym! 🍔🥤,58749,1,19.94,14.79,19.94,14.79,19.99,1,2025-03-19,2025-03-19,creator_analytics/manual_backfills/curvage_title_counts_all_time_2013-01-01_to_2026-07-04.csv,2026-07-04T19:25:00,Curvage title-count allocation,sale date,allocated daily title count,Daily title counts allocated to canonical Curvage daily gross/net by price-weighted unit share.
Curvage,Greedy girlfriend stuffs her face and vores you! 🤤🍔,Greedy girlfriend stuffs her face and vores you! 🤤🍔,56366,1,21.95,16.28,21.95,16.28,21.99,1,2025-03-20,2025-03-20,creator_analytics/manual_backfills/curvage_title_counts_all_time_2013-01-01_to_2026-07-04.csv,2026-07-04T19:25:00,Curvage title-count allocation,sale date,allocated daily title count,Daily title counts allocated to canonical Curvage daily gross/net by price-weighted unit share.
Curvage,Stuffing My Face After Hitting the Gym! 🍔🥤,Stuffing My Face After Hitting the Gym! 🍔🥤,58749,1,19.95,14.8,19.95,14.8,19.99,1,2025-03-20,2025-03-20,creator_analytics/manual_backfills/curvage_title_counts_all_time_2013-01-01_to_2026-07-04.csv,2026-07-04T19:25:00,Curvage title-count allocation,sale date,allocated daily title count,Daily title counts allocated to canonical Curvage daily gross/net by price-weighted unit share.
Curvage,Greedy girlfriend stuffs her face and vores you! 🤤🍔,Greedy girlfriend stuffs her face and vores you! 🤤🍔,56366,1,25.66,19.04,25.66,19.04,21.99,1,2025-03-21,2025-03-21,creator_analytics/manual_backfills/curvage_title_counts_all_time_2013-01-01_to_2026-07-04.csv,2026-07-04T19:25:00,Curvage title-count allocation,sale date,allocated daily title count,Daily title counts allocated to canonical Curvage daily gross/net by price-weighted unit share.
Curvage,Stuffing My Face After Hitting the Gym! 🍔🥤,Stuffing My Face After Hitting the Gym! 🍔🥤,58749,3,69.99,51.91,23.33,17.3,19.99,1,2025-03-21,2025-03-21,creator_analytics/manual_backfills/curvage_title_counts_all_time_2013-01-01_to_2026-07-04.csv,2026-07-04T19:25:00,Curvage title-count allocation,sale date,allocated daily title count,Daily title counts allocated to canonical Curvage daily gross/net by price-weighted unit share.
Curvage,Greedy girlfriend stuffs her face and vores you! 🤤🍔,Greedy girlfriend stuffs her face and vores you! 🤤🍔,56366,1,21.98,16.3,21.98,16.3,21.99,1,2025-03-23,2025-03-23,creator_analytics/manual_backfills/curvage_title_counts_all_time_2013-01-01_to_2026-07-04.csv,2026-07-04T19:25:00,Curvage title-count allocation,sale date,allocated daily title count,Daily title counts allocated to canonical Curvage daily gross/net by price-weighted unit share.
Curvage,Your Girlfriend Encourages Mutual Gain POV,Your Girlfriend Encourages Mutual Gain POV,55022,1,24.98,18.53,24.98,18.53,24.99,1,2025-03-23,2025-03-23,creator_analytics/manual_backfills/curvage_title_counts_all_time_2013-01-01_to_2026-07-04.csv,2026-07-04T19:25:00,Curvage title-count allocation,sale date,allocated daily title count,Daily title counts allocated to canonical Curvage daily gross/net by price-weighted unit share.
Curvage,Get me pregnant and make me grow! 🤰😍,Get me pregnant and make me grow! 🤰😍,49011,3,71.75,53.22,23.92,17.74,12.99,1,2025-03-24,2025-03-24,creator_analytics/manual_backfills/curvage_title_counts_all_time_2013-01-01_to_2026-07-04.csv,2026-07-04T19:25:00,Curvage title-count allocation,sale date,allocated daily title count,Daily title counts allocated to canonical Curvage daily gross/net by price-weighted unit share.
Curvage,Greedy girlfriend stuffs her face and vores you! 🤤🍔,Greedy girlfriend stuffs her face and vores you! 🤤🍔,56366,2,80.97,60.06,40.49,30.03,21.99,1,2025-03-24,2025-03-24,creator_analytics/manual_backfills/curvage_title_counts_all_time_2013-01-01_to_2026-07-04.csv,2026-07-04T19:25:00,Curvage title-count allocation,sale date,allocated daily title count,Daily title counts allocated to canonical Curvage daily gross/net by price-weighted unit share.
Curvage,Thanksgiving stuffing and a cigarette! 🦃🚬,Thanksgiving stuffing and a cigarette! 🦃🚬,54801,1,55.22,40.95,55.22,40.95,29.99,1,2025-03-24,2025-03-24,creator_analytics/manual_backfills/curvage_title_counts_all_time_2013-01-01_to_2026-07-04.csv,2026-07-04T19:25:00,Curvage title-count allocation,sale date,allocated daily title count,Daily title counts allocated to canonical Curvage daily gross/net by price-weighted unit share.
Curvage,Stuffing My Face After Hitting the Gym! 🍔🥤,Stuffing My Face After Hitting the Gym! 🍔🥤,58749,1,40.71,30.2,40.71,30.2,19.99,1,2025-03-26,2025-03-26,creator_analytics/manual_backfills/curvage_title_counts_all_time_2013-01-01_to_2026-07-04.csv,2026-07-04T19:25:00,Curvage title-count allocation,sale date,allocated daily title count,Daily title counts allocated to canonical Curvage daily gross/net by price-weighted unit share.
Curvage,Your Girlfriend Encourages Mutual Gain POV,Your Girlfriend Encourages Mutual Gain POV,55022,1,50.9,37.75,50.9,37.75,24.99,1,2025-03-26,2025-03-26,creator_analytics/manual_backfills/curvage_title_counts_all_time_2013-01-01_to_2026-07-04.csv,2026-07-04T19:25:00,Curvage title-count allocation,sale date,allocated daily title count,Daily title counts allocated to canonical Curvage daily gross/net by price-weighted unit share.
Curvage,Sexy fatty gobbles a dozen ice cream sandwiches!,Sexy fatty gobbles a dozen ice cream sandwiches!,33057,1,15.73,11.67,15.73,11.67,8.99,1,2025-03-28,2025-03-28,creator_analytics/manual_backfills/curvage_title_counts_all_time_2013-01-01_to_2026-07-04.csv,2026-07-04T19:25:00,Curvage title-count allocation,sale date,allocated daily title count,Daily title counts allocated to canonical Curvage daily gross/net by price-weighted unit share.
Curvage,Stuffing My Face After Hitting the Gym! 🍔🥤,Stuffing My Face After Hitting the Gym! 🍔🥤,58749,1,34.99,25.95,34.99,25.95,19.99,1,2025-03-28,2025-03-28,creator_analytics/manual_backfills/curvage_title_counts_all_time_2013-01-01_to_2026-07-04.csv,2026-07-04T19:25:00,Curvage title-count allocation,sale date,allocated daily title count,Daily title counts allocated to canonical Curvage daily gross/net by price-weighted unit share.
Curvage,New weigh-in and measurements! 😍,New weigh-in and measurements! 😍,56046,1,45.95,34.08,45.95,34.08,34.99,1,2025-03-31,2025-03-31,creator_analytics/manual_backfills/curvage_title_counts_all_time_2013-01-01_to_2026-07-04.csv,2026-07-04T19:25:00,Curvage title-count allocation,sale date,allocated daily title count,Daily title counts allocated to canonical Curvage daily gross/net by price-weighted unit share.
Curvage,Stuffing My Face After Hitting the Gym! 🍔🥤,Stuffing My Face After Hitting the Gym! 🍔🥤,58749,1,48.66,36.09,48.66,36.09,19.99,1,2025-04-01,2025-04-01,creator_analytics/manual_backfills/curvage_title_counts_all_time_2013-01-01_to_2026-07-04.csv,2026-07-04T19:25:00,Curvage title-count allocation,sale date,allocated daily title count,Daily title counts allocated to canonical Curvage daily gross/net by price-weighted unit share.
Curvage,Thanksgiving stuffing and a cigarette! 🦃🚬,Thanksgiving stuffing and a cigarette! 🦃🚬,54801,1,73.0,54.15,73.0,54.15,29.99,1,2025-04-01,2025-04-01,creator_analytics/manual_backfills/curvage_title_counts_all_time_2013-01-01_to_2026-07-04.csv,2026-07-04T19:25:00,Curvage title-count allocation,sale date,allocated daily title count,Daily title counts allocated to canonical Curvage daily gross/net by price-weighted unit share.
Curvage,Stuffing My Face After Hitting the Gym! 🍔🥤,Stuffing My Face After Hitting the Gym! 🍔🥤,58749,1,48.7,36.12,48.7,36.12,19.99,1,2025-04-02,2025-04-02,creator_analytics/manual_backfills/curvage_title_counts_all_time_2013-01-01_to_2026-07-04.csv,2026-07-04T19:25:00,Curvage title-count allocation,sale date,allocated daily title count,Daily title counts allocated to canonical Curvage daily gross/net by price-weighted unit share.
Curvage,Stuffing and making out with your feedee 🤤🍗,Stuffing and making out with your feedee 🤤🍗,48622,1,94.36,69.99,94.36,69.99,24.99,1,2025-04-03,2025-04-03,creator_analytics/manual_backfills/curvage_title_counts_all_time_2013-01-01_to_2026-07-04.csv,2026-07-04T19:25:00,Curvage title-count allocation,sale date,allocated daily title count,Daily title counts allocated to canonical Curvage daily gross/net by price-weighted unit share.
Curvage,Greedy girlfriend stuffs her face and vores you! 🤤🍔,Greedy girlfriend stuffs her face and vores you! 🤤🍔,56366,1,31.08,23.05,31.08,23.05,21.99,1,2025-04-05,2025-04-05,creator_analytics/manual_backfills/curvage_title_counts_all_time_2013-01-01_to_2026-07-04.csv,2026-07-04T19:25:00,Curvage title-count allocation,sale date,allocated daily title count,Daily title counts allocated to canonical Curvage daily gross/net by price-weighted unit share.
Curvage,Stuffing and making out with your feedee 🤤🍗,Stuffing and making out with your feedee 🤤🍗,48622,1,35.32,26.2,35.32,26.2,24.99,1,2025-04-05,2025-04-05,creator_analytics/manual_backfills/curvage_title_counts_all_time_2013-01-01_to_2026-07-04.csv,2026-07-04T19:25:00,Curvage title-count allocation,sale date,allocated daily title count,Daily title counts allocated to canonical Curvage daily gross/net by price-weighted unit share.
Curvage,Your Girlfriend Encourages Mutual Gain POV,Your Girlfriend Encourages Mutual Gain POV,55022,1,35.32,26.2,35.32,26.2,24.99,1,2025-04-05,2025-04-05,creator_analytics/manual_backfills/curvage_title_counts_all_time_2013-01-01_to_2026-07-04.csv,2026-07-04T19:25:00,Curvage title-count allocation,sale date,allocated daily title count,Daily title counts allocated to canonical Curvage daily gross/net by price-weighted unit share.
Curvage,Stuffing My Face After Hitting the Gym! 🍔🥤,Stuffing My Face After Hitting the Gym! 🍔🥤,58749,1,19.94,14.79,19.94,14.79,19.99,1,2025-04-06,2025-04-06,creator_analytics/manual_backfills/curvage_title_counts_all_time_2013-01-01_to_2026-07-04.csv,2026-07-04T19:25:00,Curvage title-count allocation,sale date,allocated daily title count,Daily title counts allocated to canonical Curvage daily gross/net by price-weighted unit share.
Curvage,Greedy girlfriend stuffs her face and vores you! 🤤🍔,Greedy girlfriend stuffs her face and vores you! 🤤🍔,56366,1,32.39,24.03,32.39,24.03,21.99,1,2025-04-08,2025-04-08,creator_analytics/manual_backfills/curvage_title_counts_all_time_2013-01-01_to_2026-07-04.csv,2026-07-04T19:25:00,Curvage title-count allocation,sale date,allocated daily title count,Daily title counts allocated to canonical Curvage daily gross/net by price-weighted unit share.
Curvage,Stuffing My Face After Hitting the Gym! 🍔🥤,Stuffing My Face After Hitting the Gym! 🍔🥤,58749,1,29.45,21.84,29.45,21.84,19.99,1,2025-04-08,2025-04-08,creator_analytics/manual_backfills/curvage_title_counts_all_time_2013-01-01_to_2026-07-04.csv,2026-07-04T19:25:00,Curvage title-count allocation,sale date,allocated daily title count,Daily title counts allocated to canonical Curvage daily gross/net by price-weighted unit share.
Curvage,My bloated belly and burps are so hot! 🤤,My bloated belly and burps are so hot! 🤤,53641,1,38.87,28.83,38.87,28.83,24.99,1,2025-04-10,2025-04-10,creator_analytics/manual_backfills/curvage_title_counts_all_time_2013-01-01_to_2026-07-04.csv,2026-07-04T19:25:00,Curvage title-count allocation,sale date,allocated daily title count,Daily title counts allocated to canonical Curvage daily gross/net by price-weighted unit share.
Curvage,Stuffing My Face After Hitting the Gym! 🍔🥤,Stuffing My Face After Hitting the Gym! 🍔🥤,58749,1,19.94,14.79,19.94,14.79,19.99,1,2025-04-12,2025-04-12,creator_analytics/manual_backfills/curvage_title_counts_all_time_2013-01-01_to_2026-07-04.csv,2026-07-04T19:25:00,Curvage title-count allocation,sale date,allocated daily title count,Daily title counts allocated to canonical Curvage daily gross/net by price-weighted unit share.
Curvage,Stuffing in the Car Until I'm Stuck! 🚙🍟,Stuffing in the Car Until I'm Stuck! 🚙🍟,59966,9,281.69,208.93,31.3,23.21,28.99,1,2025-04-15,2025-04-15,creator_analytics/manual_backfills/curvage_title_counts_all_time_2013-01-01_to_2026-07-04.csv,2026-07-04T19:25:00,Curvage title-count allocation,sale date,allocated daily title count,Daily title counts allocated to canonical Curvage daily gross/net by price-weighted unit share.
Curvage,Stuffing My Face After Hitting the Gym! 🍔🥤,Stuffing My Face After Hitting the Gym! 🍔🥤,58749,1,21.58,16.01,21.58,16.01,19.99,1,2025-04-15,2025-04-15,creator_analytics/manual_backfills/curvage_title_counts_all_time_2013-01-01_to_2026-07-04.csv,2026-07-04T19:25:00,Curvage title-count allocation,sale date,allocated daily title count,Daily title counts allocated to canonical Curvage daily gross/net by price-weighted unit share.
Curvage,Greedy girlfriend stuffs her face and vores you! 🤤🍔,Greedy girlfriend stuffs her face and vores you! 🤤🍔,56366,1,26.83,19.9,26.83,19.9,21.99,1,2025-04-16,2025-04-16,creator_analytics/manual_backfills/curvage_title_counts_all_time_2013-01-01_to_2026-07-04.csv,2026-07-04T19:25:00,Curvage title-count allocation,sale date,allocated daily title count,Daily title counts allocated to canonical Curvage daily gross/net by price-weighted unit share.
Curvage,Stuffing in the Car Until I'm Stuck! 🚙🍟,Stuffing in the Car Until I'm Stuck! 🚙🍟,59966,13,459.79,341.03,35.37,26.23,28.99,1,2025-04-16,2025-04-16,creator_analytics/manual_backfills/curvage_title_counts_all_time_2013-01-01_to_2026-07-04.csv,2026-07-04T19:25:00,Curvage title-count allocation,sale date,allocated daily title count,Daily title counts allocated to canonical Curvage daily gross/net by price-weighted unit share.
Curvage,Greedy girlfriend stuffs her face and vores you! 🤤🍔,Greedy girlfriend stuffs her face and vores you! 🤤🍔,56366,1,23.78,17.64,23.78,17.64,21.99,1,2025-04-17,2025-04-17,creator_analytics/manual_backfills/curvage_title_counts_all_time_2013-01-01_to_2026-07-04.csv,2026-07-04T19:25:00,Curvage title-count allocation,sale date,allocated daily title count,Daily title counts allocated to canonical Curvage daily gross/net by price-weighted unit share.
Curvage,Stuffing in the Car Until I'm Stuck! 🚙🍟,Stuffing in the Car Until I'm Stuck! 🚙🍟,59966,3,94.06,69.77,31.35,23.25,28.99,1,2025-04-17,2025-04-17,creator_analytics/manual_backfills/curvage_title_counts_all_time_2013-01-01_to_2026-07-04.csv,2026-07-04T19:25:00,Curvage title-count allocation,sale date,allocated daily title count,Daily title counts allocated to canonical Curvage daily gross/net by price-weighted unit share.
Curvage,Stuffing tacos makes me burp and fart! 🌮💨,Stuffing tacos makes me burp and fart! 🌮💨,60064,1,37.84,28.07,37.84,28.07,34.99,1,2025-04-17,2025-04-17,creator_analytics/manual_backfills/curvage_title_counts_all_time_2013-01-01_to_2026-07-04.csv,2026-07-04T19:25:00,Curvage title-count allocation,sale date,allocated daily title count,Daily title counts allocated to canonical Curvage daily gross/net by price-weighted unit share.
Curvage,Thanksgiving stuffing and a cigarette! 🦃🚬,Thanksgiving stuffing and a cigarette! 🦃🚬,54801,1,32.43,24.06,32.43,24.06,29.99,1,2025-04-17,2025-04-17,creator_analytics/manual_backfills/curvage_title_counts_all_time_2013-01-01_to_2026-07-04.csv,2026-07-04T19:25:00,Curvage title-count allocation,sale date,allocated daily title count,Daily title counts allocated to canonical Curvage daily gross/net by price-weighted unit share.
Curvage,Stuffing in the Car Until I'm Stuck! 🚙🍟,Stuffing in the Car Until I'm Stuck! 🚙🍟,59966,3,90.45,67.09,30.15,22.36,28.99,1,2025-04-18,2025-04-18,creator_analytics/manual_backfills/curvage_title_counts_all_time_2013-01-01_to_2026-07-04.csv,2026-07-04T19:25:00,Curvage title-count allocation,sale date,allocated daily title count,Daily title counts allocated to canonical Curvage daily gross/net by price-weighted unit share.
Curvage,Stuffing tacos makes me burp and fart! 🌮💨,Stuffing tacos makes me burp and fart! 🌮💨,60064,9,327.52,242.93,36.39,26.99,34.99,1,2025-04-18,2025-04-18,creator_analytics/manual_backfills/curvage_title_counts_all_time_2013-01-01_to_2026-07-04.csv,2026-07-04T19:25:00,Curvage title-count allocation,sale date,allocated daily title count,Daily title counts allocated to canonical Curvage daily gross/net by price-weighted unit share.
Curvage,Stuffing in the Car Until I'm Stuck! 🚙🍟,Stuffing in the Car Until I'm Stuck! 🚙🍟,59966,1,42.94,31.85,42.94,31.85,28.99,1,2025-04-19,2025-04-19,creator_analytics/manual_backfills/curvage_title_counts_all_time_2013-01-01_to_2026-07-04.csv,2026-07-04T19:25:00,Curvage title-count allocation,sale date,allocated daily title count,Daily title counts allocated to canonical Curvage daily gross/net by price-weighted unit share.
Curvage,Stuffing tacos makes me burp and fart! 🌮💨,Stuffing tacos makes me burp and fart! 🌮💨,60064,4,207.3,153.76,51.83,38.44,34.99,1,2025-04-19,2025-04-19,creator_analytics/manual_backfills/curvage_title_counts_all_time_2013-01-01_to_2026-07-04.csv,2026-07-04T19:25:00,Curvage title-count allocation,sale date,allocated daily title count,Daily title counts allocated to canonical Curvage daily gross/net by price-weighted unit share.
Curvage,Stuffing in the Car Until I'm Stuck! 🚙🍟,Stuffing in the Car Until I'm Stuck! 🚙🍟,59966,1,52.96,39.28,52.96,39.28,28.99,1,2025-04-20,2025-04-20,creator_analytics/manual_backfills/curvage_title_counts_all_time_2013-01-01_to_2026-07-04.csv,2026-07-04T19:25:00,Curvage title-count allocation,sale date,allocated daily title count,Daily title counts allocated to canonical Curvage daily gross/net by price-weighted unit share.
Curvage,Stuffing tacos makes me burp and fart! 🌮💨,Stuffing tacos makes me burp and fart! 🌮💨,60064,1,63.93,47.42,63.93,47.42,34.99,1,2025-04-20,2025-04-20,creator_analytics/manual_backfills/curvage_title_counts_all_time_2013-01-01_to_2026-07-04.csv,2026-07-04T19:25:00,Curvage title-count allocation,sale date,allocated daily title count,Daily title counts allocated to canonical Curvage daily gross/net by price-weighted unit share.
Curvage,Stuffing My Face After Hitting the Gym! 🍔🥤,Stuffing My Face After Hitting the Gym! 🍔🥤,58749,1,32.65,24.22,32.65,24.22,19.99,1,2025-04-21,2025-04-21,creator_analytics/manual_backfills/curvage_title_counts_all_time_2013-01-01_to_2026-07-04.csv,2026-07-04T19:25:00,Curvage title-count allocation,sale date,allocated daily title count,Daily title counts allocated to canonical Curvage daily gross/net by price-weighted unit share.
Curvage,Stuffing tacos makes me burp and fart! 🌮💨,Stuffing tacos makes me burp and fart! 🌮💨,60064,2,114.29,84.77,57.15,42.39,34.99,1,2025-04-21,2025-04-21,creator_analytics/manual_backfills/curvage_title_counts_all_time_2013-01-01_to_2026-07-04.csv,2026-07-04T19:25:00,Curvage title-count allocation,sale date,allocated daily title count,Daily title counts allocated to canonical Curvage daily gross/net by price-weighted unit share.
Curvage,Greedy girlfriend stuffs her face and vores you! 🤤🍔,Greedy girlfriend stuffs her face and vores you! 🤤🍔,56366,1,24.47,18.15,24.47,18.15,21.99,1,2025-04-22,2025-04-22,creator_analytics/manual_backfills/curvage_title_counts_all_time_2013-01-01_to_2026-07-04.csv,2026-07-04T19:25:00,Curvage title-count allocation,sale date,allocated daily title count,Daily title counts allocated to canonical Curvage daily gross/net by price-weighted unit share.
Curvage,Sexy fatty gobbles a dozen ice cream sandwiches!,Sexy fatty gobbles a dozen ice cream sandwiches!,33057,1,10.01,7.42,10.01,7.42,8.99,1,2025-04-22,2025-04-22,creator_analytics/manual_backfills/curvage_title_counts_all_time_2013-01-01_to_2026-07-04.csv,2026-07-04T19:25:00,Curvage title-count allocation,sale date,allocated daily title count,Daily title counts allocated to canonical Curvage daily gross/net by price-weighted unit share.
Curvage,Stuffing in the Car Until I'm Stuck! 🚙🍟,Stuffing in the Car Until I'm Stuck! 🚙🍟,59966,1,32.27,23.93,32.27,23.93,28.99,1,2025-04-22,2025-04-22,creator_analytics/manual_backfills/curvage_title_counts_all_time_2013-01-01_to_2026-07-04.csv,2026-07-04T19:25:00,Curvage title-count allocation,sale date,allocated daily title count,Daily title counts allocated to canonical Curvage daily gross/net by price-weighted unit share.
Curvage,Stuffing My Face After Hitting the Gym! 🍔🥤,Stuffing My Face After Hitting the Gym! 🍔🥤,58749,1,22.25,16.5,22.25,16.5,19.99,1,2025-04-22,2025-04-22,creator_analytics/manual_backfills/curvage_title_counts_all_time_2013-01-01_to_2026-07-04.csv,2026-07-04T19:25:00,Curvage title-count allocation,sale date,allocated daily title count,Daily title counts allocated to canonical Curvage daily gross/net by price-weighted unit share.
Curvage,Stuffing tacos makes me burp and fart! 🌮💨,Stuffing tacos makes me burp and fart! 🌮💨,60064,2,77.89,57.77,38.94,28.89,34.99,1,2025-04-22,2025-04-22,creator_analytics/manual_backfills/curvage_title_counts_all_time_2013-01-01_to_2026-07-04.csv,2026-07-04T19:25:00,Curvage title-count allocation,sale date,allocated daily title count,Daily title counts allocated to canonical Curvage daily gross/net by price-weighted unit share.
Curvage,Stuffing in the Car Until I'm Stuck! 🚙🍟,Stuffing in the Car Until I'm Stuck! 🚙🍟,59966,1,51.0,37.83,51.0,37.83,28.99,1,2025-04-23,2025-04-23,creator_analytics/manual_backfills/curvage_title_counts_all_time_2013-01-01_to_2026-07-04.csv,2026-07-04T19:25:00,Curvage title-count allocation,sale date,allocated daily title count,Daily title counts allocated to canonical Curvage daily gross/net by price-weighted unit share.
Curvage,Stuffing tacos makes me burp and fart! 🌮💨,Stuffing tacos makes me burp and fart! 🌮💨,60064,1,35.11,26.04,35.11,26.04,34.99,1,2025-04-24,2025-04-24,creator_analytics/manual_backfills/curvage_title_counts_all_time_2013-01-01_to_2026-07-04.csv,2026-07-04T19:25:00,Curvage title-count allocation,sale date,allocated daily title count,Daily title counts allocated to canonical Curvage daily gross/net by price-weighted unit share.
Curvage,Stuffing in the Car Until I'm Stuck! 🚙🍟,Stuffing in the Car Until I'm Stuck! 🚙🍟,59966,1,29.07,21.56,29.07,21.56,28.99,1,2025-04-25,2025-04-25,creator_analytics/manual_backfills/curvage_title_counts_all_time_2013-01-01_to_2026-07-04.csv,2026-07-04T19:25:00,Curvage title-count allocation,sale date,allocated daily title count,Daily title counts allocated to canonical Curvage daily gross/net by price-weighted unit share.
Curvage,Stuffing tacos makes me burp and fart! 🌮💨,Stuffing tacos makes me burp and fart! 🌮💨,60064,2,70.18,52.06,35.09,26.03,34.99,1,2025-04-25,2025-04-25,creator_analytics/manual_backfills/curvage_title_counts_all_time_2013-01-01_to_2026-07-04.csv,2026-07-04T19:25:00,Curvage title-count allocation,sale date,allocated daily title count,Daily title counts allocated to canonical Curvage daily gross/net by price-weighted unit share.
Curvage,Get me pregnant and make me grow! 🤰😍,Get me pregnant and make me grow! 🤰😍,49011,1,15.52,11.51,15.52,11.51,12.99,1,2025-04-27,2025-04-27,creator_analytics/manual_backfills/curvage_title_counts_all_time_2013-01-01_to_2026-07-04.csv,2026-07-04T19:25:00,Curvage title-count allocation,sale date,allocated daily title count,Daily title counts allocated to canonical Curvage daily gross/net by price-weighted unit share.
Curvage,New weigh-in and measurements! 😍,New weigh-in and measurements! 😍,56046,1,41.82,31.02,41.82,31.02,34.99,1,2025-04-27,2025-04-27,creator_analytics/manual_backfills/curvage_title_counts_all_time_2013-01-01_to_2026-07-04.csv,2026-07-04T19:25:00,Curvage title-count allocation,sale date,allocated daily title count,Daily title counts allocated to canonical Curvage daily gross/net by price-weighted unit share.
Curvage,Sexy fatty gobbles a dozen ice cream sandwiches!,Sexy fatty gobbles a dozen ice cream sandwiches!,33057,1,10.74,7.97,10.74,7.97,8.99,1,2025-04-27,2025-04-27,creator_analytics/manual_backfills/curvage_title_counts_all_time_2013-01-01_to_2026-07-04.csv,2026-07-04T19:25:00,Curvage title-count allocation,sale date,allocated daily title count,Daily title counts allocated to canonical Curvage daily gross/net by price-weighted unit share.
Curvage,Stuffing in the Car Until I'm Stuck! 🚙🍟,Stuffing in the Car Until I'm Stuck! 🚙🍟,59966,1,34.65,25.7,34.65,25.7,28.99,1,2025-04-27,2025-04-27,creator_analytics/manual_backfills/curvage_title_counts_all_time_2013-01-01_to_2026-07-04.csv,2026-07-04T19:25:00,Curvage title-count allocation,sale date,allocated daily title count,Daily title counts allocated to canonical Curvage daily gross/net by price-weighted unit share.
Curvage,Thanksgiving stuffing and a cigarette! 🦃🚬,Thanksgiving stuffing and a cigarette! 🦃🚬,54801,1,35.84,26.58,35.84,26.58,29.99,1,2025-04-27,2025-04-27,creator_analytics/manual_backfills/curvage_title_counts_all_time_2013-01-01_to_2026-07-04.csv,2026-07-04T19:25:00,Curvage title-count allocation,sale date,allocated daily title count,Daily title counts allocated to canonical Curvage daily gross/net by price-weighted unit share.
Curvage,Greedy girlfriend stuffs her face and vores you! 🤤🍔,Greedy girlfriend stuffs her face and vores you! 🤤🍔,56366,2,56.45,41.87,28.23,20.94,21.99,1,2025-04-28,2025-04-28,creator_analytics/manual_backfills/curvage_title_counts_all_time_2013-01-01_to_2026-07-04.csv,2026-07-04T19:25:00,Curvage title-count allocation,sale date,allocated daily title count,Daily title counts allocated to canonical Curvage daily gross/net by price-weighted unit share.
Curvage,My bloated belly and burps are so hot! 🤤,My bloated belly and burps are so hot! 🤤,53641,2,64.15,47.58,32.08,23.79,24.99,1,2025-04-28,2025-04-28,creator_analytics/manual_backfills/curvage_title_counts_all_time_2013-01-01_to_2026-07-04.csv,2026-07-04T19:25:00,Curvage title-count allocation,sale date,allocated daily title count,Daily title counts allocated to canonical Curvage daily gross/net by price-weighted unit share.
Curvage,Sexy fatty gobbles a dozen ice cream sandwiches!,Sexy fatty gobbles a dozen ice cream sandwiches!,33057,1,11.54,8.56,11.54,8.56,8.99,1,2025-04-28,2025-04-28,creator_analytics/manual_backfills/curvage_title_counts_all_time_2013-01-01_to_2026-07-04.csv,2026-07-04T19:25:00,Curvage title-count allocation,sale date,allocated daily title count,Daily title counts allocated to canonical Curvage daily gross/net by price-weighted unit share.
Curvage,Stuffing My Face After Hitting the Gym! 🍔🥤,Stuffing My Face After Hitting the Gym! 🍔🥤,58749,1,25.66,19.03,25.66,19.03,19.99,1,2025-04-28,2025-04-28,creator_analytics/manual_backfills/curvage_title_counts_all_time_2013-01-01_to_2026-07-04.csv,2026-07-04T19:25:00,Curvage title-count allocation,sale date,allocated daily title count,Daily title counts allocated to canonical Curvage daily gross/net by price-weighted unit share.
Curvage,Stuffing tacos makes me burp and fart! 🌮💨,Stuffing tacos makes me burp and fart! 🌮💨,60064,1,44.91,33.31,44.91,33.31,34.99,1,2025-04-28,2025-04-28,creator_analytics/manual_backfills/curvage_title_counts_all_time_2013-01-01_to_2026-07-04.csv,2026-07-04T19:25:00,Curvage title-count allocation,sale date,allocated daily title count,Daily title counts allocated to canonical Curvage daily gross/net by price-weighted unit share.
Curvage,New weigh-in and measurements! 😍,New weigh-in and measurements! 😍,56046,1,113.69,84.32,113.69,84.32,34.99,1,2025-04-29,2025-04-29,creator_analytics/manual_backfills/curvage_title_counts_all_time_2013-01-01_to_2026-07-04.csv,2026-07-04T19:25:00,Curvage title-count allocation,sale date,allocated daily title count,Daily title counts allocated to canonical Curvage daily gross/net by price-weighted unit share.
Curvage,Stuffing tacos makes me burp and fart! 🌮💨,Stuffing tacos makes me burp and fart! 🌮💨,60064,1,113.69,84.32,113.69,84.32,34.99,1,2025-04-29,2025-04-29,creator_analytics/manual_backfills/curvage_title_counts_all_time_2013-01-01_to_2026-07-04.csv,2026-07-04T19:25:00,Curvage title-count allocation,sale date,allocated daily title count,Daily title counts allocated to canonical Curvage daily gross/net by price-weighted unit share.
Curvage,Thanksgiving stuffing and a cigarette! 🦃🚬,Thanksgiving stuffing and a cigarette! 🦃🚬,54801,1,97.44,72.27,97.44,72.27,29.99,1,2025-04-29,2025-04-29,creator_analytics/manual_backfills/curvage_title_counts_all_time_2013-01-01_to_2026-07-04.csv,2026-07-04T19:25:00,Curvage title-count allocation,sale date,allocated daily title count,Daily title counts allocated to canonical Curvage daily gross/net by price-weighted unit share.
Curvage,Your Girlfriend Encourages Mutual Gain POV,Your Girlfriend Encourages Mutual Gain POV,55022,1,81.19,60.22,81.19,60.22,24.99,1,2025-04-29,2025-04-29,creator_analytics/manual_backfills/curvage_title_counts_all_time_2013-01-01_to_2026-07-04.csv,2026-07-04T19:25:00,Curvage title-count allocation,sale date,allocated daily title count,Daily title counts allocated to canonical Curvage daily gross/net by price-weighted unit share.
Curvage,Stuffing and making out with your feedee 🤤🍗,Stuffing and making out with your feedee 🤤🍗,48622,1,216.88,160.86,216.88,160.86,24.99,1,2025-04-30,2025-04-30,creator_analytics/manual_backfills/curvage_title_counts_all_time_2013-01-01_to_2026-07-04.csv,2026-07-04T19:25:00,Curvage title-count allocation,sale date,allocated daily title count,Daily title counts allocated to canonical Curvage daily gross/net by price-weighted unit share.
Curvage,Stuffing My Face After Hitting the Gym! 🍔🥤,Stuffing My Face After Hitting the Gym! 🍔🥤,58749,1,23.48,17.41,23.48,17.41,19.99,1,2025-05-01,2025-05-01,creator_analytics/manual_backfills/curvage_title_counts_all_time_2013-01-01_to_2026-07-04.csv,2026-07-04T19:25:00,Curvage title-count allocation,sale date,allocated daily title count,Daily title counts allocated to canonical Curvage daily gross/net by price-weighted unit share.
Curvage,Stuffing tacos makes me burp and fart! 🌮💨,Stuffing tacos makes me burp and fart! 🌮💨,60064,1,41.09,30.48,41.09,30.48,34.99,1,2025-05-01,2025-05-01,creator_analytics/manual_backfills/curvage_title_counts_all_time_2013-01-01_to_2026-07-04.csv,2026-07-04T19:25:00,Curvage title-count allocation,sale date,allocated daily title count,Daily title counts allocated to canonical Curvage daily gross/net by price-weighted unit share.
Curvage,Your Girlfriend Encourages Mutual Gain POV,Your Girlfriend Encourages Mutual Gain POV,55022,1,29.35,21.77,29.35,21.77,24.99,1,2025-05-01,2025-05-01,creator_analytics/manual_backfills/curvage_title_counts_all_time_2013-01-01_to_2026-07-04.csv,2026-07-04T19:25:00,Curvage title-count allocation,sale date,allocated daily title count,Daily title counts allocated to canonical Curvage daily gross/net by price-weighted unit share.
Curvage,Horny SSBBW Succubus Grows for Your Cum POV,Horny SSBBW Succubus Grows for Your Cum POV,44086,1,53.61,39.76,53.61,39.76,14.99,1,2025-05-02,2025-05-02,creator_analytics/manual_backfills/curvage_title_counts_all_time_2013-01-01_to_2026-07-04.csv,2026-07-04T19:25:00,Curvage title-count allocation,sale date,allocated daily title count,Daily title counts allocated to canonical Curvage daily gross/net by price-weighted unit share.
Curvage,Stuffing tacos makes me burp and fart! 🌮💨,Stuffing tacos makes me burp and fart! 🌮💨,60064,1,125.13,92.81,125.13,92.81,34.99,1,2025-05-02,2025-05-02,creator_analytics/manual_backfills/curvage_title_counts_all_time_2013-01-01_to_2026-07-04.csv,2026-07-04T19:25:00,Curvage title-count allocation,sale date,allocated daily title count,Daily title counts allocated to canonical Curvage daily gross/net by price-weighted unit share.
Curvage,Stuffing tacos makes me burp and fart! 🌮💨,Stuffing tacos makes me burp and fart! 🌮💨,60064,1,60.1,44.58,60.1,44.58,34.99,1,2025-05-03,2025-05-03,creator_analytics/manual_backfills/curvage_title_counts_all_time_2013-01-01_to_2026-07-04.csv,2026-07-04T19:25:00,Curvage title-count allocation,sale date,allocated daily title count,Daily title counts allocated to canonical Curvage daily gross/net by price-weighted unit share.
Curvage,Your Girlfriend Encourages Mutual Gain POV,Your Girlfriend Encourages Mutual Gain POV,55022,1,49.99,37.08,49.99,37.08,24.99,1,2025-05-05,2025-05-05,creator_analytics/manual_backfills/curvage_title_counts_all_time_2013-01-01_to_2026-07-04.csv,2026-07-04T19:25:00,Curvage title-count allocation,sale date,allocated daily title count,Daily title counts allocated to canonical Curvage daily gross/net by price-weighted unit share.
Curvage,Stuffing in the Car Until I'm Stuck! 🚙🍟,Stuffing in the Car Until I'm Stuck! 🚙🍟,59966,1,29.04,21.54,29.04,21.54,28.99,1,2025-05-06,2025-05-06,creator_analytics/manual_backfills/curvage_title_counts_all_time_2013-01-01_to_2026-07-04.csv,2026-07-04T19:25:00,Curvage title-count allocation,sale date,allocated daily title count,Daily title counts allocated to canonical Curvage daily gross/net by price-weighted unit share.
Curvage,Stuffing tacos makes me burp and fart! 🌮💨,Stuffing tacos makes me burp and fart! 🌮💨,60064,2,99.26,73.62,49.63,36.81,34.99,1,2025-05-07,2025-05-07,creator_analytics/manual_backfills/curvage_title_counts_all_time_2013-01-01_to_2026-07-04.csv,2026-07-04T19:25:00,Curvage title-count allocation,sale date,allocated daily title count,Daily title counts allocated to canonical Curvage daily gross/net by price-weighted unit share.
Curvage,Stuffing in the Car Until I'm Stuck! 🚙🍟,Stuffing in the Car Until I'm Stuck! 🚙🍟,59966,1,53.55,39.72,53.55,39.72,28.99,1,2025-05-08,2025-05-08,creator_analytics/manual_backfills/curvage_title_counts_all_time_2013-01-01_to_2026-07-04.csv,2026-07-04T19:25:00,Curvage title-count allocation,sale date,allocated daily title count,Daily title counts allocated to canonical Curvage daily gross/net by price-weighted unit share.
Curvage,Stuffing tacos makes me burp and fart! 🌮💨,Stuffing tacos makes me burp and fart! 🌮💨,60064,1,64.63,47.94,64.63,47.94,34.99,1,2025-05-08,2025-05-08,creator_analytics/manual_backfills/curvage_title_counts_all_time_2013-01-01_to_2026-07-04.csv,2026-07-04T19:25:00,Curvage title-count allocation,sale date,allocated daily title count,Daily title counts allocated to canonical Curvage daily gross/net by price-weighted unit share.
Curvage,Stuffing in the Car Until I'm Stuck! 🚙🍟,Stuffing in the Car Until I'm Stuck! 🚙🍟,59966,1,50.34,37.34,50.34,37.34,28.99,1,2025-05-11,2025-05-11,creator_analytics/manual_backfills/curvage_title_counts_all_time_2013-01-01_to_2026-07-04.csv,2026-07-04T19:25:00,Curvage title-count allocation,sale date,allocated daily title count,Daily title counts allocated to canonical Curvage daily gross/net by price-weighted unit share.
Curvage,Stuffing tacos makes me burp and fart! 🌮💨,Stuffing tacos makes me burp and fart! 🌮💨,60064,1,60.76,45.07,60.76,45.07,34.99,1,2025-05-11,2025-05-11,creator_analytics/manual_backfills/curvage_title_counts_all_time_2013-01-01_to_2026-07-04.csv,2026-07-04T19:25:00,Curvage title-count allocation,sale date,allocated daily title count,Daily title counts allocated to canonical Curvage daily gross/net by price-weighted unit share.
Curvage,New weigh-in and measurements! 😍,New weigh-in and measurements! 😍,56046,1,66.03,48.98,66.03,48.98,34.99,1,2025-05-14,2025-05-14,creator_analytics/manual_backfills/curvage_title_counts_all_time_2013-01-01_to_2026-07-04.csv,2026-07-04T19:25:00,Curvage title-count allocation,sale date,allocated daily title count,Daily title counts allocated to canonical Curvage daily gross/net by price-weighted unit share.
Curvage,Stuffing tacos makes me burp and fart! 🌮💨,Stuffing tacos makes me burp and fart! 🌮💨,60064,1,66.03,48.98,66.03,48.98,34.99,1,2025-05-14,2025-05-14,creator_analytics/manual_backfills/curvage_title_counts_all_time_2013-01-01_to_2026-07-04.csv,2026-07-04T19:25:00,Curvage title-count allocation,sale date,allocated daily title count,Daily title counts allocated to canonical Curvage daily gross/net by price-weighted unit share.
Curvage,Stuffing and making out with your feedee 🤤🍗,Stuffing and making out with your feedee 🤤🍗,48622,1,49.99,37.08,49.99,37.08,24.99,1,2025-05-16,2025-05-16,creator_analytics/manual_backfills/curvage_title_counts_all_time_2013-01-01_to_2026-07-04.csv,2026-07-04T19:25:00,Curvage title-count allocation,sale date,allocated daily title count,Daily title counts allocated to canonical Curvage daily gross/net by price-weighted unit share.
Curvage,Stuffing tacos makes me burp and fart! 🌮💨,Stuffing tacos makes me burp and fart! 🌮💨,60064,1,89.14,66.12,89.14,66.12,34.99,1,2025-05-17,2025-05-17,creator_analytics/manual_backfills/curvage_title_counts_all_time_2013-01-01_to_2026-07-04.csv,2026-07-04T19:25:00,Curvage title-count allocation,sale date,allocated daily title count,Daily title counts allocated to canonical Curvage daily gross/net by price-weighted unit share.
Curvage,Greedy girlfriend stuffs her face and vores you! 🤤🍔,Greedy girlfriend stuffs her face and vores you! 🤤🍔,56366,1,30.45,22.58,30.45,22.58,21.99,1,2025-05-18,2025-05-18,creator_analytics/manual_backfills/curvage_title_counts_all_time_2013-01-01_to_2026-07-04.csv,2026-07-04T19:25:00,Curvage title-count allocation,sale date,allocated daily title count,Daily title counts allocated to canonical Curvage daily gross/net by price-weighted unit share.
Curvage,Soda-chugging cutie gets bloated and belches!,Soda-chugging cutie gets bloated and belches!,28679,1,15.22,11.29,15.22,11.29,10.99,1,2025-05-18,2025-05-18,creator_analytics/manual_backfills/curvage_title_counts_all_time_2013-01-01_to_2026-07-04.csv,2026-07-04T19:25:00,Curvage title-count allocation,sale date,allocated daily title count,Daily title counts allocated to canonical Curvage daily gross/net by price-weighted unit share.
Curvage,Thanksgiving stuffing and a cigarette! 🦃🚬,Thanksgiving stuffing and a cigarette! 🦃🚬,54801,1,55.05,40.83,55.05,40.83,29.99,1,2025-05-19,2025-05-19,creator_analytics/manual_backfills/curvage_title_counts_all_time_2013-01-01_to_2026-07-04.csv,2026-07-04T19:25:00,Curvage title-count allocation,sale date,allocated daily title count,Daily title counts allocated to canonical Curvage daily gross/net by price-weighted unit share.
Curvage,Greedy girlfriend stuffs her face and vores you! 🤤🍔,Greedy girlfriend stuffs her face and vores you! 🤤🍔,56366,1,46.96,34.83,46.96,34.83,21.99,1,2025-05-21,2025-05-21,creator_analytics/manual_backfills/curvage_title_counts_all_time_2013-01-01_to_2026-07-04.csv,2026-07-04T19:25:00,Curvage title-count allocation,sale date,allocated daily title count,Daily title counts allocated to canonical Curvage daily gross/net by price-weighted unit share.
Curvage,Greedy girlfriend stuffs her face and vores you! 🤤🍔,Greedy girlfriend stuffs her face and vores you! 🤤🍔,56366,1,21.96,16.29,21.96,16.29,21.99,1,2025-05-26,2025-05-26,creator_analytics/manual_backfills/curvage_title_counts_all_time_2013-01-01_to_2026-07-04.csv,2026-07-04T19:25:00,Curvage title-count allocation,sale date,allocated daily title count,Daily title counts allocated to canonical Curvage daily gross/net by price-weighted unit share.
Curvage,Horny SSBBW Succubus Grows for Your Cum POV,Horny SSBBW Succubus Grows for Your Cum POV,44086,1,19.75,14.65,19.75,14.65,14.99,1,2025-05-27,2025-05-27,creator_analytics/manual_backfills/curvage_title_counts_all_time_2013-01-01_to_2026-07-04.csv,2026-07-04T19:25:00,Curvage title-count allocation,sale date,allocated daily title count,Daily title counts allocated to canonical Curvage daily gross/net by price-weighted unit share.
Curvage,Stuffing in the Car Until I'm Stuck! 🚙🍟,Stuffing in the Car Until I'm Stuck! 🚙🍟,59966,1,38.19,28.33,38.19,28.33,28.99,1,2025-05-27,2025-05-27,creator_analytics/manual_backfills/curvage_title_counts_all_time_2013-01-01_to_2026-07-04.csv,2026-07-04T19:25:00,Curvage title-count allocation,sale date,allocated daily title count,Daily title counts allocated to canonical Curvage daily gross/net by price-weighted unit share.
Curvage,Stuffing tacos makes me burp and fart! 🌮💨,Stuffing tacos makes me burp and fart! 🌮💨,60064,1,46.09,34.19,46.09,34.19,34.99,1,2025-05-27,2025-05-27,creator_analytics/manual_backfills/curvage_title_counts_all_time_2013-01-01_to_2026-07-04.csv,2026-07-04T19:25:00,Curvage title-count allocation,sale date,allocated daily title count,Daily title counts allocated to canonical Curvage daily gross/net by price-weighted unit share.
Curvage,Stuffing in the Car Until I'm Stuck! 🚙🍟,Stuffing in the Car Until I'm Stuck! 🚙🍟,59966,1,29.04,21.54,29.04,21.54,28.99,1,2025-05-30,2025-05-30,creator_analytics/manual_backfills/curvage_title_counts_all_time_2013-01-01_to_2026-07-04.csv,2026-07-04T19:25:00,Curvage title-count allocation,sale date,allocated daily title count,Daily title counts allocated to canonical Curvage daily gross/net by price-weighted unit share.
Curvage,Stuffing tacos makes me burp and fart! 🌮💨,Stuffing tacos makes me burp and fart! 🌮💨,60064,3,127.29,94.41,42.43,31.47,34.99,1,2025-06-04,2025-06-04,creator_analytics/manual_backfills/curvage_title_counts_all_time_2013-01-01_to_2026-07-04.csv,2026-07-04T19:25:00,Curvage title-count allocation,sale date,allocated daily title count,Daily title counts allocated to canonical Curvage daily gross/net by price-weighted unit share.
Curvage,New weigh-in and measurements! 😍,New weigh-in and measurements! 😍,56046,1,47.76,35.42,47.76,35.42,34.99,1,2025-06-05,2025-06-05,creator_analytics/manual_backfills/curvage_title_counts_all_time_2013-01-01_to_2026-07-04.csv,2026-07-04T19:25:00,Curvage title-count allocation,sale date,allocated daily title count,Daily title counts allocated to canonical Curvage daily gross/net by price-weighted unit share.
Curvage,Stuffing and making out with your feedee 🤤🍗,Stuffing and making out with your feedee 🤤🍗,48622,1,34.11,25.3,34.11,25.3,24.99,1,2025-06-05,2025-06-05,creator_analytics/manual_backfills/curvage_title_counts_all_time_2013-01-01_to_2026-07-04.csv,2026-07-04T19:25:00,Curvage title-count allocation,sale date,allocated daily title count,Daily title counts allocated to canonical Curvage daily gross/net by price-weighted unit share.
Curvage,Stuffing in the Car Until I'm Stuck! 🚙🍟,Stuffing in the Car Until I'm Stuck! 🚙🍟,59966,1,39.57,29.35,39.57,29.35,28.99,1,2025-06-05,2025-06-05,creator_analytics/manual_backfills/curvage_title_counts_all_time_2013-01-01_to_2026-07-04.csv,2026-07-04T19:25:00,Curvage title-count allocation,sale date,allocated daily title count,Daily title counts allocated to canonical Curvage daily gross/net by price-weighted unit share.
Curvage,Stuffing tacos makes me burp and fart! 🌮💨,Stuffing tacos makes me burp and fart! 🌮💨,60064,1,47.76,35.42,47.76,35.42,34.99,1,2025-06-05,2025-06-05,creator_analytics/manual_backfills/curvage_title_counts_all_time_2013-01-01_to_2026-07-04.csv,2026-07-04T19:25:00,Curvage title-count allocation,sale date,allocated daily title count,Daily title counts allocated to canonical Curvage daily gross/net by price-weighted unit share.
Curvage,New weigh-in and measurements! 😍,New weigh-in and measurements! 😍,56046,1,64.88,48.12,64.88,48.12,34.99,1,2025-06-06,2025-06-06,creator_analytics/manual_backfills/curvage_title_counts_all_time_2013-01-01_to_2026-07-04.csv,2026-07-04T19:25:00,Curvage title-count allocation,sale date,allocated daily title count,Daily title counts allocated to canonical Curvage daily gross/net by price-weighted unit share.
Curvage,Greedy girlfriend stuffs her face and vores you! 🤤🍔,Greedy girlfriend stuffs her face and vores you! 🤤🍔,56366,1,43.93,32.58,43.93,32.58,21.99,1,2025-06-08,2025-06-08,creator_analytics/manual_backfills/curvage_title_counts_all_time_2013-01-01_to_2026-07-04.csv,2026-07-04T19:25:00,Curvage title-count allocation,sale date,allocated daily title count,Daily title counts allocated to canonical Curvage daily gross/net by price-weighted unit share.
Curvage,Stuffing in the Car Until I'm Stuck! 🚙🍟,Stuffing in the Car Until I'm Stuck! 🚙🍟,59966,1,29.04,21.54,29.04,21.54,28.99,1,2025-06-14,2025-06-14,creator_analytics/manual_backfills/curvage_title_counts_all_time_2013-01-01_to_2026-07-04.csv,2026-07-04T19:25:00,Curvage title-count allocation,sale date,allocated daily title count,Daily title counts allocated to canonical Curvage daily gross/net by price-weighted unit share.
Curvage,Stuffing tacos makes me burp and fart! 🌮💨,Stuffing tacos makes me burp and fart! 🌮💨,60064,1,35.11,26.04,35.11,26.04,34.99,1,2025-06-15,2025-06-15,creator_analytics/manual_backfills/curvage_title_counts_all_time_2013-01-01_to_2026-07-04.csv,2026-07-04T19:25:00,Curvage title-count allocation,sale date,allocated daily title count,Daily title counts allocated to canonical Curvage daily gross/net by price-weighted unit share.
Curvage,Stuffing My Face After Hitting the Gym! 🍔🥤,Stuffing My Face After Hitting the Gym! 🍔🥤,58749,1,44.94,33.33,44.94,33.33,19.99,1,2025-06-20,2025-06-20,creator_analytics/manual_backfills/curvage_title_counts_all_time_2013-01-01_to_2026-07-04.csv,2026-07-04T19:25:00,Curvage title-count allocation,sale date,allocated daily title count,Daily title counts allocated to canonical Curvage daily gross/net by price-weighted unit share.
Curvage,Stuffing in the Car Until I'm Stuck! 🚙🍟,Stuffing in the Car Until I'm Stuck! 🚙🍟,59966,1,31.23,23.16,31.23,23.16,28.99,1,2025-06-21,2025-06-21,creator_analytics/manual_backfills/curvage_title_counts_all_time_2013-01-01_to_2026-07-04.csv,2026-07-04T19:25:00,Curvage title-count allocation,sale date,allocated daily title count,Daily title counts allocated to canonical Curvage daily gross/net by price-weighted unit share.
Curvage,Stuffing tacos makes me burp and fart! 🌮💨,Stuffing tacos makes me burp and fart! 🌮💨,60064,1,37.69,27.96,37.69,27.96,34.99,1,2025-06-21,2025-06-21,creator_analytics/manual_backfills/curvage_title_counts_all_time_2013-01-01_to_2026-07-04.csv,2026-07-04T19:25:00,Curvage title-count allocation,sale date,allocated daily title count,Daily title counts allocated to canonical Curvage daily gross/net by price-weighted unit share.
Curvage,Stuffing My Face After Hitting the Gym! 🍔🥤,Stuffing My Face After Hitting the Gym! 🍔🥤,58749,1,19.94,14.79,19.94,14.79,19.99,1,2025-06-23,2025-06-23,creator_analytics/manual_backfills/curvage_title_counts_all_time_2013-01-01_to_2026-07-04.csv,2026-07-04T19:25:00,Curvage title-count allocation,sale date,allocated daily title count,Daily title counts allocated to canonical Curvage daily gross/net by price-weighted unit share.
Curvage,Greedy girlfriend stuffs her face and vores you! 🤤🍔,Greedy girlfriend stuffs her face and vores you! 🤤🍔,56366,1,21.96,16.29,21.96,16.29,21.99,1,2025-06-24,2025-06-24,creator_analytics/manual_backfills/curvage_title_counts_all_time_2013-01-01_to_2026-07-04.csv,2026-07-04T19:25:00,Curvage title-count allocation,sale date,allocated daily title count,Daily title counts allocated to canonical Curvage daily gross/net by price-weighted unit share.
Curvage,Your Girlfriend Encourages Mutual Gain POV,Your Girlfriend Encourages Mutual Gain POV,55022,1,41.9,31.08,41.9,31.08,24.99,1,2025-06-27,2025-06-27,creator_analytics/manual_backfills/curvage_title_counts_all_time_2013-01-01_to_2026-07-04.csv,2026-07-04T19:25:00,Curvage title-count allocation,sale date,allocated daily title count,Daily title counts allocated to canonical Curvage daily gross/net by price-weighted unit share.
Curvage,Stuffing in the Car Until I'm Stuck! 🚙🍟,Stuffing in the Car Until I'm Stuck! 🚙🍟,59966,1,62.85,46.62,62.85,46.62,28.99,1,2025-06-29,2025-06-29,creator_analytics/manual_backfills/curvage_title_counts_all_time_2013-01-01_to_2026-07-04.csv,2026-07-04T19:25:00,Curvage title-count allocation,sale date,allocated daily title count,Daily title counts allocated to canonical Curvage daily gross/net by price-weighted unit share.
Curvage,Stuffing in the Car Until I'm Stuck! 🚙🍟,Stuffing in the Car Until I'm Stuck! 🚙🍟,59966,1,29.04,21.54,29.04,21.54,28.99,1,2025-07-02,2025-07-02,creator_analytics/manual_backfills/curvage_title_counts_all_time_2013-01-01_to_2026-07-04.csv,2026-07-04T19:25:00,Curvage title-count allocation,sale date,allocated daily title count,Daily title counts allocated to canonical Curvage daily gross/net by price-weighted unit share.
Curvage,New weigh-in and measurements! 😍,New weigh-in and measurements! 😍,56046,1,35.03,25.98,35.03,25.98,34.99,1,2025-07-06,2025-07-06,creator_analytics/manual_backfills/curvage_title_counts_all_time_2013-01-01_to_2026-07-04.csv,2026-07-04T19:25:00,Curvage title-count allocation,sale date,allocated daily title count,Daily title counts allocated to canonical Curvage daily gross/net by price-weighted unit share.
Curvage,Stuffing My Face After Hitting the Gym! 🍔🥤,Stuffing My Face After Hitting the Gym! 🍔🥤,58749,1,20.01,14.85,20.01,14.85,19.99,1,2025-07-06,2025-07-06,creator_analytics/manual_backfills/curvage_title_counts_all_time_2013-01-01_to_2026-07-04.csv,2026-07-04T19:25:00,Curvage title-count allocation,sale date,allocated daily title count,Daily title counts allocated to canonical Curvage daily gross/net by price-weighted unit share.
Curvage,Stuffing in the Car Until I'm Stuck! 🚙🍟,Stuffing in the Car Until I'm Stuck! 🚙🍟,59966,1,44.94,33.33,44.94,33.33,28.99,1,2025-07-09,2025-07-09,creator_analytics/manual_backfills/curvage_title_counts_all_time_2013-01-01_to_2026-07-04.csv,2026-07-04T19:25:00,Curvage title-count allocation,sale date,allocated daily title count,Daily title counts allocated to canonical Curvage daily gross/net by price-weighted unit share.
Curvage,Stuffing My Face After Hitting the Gym! 🍔🥤,Stuffing My Face After Hitting the Gym! 🍔🥤,58749,1,19.94,14.79,19.94,14.79,19.99,1,2025-07-12,2025-07-12,creator_analytics/manual_backfills/curvage_title_counts_all_time_2013-01-01_to_2026-07-04.csv,2026-07-04T19:25:00,Curvage title-count allocation,sale date,allocated daily title count,Daily title counts allocated to canonical Curvage daily gross/net by price-weighted unit share.
Curvage,Greedy girlfriend stuffs her face and vores you! 🤤🍔,Greedy girlfriend stuffs her face and vores you! 🤤🍔,56366,1,21.96,16.29,21.96,16.29,21.99,1,2025-07-18,2025-07-18,creator_analytics/manual_backfills/curvage_title_counts_all_time_2013-01-01_to_2026-07-04.csv,2026-07-04T19:25:00,Curvage title-count allocation,sale date,allocated daily title count,Daily title counts allocated to canonical Curvage daily gross/net by price-weighted unit share.
Curvage,Stuffing tacos makes me burp and fart! 🌮💨,Stuffing tacos makes me burp and fart! 🌮💨,60064,1,35.11,26.04,35.11,26.04,34.99,1,2025-07-20,2025-07-20,creator_analytics/manual_backfills/curvage_title_counts_all_time_2013-01-01_to_2026-07-04.csv,2026-07-04T19:25:00,Curvage title-count allocation,sale date,allocated daily title count,Daily title counts allocated to canonical Curvage daily gross/net by price-weighted unit share.
Curvage,Cursed Cake Makes Greedy Co-worker Explode,Cursed Cake Makes Greedy Co-worker Explode,63618,18,572.88,424.92,31.83,23.61,27.99,1,2025-07-21,2025-07-21,creator_analytics/manual_backfills/curvage_title_counts_all_time_2013-01-01_to_2026-07-04.csv,2026-07-04T19:25:00,Curvage title-count allocation,sale date,allocated daily title count,Daily title counts allocated to canonical Curvage daily gross/net by price-weighted unit share.
Curvage,New weigh-in and measurements! 😍,New weigh-in and measurements! 😍,56046,1,39.79,29.51,39.79,29.51,34.99,1,2025-07-21,2025-07-21,creator_analytics/manual_backfills/curvage_title_counts_all_time_2013-01-01_to_2026-07-04.csv,2026-07-04T19:25:00,Curvage title-count allocation,sale date,allocated daily title count,Daily title counts allocated to canonical Curvage daily gross/net by price-weighted unit share.
Curvage,Stuffing in the Car Until I'm Stuck! 🚙🍟,Stuffing in the Car Until I'm Stuck! 🚙🍟,59966,3,98.89,73.35,32.96,24.45,28.99,1,2025-07-21,2025-07-21,creator_analytics/manual_backfills/curvage_title_counts_all_time_2013-01-01_to_2026-07-04.csv,2026-07-04T19:25:00,Curvage title-count allocation,sale date,allocated daily title count,Daily title counts allocated to canonical Curvage daily gross/net by price-weighted unit share.
Curvage,Stuffing My Face After Hitting the Gym! 🍔🥤,Stuffing My Face After Hitting the Gym! 🍔🥤,58749,1,22.73,16.86,22.73,16.86,19.99,1,2025-07-21,2025-07-21,creator_analytics/manual_backfills/curvage_title_counts_all_time_2013-01-01_to_2026-07-04.csv,2026-07-04T19:25:00,Curvage title-count allocation,sale date,allocated daily title count,Daily title counts allocated to canonical Curvage daily gross/net by price-weighted unit share.
Curvage,Stuffing tacos makes me burp and fart! 🌮💨,Stuffing tacos makes me burp and fart! 🌮💨,60064,2,79.57,59.02,39.79,29.51,34.99,1,2025-07-21,2025-07-21,creator_analytics/manual_backfills/curvage_title_counts_all_time_2013-01-01_to_2026-07-04.csv,2026-07-04T19:25:00,Curvage title-count allocation,sale date,allocated daily title count,Daily title counts allocated to canonical Curvage daily gross/net by price-weighted unit share.
Curvage,Thanksgiving stuffing and a cigarette! 🦃🚬,Thanksgiving stuffing and a cigarette! 🦃🚬,54801,1,34.1,25.29,34.1,25.29,29.99,1,2025-07-21,2025-07-21,creator_analytics/manual_backfills/curvage_title_counts_all_time_2013-01-01_to_2026-07-04.csv,2026-07-04T19:25:00,Curvage title-count allocation,sale date,allocated daily title count,Daily title counts allocated to canonical Curvage daily gross/net by price-weighted unit share.
Curvage,Cursed Cake Makes Greedy Co-worker Explode,Cursed Cake Makes Greedy Co-worker Explode,63618,36,1331.26,987.42,36.98,27.43,27.99,1,2025-07-22,2025-07-22,creator_analytics/manual_backfills/curvage_title_counts_all_time_2013-01-01_to_2026-07-04.csv,2026-07-04T19:25:00,Curvage title-count allocation,sale date,allocated daily title count,Daily title counts allocated to canonical Curvage daily gross/net by price-weighted unit share.
Curvage,Cursed Cake Makes Greedy Co-worker Explode,Cursed Cake Makes Greedy Co-worker Explode,63618,17,519.96,385.66,30.59,22.69,27.99,1,2025-07-23,2025-07-23,creator_analytics/manual_backfills/curvage_title_counts_all_time_2013-01-01_to_2026-07-04.csv,2026-07-04T19:25:00,Curvage title-count allocation,sale date,allocated daily title count,Daily title counts allocated to canonical Curvage daily gross/net by price-weighted unit share.
Curvage,Stuffing in the Car Until I'm Stuck! 🚙🍟,Stuffing in the Car Until I'm Stuck! 🚙🍟,59966,1,31.68,23.5,31.68,23.5,28.99,1,2025-07-23,2025-07-23,creator_analytics/manual_backfills/curvage_title_counts_all_time_2013-01-01_to_2026-07-04.csv,2026-07-04T19:25:00,Curvage title-count allocation,sale date,allocated daily title count,Daily title counts allocated to canonical Curvage daily gross/net by price-weighted unit share.
Curvage,Stuffing My Face After Hitting the Gym! 🍔🥤,Stuffing My Face After Hitting the Gym! 🍔🥤,58749,2,43.69,32.4,21.84,16.2,19.99,1,2025-07-23,2025-07-23,creator_analytics/manual_backfills/curvage_title_counts_all_time_2013-01-01_to_2026-07-04.csv,2026-07-04T19:25:00,Curvage title-count allocation,sale date,allocated daily title count,Daily title counts allocated to canonical Curvage daily gross/net by price-weighted unit share.
Curvage,Stuffing tacos makes me burp and fart! 🌮💨,Stuffing tacos makes me burp and fart! 🌮💨,60064,1,38.23,28.36,38.23,28.36,34.99,1,2025-07-23,2025-07-23,creator_analytics/manual_backfills/curvage_title_counts_all_time_2013-01-01_to_2026-07-04.csv,2026-07-04T19:25:00,Curvage title-count allocation,sale date,allocated daily title count,Daily title counts allocated to canonical Curvage daily gross/net by price-weighted unit share.
Curvage,Cursed Cake Makes Greedy Co-worker Explode,Cursed Cake Makes Greedy Co-worker Explode,63618,9,310.96,230.64,34.55,25.63,27.99,1,2025-07-24,2025-07-24,creator_analytics/manual_backfills/curvage_title_counts_all_time_2013-01-01_to_2026-07-04.csv,2026-07-04T19:25:00,Curvage title-count allocation,sale date,allocated daily title count,Daily title counts allocated to canonical Curvage daily gross/net by price-weighted unit share.
Curvage,Greedy girlfriend stuffs her face and vores you! 🤤🍔,Greedy girlfriend stuffs her face and vores you! 🤤🍔,56366,1,27.14,20.13,27.14,20.13,21.99,1,2025-07-24,2025-07-24,creator_analytics/manual_backfills/curvage_title_counts_all_time_2013-01-01_to_2026-07-04.csv,2026-07-04T19:25:00,Curvage title-count allocation,sale date,allocated daily title count,Daily title counts allocated to canonical Curvage daily gross/net by price-weighted unit share.
Curvage,Stuffing tacos makes me burp and fart! 🌮💨,Stuffing tacos makes me burp and fart! 🌮💨,60064,1,43.19,32.04,43.19,32.04,34.99,1,2025-07-24,2025-07-24,creator_analytics/manual_backfills/curvage_title_counts_all_time_2013-01-01_to_2026-07-04.csv,2026-07-04T19:25:00,Curvage title-count allocation,sale date,allocated daily title count,Daily title counts allocated to canonical Curvage daily gross/net by price-weighted unit share.
Curvage,Cursed Cake Makes Greedy Co-worker Explode,Cursed Cake Makes Greedy Co-worker Explode,63618,7,302.26,224.19,43.18,32.03,27.99,1,2025-07-25,2025-07-25,creator_analytics/manual_backfills/curvage_title_counts_all_time_2013-01-01_to_2026-07-04.csv,2026-07-04T19:25:00,Curvage title-count allocation,sale date,allocated daily title count,Daily title counts allocated to canonical Curvage daily gross/net by price-weighted unit share.
Curvage,Cursed Cake Makes Greedy Co-worker Explode,Cursed Cake Makes Greedy Co-worker Explode,63618,6,191.43,141.99,31.91,23.66,27.99,1,2025-07-26,2025-07-26,creator_analytics/manual_backfills/curvage_title_counts_all_time_2013-01-01_to_2026-07-04.csv,2026-07-04T19:25:00,Curvage title-count allocation,sale date,allocated daily title count,Daily title counts allocated to canonical Curvage daily gross/net by price-weighted unit share.
Curvage,Stuffing tacos makes me burp and fart! 🌮💨,Stuffing tacos makes me burp and fart! 🌮💨,60064,1,39.88,29.58,39.88,29.58,34.99,1,2025-07-26,2025-07-26,creator_analytics/manual_backfills/curvage_title_counts_all_time_2013-01-01_to_2026-07-04.csv,2026-07-04T19:25:00,Curvage title-count allocation,sale date,allocated daily title count,Daily title counts allocated to canonical Curvage daily gross/net by price-weighted unit share.
Curvage,Cursed Cake Makes Greedy Co-worker Explode,Cursed Cake Makes Greedy Co-worker Explode,63618,9,363.09,269.31,40.34,29.92,27.99,1,2025-07-27,2025-07-27,creator_analytics/manual_backfills/curvage_title_counts_all_time_2013-01-01_to_2026-07-04.csv,2026-07-04T19:25:00,Curvage title-count allocation,sale date,allocated daily title count,Daily title counts allocated to canonical Curvage daily gross/net by price-weighted unit share.
Curvage,Cursed Cake Makes Greedy Co-worker Explode,Cursed Cake Makes Greedy Co-worker Explode,63618,8,279.92,207.62,34.99,25.95,27.99,1,2025-07-28,2025-07-28,creator_analytics/manual_backfills/curvage_title_counts_all_time_2013-01-01_to_2026-07-04.csv,2026-07-04T19:25:00,Curvage title-count allocation,sale date,allocated daily title count,Daily title counts allocated to canonical Curvage daily gross/net by price-weighted unit share.
Curvage,Get me pregnant and make me grow! 🤰😍,Get me pregnant and make me grow! 🤰😍,49011,1,16.24,12.04,16.24,12.04,12.99,1,2025-07-28,2025-07-28,creator_analytics/manual_backfills/curvage_title_counts_all_time_2013-01-01_to_2026-07-04.csv,2026-07-04T19:25:00,Curvage title-count allocation,sale date,allocated daily title count,Daily title counts allocated to canonical Curvage daily gross/net by price-weighted unit share.
Curvage,Stuffing in the Car Until I'm Stuck! 🚙🍟,Stuffing in the Car Until I'm Stuck! 🚙🍟,59966,1,36.24,26.88,36.24,26.88,28.99,1,2025-07-28,2025-07-28,creator_analytics/manual_backfills/curvage_title_counts_all_time_2013-01-01_to_2026-07-04.csv,2026-07-04T19:25:00,Curvage title-count allocation,sale date,allocated daily title count,Daily title counts allocated to canonical Curvage daily gross/net by price-weighted unit share.
Curvage,Thanksgiving stuffing and a cigarette! 🦃🚬,Thanksgiving stuffing and a cigarette! 🦃🚬,54801,1,37.49,27.81,37.49,27.81,29.99,1,2025-07-28,2025-07-28,creator_analytics/manual_backfills/curvage_title_counts_all_time_2013-01-01_to_2026-07-04.csv,2026-07-04T19:25:00,Curvage title-count allocation,sale date,allocated daily title count,Daily title counts allocated to canonical Curvage daily gross/net by price-weighted unit share.
Curvage,Cursed Cake Makes Greedy Co-worker Explode,Cursed Cake Makes Greedy Co-worker Explode,63618,7,415.83,308.43,59.4,44.06,27.99,1,2025-07-29,2025-07-29,creator_analytics/manual_backfills/curvage_title_counts_all_time_2013-01-01_to_2026-07-04.csv,2026-07-04T19:25:00,Curvage title-count allocation,sale date,allocated daily title count,Daily title counts allocated to canonical Curvage daily gross/net by price-weighted unit share.
Curvage,Cursed Cake Makes Greedy Co-worker Explode,Cursed Cake Makes Greedy Co-worker Explode,63618,4,159.08,117.99,39.77,29.5,27.99,1,2025-07-30,2025-07-30,creator_analytics/manual_backfills/curvage_title_counts_all_time_2013-01-01_to_2026-07-04.csv,2026-07-04T19:25:00,Curvage title-count allocation,sale date,allocated daily title count,Daily title counts allocated to canonical Curvage daily gross/net by price-weighted unit share.
Curvage,Cursed Cake Makes Greedy Co-worker Explode,Cursed Cake Makes Greedy Co-worker Explode,63618,1,46.96,34.83,46.96,34.83,27.99,1,2025-07-31,2025-07-31,creator_analytics/manual_backfills/curvage_title_counts_all_time_2013-01-01_to_2026-07-04.csv,2026-07-04T19:25:00,Curvage title-count allocation,sale date,allocated daily title count,Daily title counts allocated to canonical Curvage daily gross/net by price-weighted unit share.
Curvage,Cursed Cake Makes Greedy Co-worker Explode,Cursed Cake Makes Greedy Co-worker Explode,63618,3,84.14,62.41,28.05,20.8,27.99,1,2025-08-01,2025-08-01,creator_analytics/manual_backfills/curvage_title_counts_all_time_2013-01-01_to_2026-07-04.csv,2026-07-04T19:25:00,Curvage title-count allocation,sale date,allocated daily title count,Daily title counts allocated to canonical Curvage daily gross/net by price-weighted unit share.
Curvage,Stuffing tacos makes me burp and fart! 🌮💨,Stuffing tacos makes me burp and fart! 🌮💨,60064,1,35.06,26.0,35.06,26.0,34.99,1,2025-08-01,2025-08-01,creator_analytics/manual_backfills/curvage_title_counts_all_time_2013-01-01_to_2026-07-04.csv,2026-07-04T19:25:00,Curvage title-count allocation,sale date,allocated daily title count,Daily title counts allocated to canonical Curvage daily gross/net by price-weighted unit share.
Curvage,Cursed Cake Makes Greedy Co-worker Explode,Cursed Cake Makes Greedy Co-worker Explode,63618,1,129.75,96.24,129.75,96.24,27.99,1,2025-08-02,2025-08-02,creator_analytics/manual_backfills/curvage_title_counts_all_time_2013-01-01_to_2026-07-04.csv,2026-07-04T19:25:00,Curvage title-count allocation,sale date,allocated daily title count,Daily title counts allocated to canonical Curvage daily gross/net by price-weighted unit share.
Curvage,Cursed Cake Makes Greedy Co-worker Explode,Cursed Cake Makes Greedy Co-worker Explode,63618,1,65.23,48.38,65.23,48.38,27.99,1,2025-08-03,2025-08-03,creator_analytics/manual_backfills/curvage_title_counts_all_time_2013-01-01_to_2026-07-04.csv,2026-07-04T19:25:00,Curvage title-count allocation,sale date,allocated daily title count,Daily title counts allocated to canonical Curvage daily gross/net by price-weighted unit share.
Curvage,Stuffing in the Car Until I'm Stuck! 🚙🍟,Stuffing in the Car Until I'm Stuck! 🚙🍟,59966,1,67.56,50.11,67.56,50.11,28.99,1,2025-08-03,2025-08-03,creator_analytics/manual_backfills/curvage_title_counts_all_time_2013-01-01_to_2026-07-04.csv,2026-07-04T19:25:00,Curvage title-count allocation,sale date,allocated daily title count,Daily title counts allocated to canonical Curvage daily gross/net by price-weighted unit share.
Curvage,Cursed Cake Makes Greedy Co-worker Explode,Cursed Cake Makes Greedy Co-worker Explode,63618,2,106.78,79.2,53.39,39.6,27.99,1,2025-08-04,2025-08-04,creator_analytics/manual_backfills/curvage_title_counts_all_time_2013-01-01_to_2026-07-04.csv,2026-07-04T19:25:00,Curvage title-count allocation,sale date,allocated daily title count,Daily title counts allocated to canonical Curvage daily gross/net by price-weighted unit share.
Curvage,Cursed Cake Makes Greedy Co-worker Explode,Cursed Cake Makes Greedy Co-worker Explode,63618,3,128.01,94.95,42.67,31.65,27.99,1,2025-08-05,2025-08-05,creator_analytics/manual_backfills/curvage_title_counts_all_time_2013-01-01_to_2026-07-04.csv,2026-07-04T19:25:00,Curvage title-count allocation,sale date,allocated daily title count,Daily title counts allocated to canonical Curvage daily gross/net by price-weighted unit share.
Curvage,Cursed Cake Makes Greedy Co-worker Explode,Cursed Cake Makes Greedy Co-worker Explode,63618,2,96.95,71.91,48.48,35.95,27.99,1,2025-08-06,2025-08-06,creator_analytics/manual_backfills/curvage_title_counts_all_time_2013-01-01_to_2026-07-04.csv,2026-07-04T19:25:00,Curvage title-count allocation,sale date,allocated daily title count,Daily title counts allocated to canonical Curvage daily gross/net by price-weighted unit share.
Curvage,Cursed Cake Makes Greedy Co-worker Explode,Cursed Cake Makes Greedy Co-worker Explode,63618,1,28.03,20.79,28.03,20.79,27.99,1,2025-08-07,2025-08-07,creator_analytics/manual_backfills/curvage_title_counts_all_time_2013-01-01_to_2026-07-04.csv,2026-07-04T19:25:00,Curvage title-count allocation,sale date,allocated daily title count,Daily title counts allocated to canonical Curvage daily gross/net by price-weighted unit share.
Curvage,Stuffing in the Car Until I'm Stuck! 🚙🍟,Stuffing in the Car Until I'm Stuck! 🚙🍟,59966,1,29.04,21.54,29.04,21.54,28.99,1,2025-08-07,2025-08-07,creator_analytics/manual_backfills/curvage_title_counts_all_time_2013-01-01_to_2026-07-04.csv,2026-07-04T19:25:00,Curvage title-count allocation,sale date,allocated daily title count,Daily title counts allocated to canonical Curvage daily gross/net by price-weighted unit share.
Curvage,Cursed Cake Makes Greedy Co-worker Explode,Cursed Cake Makes Greedy Co-worker Explode,63618,1,46.96,34.83,46.96,34.83,27.99,1,2025-08-08,2025-08-08,creator_analytics/manual_backfills/curvage_title_counts_all_time_2013-01-01_to_2026-07-04.csv,2026-07-04T19:25:00,Curvage title-count allocation,sale date,allocated daily title count,Daily title counts allocated to canonical Curvage daily gross/net by price-weighted unit share.
Curvage,Cursed Cake Makes Greedy Co-worker Explode,Cursed Cake Makes Greedy Co-worker Explode,63618,2,69.13,51.27,34.56,25.64,27.99,1,2025-08-09,2025-08-09,creator_analytics/manual_backfills/curvage_title_counts_all_time_2013-01-01_to_2026-07-04.csv,2026-07-04T19:25:00,Curvage title-count allocation,sale date,allocated daily title count,Daily title counts allocated to canonical Curvage daily gross/net by price-weighted unit share.
Curvage,Your Girlfriend Encourages Mutual Gain POV,Your Girlfriend Encourages Mutual Gain POV,55022,1,30.86,22.89,30.86,22.89,24.99,1,2025-08-09,2025-08-09,creator_analytics/manual_backfills/curvage_title_counts_all_time_2013-01-01_to_2026-07-04.csv,2026-07-04T19:25:00,Curvage title-count allocation,sale date,allocated daily title count,Daily title counts allocated to canonical Curvage daily gross/net by price-weighted unit share.
Curvage,Cursed Cake Makes Greedy Co-worker Explode,Cursed Cake Makes Greedy Co-worker Explode,63618,2,56.05,41.58,28.03,20.79,27.99,1,2025-08-10,2025-08-10,creator_analytics/manual_backfills/curvage_title_counts_all_time_2013-01-01_to_2026-07-04.csv,2026-07-04T19:25:00,Curvage title-count allocation,sale date,allocated daily title count,Daily title counts allocated to canonical Curvage daily gross/net by price-weighted unit share.
Curvage,Stuffing My Face After Hitting the Gym! 🍔🥤,Stuffing My Face After Hitting the Gym! 🍔🥤,58749,1,20.02,14.85,20.02,14.85,19.99,1,2025-08-10,2025-08-10,creator_analytics/manual_backfills/curvage_title_counts_all_time_2013-01-01_to_2026-07-04.csv,2026-07-04T19:25:00,Curvage title-count allocation,sale date,allocated daily title count,Daily title counts allocated to canonical Curvage daily gross/net by price-weighted unit share.
Curvage,Stuffing tacos makes me burp and fart! 🌮💨,Stuffing tacos makes me burp and fart! 🌮💨,60064,1,35.04,25.99,35.04,25.99,34.99,1,2025-08-10,2025-08-10,creator_analytics/manual_backfills/curvage_title_counts_all_time_2013-01-01_to_2026-07-04.csv,2026-07-04T19:25:00,Curvage title-count allocation,sale date,allocated daily title count,Daily title counts allocated to canonical Curvage daily gross/net by price-weighted unit share.
Curvage,Cursed Cake Makes Greedy Co-worker Explode,Cursed Cake Makes Greedy Co-worker Explode,63618,1,71.95,53.37,71.95,53.37,27.99,1,2025-08-11,2025-08-11,creator_analytics/manual_backfills/curvage_title_counts_all_time_2013-01-01_to_2026-07-04.csv,2026-07-04T19:25:00,Curvage title-count allocation,sale date,allocated daily title count,Daily title counts allocated to canonical Curvage daily gross/net by price-weighted unit share.
Curvage,Cursed Cake Makes Greedy Co-worker Explode,Cursed Cake Makes Greedy Co-worker Explode,63618,2,74.99,55.62,37.49,27.81,27.99,1,2025-08-12,2025-08-12,creator_analytics/manual_backfills/curvage_title_counts_all_time_2013-01-01_to_2026-07-04.csv,2026-07-04T19:25:00,Curvage title-count allocation,sale date,allocated daily title count,Daily title counts allocated to canonical Curvage daily gross/net by price-weighted unit share.
Curvage,Cursed Cake Makes Greedy Co-worker Explode,Cursed Cake Makes Greedy Co-worker Explode,63618,3,83.93,62.25,27.98,20.75,27.99,1,2025-08-13,2025-08-13,creator_analytics/manual_backfills/curvage_title_counts_all_time_2013-01-01_to_2026-07-04.csv,2026-07-04T19:25:00,Curvage title-count allocation,sale date,allocated daily title count,Daily title counts allocated to canonical Curvage daily gross/net by price-weighted unit share.
Curvage,Sexy fatty gobbles a dozen ice cream sandwiches!,Sexy fatty gobbles a dozen ice cream sandwiches!,33057,1,8.99,6.67,8.99,6.67,8.99,1,2025-08-13,2025-08-13,creator_analytics/manual_backfills/curvage_title_counts_all_time_2013-01-01_to_2026-07-04.csv,2026-07-04T19:25:00,Curvage title-count allocation,sale date,allocated daily title count,Daily title counts allocated to canonical Curvage daily gross/net by price-weighted unit share.
Curvage,Stuffing tacos makes me burp and fart! 🌮💨,Stuffing tacos makes me burp and fart! 🌮💨,60064,1,34.97,25.94,34.97,25.94,34.99,1,2025-08-13,2025-08-13,creator_analytics/manual_backfills/curvage_title_counts_all_time_2013-01-01_to_2026-07-04.csv,2026-07-04T19:25:00,Curvage title-count allocation,sale date,allocated daily title count,Daily title counts allocated to canonical Curvage daily gross/net by price-weighted unit share.
Curvage,Watch my fat jiggle while I struggle to work out! 😅💪,Watch my fat jiggle while I struggle to work out! 😅💪,45396,1,12.98,9.63,12.98,9.63,12.99,1,2025-08-13,2025-08-13,creator_analytics/manual_backfills/curvage_title_counts_all_time_2013-01-01_to_2026-07-04.csv,2026-07-04T19:25:00,Curvage title-count allocation,sale date,allocated daily title count,Daily title counts allocated to canonical Curvage daily gross/net by price-weighted unit share.
Curvage,Cursed Cake Makes Greedy Co-worker Explode,Cursed Cake Makes Greedy Co-worker Explode,63618,2,71.48,53.02,35.74,26.51,27.99,1,2025-08-14,2025-08-14,creator_analytics/manual_backfills/curvage_title_counts_all_time_2013-01-01_to_2026-07-04.csv,2026-07-04T19:25:00,Curvage title-count allocation,sale date,allocated daily title count,Daily title counts allocated to canonical Curvage daily gross/net by price-weighted unit share.
Curvage,Stuffing tacos makes me burp and fart! 🌮💨,Stuffing tacos makes me burp and fart! 🌮💨,60064,1,44.68,33.14,44.68,33.14,34.99,1,2025-08-14,2025-08-14,creator_analytics/manual_backfills/curvage_title_counts_all_time_2013-01-01_to_2026-07-04.csv,2026-07-04T19:25:00,Curvage title-count allocation,sale date,allocated daily title count,Daily title counts allocated to canonical Curvage daily gross/net by price-weighted unit share.
Curvage,Stuffing in the Car Until I'm Stuck! 🚙🍟,Stuffing in the Car Until I'm Stuck! 🚙🍟,59966,1,76.0,56.37,76.0,56.37,28.99,1,2025-08-15,2025-08-15,creator_analytics/manual_backfills/curvage_title_counts_all_time_2013-01-01_to_2026-07-04.csv,2026-07-04T19:25:00,Curvage title-count allocation,sale date,allocated daily title count,Daily title counts allocated to canonical Curvage daily gross/net by price-weighted unit share.
Curvage,Cursed Cake Makes Greedy Co-worker Explode,Cursed Cake Makes Greedy Co-worker Explode,63618,3,84.09,62.37,28.03,20.79,27.99,1,2025-08-16,2025-08-16,creator_analytics/manual_backfills/curvage_title_counts_all_time_2013-01-01_to_2026-07-04.csv,2026-07-04T19:25:00,Curvage title-count allocation,sale date,allocated daily title count,Daily title counts allocated to canonical Curvage daily gross/net by price-weighted unit share.
Curvage,Cursed Cake Makes Greedy Co-worker Explode,Cursed Cake Makes Greedy Co-worker Explode,63618,4,112.12,83.16,28.03,20.79,27.99,1,2025-08-17,2025-08-17,creator_analytics/manual_backfills/curvage_title_counts_all_time_2013-01-01_to_2026-07-04.csv,2026-07-04T19:25:00,Curvage title-count allocation,sale date,allocated daily title count,Daily title counts allocated to canonical Curvage daily gross/net by price-weighted unit share.
Curvage,Cursed Cake Makes Greedy Co-worker Explode,Cursed Cake Makes Greedy Co-worker Explode,63618,3,84.1,62.38,28.03,20.79,27.99,1,2025-08-18,2025-08-18,creator_analytics/manual_backfills/curvage_title_counts_all_time_2013-01-01_to_2026-07-04.csv,2026-07-04T19:25:00,Curvage title-count allocation,sale date,allocated daily title count,Daily title counts allocated to canonical Curvage daily gross/net by price-weighted unit share.
Curvage,Stuffing in the Car Until I'm Stuck! 🚙🍟,Stuffing in the Car Until I'm Stuck! 🚙🍟,59966,1,29.03,21.53,29.03,21.53,28.99,1,2025-08-18,2025-08-18,creator_analytics/manual_backfills/curvage_title_counts_all_time_2013-01-01_to_2026-07-04.csv,2026-07-04T19:25:00,Curvage title-count allocation,sale date,allocated daily title count,Daily title counts allocated to canonical Curvage daily gross/net by price-weighted unit share.
Curvage,Cursed Cake Makes Greedy Co-worker Explode,Cursed Cake Makes Greedy Co-worker Explode,63618,3,84.09,62.37,28.03,20.79,27.99,1,2025-08-19,2025-08-19,creator_analytics/manual_backfills/curvage_title_counts_all_time_2013-01-01_to_2026-07-04.csv,2026-07-04T19:25:00,Curvage title-count allocation,sale date,allocated daily title count,Daily title counts allocated to canonical Curvage daily gross/net by price-weighted unit share.
Curvage,Cursed Cake Makes Greedy Co-worker Explode,Cursed Cake Makes Greedy Co-worker Explode,63618,1,46.68,34.63,46.68,34.63,27.99,1,2025-08-21,2025-08-21,creator_analytics/manual_backfills/curvage_title_counts_all_time_2013-01-01_to_2026-07-04.csv,2026-07-04T19:25:00,Curvage title-count allocation,sale date,allocated daily title count,Daily title counts allocated to canonical Curvage daily gross/net by price-weighted unit share.
Curvage,Stuffing tacos makes me burp and fart! 🌮💨,Stuffing tacos makes me burp and fart! 🌮💨,60064,1,58.36,43.28,58.36,43.28,34.99,1,2025-08-21,2025-08-21,creator_analytics/manual_backfills/curvage_title_counts_all_time_2013-01-01_to_2026-07-04.csv,2026-07-04T19:25:00,Curvage title-count allocation,sale date,allocated daily title count,Daily title counts allocated to canonical Curvage daily gross/net by price-weighted unit share.
Curvage,Cursed Cake Makes Greedy Co-worker Explode,Cursed Cake Makes Greedy Co-worker Explode,63618,1,35.49,26.32,35.49,26.32,27.99,1,2025-08-22,2025-08-22,creator_analytics/manual_backfills/curvage_title_counts_all_time_2013-01-01_to_2026-07-04.csv,2026-07-04T19:25:00,Curvage title-count allocation,sale date,allocated daily title count,Daily title counts allocated to canonical Curvage daily gross/net by price-weighted unit share.
Curvage,Stuffing My Face After Hitting the Gym! 🍔🥤,Stuffing My Face After Hitting the Gym! 🍔🥤,58749,1,25.34,18.8,25.34,18.8,19.99,1,2025-08-22,2025-08-22,creator_analytics/manual_backfills/curvage_title_counts_all_time_2013-01-01_to_2026-07-04.csv,2026-07-04T19:25:00,Curvage title-count allocation,sale date,allocated daily title count,Daily title counts allocated to canonical Curvage daily gross/net by price-weighted unit share.
Curvage,Stuffing in the Car Until I'm Stuck! 🚙🍟,Stuffing in the Car Until I'm Stuck! 🚙🍟,59966,1,29.04,21.54,29.04,21.54,28.99,1,2025-08-23,2025-08-23,creator_analytics/manual_backfills/curvage_title_counts_all_time_2013-01-01_to_2026-07-04.csv,2026-07-04T19:25:00,Curvage title-count allocation,sale date,allocated daily title count,Daily title counts allocated to canonical Curvage daily gross/net by price-weighted unit share.
Curvage,Cursed Cake Makes Greedy Co-worker Explode,Cursed Cake Makes Greedy Co-worker Explode,63618,1,43.69,32.41,43.69,32.41,27.99,1,2025-08-24,2025-08-24,creator_analytics/manual_backfills/curvage_title_counts_all_time_2013-01-01_to_2026-07-04.csv,2026-07-04T19:25:00,Curvage title-count allocation,sale date,allocated daily title count,Daily title counts allocated to canonical Curvage daily gross/net by price-weighted unit share.
Curvage,Greedy girlfriend stuffs her face and vores you! 🤤🍔,Greedy girlfriend stuffs her face and vores you! 🤤🍔,56366,1,34.33,25.46,34.33,25.46,21.99,1,2025-08-24,2025-08-24,creator_analytics/manual_backfills/curvage_title_counts_all_time_2013-01-01_to_2026-07-04.csv,2026-07-04T19:25:00,Curvage title-count allocation,sale date,allocated daily title count,Daily title counts allocated to canonical Curvage daily gross/net by price-weighted unit share.
Curvage,Stuffing in the Car Until I'm Stuck! 🚙🍟,Stuffing in the Car Until I'm Stuck! 🚙🍟,59966,1,76.0,56.37,76.0,56.37,28.99,1,2025-08-25,2025-08-25,creator_analytics/manual_backfills/curvage_title_counts_all_time_2013-01-01_to_2026-07-04.csv,2026-07-04T19:25:00,Curvage title-count allocation,sale date,allocated daily title count,Daily title counts allocated to canonical Curvage daily gross/net by price-weighted unit share.
Curvage,Cursed Cake Makes Greedy Co-worker Explode,Cursed Cake Makes Greedy Co-worker Explode,63618,1,28.03,20.79,28.03,20.79,27.99,1,2025-08-27,2025-08-27,creator_analytics/manual_backfills/curvage_title_counts_all_time_2013-01-01_to_2026-07-04.csv,2026-07-04T19:25:00,Curvage title-count allocation,sale date,allocated daily title count,Daily title counts allocated to canonical Curvage daily gross/net by price-weighted unit share.
Curvage,Horny SSBBW Succubus Grows for Your Cum POV,Horny SSBBW Succubus Grows for Your Cum POV,44086,1,61.55,45.65,61.55,45.65,14.99,1,2025-08-28,2025-08-28,creator_analytics/manual_backfills/curvage_title_counts_all_time_2013-01-01_to_2026-07-04.csv,2026-07-04T19:25:00,Curvage title-count allocation,sale date,allocated daily title count,Daily title counts allocated to canonical Curvage daily gross/net by price-weighted unit share.
Curvage,Stuffing My Face After Hitting the Gym! 🍔🥤,Stuffing My Face After Hitting the Gym! 🍔🥤,58749,1,82.08,60.88,82.08,60.88,19.99,1,2025-08-28,2025-08-28,creator_analytics/manual_backfills/curvage_title_counts_all_time_2013-01-01_to_2026-07-04.csv,2026-07-04T19:25:00,Curvage title-count allocation,sale date,allocated daily title count,Daily title counts allocated to canonical Curvage daily gross/net by price-weighted unit share.
Curvage,Cursed Cake Makes Greedy Co-worker Explode,Cursed Cake Makes Greedy Co-worker Explode,63618,1,28.03,20.79,28.03,20.79,27.99,1,2025-09-01,2025-09-01,creator_analytics/manual_backfills/curvage_title_counts_all_time_2013-01-01_to_2026-07-04.csv,2026-07-04T19:25:00,Curvage title-count allocation,sale date,allocated daily title count,Daily title counts allocated to canonical Curvage daily gross/net by price-weighted unit share.
Curvage,Stuffing tacos makes me burp and fart! 🌮💨,Stuffing tacos makes me burp and fart! 🌮💨,60064,1,57.07,42.33,57.07,42.33,34.99,1,2025-09-03,2025-09-03,creator_analytics/manual_backfills/curvage_title_counts_all_time_2013-01-01_to_2026-07-04.csv,2026-07-04T19:25:00,Curvage title-count allocation,sale date,allocated daily title count,Daily title counts allocated to canonical Curvage daily gross/net by price-weighted unit share.
Curvage,Stuffing in the Car Until I'm Stuck! 🚙🍟,Stuffing in the Car Until I'm Stuck! 🚙🍟,59966,1,29.04,21.54,29.04,21.54,28.99,1,2025-09-04,2025-09-04,creator_analytics/manual_backfills/curvage_title_counts_all_time_2013-01-01_to_2026-07-04.csv,2026-07-04T19:25:00,Curvage title-count allocation,sale date,allocated daily title count,Daily title counts allocated to canonical Curvage daily gross/net by price-weighted unit share.
Curvage,Cursed Cake Makes Greedy Co-worker Explode,Cursed Cake Makes Greedy Co-worker Explode,63618,4,127.06,94.25,31.77,23.56,27.99,1,2025-09-05,2025-09-05,creator_analytics/manual_backfills/curvage_title_counts_all_time_2013-01-01_to_2026-07-04.csv,2026-07-04T19:25:00,Curvage title-count allocation,sale date,allocated daily title count,Daily title counts allocated to canonical Curvage daily gross/net by price-weighted unit share.
Curvage,Thanksgiving stuffing and a cigarette! 🦃🚬,Thanksgiving stuffing and a cigarette! 🦃🚬,54801,1,34.04,25.24,34.04,25.24,29.99,1,2025-09-05,2025-09-05,creator_analytics/manual_backfills/curvage_title_counts_all_time_2013-01-01_to_2026-07-04.csv,2026-07-04T19:25:00,Curvage title-count allocation,sale date,allocated daily title count,Daily title counts allocated to canonical Curvage daily gross/net by price-weighted unit share.
Curvage,Horny SSBBW Succubus Grows for Your Cum POV,Horny SSBBW Succubus Grows for Your Cum POV,44086,1,33.81,25.08,33.81,25.08,14.99,1,2025-09-07,2025-09-07,creator_analytics/manual_backfills/curvage_title_counts_all_time_2013-01-01_to_2026-07-04.csv,2026-07-04T19:25:00,Curvage title-count allocation,sale date,allocated daily title count,Daily title counts allocated to canonical Curvage daily gross/net by price-weighted unit share.
Curvage,Cursed Cake Makes Greedy Co-worker Explode,Cursed Cake Makes Greedy Co-worker Explode,63618,1,28.03,20.79,28.03,20.79,27.99,1,2025-09-11,2025-09-11,creator_analytics/manual_backfills/curvage_title_counts_all_time_2013-01-01_to_2026-07-04.csv,2026-07-04T19:25:00,Curvage title-count allocation,sale date,allocated daily title count,Daily title counts allocated to canonical Curvage daily gross/net by price-weighted unit share.
Curvage,Cursed Cake Makes Greedy Co-worker Explode,Cursed Cake Makes Greedy Co-worker Explode,63618,1,28.03,20.79,28.03,20.79,27.99,1,2025-09-12,2025-09-12,creator_analytics/manual_backfills/curvage_title_counts_all_time_2013-01-01_to_2026-07-04.csv,2026-07-04T19:25:00,Curvage title-count allocation,sale date,allocated daily title count,Daily title counts allocated to canonical Curvage daily gross/net by price-weighted unit share.
Curvage,Your Girlfriend Encourages Mutual Gain POV,Your Girlfriend Encourages Mutual Gain POV,55022,1,35.84,26.58,35.84,26.58,24.99,1,2025-09-13,2025-09-13,creator_analytics/manual_backfills/curvage_title_counts_all_time_2013-01-01_to_2026-07-04.csv,2026-07-04T19:25:00,Curvage title-count allocation,sale date,allocated daily title count,Daily title counts allocated to canonical Curvage daily gross/net by price-weighted unit share.
Curvage,Stuffing tacos makes me burp and fart! 🌮💨,Stuffing tacos makes me burp and fart! 🌮💨,60064,1,35.11,26.04,35.11,26.04,34.99,1,2025-09-14,2025-09-14,creator_analytics/manual_backfills/curvage_title_counts_all_time_2013-01-01_to_2026-07-04.csv,2026-07-04T19:25:00,Curvage title-count allocation,sale date,allocated daily title count,Daily title counts allocated to canonical Curvage daily gross/net by price-weighted unit share.
Curvage,Soda-chugging cutie gets bloated and belches!,Soda-chugging cutie gets bloated and belches!,28679,1,21.72,16.11,21.72,16.11,10.99,1,2025-09-16,2025-09-16,creator_analytics/manual_backfills/curvage_title_counts_all_time_2013-01-01_to_2026-07-04.csv,2026-07-04T19:25:00,Curvage title-count allocation,sale date,allocated daily title count,Daily title counts allocated to canonical Curvage daily gross/net by price-weighted unit share.
Curvage,Stuffing tacos makes me burp and fart! 🌮💨,Stuffing tacos makes me burp and fart! 🌮💨,60064,1,69.16,51.3,69.16,51.3,34.99,1,2025-09-16,2025-09-16,creator_analytics/manual_backfills/curvage_title_counts_all_time_2013-01-01_to_2026-07-04.csv,2026-07-04T19:25:00,Curvage title-count allocation,sale date,allocated daily title count,Daily title counts allocated to canonical Curvage daily gross/net by price-weighted unit share.
Curvage,Cursed Cake Makes Greedy Co-worker Explode,Cursed Cake Makes Greedy Co-worker Explode,63618,1,32.8,24.33,32.8,24.33,27.99,1,2025-09-17,2025-09-17,creator_analytics/manual_backfills/curvage_title_counts_all_time_2013-01-01_to_2026-07-04.csv,2026-07-04T19:25:00,Curvage title-count allocation,sale date,allocated daily title count,Daily title counts allocated to canonical Curvage daily gross/net by price-weighted unit share.
Curvage,Watch my fat jiggle while I struggle to work out! 😅💪,Watch my fat jiggle while I struggle to work out! 😅💪,45396,2,25.72,19.08,12.86,9.54,12.99,1,2025-09-18,2025-09-18,creator_analytics/manual_backfills/curvage_title_counts_all_time_2013-01-01_to_2026-07-04.csv,2026-07-04T19:25:00,Curvage title-count allocation,sale date,allocated daily title count,Daily title counts allocated to canonical Curvage daily gross/net by price-weighted unit share.
Curvage,Cursed Cake Makes Greedy Co-worker Explode,Cursed Cake Makes Greedy Co-worker Explode,63618,3,105.48,78.24,35.16,26.08,27.99,1,2025-09-19,2025-09-19,creator_analytics/manual_backfills/curvage_title_counts_all_time_2013-01-01_to_2026-07-04.csv,2026-07-04T19:25:00,Curvage title-count allocation,sale date,allocated daily title count,Daily title counts allocated to canonical Curvage daily gross/net by price-weighted unit share.
Curvage,Get me pregnant and make me grow! 🤰😍,Get me pregnant and make me grow! 🤰😍,49011,1,16.32,12.1,16.32,12.1,12.99,1,2025-09-19,2025-09-19,creator_analytics/manual_backfills/curvage_title_counts_all_time_2013-01-01_to_2026-07-04.csv,2026-07-04T19:25:00,Curvage title-count allocation,sale date,allocated daily title count,Daily title counts allocated to canonical Curvage daily gross/net by price-weighted unit share.
Curvage,New weigh-in and measurements! 😍,New weigh-in and measurements! 😍,56046,1,43.95,32.6,43.95,32.6,34.99,1,2025-09-19,2025-09-19,creator_analytics/manual_backfills/curvage_title_counts_all_time_2013-01-01_to_2026-07-04.csv,2026-07-04T19:25:00,Curvage title-count allocation,sale date,allocated daily title count,Daily title counts allocated to canonical Curvage daily gross/net by price-weighted unit share.
Curvage,Stuffing My Face After Hitting the Gym! 🍔🥤,Stuffing My Face After Hitting the Gym! 🍔🥤,58749,1,25.11,18.63,25.11,18.63,19.99,1,2025-09-19,2025-09-19,creator_analytics/manual_backfills/curvage_title_counts_all_time_2013-01-01_to_2026-07-04.csv,2026-07-04T19:25:00,Curvage title-count allocation,sale date,allocated daily title count,Daily title counts allocated to canonical Curvage daily gross/net by price-weighted unit share.
Curvage,Cursed Cake Makes Greedy Co-worker Explode,Cursed Cake Makes Greedy Co-worker Explode,63618,1,57.07,42.33,57.07,42.33,27.99,1,2025-09-20,2025-09-20,creator_analytics/manual_backfills/curvage_title_counts_all_time_2013-01-01_to_2026-07-04.csv,2026-07-04T19:25:00,Curvage title-count allocation,sale date,allocated daily title count,Daily title counts allocated to canonical Curvage daily gross/net by price-weighted unit share.
Curvage,Stuffing tacos makes me burp and fart! 🌮💨,Stuffing tacos makes me burp and fart! 🌮💨,60064,2,87.12,64.62,43.56,32.31,34.99,1,2025-09-21,2025-09-21,creator_analytics/manual_backfills/curvage_title_counts_all_time_2013-01-01_to_2026-07-04.csv,2026-07-04T19:25:00,Curvage title-count allocation,sale date,allocated daily title count,Daily title counts allocated to canonical Curvage daily gross/net by price-weighted unit share.
Curvage,Cursed Cake Makes Greedy Co-worker Explode,Cursed Cake Makes Greedy Co-worker Explode,63618,1,53.03,39.33,53.03,39.33,27.99,1,2025-09-24,2025-09-24,creator_analytics/manual_backfills/curvage_title_counts_all_time_2013-01-01_to_2026-07-04.csv,2026-07-04T19:25:00,Curvage title-count allocation,sale date,allocated daily title count,Daily title counts allocated to canonical Curvage daily gross/net by price-weighted unit share.
Curvage,Cursed Cake Makes Greedy Co-worker Explode,Cursed Cake Makes Greedy Co-worker Explode,63618,1,28.03,20.79,28.03,20.79,27.99,1,2025-09-27,2025-09-27,creator_analytics/manual_backfills/curvage_title_counts_all_time_2013-01-01_to_2026-07-04.csv,2026-07-04T19:25:00,Curvage title-count allocation,sale date,allocated daily title count,Daily title counts allocated to canonical Curvage daily gross/net by price-weighted unit share.
Curvage,Cursed Cake Makes Greedy Co-worker Explode,Cursed Cake Makes Greedy Co-worker Explode,63618,1,46.96,34.83,46.96,34.83,27.99,1,2025-09-29,2025-09-29,creator_analytics/manual_backfills/curvage_title_counts_all_time_2013-01-01_to_2026-07-04.csv,2026-07-04T19:25:00,Curvage title-count allocation,sale date,allocated daily title count,Daily title counts allocated to canonical Curvage daily gross/net by price-weighted unit share.
Curvage,Stuffing My Face After Hitting the Gym! 🍔🥤,Stuffing My Face After Hitting the Gym! 🍔🥤,58749,3,59.95,44.47,19.98,14.82,19.99,1,2025-10-02,2025-10-02,creator_analytics/manual_backfills/curvage_title_counts_all_time_2013-01-01_to_2026-07-04.csv,2026-07-04T19:25:00,Curvage title-count allocation,sale date,allocated daily title count,Daily title counts allocated to canonical Curvage daily gross/net by price-weighted unit share.
Curvage,Stuffing tacos makes me burp and fart! 🌮💨,Stuffing tacos makes me burp and fart! 🌮💨,60064,1,34.98,25.94,34.98,25.94,34.99,1,2025-10-02,2025-10-02,creator_analytics/manual_backfills/curvage_title_counts_all_time_2013-01-01_to_2026-07-04.csv,2026-07-04T19:25:00,Curvage title-count allocation,sale date,allocated daily title count,Daily title counts allocated to canonical Curvage daily gross/net by price-weighted unit share.
Curvage,Cursed Cake Makes Greedy Co-worker Explode,Cursed Cake Makes Greedy Co-worker Explode,63618,1,28.03,20.79,28.03,20.79,27.99,1,2025-10-03,2025-10-03,creator_analytics/manual_backfills/curvage_title_counts_all_time_2013-01-01_to_2026-07-04.csv,2026-07-04T19:25:00,Curvage title-count allocation,sale date,allocated daily title count,Daily title counts allocated to canonical Curvage daily gross/net by price-weighted unit share.
Curvage,Stuffing My Face After Hitting the Gym! 🍔🥤,Stuffing My Face After Hitting the Gym! 🍔🥤,58749,1,19.94,14.79,19.94,14.79,19.99,1,2025-10-04,2025-10-04,creator_analytics/manual_backfills/curvage_title_counts_all_time_2013-01-01_to_2026-07-04.csv,2026-07-04T19:25:00,Curvage title-count allocation,sale date,allocated daily title count,Daily title counts allocated to canonical Curvage daily gross/net by price-weighted unit share.
Curvage,Stuffing and making out with your feedee 🤤🍗,Stuffing and making out with your feedee 🤤🍗,48622,1,25.0,18.54,25.0,18.54,24.99,1,2025-10-06,2025-10-06,creator_analytics/manual_backfills/curvage_title_counts_all_time_2013-01-01_to_2026-07-04.csv,2026-07-04T19:25:00,Curvage title-count allocation,sale date,allocated daily title count,Daily title counts allocated to canonical Curvage daily gross/net by price-weighted unit share.
Curvage,Cursed Cake Makes Greedy Co-worker Explode,Cursed Cake Makes Greedy Co-worker Explode,63618,3,84.07,62.35,28.02,20.78,27.99,1,2025-10-07,2025-10-07,creator_analytics/manual_backfills/curvage_title_counts_all_time_2013-01-01_to_2026-07-04.csv,2026-07-04T19:25:00,Curvage title-count allocation,sale date,allocated daily title count,Daily title counts allocated to canonical Curvage daily gross/net by price-weighted unit share.
Curvage,Your Girlfriend Encourages Mutual Gain POV,Your Girlfriend Encourages Mutual Gain POV,55022,1,25.02,18.56,25.02,18.56,24.99,1,2025-10-07,2025-10-07,creator_analytics/manual_backfills/curvage_title_counts_all_time_2013-01-01_to_2026-07-04.csv,2026-07-04T19:25:00,Curvage title-count allocation,sale date,allocated daily title count,Daily title counts allocated to canonical Curvage daily gross/net by price-weighted unit share.
Curvage,Stuffing tacos makes me burp and fart! 🌮💨,Stuffing tacos makes me burp and fart! 🌮💨,60064,1,69.93,51.87,69.93,51.87,34.99,1,2025-10-12,2025-10-12,creator_analytics/manual_backfills/curvage_title_counts_all_time_2013-01-01_to_2026-07-04.csv,2026-07-04T19:25:00,Curvage title-count allocation,sale date,allocated daily title count,Daily title counts allocated to canonical Curvage daily gross/net by price-weighted unit share.
Curvage,Greedy girlfriend stuffs her face and vores you! 🤤🍔,Greedy girlfriend stuffs her face and vores you! 🤤🍔,56366,1,80.04,59.37,80.04,59.37,21.99,1,2025-10-13,2025-10-13,creator_analytics/manual_backfills/curvage_title_counts_all_time_2013-01-01_to_2026-07-04.csv,2026-07-04T19:25:00,Curvage title-count allocation,sale date,allocated daily title count,Daily title counts allocated to canonical Curvage daily gross/net by price-weighted unit share.
Curvage,Sexy fatty gobbles a dozen ice cream sandwiches!,Sexy fatty gobbles a dozen ice cream sandwiches!,33057,2,35.27,26.16,17.63,13.08,8.99,1,2025-10-17,2025-10-17,creator_analytics/manual_backfills/curvage_title_counts_all_time_2013-01-01_to_2026-07-04.csv,2026-07-04T19:25:00,Curvage title-count allocation,sale date,allocated daily title count,Daily title counts allocated to canonical Curvage daily gross/net by price-weighted unit share.
Curvage,Cursed Cake Makes Greedy Co-worker Explode,Cursed Cake Makes Greedy Co-worker Explode,63618,1,38.87,28.83,38.87,28.83,27.99,1,2025-10-21,2025-10-21,creator_analytics/manual_backfills/curvage_title_counts_all_time_2013-01-01_to_2026-07-04.csv,2026-07-04T19:25:00,Curvage title-count allocation,sale date,allocated daily title count,Daily title counts allocated to canonical Curvage daily gross/net by price-weighted unit share.
Curvage,Greedy girlfriend stuffs her face and vores you! 🤤🍔,Greedy girlfriend stuffs her face and vores you! 🤤🍔,56366,1,38.87,28.83,38.87,28.83,21.99,1,2025-10-25,2025-10-25,creator_analytics/manual_backfills/curvage_title_counts_all_time_2013-01-01_to_2026-07-04.csv,2026-07-04T19:25:00,Curvage title-count allocation,sale date,allocated daily title count,Daily title counts allocated to canonical Curvage daily gross/net by price-weighted unit share.
Curvage,Cursed Cake Makes Greedy Co-worker Explode,Cursed Cake Makes Greedy Co-worker Explode,63618,1,53.03,39.33,53.03,39.33,27.99,1,2025-10-27,2025-10-27,creator_analytics/manual_backfills/curvage_title_counts_all_time_2013-01-01_to_2026-07-04.csv,2026-07-04T19:25:00,Curvage title-count allocation,sale date,allocated daily title count,Daily title counts allocated to canonical Curvage daily gross/net by price-weighted unit share.
Curvage,Cursed Cake Makes Greedy Co-worker Explode,Cursed Cake Makes Greedy Co-worker Explode,63618,1,41.74,30.96,41.74,30.96,27.99,1,2025-10-28,2025-10-28,creator_analytics/manual_backfills/curvage_title_counts_all_time_2013-01-01_to_2026-07-04.csv,2026-07-04T19:25:00,Curvage title-count allocation,sale date,allocated daily title count,Daily title counts allocated to canonical Curvage daily gross/net by price-weighted unit share.
Curvage,Stuffing tacos makes me burp and fart! 🌮💨,Stuffing tacos makes me burp and fart! 🌮💨,60064,1,52.18,38.7,52.18,38.7,34.99,1,2025-10-28,2025-10-28,creator_analytics/manual_backfills/curvage_title_counts_all_time_2013-01-01_to_2026-07-04.csv,2026-07-04T19:25:00,Curvage title-count allocation,sale date,allocated daily title count,Daily title counts allocated to canonical Curvage daily gross/net by price-weighted unit share.
Curvage,Cursed Cake Makes Greedy Co-worker Explode,Cursed Cake Makes Greedy Co-worker Explode,63618,2,55.96,41.51,27.98,20.75,27.99,1,2025-10-31,2025-10-31,creator_analytics/manual_backfills/curvage_title_counts_all_time_2013-01-01_to_2026-07-04.csv,2026-07-04T19:25:00,Curvage title-count allocation,sale date,allocated daily title count,Daily title counts allocated to canonical Curvage daily gross/net by price-weighted unit share.
Curvage,Horny SSBBW Succubus Grows for Your Cum POV,Horny SSBBW Succubus Grows for Your Cum POV,44086,1,14.98,11.11,14.98,11.11,14.99,1,2025-10-31,2025-10-31,creator_analytics/manual_backfills/curvage_title_counts_all_time_2013-01-01_to_2026-07-04.csv,2026-07-04T19:25:00,Curvage title-count allocation,sale date,allocated daily title count,Daily title counts allocated to canonical Curvage daily gross/net by price-weighted unit share.
Curvage,Cursed Cake Makes Greedy Co-worker Explode,Cursed Cake Makes Greedy Co-worker Explode,63618,2,162.84,120.78,81.42,60.39,27.99,1,2025-11-02,2025-11-02,creator_analytics/manual_backfills/curvage_title_counts_all_time_2013-01-01_to_2026-07-04.csv,2026-07-04T19:25:00,Curvage title-count allocation,sale date,allocated daily title count,Daily title counts allocated to canonical Curvage daily gross/net by price-weighted unit share.
Curvage,Cursed Cake Makes Greedy Co-worker Explode,Cursed Cake Makes Greedy Co-worker Explode,63618,2,68.37,50.71,34.19,25.36,27.99,1,2025-11-03,2025-11-03,creator_analytics/manual_backfills/curvage_title_counts_all_time_2013-01-01_to_2026-07-04.csv,2026-07-04T19:25:00,Curvage title-count allocation,sale date,allocated daily title count,Daily title counts allocated to canonical Curvage daily gross/net by price-weighted unit share.
Curvage,Stuffing tacos makes me burp and fart! 🌮💨,Stuffing tacos makes me burp and fart! 🌮💨,60064,1,42.74,31.7,42.74,31.7,34.99,1,2025-11-03,2025-11-03,creator_analytics/manual_backfills/curvage_title_counts_all_time_2013-01-01_to_2026-07-04.csv,2026-07-04T19:25:00,Curvage title-count allocation,sale date,allocated daily title count,Daily title counts allocated to canonical Curvage daily gross/net by price-weighted unit share.
Curvage,Cursed Cake Makes Greedy Co-worker Explode,Cursed Cake Makes Greedy Co-worker Explode,63618,1,41.22,30.57,41.22,30.57,27.99,1,2025-11-05,2025-11-05,creator_analytics/manual_backfills/curvage_title_counts_all_time_2013-01-01_to_2026-07-04.csv,2026-07-04T19:25:00,Curvage title-count allocation,sale date,allocated daily title count,Daily title counts allocated to canonical Curvage daily gross/net by price-weighted unit share.
Curvage,Your Girlfriend Encourages Mutual Gain POV,Your Girlfriend Encourages Mutual Gain POV,55022,1,36.8,27.3,36.8,27.3,24.99,1,2025-11-05,2025-11-05,creator_analytics/manual_backfills/curvage_title_counts_all_time_2013-01-01_to_2026-07-04.csv,2026-07-04T19:25:00,Curvage title-count allocation,sale date,allocated daily title count,Daily title counts allocated to canonical Curvage daily gross/net by price-weighted unit share.
Curvage,Cursed Cake Makes Greedy Co-worker Explode,Cursed Cake Makes Greedy Co-worker Explode,63618,1,28.03,20.79,28.03,20.79,27.99,1,2025-11-06,2025-11-06,creator_analytics/manual_backfills/curvage_title_counts_all_time_2013-01-01_to_2026-07-04.csv,2026-07-04T19:25:00,Curvage title-count allocation,sale date,allocated daily title count,Daily title counts allocated to canonical Curvage daily gross/net by price-weighted unit share.
Curvage,Crushing you flat under my massive 525lb body,Crushing you flat under my massive 525lb body,67883,1,20.76,15.4,20.76,15.4,17.99,1,2025-11-07,2025-11-07,creator_analytics/manual_backfills/curvage_title_counts_all_time_2013-01-01_to_2026-07-04.csv,2026-07-04T19:25:00,Curvage title-count allocation,sale date,allocated daily title count,Daily title counts allocated to canonical Curvage daily gross/net by price-weighted unit share.
Curvage,Cursed Cake Makes Greedy Co-worker Explode,Cursed Cake Makes Greedy Co-worker Explode,63618,1,32.3,23.95,32.3,23.95,27.99,1,2025-11-07,2025-11-07,creator_analytics/manual_backfills/curvage_title_counts_all_time_2013-01-01_to_2026-07-04.csv,2026-07-04T19:25:00,Curvage title-count allocation,sale date,allocated daily title count,Daily title counts allocated to canonical Curvage daily gross/net by price-weighted unit share.
Curvage,Stuffing tacos makes me burp and fart! 🌮💨,Stuffing tacos makes me burp and fart! 🌮💨,60064,2,80.74,59.89,40.37,29.94,34.99,1,2025-11-07,2025-11-07,creator_analytics/manual_backfills/curvage_title_counts_all_time_2013-01-01_to_2026-07-04.csv,2026-07-04T19:25:00,Curvage title-count allocation,sale date,allocated daily title count,Daily title counts allocated to canonical Curvage daily gross/net by price-weighted unit share.
Curvage,Crushing you flat under my massive 525lb body,Crushing you flat under my massive 525lb body,67883,1,21.49,15.94,21.49,15.94,17.99,1,2025-11-08,2025-11-08,creator_analytics/manual_backfills/curvage_title_counts_all_time_2013-01-01_to_2026-07-04.csv,2026-07-04T19:25:00,Curvage title-count allocation,sale date,allocated daily title count,Daily title counts allocated to canonical Curvage daily gross/net by price-weighted unit share.
Curvage,Cursed Cake Makes Greedy Co-worker Explode,Cursed Cake Makes Greedy Co-worker Explode,63618,2,66.86,49.59,33.43,24.8,27.99,1,2025-11-08,2025-11-08,creator_analytics/manual_backfills/curvage_title_counts_all_time_2013-01-01_to_2026-07-04.csv,2026-07-04T19:25:00,Curvage title-count allocation,sale date,allocated daily title count,Daily title counts allocated to canonical Curvage daily gross/net by price-weighted unit share.
Curvage,New weigh-in and measurements! 😍,New weigh-in and measurements! 😍,56046,1,41.79,31.0,41.79,31.0,34.99,1,2025-11-08,2025-11-08,creator_analytics/manual_backfills/curvage_title_counts_all_time_2013-01-01_to_2026-07-04.csv,2026-07-04T19:25:00,Curvage title-count allocation,sale date,allocated daily title count,Daily title counts allocated to canonical Curvage daily gross/net by price-weighted unit share.
Curvage,Stuffing My Face After Hitting the Gym! 🍔🥤,Stuffing My Face After Hitting the Gym! 🍔🥤,58749,1,23.88,17.71,23.88,17.71,19.99,1,2025-11-08,2025-11-08,creator_analytics/manual_backfills/curvage_title_counts_all_time_2013-01-01_to_2026-07-04.csv,2026-07-04T19:25:00,Curvage title-count allocation,sale date,allocated daily title count,Daily title counts allocated to canonical Curvage daily gross/net by price-weighted unit share.
Curvage,Crushing you flat under my massive 525lb body,Crushing you flat under my massive 525lb body,67883,1,18.0,13.35,18.0,13.35,17.99,1,2025-11-09,2025-11-09,creator_analytics/manual_backfills/curvage_title_counts_all_time_2013-01-01_to_2026-07-04.csv,2026-07-04T19:25:00,Curvage title-count allocation,sale date,allocated daily title count,Daily title counts allocated to canonical Curvage daily gross/net by price-weighted unit share.
Curvage,Cursed Cake Makes Greedy Co-worker Explode,Cursed Cake Makes Greedy Co-worker Explode,63618,4,112.03,83.1,28.01,20.77,27.99,1,2025-11-09,2025-11-09,creator_analytics/manual_backfills/curvage_title_counts_all_time_2013-01-01_to_2026-07-04.csv,2026-07-04T19:25:00,Curvage title-count allocation,sale date,allocated daily title count,Daily title counts allocated to canonical Curvage daily gross/net by price-weighted unit share.
Curvage,Crushing you flat under my massive 525lb body,Crushing you flat under my massive 525lb body,67883,2,66.62,49.41,33.31,24.7,17.99,1,2025-11-10,2025-11-10,creator_analytics/manual_backfills/curvage_title_counts_all_time_2013-01-01_to_2026-07-04.csv,2026-07-04T19:25:00,Curvage title-count allocation,sale date,allocated daily title count,Daily title counts allocated to canonical Curvage daily gross/net by price-weighted unit share.
Curvage,Crushing you flat under my massive 525lb body,Crushing you flat under my massive 525lb body,67883,1,17.92,13.29,17.92,13.29,17.99,1,2025-11-11,2025-11-11,creator_analytics/manual_backfills/curvage_title_counts_all_time_2013-01-01_to_2026-07-04.csv,2026-07-04T19:25:00,Curvage title-count allocation,sale date,allocated daily title count,Daily title counts allocated to canonical Curvage daily gross/net by price-weighted unit share.
Curvage,Crushing you flat under my massive 525lb body,Crushing you flat under my massive 525lb body,67883,1,22.84,16.94,22.84,16.94,17.99,1,2025-11-13,2025-11-13,creator_analytics/manual_backfills/curvage_title_counts_all_time_2013-01-01_to_2026-07-04.csv,2026-07-04T19:25:00,Curvage title-count allocation,sale date,allocated daily title count,Daily title counts allocated to canonical Curvage daily gross/net by price-weighted unit share.
Curvage,Cursed Cake Makes Greedy Co-worker Explode,Cursed Cake Makes Greedy Co-worker Explode,63618,2,71.08,52.72,35.54,26.36,27.99,1,2025-11-13,2025-11-13,creator_analytics/manual_backfills/curvage_title_counts_all_time_2013-01-01_to_2026-07-04.csv,2026-07-04T19:25:00,Curvage title-count allocation,sale date,allocated daily title count,Daily title counts allocated to canonical Curvage daily gross/net by price-weighted unit share.
Curvage,Cursed Cake Makes Greedy Co-worker Explode,Cursed Cake Makes Greedy Co-worker Explode,63618,2,56.01,41.55,28.01,20.77,27.99,1,2025-11-15,2025-11-15,creator_analytics/manual_backfills/curvage_title_counts_all_time_2013-01-01_to_2026-07-04.csv,2026-07-04T19:25:00,Curvage title-count allocation,sale date,allocated daily title count,Daily title counts allocated to canonical Curvage daily gross/net by price-weighted unit share.
Curvage,Sexy fatty gobbles a dozen ice cream sandwiches!,Sexy fatty gobbles a dozen ice cream sandwiches!,33057,1,9.0,6.67,9.0,6.67,8.99,1,2025-11-15,2025-11-15,creator_analytics/manual_backfills/curvage_title_counts_all_time_2013-01-01_to_2026-07-04.csv,2026-07-04T19:25:00,Curvage title-count allocation,sale date,allocated daily title count,Daily title counts allocated to canonical Curvage daily gross/net by price-weighted unit share.
Curvage,Stuffing and making out with your feedee 🤤🍗,Stuffing and making out with your feedee 🤤🍗,48622,1,25.0,18.55,25.0,18.55,24.99,1,2025-11-15,2025-11-15,creator_analytics/manual_backfills/curvage_title_counts_all_time_2013-01-01_to_2026-07-04.csv,2026-07-04T19:25:00,Curvage title-count allocation,sale date,allocated daily title count,Daily title counts allocated to canonical Curvage daily gross/net by price-weighted unit share.
Curvage,Stuffing tacos makes me burp and fart! 🌮💨,Stuffing tacos makes me burp and fart! 🌮💨,60064,1,35.01,25.97,35.01,25.97,34.99,1,2025-11-15,2025-11-15,creator_analytics/manual_backfills/curvage_title_counts_all_time_2013-01-01_to_2026-07-04.csv,2026-07-04T19:25:00,Curvage title-count allocation,sale date,allocated daily title count,Daily title counts allocated to canonical Curvage daily gross/net by price-weighted unit share.
Curvage,Thanksgiving stuffing and a cigarette! 🦃🚬,Thanksgiving stuffing and a cigarette! 🦃🚬,54801,1,30.01,22.26,30.01,22.26,29.99,1,2025-11-15,2025-11-15,creator_analytics/manual_backfills/curvage_title_counts_all_time_2013-01-01_to_2026-07-04.csv,2026-07-04T19:25:00,Curvage title-count allocation,sale date,allocated daily title count,Daily title counts allocated to canonical Curvage daily gross/net by price-weighted unit share.
Curvage,Crushing you flat under my massive 525lb body,Crushing you flat under my massive 525lb body,67883,1,73.98,54.87,73.98,54.87,17.99,1,2025-11-16,2025-11-16,creator_analytics/manual_backfills/curvage_title_counts_all_time_2013-01-01_to_2026-07-04.csv,2026-07-04T19:25:00,Curvage title-count allocation,sale date,allocated daily title count,Daily title counts allocated to canonical Curvage daily gross/net by price-weighted unit share.
Curvage,Crushing you flat under my massive 525lb body,Crushing you flat under my massive 525lb body,67883,1,221.2,164.07,221.2,164.07,17.99,1,2025-11-17,2025-11-17,creator_analytics/manual_backfills/curvage_title_counts_all_time_2013-01-01_to_2026-07-04.csv,2026-07-04T19:25:00,Curvage title-count allocation,sale date,allocated daily title count,Daily title counts allocated to canonical Curvage daily gross/net by price-weighted unit share.
Curvage,Cursed Cake Makes Greedy Co-worker Explode,Cursed Cake Makes Greedy Co-worker Explode,63618,2,78.02,57.87,39.01,28.93,27.99,1,2025-11-19,2025-11-19,creator_analytics/manual_backfills/curvage_title_counts_all_time_2013-01-01_to_2026-07-04.csv,2026-07-04T19:25:00,Curvage title-count allocation,sale date,allocated daily title count,Daily title counts allocated to canonical Curvage daily gross/net by price-weighted unit share.
Curvage,Stuffing tacos makes me burp and fart! 🌮💨,Stuffing tacos makes me burp and fart! 🌮💨,60064,1,430.56,319.35,430.56,319.35,34.99,1,2025-11-20,2025-11-20,creator_analytics/manual_backfills/curvage_title_counts_all_time_2013-01-01_to_2026-07-04.csv,2026-07-04T19:25:00,Curvage title-count allocation,sale date,allocated daily title count,Daily title counts allocated to canonical Curvage daily gross/net by price-weighted unit share.
Curvage,Crushing you flat under my massive 525lb body,Crushing you flat under my massive 525lb body,67883,1,54.11,40.14,54.11,40.14,17.99,1,2025-11-21,2025-11-21,creator_analytics/manual_backfills/curvage_title_counts_all_time_2013-01-01_to_2026-07-04.csv,2026-07-04T19:25:00,Curvage title-count allocation,sale date,allocated daily title count,Daily title counts allocated to canonical Curvage daily gross/net by price-weighted unit share.
Curvage,Cursed Cake Makes Greedy Co-worker Explode,Cursed Cake Makes Greedy Co-worker Explode,63618,2,168.39,124.89,84.19,62.45,27.99,1,2025-11-21,2025-11-21,creator_analytics/manual_backfills/curvage_title_counts_all_time_2013-01-01_to_2026-07-04.csv,2026-07-04T19:25:00,Curvage title-count allocation,sale date,allocated daily title count,Daily title counts allocated to canonical Curvage daily gross/net by price-weighted unit share.
Curvage,Greedy girlfriend stuffs her face and vores you! 🤤🍔,Greedy girlfriend stuffs her face and vores you! 🤤🍔,56366,1,66.15,49.06,66.15,49.06,21.99,1,2025-11-21,2025-11-21,creator_analytics/manual_backfills/curvage_title_counts_all_time_2013-01-01_to_2026-07-04.csv,2026-07-04T19:25:00,Curvage title-count allocation,sale date,allocated daily title count,Daily title counts allocated to canonical Curvage daily gross/net by price-weighted unit share.
Curvage,Stuffing in the Car Until I'm Stuck! 🚙🍟,Stuffing in the Car Until I'm Stuck! 🚙🍟,59966,1,87.2,64.68,87.2,64.68,28.99,1,2025-11-21,2025-11-21,creator_analytics/manual_backfills/curvage_title_counts_all_time_2013-01-01_to_2026-07-04.csv,2026-07-04T19:25:00,Curvage title-count allocation,sale date,allocated daily title count,Daily title counts allocated to canonical Curvage daily gross/net by price-weighted unit share.
Curvage,Stuffing tacos makes me burp and fart! 🌮💨,Stuffing tacos makes me burp and fart! 🌮💨,60064,1,105.25,78.06,105.25,78.06,34.99,1,2025-11-21,2025-11-21,creator_analytics/manual_backfills/curvage_title_counts_all_time_2013-01-01_to_2026-07-04.csv,2026-07-04T19:25:00,Curvage title-count allocation,sale date,allocated daily title count,Daily title counts allocated to canonical Curvage daily gross/net by price-weighted unit share.
Curvage,Your Girlfriend Encourages Mutual Gain POV,Your Girlfriend Encourages Mutual Gain POV,55022,1,75.17,55.75,75.17,55.75,24.99,1,2025-11-21,2025-11-21,creator_analytics/manual_backfills/curvage_title_counts_all_time_2013-01-01_to_2026-07-04.csv,2026-07-04T19:25:00,Curvage title-count allocation,sale date,allocated daily title count,Daily title counts allocated to canonical Curvage daily gross/net by price-weighted unit share.
Curvage,Cursed Cake Makes Greedy Co-worker Explode,Cursed Cake Makes Greedy Co-worker Explode,63618,1,304.28,225.69,304.28,225.69,27.99,1,2025-11-22,2025-11-22,creator_analytics/manual_backfills/curvage_title_counts_all_time_2013-01-01_to_2026-07-04.csv,2026-07-04T19:25:00,Curvage title-count allocation,sale date,allocated daily title count,Daily title counts allocated to canonical Curvage daily gross/net by price-weighted unit share.
Curvage,Cursed Cake Makes Greedy Co-worker Explode,Cursed Cake Makes Greedy Co-worker Explode,63618,1,58.08,43.08,58.08,43.08,27.99,1,2025-11-24,2025-11-24,creator_analytics/manual_backfills/curvage_title_counts_all_time_2013-01-01_to_2026-07-04.csv,2026-07-04T19:25:00,Curvage title-count allocation,sale date,allocated daily title count,Daily title counts allocated to canonical Curvage daily gross/net by price-weighted unit share.
Curvage,Stuffing My Face After Hitting the Gym! 🍔🥤,Stuffing My Face After Hitting the Gym! 🍔🥤,58749,1,20.01,14.85,20.01,14.85,19.99,1,2025-11-25,2025-11-25,creator_analytics/manual_backfills/curvage_title_counts_all_time_2013-01-01_to_2026-07-04.csv,2026-07-04T19:25:00,Curvage title-count allocation,sale date,allocated daily title count,Daily title counts allocated to canonical Curvage daily gross/net by price-weighted unit share.
Curvage,Stuffing tacos makes me burp and fart! 🌮💨,Stuffing tacos makes me burp and fart! 🌮💨,60064,1,35.03,25.98,35.03,25.98,34.99,1,2025-11-25,2025-11-25,creator_analytics/manual_backfills/curvage_title_counts_all_time_2013-01-01_to_2026-07-04.csv,2026-07-04T19:25:00,Curvage title-count allocation,sale date,allocated daily title count,Daily title counts allocated to canonical Curvage daily gross/net by price-weighted unit share.
Curvage,Thanksgiving stuffing and a cigarette! 🦃🚬,Thanksgiving stuffing and a cigarette! 🦃🚬,54801,2,60.1,44.58,30.05,22.29,29.99,1,2025-11-27,2025-11-27,creator_analytics/manual_backfills/curvage_title_counts_all_time_2013-01-01_to_2026-07-04.csv,2026-07-04T19:25:00,Curvage title-count allocation,sale date,allocated daily title count,Daily title counts allocated to canonical Curvage daily gross/net by price-weighted unit share.
Curvage,Cursed Cake Makes Greedy Co-worker Explode,Cursed Cake Makes Greedy Co-worker Explode,63618,1,72.32,53.64,72.32,53.64,27.99,1,2025-11-28,2025-11-28,creator_analytics/manual_backfills/curvage_title_counts_all_time_2013-01-01_to_2026-07-04.csv,2026-07-04T19:25:00,Curvage title-count allocation,sale date,allocated daily title count,Daily title counts allocated to canonical Curvage daily gross/net by price-weighted unit share.
Curvage,Stuffing in the Car Until I'm Stuck! 🚙🍟,Stuffing in the Car Until I'm Stuck! 🚙🍟,59966,1,74.9,55.56,74.9,55.56,28.99,1,2025-11-28,2025-11-28,creator_analytics/manual_backfills/curvage_title_counts_all_time_2013-01-01_to_2026-07-04.csv,2026-07-04T19:25:00,Curvage title-count allocation,sale date,allocated daily title count,Daily title counts allocated to canonical Curvage daily gross/net by price-weighted unit share.
Curvage,Crushing you flat under my massive 525lb body,Crushing you flat under my massive 525lb body,67883,1,33.88,25.13,33.88,25.13,17.99,1,2025-11-29,2025-11-29,creator_analytics/manual_backfills/curvage_title_counts_all_time_2013-01-01_to_2026-07-04.csv,2026-07-04T19:25:00,Curvage title-count allocation,sale date,allocated daily title count,Daily title counts allocated to canonical Curvage daily gross/net by price-weighted unit share.
Curvage,Cursed Cake Makes Greedy Co-worker Explode,Cursed Cake Makes Greedy Co-worker Explode,63618,1,52.72,39.1,52.72,39.1,27.99,1,2025-11-29,2025-11-29,creator_analytics/manual_backfills/curvage_title_counts_all_time_2013-01-01_to_2026-07-04.csv,2026-07-04T19:25:00,Curvage title-count allocation,sale date,allocated daily title count,Daily title counts allocated to canonical Curvage daily gross/net by price-weighted unit share.
Curvage,Greedy girlfriend stuffs her face and vores you! 🤤🍔,Greedy girlfriend stuffs her face and vores you! 🤤🍔,56366,1,41.42,30.72,41.42,30.72,21.99,1,2025-11-29,2025-11-29,creator_analytics/manual_backfills/curvage_title_counts_all_time_2013-01-01_to_2026-07-04.csv,2026-07-04T19:25:00,Curvage title-count allocation,sale date,allocated daily title count,Daily title counts allocated to canonical Curvage daily gross/net by price-weighted unit share.
Curvage,Stuffing in the Car Until I'm Stuck! 🚙🍟,Stuffing in the Car Until I'm Stuck! 🚙🍟,59966,1,99.98,74.16,99.98,74.16,28.99,1,2025-11-30,2025-11-30,creator_analytics/manual_backfills/curvage_title_counts_all_time_2013-01-01_to_2026-07-04.csv,2026-07-04T19:25:00,Curvage title-count allocation,sale date,allocated daily title count,Daily title counts allocated to canonical Curvage daily gross/net by price-weighted unit share.
Curvage,Cursed Cake Makes Greedy Co-worker Explode,Cursed Cake Makes Greedy Co-worker Explode,63618,1,62.9,46.65,62.9,46.65,27.99,1,2025-12-01,2025-12-01,creator_analytics/manual_backfills/curvage_title_counts_all_time_2013-01-01_to_2026-07-04.csv,2026-07-04T19:25:00,Curvage title-count allocation,sale date,allocated daily title count,Daily title counts allocated to canonical Curvage daily gross/net by price-weighted unit share.
Curvage,My bloated belly and burps are so hot! 🤤,My bloated belly and burps are so hot! 🤤,53641,1,56.16,41.65,56.16,41.65,24.99,1,2025-12-01,2025-12-01,creator_analytics/manual_backfills/curvage_title_counts_all_time_2013-01-01_to_2026-07-04.csv,2026-07-04T19:25:00,Curvage title-count allocation,sale date,allocated daily title count,Daily title counts allocated to canonical Curvage daily gross/net by price-weighted unit share.
Curvage,Stuffing in the Car Until I'm Stuck! 🚙🍟,Stuffing in the Car Until I'm Stuck! 🚙🍟,59966,1,65.14,48.32,65.14,48.32,28.99,1,2025-12-01,2025-12-01,creator_analytics/manual_backfills/curvage_title_counts_all_time_2013-01-01_to_2026-07-04.csv,2026-07-04T19:25:00,Curvage title-count allocation,sale date,allocated daily title count,Daily title counts allocated to canonical Curvage daily gross/net by price-weighted unit share.
Curvage,Stuffing tacos makes me burp and fart! 🌮💨,Stuffing tacos makes me burp and fart! 🌮💨,60064,1,78.63,58.32,78.63,58.32,34.99,1,2025-12-01,2025-12-01,creator_analytics/manual_backfills/curvage_title_counts_all_time_2013-01-01_to_2026-07-04.csv,2026-07-04T19:25:00,Curvage title-count allocation,sale date,allocated daily title count,Daily title counts allocated to canonical Curvage daily gross/net by price-weighted unit share.
Curvage,Get me pregnant and make me grow! 🤰😍,Get me pregnant and make me grow! 🤰😍,49011,1,17.09,12.67,17.09,12.67,12.99,1,2025-12-02,2025-12-02,creator_analytics/manual_backfills/curvage_title_counts_all_time_2013-01-01_to_2026-07-04.csv,2026-07-04T19:25:00,Curvage title-count allocation,sale date,allocated daily title count,Daily title counts allocated to canonical Curvage daily gross/net by price-weighted unit share.
Curvage,Nightmare Thanksgiving guest eats all the food! 🦃🤤,Nightmare Thanksgiving guest eats all the food! 🦃🤤,68878,25,1051.92,780.23,42.08,31.21,31.99,1,2025-12-02,2025-12-02,creator_analytics/manual_backfills/curvage_title_counts_all_time_2013-01-01_to_2026-07-04.csv,2026-07-04T19:25:00,Curvage title-count allocation,sale date,allocated daily title count,Daily title counts allocated to canonical Curvage daily gross/net by price-weighted unit share.
Curvage,Nightmare Thanksgiving guest eats all the food! 🦃🤤,Nightmare Thanksgiving guest eats all the food! 🦃🤤,68878,19,666.48,494.34,35.08,26.02,31.99,1,2025-12-03,2025-12-03,creator_analytics/manual_backfills/curvage_title_counts_all_time_2013-01-01_to_2026-07-04.csv,2026-07-04T19:25:00,Curvage title-count allocation,sale date,allocated daily title count,Daily title counts allocated to canonical Curvage daily gross/net by price-weighted unit share.
Curvage,Cursed Cake Makes Greedy Co-worker Explode,Cursed Cake Makes Greedy Co-worker Explode,63618,1,37.63,27.91,37.63,27.91,27.99,1,2025-12-04,2025-12-04,creator_analytics/manual_backfills/curvage_title_counts_all_time_2013-01-01_to_2026-07-04.csv,2026-07-04T19:25:00,Curvage title-count allocation,sale date,allocated daily title count,Daily title counts allocated to canonical Curvage daily gross/net by price-weighted unit share.
Curvage,Nightmare Thanksgiving guest eats all the food! 🦃🤤,Nightmare Thanksgiving guest eats all the food! 🦃🤤,68878,8,344.08,255.21,43.01,31.9,31.99,1,2025-12-04,2025-12-04,creator_analytics/manual_backfills/curvage_title_counts_all_time_2013-01-01_to_2026-07-04.csv,2026-07-04T19:25:00,Curvage title-count allocation,sale date,allocated daily title count,Daily title counts allocated to canonical Curvage daily gross/net by price-weighted unit share.
Curvage,Stuffing My Face After Hitting the Gym! 🍔🥤,Stuffing My Face After Hitting the Gym! 🍔🥤,58749,1,26.88,19.93,26.88,19.93,19.99,1,2025-12-04,2025-12-04,creator_analytics/manual_backfills/curvage_title_counts_all_time_2013-01-01_to_2026-07-04.csv,2026-07-04T19:25:00,Curvage title-count allocation,sale date,allocated daily title count,Daily title counts allocated to canonical Curvage daily gross/net by price-weighted unit share.
Curvage,Cursed Cake Makes Greedy Co-worker Explode,Cursed Cake Makes Greedy Co-worker Explode,63618,1,42.8,31.74,42.8,31.74,27.99,1,2025-12-05,2025-12-05,creator_analytics/manual_backfills/curvage_title_counts_all_time_2013-01-01_to_2026-07-04.csv,2026-07-04T19:25:00,Curvage title-count allocation,sale date,allocated daily title count,Daily title counts allocated to canonical Curvage daily gross/net by price-weighted unit share.
Curvage,Nightmare Thanksgiving guest eats all the food! 🦃🤤,Nightmare Thanksgiving guest eats all the food! 🦃🤤,68878,5,244.58,181.41,48.92,36.28,31.99,1,2025-12-05,2025-12-05,creator_analytics/manual_backfills/curvage_title_counts_all_time_2013-01-01_to_2026-07-04.csv,2026-07-04T19:25:00,Curvage title-count allocation,sale date,allocated daily title count,Daily title counts allocated to canonical Curvage daily gross/net by price-weighted unit share.
Curvage,Nightmare Thanksgiving guest eats all the food! 🦃🤤,Nightmare Thanksgiving guest eats all the food! 🦃🤤,68878,4,141.16,104.7,35.29,26.18,31.99,1,2025-12-06,2025-12-06,creator_analytics/manual_backfills/curvage_title_counts_all_time_2013-01-01_to_2026-07-04.csv,2026-07-04T19:25:00,Curvage title-count allocation,sale date,allocated daily title count,Daily title counts allocated to canonical Curvage daily gross/net by price-weighted unit share.
Curvage,Crushing you flat under my massive 525lb body,Crushing you flat under my massive 525lb body,67883,1,18.03,13.37,18.03,13.37,17.99,1,2025-12-07,2025-12-07,creator_analytics/manual_backfills/curvage_title_counts_all_time_2013-01-01_to_2026-07-04.csv,2026-07-04T19:25:00,Curvage title-count allocation,sale date,allocated daily title count,Daily title counts allocated to canonical Curvage daily gross/net by price-weighted unit share.
Curvage,Cursed Cake Makes Greedy Co-worker Explode,Cursed Cake Makes Greedy Co-worker Explode,63618,1,28.05,20.8,28.05,20.8,27.99,1,2025-12-07,2025-12-07,creator_analytics/manual_backfills/curvage_title_counts_all_time_2013-01-01_to_2026-07-04.csv,2026-07-04T19:25:00,Curvage title-count allocation,sale date,allocated daily title count,Daily title counts allocated to canonical Curvage daily gross/net by price-weighted unit share.
Curvage,Nightmare Thanksgiving guest eats all the food! 🦃🤤,Nightmare Thanksgiving guest eats all the food! 🦃🤤,68878,6,192.32,142.65,32.05,23.77,31.99,1,2025-12-07,2025-12-07,creator_analytics/manual_backfills/curvage_title_counts_all_time_2013-01-01_to_2026-07-04.csv,2026-07-04T19:25:00,Curvage title-count allocation,sale date,allocated daily title count,Daily title counts allocated to canonical Curvage daily gross/net by price-weighted unit share.
Curvage,Cursed Cake Makes Greedy Co-worker Explode,Cursed Cake Makes Greedy Co-worker Explode,63618,1,38.61,28.64,38.61,28.64,27.99,1,2025-12-08,2025-12-08,creator_analytics/manual_backfills/curvage_title_counts_all_time_2013-01-01_to_2026-07-04.csv,2026-07-04T19:25:00,Curvage title-count allocation,sale date,allocated daily title count,Daily title counts allocated to canonical Curvage daily gross/net by price-weighted unit share.
Curvage,Nightmare Thanksgiving guest eats all the food! 🦃🤤,Nightmare Thanksgiving guest eats all the food! 🦃🤤,68878,4,176.52,130.93,44.13,32.73,31.99,1,2025-12-08,2025-12-08,creator_analytics/manual_backfills/curvage_title_counts_all_time_2013-01-01_to_2026-07-04.csv,2026-07-04T19:25:00,Curvage title-count allocation,sale date,allocated daily title count,Daily title counts allocated to canonical Curvage daily gross/net by price-weighted unit share.
Curvage,Cursed Cake Makes Greedy Co-worker Explode,Cursed Cake Makes Greedy Co-worker Explode,63618,1,36.74,27.25,36.74,27.25,27.99,1,2025-12-09,2025-12-09,creator_analytics/manual_backfills/curvage_title_counts_all_time_2013-01-01_to_2026-07-04.csv,2026-07-04T19:25:00,Curvage title-count allocation,sale date,allocated daily title count,Daily title counts allocated to canonical Curvage daily gross/net by price-weighted unit share.
Curvage,Greedy girlfriend stuffs her face and vores you! 🤤🍔,Greedy girlfriend stuffs her face and vores you! 🤤🍔,56366,1,28.86,21.41,28.86,21.41,21.99,1,2025-12-09,2025-12-09,creator_analytics/manual_backfills/curvage_title_counts_all_time_2013-01-01_to_2026-07-04.csv,2026-07-04T19:25:00,Curvage title-count allocation,sale date,allocated daily title count,Daily title counts allocated to canonical Curvage daily gross/net by price-weighted unit share.
Curvage,Nightmare Thanksgiving guest eats all the food! 🦃🤤,Nightmare Thanksgiving guest eats all the food! 🦃🤤,68878,1,41.99,31.14,41.99,31.14,31.99,1,2025-12-09,2025-12-09,creator_analytics/manual_backfills/curvage_title_counts_all_time_2013-01-01_to_2026-07-04.csv,2026-07-04T19:25:00,Curvage title-count allocation,sale date,allocated daily title count,Daily title counts allocated to canonical Curvage daily gross/net by price-weighted unit share.
Curvage,Thanksgiving stuffing and a cigarette! 🦃🚬,Thanksgiving stuffing and a cigarette! 🦃🚬,54801,1,39.36,29.19,39.36,29.19,29.99,1,2025-12-09,2025-12-09,creator_analytics/manual_backfills/curvage_title_counts_all_time_2013-01-01_to_2026-07-04.csv,2026-07-04T19:25:00,Curvage title-count allocation,sale date,allocated daily title count,Daily title counts allocated to canonical Curvage daily gross/net by price-weighted unit share.
Curvage,Get me pregnant and make me grow! 🤰😍,Get me pregnant and make me grow! 🤰😍,49011,1,13.94,10.34,13.94,10.34,12.99,1,2025-12-10,2025-12-10,creator_analytics/manual_backfills/curvage_title_counts_all_time_2013-01-01_to_2026-07-04.csv,2026-07-04T19:25:00,Curvage title-count allocation,sale date,allocated daily title count,Daily title counts allocated to canonical Curvage daily gross/net by price-weighted unit share.
Curvage,Nightmare Thanksgiving guest eats all the food! 🦃🤤,Nightmare Thanksgiving guest eats all the food! 🦃🤤,68878,5,171.65,127.32,34.33,25.46,31.99,1,2025-12-10,2025-12-10,creator_analytics/manual_backfills/curvage_title_counts_all_time_2013-01-01_to_2026-07-04.csv,2026-07-04T19:25:00,Curvage title-count allocation,sale date,allocated daily title count,Daily title counts allocated to canonical Curvage daily gross/net by price-weighted unit share.
Curvage,Stuffing My Face After Hitting the Gym! 🍔🥤,Stuffing My Face After Hitting the Gym! 🍔🥤,58749,1,21.45,15.91,21.45,15.91,19.99,1,2025-12-10,2025-12-10,creator_analytics/manual_backfills/curvage_title_counts_all_time_2013-01-01_to_2026-07-04.csv,2026-07-04T19:25:00,Curvage title-count allocation,sale date,allocated daily title count,Daily title counts allocated to canonical Curvage daily gross/net by price-weighted unit share.
Curvage,Cursed Cake Makes Greedy Co-worker Explode,Cursed Cake Makes Greedy Co-worker Explode,63618,1,47.37,35.14,47.37,35.14,27.99,1,2025-12-11,2025-12-11,creator_analytics/manual_backfills/curvage_title_counts_all_time_2013-01-01_to_2026-07-04.csv,2026-07-04T19:25:00,Curvage title-count allocation,sale date,allocated daily title count,Daily title counts allocated to canonical Curvage daily gross/net by price-weighted unit share.
Curvage,Nightmare Thanksgiving guest eats all the food! 🦃🤤,Nightmare Thanksgiving guest eats all the food! 🦃🤤,68878,3,162.43,120.47,54.14,40.16,31.99,1,2025-12-11,2025-12-11,creator_analytics/manual_backfills/curvage_title_counts_all_time_2013-01-01_to_2026-07-04.csv,2026-07-04T19:25:00,Curvage title-count allocation,sale date,allocated daily title count,Daily title counts allocated to canonical Curvage daily gross/net by price-weighted unit share.
Curvage,Nightmare Thanksgiving guest eats all the food! 🦃🤤,Nightmare Thanksgiving guest eats all the food! 🦃🤤,68878,2,198.57,147.28,99.29,73.64,31.99,1,2025-12-12,2025-12-12,creator_analytics/manual_backfills/curvage_title_counts_all_time_2013-01-01_to_2026-07-04.csv,2026-07-04T19:25:00,Curvage title-count allocation,sale date,allocated daily title count,Daily title counts allocated to canonical Curvage daily gross/net by price-weighted unit share.
Curvage,Stuffing and making out with your feedee 🤤🍗,Stuffing and making out with your feedee 🤤🍗,48622,1,77.56,57.53,77.56,57.53,24.99,1,2025-12-12,2025-12-12,creator_analytics/manual_backfills/curvage_title_counts_all_time_2013-01-01_to_2026-07-04.csv,2026-07-04T19:25:00,Curvage title-count allocation,sale date,allocated daily title count,Daily title counts allocated to canonical Curvage daily gross/net by price-weighted unit share.
Curvage,Cursed Cake Makes Greedy Co-worker Explode,Cursed Cake Makes Greedy Co-worker Explode,63618,1,59.76,44.33,59.76,44.33,27.99,1,2025-12-13,2025-12-13,creator_analytics/manual_backfills/curvage_title_counts_all_time_2013-01-01_to_2026-07-04.csv,2026-07-04T19:25:00,Curvage title-count allocation,sale date,allocated daily title count,Daily title counts allocated to canonical Curvage daily gross/net by price-weighted unit share.
Curvage,Greedy girlfriend stuffs her face and vores you! 🤤🍔,Greedy girlfriend stuffs her face and vores you! 🤤🍔,56366,1,46.95,34.83,46.95,34.83,21.99,1,2025-12-13,2025-12-13,creator_analytics/manual_backfills/curvage_title_counts_all_time_2013-01-01_to_2026-07-04.csv,2026-07-04T19:25:00,Curvage title-count allocation,sale date,allocated daily title count,Daily title counts allocated to canonical Curvage daily gross/net by price-weighted unit share.
Curvage,Nightmare Thanksgiving guest eats all the food! 🦃🤤,Nightmare Thanksgiving guest eats all the food! 🦃🤤,68878,2,136.61,101.33,68.31,50.66,31.99,1,2025-12-13,2025-12-13,creator_analytics/manual_backfills/curvage_title_counts_all_time_2013-01-01_to_2026-07-04.csv,2026-07-04T19:25:00,Curvage title-count allocation,sale date,allocated daily title count,Daily title counts allocated to canonical Curvage daily gross/net by price-weighted unit share.
Curvage,Nightmare Thanksgiving guest eats all the food! 🦃🤤,Nightmare Thanksgiving guest eats all the food! 🦃🤤,68878,2,125.99,93.45,63.0,46.73,31.99,1,2025-12-14,2025-12-14,creator_analytics/manual_backfills/curvage_title_counts_all_time_2013-01-01_to_2026-07-04.csv,2026-07-04T19:25:00,Curvage title-count allocation,sale date,allocated daily title count,Daily title counts allocated to canonical Curvage daily gross/net by price-weighted unit share.
Curvage,Nightmare Thanksgiving guest eats all the food! 🦃🤤,Nightmare Thanksgiving guest eats all the food! 🦃🤤,68878,1,63.87,47.37,63.87,47.37,31.99,1,2025-12-15,2025-12-15,creator_analytics/manual_backfills/curvage_title_counts_all_time_2013-01-01_to_2026-07-04.csv,2026-07-04T19:25:00,Curvage title-count allocation,sale date,allocated daily title count,Daily title counts allocated to canonical Curvage daily gross/net by price-weighted unit share.
Curvage,Cursed Cake Makes Greedy Co-worker Explode,Cursed Cake Makes Greedy Co-worker Explode,63618,1,36.09,26.77,36.09,26.77,27.99,1,2025-12-16,2025-12-16,creator_analytics/manual_backfills/curvage_title_counts_all_time_2013-01-01_to_2026-07-04.csv,2026-07-04T19:25:00,Curvage title-count allocation,sale date,allocated daily title count,Daily title counts allocated to canonical Curvage daily gross/net by price-weighted unit share.
Curvage,Greedy girlfriend stuffs her face and vores you! 🤤🍔,Greedy girlfriend stuffs her face and vores you! 🤤🍔,56366,1,28.35,21.03,28.35,21.03,21.99,1,2025-12-16,2025-12-16,creator_analytics/manual_backfills/curvage_title_counts_all_time_2013-01-01_to_2026-07-04.csv,2026-07-04T19:25:00,Curvage title-count allocation,sale date,allocated daily title count,Daily title counts allocated to canonical Curvage daily gross/net by price-weighted unit share.
Curvage,Nightmare Thanksgiving guest eats all the food! 🦃🤤,Nightmare Thanksgiving guest eats all the food! 🦃🤤,68878,2,82.5,61.19,41.25,30.59,31.99,1,2025-12-16,2025-12-16,creator_analytics/manual_backfills/curvage_title_counts_all_time_2013-01-01_to_2026-07-04.csv,2026-07-04T19:25:00,Curvage title-count allocation,sale date,allocated daily title count,Daily title counts allocated to canonical Curvage daily gross/net by price-weighted unit share.
Curvage,Nightmare Thanksgiving guest eats all the food! 🦃🤤,Nightmare Thanksgiving guest eats all the food! 🦃🤤,68878,1,47.97,35.58,47.97,35.58,31.99,1,2025-12-17,2025-12-17,creator_analytics/manual_backfills/curvage_title_counts_all_time_2013-01-01_to_2026-07-04.csv,2026-07-04T19:25:00,Curvage title-count allocation,sale date,allocated daily title count,Daily title counts allocated to canonical Curvage daily gross/net by price-weighted unit share.
Curvage,Cursed Cake Makes Greedy Co-worker Explode,Cursed Cake Makes Greedy Co-worker Explode,63618,1,56.72,42.07,56.72,42.07,27.99,1,2025-12-18,2025-12-18,creator_analytics/manual_backfills/curvage_title_counts_all_time_2013-01-01_to_2026-07-04.csv,2026-07-04T19:25:00,Curvage title-count allocation,sale date,allocated daily title count,Daily title counts allocated to canonical Curvage daily gross/net by price-weighted unit share.
Curvage,Nightmare Thanksgiving guest eats all the food! 🦃🤤,Nightmare Thanksgiving guest eats all the food! 🦃🤤,68878,2,129.66,96.17,64.83,48.08,31.99,1,2025-12-18,2025-12-18,creator_analytics/manual_backfills/curvage_title_counts_all_time_2013-01-01_to_2026-07-04.csv,2026-07-04T19:25:00,Curvage title-count allocation,sale date,allocated daily title count,Daily title counts allocated to canonical Curvage daily gross/net by price-weighted unit share.
Curvage,Nightmare Thanksgiving guest eats all the food! 🦃🤤,Nightmare Thanksgiving guest eats all the food! 🦃🤤,68878,4,128.3,95.16,32.07,23.79,31.99,1,2025-12-19,2025-12-19,creator_analytics/manual_backfills/curvage_title_counts_all_time_2013-01-01_to_2026-07-04.csv,2026-07-04T19:25:00,Curvage title-count allocation,sale date,allocated daily title count,Daily title counts allocated to canonical Curvage daily gross/net by price-weighted unit share.
Curvage,Nightmare Thanksgiving guest eats all the food! 🦃🤤,Nightmare Thanksgiving guest eats all the food! 🦃🤤,68878,1,57.27,42.48,57.27,42.48,31.99,1,2025-12-20,2025-12-20,creator_analytics/manual_backfills/curvage_title_counts_all_time_2013-01-01_to_2026-07-04.csv,2026-07-04T19:25:00,Curvage title-count allocation,sale date,allocated daily title count,Daily title counts allocated to canonical Curvage daily gross/net by price-weighted unit share.
Curvage,Your Girlfriend Encourages Mutual Gain POV,Your Girlfriend Encourages Mutual Gain POV,55022,1,44.74,33.18,44.74,33.18,24.99,1,2025-12-20,2025-12-20,creator_analytics/manual_backfills/curvage_title_counts_all_time_2013-01-01_to_2026-07-04.csv,2026-07-04T19:25:00,Curvage title-count allocation,sale date,allocated daily title count,Daily title counts allocated to canonical Curvage daily gross/net by price-weighted unit share.
Curvage,Cursed Cake Makes Greedy Co-worker Explode,Cursed Cake Makes Greedy Co-worker Explode,63618,1,33.45,24.81,33.45,24.81,27.99,1,2025-12-21,2025-12-21,creator_analytics/manual_backfills/curvage_title_counts_all_time_2013-01-01_to_2026-07-04.csv,2026-07-04T19:25:00,Curvage title-count allocation,sale date,allocated daily title count,Daily title counts allocated to canonical Curvage daily gross/net by price-weighted unit share.
Curvage,Greedy girlfriend stuffs her face and vores you! 🤤🍔,Greedy girlfriend stuffs her face and vores you! 🤤🍔,56366,1,26.28,19.49,26.28,19.49,21.99,1,2025-12-21,2025-12-21,creator_analytics/manual_backfills/curvage_title_counts_all_time_2013-01-01_to_2026-07-04.csv,2026-07-04T19:25:00,Curvage title-count allocation,sale date,allocated daily title count,Daily title counts allocated to canonical Curvage daily gross/net by price-weighted unit share.
Curvage,Nightmare Thanksgiving guest eats all the food! 🦃🤤,Nightmare Thanksgiving guest eats all the food! 🦃🤤,68878,1,38.23,28.36,38.23,28.36,31.99,1,2025-12-21,2025-12-21,creator_analytics/manual_backfills/curvage_title_counts_all_time_2013-01-01_to_2026-07-04.csv,2026-07-04T19:25:00,Curvage title-count allocation,sale date,allocated daily title count,Daily title counts allocated to canonical Curvage daily gross/net by price-weighted unit share.
Curvage,Cursed Cake Makes Greedy Co-worker Explode,Cursed Cake Makes Greedy Co-worker Explode,63618,1,59.82,44.37,59.82,44.37,27.99,1,2025-12-22,2025-12-22,creator_analytics/manual_backfills/curvage_title_counts_all_time_2013-01-01_to_2026-07-04.csv,2026-07-04T19:25:00,Curvage title-count allocation,sale date,allocated daily title count,Daily title counts allocated to canonical Curvage daily gross/net by price-weighted unit share.
Curvage,Crushing you flat under my massive 525lb body,Crushing you flat under my massive 525lb body,67883,1,35.16,26.08,35.16,26.08,17.99,1,2025-12-23,2025-12-23,creator_analytics/manual_backfills/curvage_title_counts_all_time_2013-01-01_to_2026-07-04.csv,2026-07-04T19:25:00,Curvage title-count allocation,sale date,allocated daily title count,Daily title counts allocated to canonical Curvage daily gross/net by price-weighted unit share.
Curvage,Nightmare Thanksgiving guest eats all the food! 🦃🤤,Nightmare Thanksgiving guest eats all the food! 🦃🤤,68878,1,62.52,46.37,62.52,46.37,31.99,1,2025-12-23,2025-12-23,creator_analytics/manual_backfills/curvage_title_counts_all_time_2013-01-01_to_2026-07-04.csv,2026-07-04T19:25:00,Curvage title-count allocation,sale date,allocated daily title count,Daily title counts allocated to canonical Curvage daily gross/net by price-weighted unit share.
Curvage,Nightmare Thanksgiving guest eats all the food! 🦃🤤,Nightmare Thanksgiving guest eats all the food! 🦃🤤,68878,3,118.06,87.56,39.35,29.19,31.99,1,2025-12-24,2025-12-24,creator_analytics/manual_backfills/curvage_title_counts_all_time_2013-01-01_to_2026-07-04.csv,2026-07-04T19:25:00,Curvage title-count allocation,sale date,allocated daily title count,Daily title counts allocated to canonical Curvage daily gross/net by price-weighted unit share.
Curvage,Stuffing tacos makes me burp and fart! 🌮💨,Stuffing tacos makes me burp and fart! 🌮💨,60064,1,43.04,31.93,43.04,31.93,34.99,1,2025-12-24,2025-12-24,creator_analytics/manual_backfills/curvage_title_counts_all_time_2013-01-01_to_2026-07-04.csv,2026-07-04T19:25:00,Curvage title-count allocation,sale date,allocated daily title count,Daily title counts allocated to canonical Curvage daily gross/net by price-weighted unit share.
Curvage,Nightmare Thanksgiving guest eats all the food! 🦃🤤,Nightmare Thanksgiving guest eats all the food! 🦃🤤,68878,1,52.74,39.12,52.74,39.12,31.99,1,2025-12-25,2025-12-25,creator_analytics/manual_backfills/curvage_title_counts_all_time_2013-01-01_to_2026-07-04.csv,2026-07-04T19:25:00,Curvage title-count allocation,sale date,allocated daily title count,Daily title counts allocated to canonical Curvage daily gross/net by price-weighted unit share.
Curvage,Greedy girlfriend stuffs her face and vores you! 🤤🍔,Greedy girlfriend stuffs her face and vores you! 🤤🍔,56366,1,100.71,74.7,100.71,74.7,21.99,1,2025-12-26,2025-12-26,creator_analytics/manual_backfills/curvage_title_counts_all_time_2013-01-01_to_2026-07-04.csv,2026-07-04T19:25:00,Curvage title-count allocation,sale date,allocated daily title count,Daily title counts allocated to canonical Curvage daily gross/net by price-weighted unit share.
Curvage,Cursed Cake Makes Greedy Co-worker Explode,Cursed Cake Makes Greedy Co-worker Explode,63618,1,50.43,37.41,50.43,37.41,27.99,1,2025-12-27,2025-12-27,creator_analytics/manual_backfills/curvage_title_counts_all_time_2013-01-01_to_2026-07-04.csv,2026-07-04T19:25:00,Curvage title-count allocation,sale date,allocated daily title count,Daily title counts allocated to canonical Curvage daily gross/net by price-weighted unit share.
Curvage,Nightmare Thanksgiving guest eats all the food! 🦃🤤,Nightmare Thanksgiving guest eats all the food! 🦃🤤,68878,1,57.64,42.75,57.64,42.75,31.99,1,2025-12-27,2025-12-27,creator_analytics/manual_backfills/curvage_title_counts_all_time_2013-01-01_to_2026-07-04.csv,2026-07-04T19:25:00,Curvage title-count allocation,sale date,allocated daily title count,Daily title counts allocated to canonical Curvage daily gross/net by price-weighted unit share.
Curvage,Cursed Cake Makes Greedy Co-worker Explode,Cursed Cake Makes Greedy Co-worker Explode,63618,4,389.6,288.97,97.4,72.24,27.99,1,2025-12-28,2025-12-28,creator_analytics/manual_backfills/curvage_title_counts_all_time_2013-01-01_to_2026-07-04.csv,2026-07-04T19:25:00,Curvage title-count allocation,sale date,allocated daily title count,Daily title counts allocated to canonical Curvage daily gross/net by price-weighted unit share.
Curvage,My bloated belly and burps are so hot! 🤤,My bloated belly and burps are so hot! 🤤,53641,1,86.96,64.5,86.96,64.5,24.99,1,2025-12-28,2025-12-28,creator_analytics/manual_backfills/curvage_title_counts_all_time_2013-01-01_to_2026-07-04.csv,2026-07-04T19:25:00,Curvage title-count allocation,sale date,allocated daily title count,Daily title counts allocated to canonical Curvage daily gross/net by price-weighted unit share.
Curvage,Nightmare Thanksgiving guest eats all the food! 🦃🤤,Nightmare Thanksgiving guest eats all the food! 🦃🤤,68878,2,222.64,165.14,111.32,82.57,31.99,1,2025-12-28,2025-12-28,creator_analytics/manual_backfills/curvage_title_counts_all_time_2013-01-01_to_2026-07-04.csv,2026-07-04T19:25:00,Curvage title-count allocation,sale date,allocated daily title count,Daily title counts allocated to canonical Curvage daily gross/net by price-weighted unit share.
Curvage,Cursed Cake Makes Greedy Co-worker Explode,Cursed Cake Makes Greedy Co-worker Explode,63618,2,221.82,164.52,110.91,82.26,27.99,1,2025-12-29,2025-12-29,creator_analytics/manual_backfills/curvage_title_counts_all_time_2013-01-01_to_2026-07-04.csv,2026-07-04T19:25:00,Curvage title-count allocation,sale date,allocated daily title count,Daily title counts allocated to canonical Curvage daily gross/net by price-weighted unit share.
Curvage,Nightmare Thanksgiving guest eats all the food! 🦃🤤,Nightmare Thanksgiving guest eats all the food! 🦃🤤,68878,2,253.51,188.04,126.76,94.02,31.99,1,2025-12-29,2025-12-29,creator_analytics/manual_backfills/curvage_title_counts_all_time_2013-01-01_to_2026-07-04.csv,2026-07-04T19:25:00,Curvage title-count allocation,sale date,allocated daily title count,Daily title counts allocated to canonical Curvage daily gross/net by price-weighted unit share.
Curvage,Thanksgiving stuffing and a cigarette! 🦃🚬,Thanksgiving stuffing and a cigarette! 🦃🚬,54801,1,118.83,88.14,118.83,88.14,29.99,1,2025-12-29,2025-12-29,creator_analytics/manual_backfills/curvage_title_counts_all_time_2013-01-01_to_2026-07-04.csv,2026-07-04T19:25:00,Curvage title-count allocation,sale date,allocated daily title count,Daily title counts allocated to canonical Curvage daily gross/net by price-weighted unit share.
Curvage,Cursed Cake Makes Greedy Co-worker Explode,Cursed Cake Makes Greedy Co-worker Explode,63618,1,129.47,96.03,129.47,96.03,27.99,1,2025-12-30,2025-12-30,creator_analytics/manual_backfills/curvage_title_counts_all_time_2013-01-01_to_2026-07-04.csv,2026-07-04T19:25:00,Curvage title-count allocation,sale date,allocated daily title count,Daily title counts allocated to canonical Curvage daily gross/net by price-weighted unit share.
Curvage,Nightmare Thanksgiving guest eats all the food! 🦃🤤,Nightmare Thanksgiving guest eats all the food! 🦃🤤,68878,2,128.74,95.49,64.37,47.74,31.99,1,2025-12-31,2025-12-31,creator_analytics/manual_backfills/curvage_title_counts_all_time_2013-01-01_to_2026-07-04.csv,2026-07-04T19:25:00,Curvage title-count allocation,sale date,allocated daily title count,Daily title counts allocated to canonical Curvage daily gross/net by price-weighted unit share.
Curvage,Crushing you flat under my massive 525lb body,Crushing you flat under my massive 525lb body,67883,1,201.42,149.4,201.42,149.4,17.99,1,2026-01-02,2026-01-02,creator_analytics/manual_backfills/curvage_title_counts_all_time_2013-01-01_to_2026-07-04.csv,2026-07-04T19:25:00,Curvage title-count allocation,sale date,allocated daily title count,Daily title counts allocated to canonical Curvage daily gross/net by price-weighted unit share.
Curvage,Nightmare Thanksgiving guest eats all the food! 🦃🤤,Nightmare Thanksgiving guest eats all the food! 🦃🤤,68878,1,78.75,58.41,78.75,58.41,31.99,1,2026-01-04,2026-01-04,creator_analytics/manual_backfills/curvage_title_counts_all_time_2013-01-01_to_2026-07-04.csv,2026-07-04T19:25:00,Curvage title-count allocation,sale date,allocated daily title count,Daily title counts allocated to canonical Curvage daily gross/net by price-weighted unit share.
Curvage,Nightmare Thanksgiving guest eats all the food! 🦃🤤,Nightmare Thanksgiving guest eats all the food! 🦃🤤,68878,1,40.79,30.26,40.79,30.26,31.99,1,2026-01-06,2026-01-06,creator_analytics/manual_backfills/curvage_title_counts_all_time_2013-01-01_to_2026-07-04.csv,2026-07-04T19:25:00,Curvage title-count allocation,sale date,allocated daily title count,Daily title counts allocated to canonical Curvage daily gross/net by price-weighted unit share.
Curvage,Thanksgiving stuffing and a cigarette! 🦃🚬,Thanksgiving stuffing and a cigarette! 🦃🚬,54801,1,38.24,28.36,38.24,28.36,29.99,1,2026-01-06,2026-01-06,creator_analytics/manual_backfills/curvage_title_counts_all_time_2013-01-01_to_2026-07-04.csv,2026-07-04T19:25:00,Curvage title-count allocation,sale date,allocated daily title count,Daily title counts allocated to canonical Curvage daily gross/net by price-weighted unit share.
Curvage,Crushing you flat under my massive 525lb body,Crushing you flat under my massive 525lb body,67883,1,24.08,17.86,24.08,17.86,17.99,1,2026-01-11,2026-01-11,creator_analytics/manual_backfills/curvage_title_counts_all_time_2013-01-01_to_2026-07-04.csv,2026-07-04T19:25:00,Curvage title-count allocation,sale date,allocated daily title count,Daily title counts allocated to canonical Curvage daily gross/net by price-weighted unit share.
Curvage,Nightmare Thanksgiving guest eats all the food! 🦃🤤,Nightmare Thanksgiving guest eats all the food! 🦃🤤,68878,1,42.82,31.76,42.82,31.76,31.99,1,2026-01-11,2026-01-11,creator_analytics/manual_backfills/curvage_title_counts_all_time_2013-01-01_to_2026-07-04.csv,2026-07-04T19:25:00,Curvage title-count allocation,sale date,allocated daily title count,Daily title counts allocated to canonical Curvage daily gross/net by price-weighted unit share.
Curvage,Cursed Cake Makes Greedy Co-worker Explode,Cursed Cake Makes Greedy Co-worker Explode,63618,2,56.06,41.58,28.03,20.79,27.99,1,2026-01-14,2026-01-14,creator_analytics/manual_backfills/curvage_title_counts_all_time_2013-01-01_to_2026-07-04.csv,2026-07-04T19:25:00,Curvage title-count allocation,sale date,allocated daily title count,Daily title counts allocated to canonical Curvage daily gross/net by price-weighted unit share.
Curvage,Nightmare Thanksgiving guest eats all the food! 🦃🤤,Nightmare Thanksgiving guest eats all the food! 🦃🤤,68878,1,62.13,46.08,62.13,46.08,31.99,1,2026-01-15,2026-01-15,creator_analytics/manual_backfills/curvage_title_counts_all_time_2013-01-01_to_2026-07-04.csv,2026-07-04T19:25:00,Curvage title-count allocation,sale date,allocated daily title count,Daily title counts allocated to canonical Curvage daily gross/net by price-weighted unit share.
Curvage,Cursed Cake Makes Greedy Co-worker Explode,Cursed Cake Makes Greedy Co-worker Explode,63618,1,61.84,45.87,61.84,45.87,27.99,1,2026-01-18,2026-01-18,creator_analytics/manual_backfills/curvage_title_counts_all_time_2013-01-01_to_2026-07-04.csv,2026-07-04T19:25:00,Curvage title-count allocation,sale date,allocated daily title count,Daily title counts allocated to canonical Curvage daily gross/net by price-weighted unit share.
Curvage,Nightmare Thanksgiving guest eats all the food! 🦃🤤,Nightmare Thanksgiving guest eats all the food! 🦃🤤,68878,1,42.91,31.83,42.91,31.83,31.99,1,2026-01-19,2026-01-19,creator_analytics/manual_backfills/curvage_title_counts_all_time_2013-01-01_to_2026-07-04.csv,2026-07-04T19:25:00,Curvage title-count allocation,sale date,allocated daily title count,Daily title counts allocated to canonical Curvage daily gross/net by price-weighted unit share.
Curvage,Cursed Cake Makes Greedy Co-worker Explode,Cursed Cake Makes Greedy Co-worker Explode,63618,1,28.05,20.8,28.05,20.8,27.99,1,2026-01-21,2026-01-21,creator_analytics/manual_backfills/curvage_title_counts_all_time_2013-01-01_to_2026-07-04.csv,2026-07-04T19:25:00,Curvage title-count allocation,sale date,allocated daily title count,Daily title counts allocated to canonical Curvage daily gross/net by price-weighted unit share.
Curvage,Nightmare Thanksgiving guest eats all the food! 🦃🤤,Nightmare Thanksgiving guest eats all the food! 🦃🤤,68878,1,32.06,23.78,32.06,23.78,31.99,1,2026-01-21,2026-01-21,creator_analytics/manual_backfills/curvage_title_counts_all_time_2013-01-01_to_2026-07-04.csv,2026-07-04T19:25:00,Curvage title-count allocation,sale date,allocated daily title count,Daily title counts allocated to canonical Curvage daily gross/net by price-weighted unit share.
Curvage,Nightmare Thanksgiving guest eats all the food! 🦃🤤,Nightmare Thanksgiving guest eats all the food! 🦃🤤,68878,1,109.08,80.91,109.08,80.91,31.99,1,2026-01-22,2026-01-22,creator_analytics/manual_backfills/curvage_title_counts_all_time_2013-01-01_to_2026-07-04.csv,2026-07-04T19:25:00,Curvage title-count allocation,sale date,allocated daily title count,Daily title counts allocated to canonical Curvage daily gross/net by price-weighted unit share.
Curvage,Cursed Cake Makes Greedy Co-worker Explode,Cursed Cake Makes Greedy Co-worker Explode,63618,1,72.97,54.12,72.97,54.12,27.99,1,2026-01-23,2026-01-23,creator_analytics/manual_backfills/curvage_title_counts_all_time_2013-01-01_to_2026-07-04.csv,2026-07-04T19:25:00,Curvage title-count allocation,sale date,allocated daily title count,Daily title counts allocated to canonical Curvage daily gross/net by price-weighted unit share.
Curvage,Cursed Cake Makes Greedy Co-worker Explode,Cursed Cake Makes Greedy Co-worker Explode,63618,1,41.52,30.8,41.52,30.8,27.99,1,2026-01-24,2026-01-24,creator_analytics/manual_backfills/curvage_title_counts_all_time_2013-01-01_to_2026-07-04.csv,2026-07-04T19:25:00,Curvage title-count allocation,sale date,allocated daily title count,Daily title counts allocated to canonical Curvage daily gross/net by price-weighted unit share.
Curvage,New weigh-in and measurements! 😍,New weigh-in and measurements! 😍,56046,1,51.9,38.5,51.9,38.5,34.99,1,2026-01-24,2026-01-24,creator_analytics/manual_backfills/curvage_title_counts_all_time_2013-01-01_to_2026-07-04.csv,2026-07-04T19:25:00,Curvage title-count allocation,sale date,allocated daily title count,Daily title counts allocated to canonical Curvage daily gross/net by price-weighted unit share.
Curvage,Nightmare Thanksgiving guest eats all the food! 🦃🤤,Nightmare Thanksgiving guest eats all the food! 🦃🤤,68878,1,47.45,35.2,47.45,35.2,31.99,1,2026-01-24,2026-01-24,creator_analytics/manual_backfills/curvage_title_counts_all_time_2013-01-01_to_2026-07-04.csv,2026-07-04T19:25:00,Curvage title-count allocation,sale date,allocated daily title count,Daily title counts allocated to canonical Curvage daily gross/net by price-weighted unit share.
Curvage,Crushing you flat under my massive 525lb body,Crushing you flat under my massive 525lb body,67883,1,46.12,34.21,46.12,34.21,17.99,1,2026-01-26,2026-01-26,creator_analytics/manual_backfills/curvage_title_counts_all_time_2013-01-01_to_2026-07-04.csv,2026-07-04T19:25:00,Curvage title-count allocation,sale date,allocated daily title count,Daily title counts allocated to canonical Curvage daily gross/net by price-weighted unit share.
Curvage,Stuffing tacos makes me burp and fart! 🌮💨,Stuffing tacos makes me burp and fart! 🌮💨,60064,1,89.7,66.53,89.7,66.53,34.99,1,2026-01-26,2026-01-26,creator_analytics/manual_backfills/curvage_title_counts_all_time_2013-01-01_to_2026-07-04.csv,2026-07-04T19:25:00,Curvage title-count allocation,sale date,allocated daily title count,Daily title counts allocated to canonical Curvage daily gross/net by price-weighted unit share.
Curvage,Stuffing My Face After Hitting the Gym! 🍔🥤,Stuffing My Face After Hitting the Gym! 🍔🥤,58749,1,20.01,14.85,20.01,14.85,19.99,1,2026-01-27,2026-01-27,creator_analytics/manual_backfills/curvage_title_counts_all_time_2013-01-01_to_2026-07-04.csv,2026-07-04T19:25:00,Curvage title-count allocation,sale date,allocated daily title count,Daily title counts allocated to canonical Curvage daily gross/net by price-weighted unit share.
Curvage,Stuffing tacos makes me burp and fart! 🌮💨,Stuffing tacos makes me burp and fart! 🌮💨,60064,1,35.03,25.98,35.03,25.98,34.99,1,2026-01-27,2026-01-27,creator_analytics/manual_backfills/curvage_title_counts_all_time_2013-01-01_to_2026-07-04.csv,2026-07-04T19:25:00,Curvage title-count allocation,sale date,allocated daily title count,Daily title counts allocated to canonical Curvage daily gross/net by price-weighted unit share.
Curvage,Cursed Cake Makes Greedy Co-worker Explode,Cursed Cake Makes Greedy Co-worker Explode,63618,1,44.94,33.33,44.94,33.33,27.99,1,2026-01-29,2026-01-29,creator_analytics/manual_backfills/curvage_title_counts_all_time_2013-01-01_to_2026-07-04.csv,2026-07-04T19:25:00,Curvage title-count allocation,sale date,allocated daily title count,Daily title counts allocated to canonical Curvage daily gross/net by price-weighted unit share.
Curvage,Cursed Cake Makes Greedy Co-worker Explode,Cursed Cake Makes Greedy Co-worker Explode,63618,1,31.77,23.56,31.77,23.56,27.99,1,2026-01-30,2026-01-30,creator_analytics/manual_backfills/curvage_title_counts_all_time_2013-01-01_to_2026-07-04.csv,2026-07-04T19:25:00,Curvage title-count allocation,sale date,allocated daily title count,Daily title counts allocated to canonical Curvage daily gross/net by price-weighted unit share.
Curvage,Gassy giantess vores you 👅💨,Gassy giantess vores you 👅💨,71108,10,283.62,210.37,28.36,21.04,24.99,1,2026-01-30,2026-01-30,creator_analytics/manual_backfills/curvage_title_counts_all_time_2013-01-01_to_2026-07-04.csv,2026-07-04T19:25:00,Curvage title-count allocation,sale date,allocated daily title count,Daily title counts allocated to canonical Curvage daily gross/net by price-weighted unit share.
Curvage,Nightmare Thanksgiving guest eats all the food! 🦃🤤,Nightmare Thanksgiving guest eats all the food! 🦃🤤,68878,1,36.31,26.93,36.31,26.93,31.99,1,2026-01-30,2026-01-30,creator_analytics/manual_backfills/curvage_title_counts_all_time_2013-01-01_to_2026-07-04.csv,2026-07-04T19:25:00,Curvage title-count allocation,sale date,allocated daily title count,Daily title counts allocated to canonical Curvage daily gross/net by price-weighted unit share.
Curvage,Stuffing and making out with your feedee 🤤🍗,Stuffing and making out with your feedee 🤤🍗,48622,1,28.36,21.04,28.36,21.04,24.99,1,2026-01-30,2026-01-30,creator_analytics/manual_backfills/curvage_title_counts_all_time_2013-01-01_to_2026-07-04.csv,2026-07-04T19:25:00,Curvage title-count allocation,sale date,allocated daily title count,Daily title counts allocated to canonical Curvage daily gross/net by price-weighted unit share.
Curvage,Thanksgiving stuffing and a cigarette! 🦃🚬,Thanksgiving stuffing and a cigarette! 🦃🚬,54801,1,34.04,25.25,34.04,25.25,29.99,1,2026-01-30,2026-01-30,creator_analytics/manual_backfills/curvage_title_counts_all_time_2013-01-01_to_2026-07-04.csv,2026-07-04T19:25:00,Curvage title-count allocation,sale date,allocated daily title count,Daily title counts allocated to canonical Curvage daily gross/net by price-weighted unit share.
Curvage,Cursed Cake Makes Greedy Co-worker Explode,Cursed Cake Makes Greedy Co-worker Explode,63618,1,32.6,24.18,32.6,24.18,27.99,1,2026-01-31,2026-01-31,creator_analytics/manual_backfills/curvage_title_counts_all_time_2013-01-01_to_2026-07-04.csv,2026-07-04T19:25:00,Curvage title-count allocation,sale date,allocated daily title count,Daily title counts allocated to canonical Curvage daily gross/net by price-weighted unit share.
Curvage,Gassy giantess vores you 👅💨,Gassy giantess vores you 👅💨,71108,3,87.32,64.77,29.11,21.59,24.99,1,2026-01-31,2026-01-31,creator_analytics/manual_backfills/curvage_title_counts_all_time_2013-01-01_to_2026-07-04.csv,2026-07-04T19:25:00,Curvage title-count allocation,sale date,allocated daily title count,Daily title counts allocated to canonical Curvage daily gross/net by price-weighted unit share.
Curvage,Cursed Cake Makes Greedy Co-worker Explode,Cursed Cake Makes Greedy Co-worker Explode,63618,1,28.02,20.78,28.02,20.78,27.99,1,2026-02-01,2026-02-01,creator_analytics/manual_backfills/curvage_title_counts_all_time_2013-01-01_to_2026-07-04.csv,2026-07-04T19:25:00,Curvage title-count allocation,sale date,allocated daily title count,Daily title counts allocated to canonical Curvage daily gross/net by price-weighted unit share.
Curvage,Gassy giantess vores you 👅💨,Gassy giantess vores you 👅💨,71108,3,75.05,55.67,25.02,18.56,24.99,1,2026-02-01,2026-02-01,creator_analytics/manual_backfills/curvage_title_counts_all_time_2013-01-01_to_2026-07-04.csv,2026-07-04T19:25:00,Curvage title-count allocation,sale date,allocated daily title count,Daily title counts allocated to canonical Curvage daily gross/net by price-weighted unit share.
Curvage,Nightmare Thanksgiving guest eats all the food! 🦃🤤,Nightmare Thanksgiving guest eats all the food! 🦃🤤,68878,1,32.02,23.75,32.02,23.75,31.99,1,2026-02-01,2026-02-01,creator_analytics/manual_backfills/curvage_title_counts_all_time_2013-01-01_to_2026-07-04.csv,2026-07-04T19:25:00,Curvage title-count allocation,sale date,allocated daily title count,Daily title counts allocated to canonical Curvage daily gross/net by price-weighted unit share.
Curvage,Cursed Cake Makes Greedy Co-worker Explode,Cursed Cake Makes Greedy Co-worker Explode,63618,1,28.03,20.79,28.03,20.79,27.99,1,2026-02-02,2026-02-02,creator_analytics/manual_backfills/curvage_title_counts_all_time_2013-01-01_to_2026-07-04.csv,2026-07-04T19:25:00,Curvage title-count allocation,sale date,allocated daily title count,Daily title counts allocated to canonical Curvage daily gross/net by price-weighted unit share.
Curvage,Gassy giantess vores you 👅💨,Gassy giantess vores you 👅💨,71108,1,25.03,18.56,25.03,18.56,24.99,1,2026-02-02,2026-02-02,creator_analytics/manual_backfills/curvage_title_counts_all_time_2013-01-01_to_2026-07-04.csv,2026-07-04T19:25:00,Curvage title-count allocation,sale date,allocated daily title count,Daily title counts allocated to canonical Curvage daily gross/net by price-weighted unit share.
Curvage,Nightmare Thanksgiving guest eats all the food! 🦃🤤,Nightmare Thanksgiving guest eats all the food! 🦃🤤,68878,1,32.04,23.76,32.04,23.76,31.99,1,2026-02-02,2026-02-02,creator_analytics/manual_backfills/curvage_title_counts_all_time_2013-01-01_to_2026-07-04.csv,2026-07-04T19:25:00,Curvage title-count allocation,sale date,allocated daily title count,Daily title counts allocated to canonical Curvage daily gross/net by price-weighted unit share.
Curvage,Gassy giantess vores you 👅💨,Gassy giantess vores you 👅💨,71108,1,92.91,68.91,92.91,68.91,24.99,1,2026-02-03,2026-02-03,creator_analytics/manual_backfills/curvage_title_counts_all_time_2013-01-01_to_2026-07-04.csv,2026-07-04T19:25:00,Curvage title-count allocation,sale date,allocated daily title count,Daily title counts allocated to canonical Curvage daily gross/net by price-weighted unit share.
Curvage,Greedy girlfriend stuffs her face and vores you! 🤤🍔,Greedy girlfriend stuffs her face and vores you! 🤤🍔,56366,1,40.32,29.91,40.32,29.91,21.99,1,2026-02-04,2026-02-04,creator_analytics/manual_backfills/curvage_title_counts_all_time_2013-01-01_to_2026-07-04.csv,2026-07-04T19:25:00,Curvage title-count allocation,sale date,allocated daily title count,Daily title counts allocated to canonical Curvage daily gross/net by price-weighted unit share.
Curvage,Nightmare Thanksgiving guest eats all the food! 🦃🤤,Nightmare Thanksgiving guest eats all the food! 🦃🤤,68878,1,58.65,43.5,58.65,43.5,31.99,1,2026-02-04,2026-02-04,creator_analytics/manual_backfills/curvage_title_counts_all_time_2013-01-01_to_2026-07-04.csv,2026-07-04T19:25:00,Curvage title-count allocation,sale date,allocated daily title count,Daily title counts allocated to canonical Curvage daily gross/net by price-weighted unit share.
Curvage,Cursed Cake Makes Greedy Co-worker Explode,Cursed Cake Makes Greedy Co-worker Explode,63618,1,39.47,29.27,39.47,29.27,27.99,1,2026-02-06,2026-02-06,creator_analytics/manual_backfills/curvage_title_counts_all_time_2013-01-01_to_2026-07-04.csv,2026-07-04T19:25:00,Curvage title-count allocation,sale date,allocated daily title count,Daily title counts allocated to canonical Curvage daily gross/net by price-weighted unit share.
Curvage,Gassy giantess vores you 👅💨,Gassy giantess vores you 👅💨,71108,1,35.24,26.14,35.24,26.14,24.99,1,2026-02-06,2026-02-06,creator_analytics/manual_backfills/curvage_title_counts_all_time_2013-01-01_to_2026-07-04.csv,2026-07-04T19:25:00,Curvage title-count allocation,sale date,allocated daily title count,Daily title counts allocated to canonical Curvage daily gross/net by price-weighted unit share.
Curvage,Gassy giantess vores you 👅💨,Gassy giantess vores you 👅💨,71108,1,25.0,18.54,25.0,18.54,24.99,1,2026-02-10,2026-02-10,creator_analytics/manual_backfills/curvage_title_counts_all_time_2013-01-01_to_2026-07-04.csv,2026-07-04T19:25:00,Curvage title-count allocation,sale date,allocated daily title count,Daily title counts allocated to canonical Curvage daily gross/net by price-weighted unit share.
Curvage,Gassy giantess vores you 👅💨,Gassy giantess vores you 👅💨,71108,1,53.14,39.42,53.14,39.42,24.99,1,2026-02-11,2026-02-11,creator_analytics/manual_backfills/curvage_title_counts_all_time_2013-01-01_to_2026-07-04.csv,2026-07-04T19:25:00,Curvage title-count allocation,sale date,allocated daily title count,Daily title counts allocated to canonical Curvage daily gross/net by price-weighted unit share.
Curvage,Stuffing My Face After Hitting the Gym! 🍔🥤,Stuffing My Face After Hitting the Gym! 🍔🥤,58749,1,42.51,31.53,42.51,31.53,19.99,1,2026-02-11,2026-02-11,creator_analytics/manual_backfills/curvage_title_counts_all_time_2013-01-01_to_2026-07-04.csv,2026-07-04T19:25:00,Curvage title-count allocation,sale date,allocated daily title count,Daily title counts allocated to canonical Curvage daily gross/net by price-weighted unit share.
Curvage,Greedy girlfriend stuffs her face and vores you! 🤤🍔,Greedy girlfriend stuffs her face and vores you! 🤤🍔,56366,1,41.4,30.7,41.4,30.7,21.99,1,2026-02-12,2026-02-12,creator_analytics/manual_backfills/curvage_title_counts_all_time_2013-01-01_to_2026-07-04.csv,2026-07-04T19:25:00,Curvage title-count allocation,sale date,allocated daily title count,Daily title counts allocated to canonical Curvage daily gross/net by price-weighted unit share.
Curvage,Stuffing My Face After Hitting the Gym! 🍔🥤,Stuffing My Face After Hitting the Gym! 🍔🥤,58749,1,37.63,27.91,37.63,27.91,19.99,1,2026-02-12,2026-02-12,creator_analytics/manual_backfills/curvage_title_counts_all_time_2013-01-01_to_2026-07-04.csv,2026-07-04T19:25:00,Curvage title-count allocation,sale date,allocated daily title count,Daily title counts allocated to canonical Curvage daily gross/net by price-weighted unit share.
Curvage,Stuffing tacos makes me burp and fart! 🌮💨,Stuffing tacos makes me burp and fart! 🌮💨,60064,1,65.87,48.86,65.87,48.86,34.99,1,2026-02-12,2026-02-12,creator_analytics/manual_backfills/curvage_title_counts_all_time_2013-01-01_to_2026-07-04.csv,2026-07-04T19:25:00,Curvage title-count allocation,sale date,allocated daily title count,Daily title counts allocated to canonical Curvage daily gross/net by price-weighted unit share.
Curvage,Watch my fat jiggle while I struggle to work out! 😅💪,Watch my fat jiggle while I struggle to work out! 😅💪,45396,1,24.45,18.14,24.45,18.14,12.99,1,2026-02-12,2026-02-12,creator_analytics/manual_backfills/curvage_title_counts_all_time_2013-01-01_to_2026-07-04.csv,2026-07-04T19:25:00,Curvage title-count allocation,sale date,allocated daily title count,Daily title counts allocated to canonical Curvage daily gross/net by price-weighted unit share.
Curvage,Gassy giantess vores you 👅💨,Gassy giantess vores you 👅💨,71108,1,28.21,20.93,28.21,20.93,24.99,1,2026-02-14,2026-02-14,creator_analytics/manual_backfills/curvage_title_counts_all_time_2013-01-01_to_2026-07-04.csv,2026-07-04T19:25:00,Curvage title-count allocation,sale date,allocated daily title count,Daily title counts allocated to canonical Curvage daily gross/net by price-weighted unit share.
Curvage,Nightmare Thanksgiving guest eats all the food! 🦃🤤,Nightmare Thanksgiving guest eats all the food! 🦃🤤,68878,2,72.23,53.57,36.11,26.79,31.99,1,2026-02-14,2026-02-14,creator_analytics/manual_backfills/curvage_title_counts_all_time_2013-01-01_to_2026-07-04.csv,2026-07-04T19:25:00,Curvage title-count allocation,sale date,allocated daily title count,Daily title counts allocated to canonical Curvage daily gross/net by price-weighted unit share.
Curvage,Soda-chugging cutie gets bloated and belches!,Soda-chugging cutie gets bloated and belches!,28679,1,12.41,9.2,12.41,9.2,10.99,1,2026-02-14,2026-02-14,creator_analytics/manual_backfills/curvage_title_counts_all_time_2013-01-01_to_2026-07-04.csv,2026-07-04T19:25:00,Curvage title-count allocation,sale date,allocated daily title count,Daily title counts allocated to canonical Curvage daily gross/net by price-weighted unit share.
Curvage,Gassy giantess vores you 👅💨,Gassy giantess vores you 👅💨,71108,1,46.96,34.83,46.96,34.83,24.99,1,2026-02-17,2026-02-17,creator_analytics/manual_backfills/curvage_title_counts_all_time_2013-01-01_to_2026-07-04.csv,2026-07-04T19:25:00,Curvage title-count allocation,sale date,allocated daily title count,Daily title counts allocated to canonical Curvage daily gross/net by price-weighted unit share.
Curvage,Gassy giantess vores you 👅💨,Gassy giantess vores you 👅💨,71108,1,32.0,23.74,32.0,23.74,24.99,1,2026-02-21,2026-02-21,creator_analytics/manual_backfills/curvage_title_counts_all_time_2013-01-01_to_2026-07-04.csv,2026-07-04T19:25:00,Curvage title-count allocation,sale date,allocated daily title count,Daily title counts allocated to canonical Curvage daily gross/net by price-weighted unit share.
Curvage,Nightmare Thanksgiving guest eats all the food! 🦃🤤,Nightmare Thanksgiving guest eats all the food! 🦃🤤,68878,1,40.96,30.38,40.96,30.38,31.99,1,2026-02-21,2026-02-21,creator_analytics/manual_backfills/curvage_title_counts_all_time_2013-01-01_to_2026-07-04.csv,2026-07-04T19:25:00,Curvage title-count allocation,sale date,allocated daily title count,Daily title counts allocated to canonical Curvage daily gross/net by price-weighted unit share.
Curvage,Cursed Cake Makes Greedy Co-worker Explode,Cursed Cake Makes Greedy Co-worker Explode,63618,1,44.38,32.92,44.38,32.92,27.99,1,2026-02-22,2026-02-22,creator_analytics/manual_backfills/curvage_title_counts_all_time_2013-01-01_to_2026-07-04.csv,2026-07-04T19:25:00,Curvage title-count allocation,sale date,allocated daily title count,Daily title counts allocated to canonical Curvage daily gross/net by price-weighted unit share.
Curvage,Horny SSBBW Succubus Grows for Your Cum POV,Horny SSBBW Succubus Grows for Your Cum POV,44086,1,23.77,17.63,23.77,17.63,14.99,1,2026-02-22,2026-02-22,creator_analytics/manual_backfills/curvage_title_counts_all_time_2013-01-01_to_2026-07-04.csv,2026-07-04T19:25:00,Curvage title-count allocation,sale date,allocated daily title count,Daily title counts allocated to canonical Curvage daily gross/net by price-weighted unit share.
Curvage,Stuffing and making out with your feedee 🤤🍗,Stuffing and making out with your feedee 🤤🍗,48622,1,39.62,29.39,39.62,29.39,24.99,1,2026-02-22,2026-02-22,creator_analytics/manual_backfills/curvage_title_counts_all_time_2013-01-01_to_2026-07-04.csv,2026-07-04T19:25:00,Curvage title-count allocation,sale date,allocated daily title count,Daily title counts allocated to canonical Curvage daily gross/net by price-weighted unit share.
Curvage,Stuffing in the Car Until I'm Stuck! 🚙🍟,Stuffing in the Car Until I'm Stuck! 🚙🍟,59966,1,45.97,34.09,45.97,34.09,28.99,1,2026-02-22,2026-02-22,creator_analytics/manual_backfills/curvage_title_counts_all_time_2013-01-01_to_2026-07-04.csv,2026-07-04T19:25:00,Curvage title-count allocation,sale date,allocated daily title count,Daily title counts allocated to canonical Curvage daily gross/net by price-weighted unit share.
Curvage,Nightmare Thanksgiving guest eats all the food! 🦃🤤,Nightmare Thanksgiving guest eats all the food! 🦃🤤,68878,1,38.19,28.32,38.19,28.32,31.99,1,2026-02-23,2026-02-23,creator_analytics/manual_backfills/curvage_title_counts_all_time_2013-01-01_to_2026-07-04.csv,2026-07-04T19:25:00,Curvage title-count allocation,sale date,allocated daily title count,Daily title counts allocated to canonical Curvage daily gross/net by price-weighted unit share.
Curvage,Pills make me grow until I pop 💊🍗🎈,Pills make me grow until I pop 💊🍗🎈,72067,46,823.1,610.5,17.89,13.27,14.99,1,2026-02-23,2026-02-23,creator_analytics/manual_backfills/curvage_title_counts_all_time_2013-01-01_to_2026-07-04.csv,2026-07-04T19:25:00,Curvage title-count allocation,sale date,allocated daily title count,Daily title counts allocated to canonical Curvage daily gross/net by price-weighted unit share.
Curvage,Sexy fatty gobbles a dozen ice cream sandwiches!,Sexy fatty gobbles a dozen ice cream sandwiches!,33057,1,10.73,7.96,10.73,7.96,8.99,1,2026-02-23,2026-02-23,creator_analytics/manual_backfills/curvage_title_counts_all_time_2013-01-01_to_2026-07-04.csv,2026-07-04T19:25:00,Curvage title-count allocation,sale date,allocated daily title count,Daily title counts allocated to canonical Curvage daily gross/net by price-weighted unit share.
Curvage,Stuffing My Face After Hitting the Gym! 🍔🥤,Stuffing My Face After Hitting the Gym! 🍔🥤,58749,1,23.86,17.7,23.86,17.7,19.99,1,2026-02-23,2026-02-23,creator_analytics/manual_backfills/curvage_title_counts_all_time_2013-01-01_to_2026-07-04.csv,2026-07-04T19:25:00,Curvage title-count allocation,sale date,allocated daily title count,Daily title counts allocated to canonical Curvage daily gross/net by price-weighted unit share.
Curvage,Your Girlfriend Encourages Mutual Gain POV,Your Girlfriend Encourages Mutual Gain POV,55022,1,29.83,22.13,29.83,22.13,24.99,1,2026-02-23,2026-02-23,creator_analytics/manual_backfills/curvage_title_counts_all_time_2013-01-01_to_2026-07-04.csv,2026-07-04T19:25:00,Curvage title-count allocation,sale date,allocated daily title count,Daily title counts allocated to canonical Curvage daily gross/net by price-weighted unit share.
Curvage,Pills make me grow until I pop 💊🍗🎈,Pills make me grow until I pop 💊🍗🎈,72067,14,234.21,173.72,16.73,12.41,14.99,1,2026-02-24,2026-02-24,creator_analytics/manual_backfills/curvage_title_counts_all_time_2013-01-01_to_2026-07-04.csv,2026-07-04T19:25:00,Curvage title-count allocation,sale date,allocated daily title count,Daily title counts allocated to canonical Curvage daily gross/net by price-weighted unit share.
Curvage,Stuffing tacos makes me burp and fart! 🌮💨,Stuffing tacos makes me burp and fart! 🌮💨,60064,1,39.05,28.96,39.05,28.96,34.99,1,2026-02-24,2026-02-24,creator_analytics/manual_backfills/curvage_title_counts_all_time_2013-01-01_to_2026-07-04.csv,2026-07-04T19:25:00,Curvage title-count allocation,sale date,allocated daily title count,Daily title counts allocated to canonical Curvage daily gross/net by price-weighted unit share.
Curvage,Pills make me grow until I pop 💊🍗🎈,Pills make me grow until I pop 💊🍗🎈,72067,8,133.96,99.36,16.74,12.42,14.99,1,2026-02-25,2026-02-25,creator_analytics/manual_backfills/curvage_title_counts_all_time_2013-01-01_to_2026-07-04.csv,2026-07-04T19:25:00,Curvage title-count allocation,sale date,allocated daily title count,Daily title counts allocated to canonical Curvage daily gross/net by price-weighted unit share.
Curvage,New weigh-in and measurements! 😍,New weigh-in and measurements! 😍,56046,1,40.37,29.94,40.37,29.94,34.99,1,2026-02-26,2026-02-26,creator_analytics/manual_backfills/curvage_title_counts_all_time_2013-01-01_to_2026-07-04.csv,2026-07-04T19:25:00,Curvage title-count allocation,sale date,allocated daily title count,Daily title counts allocated to canonical Curvage daily gross/net by price-weighted unit share.
Curvage,Nightmare Thanksgiving guest eats all the food! 🦃🤤,Nightmare Thanksgiving guest eats all the food! 🦃🤤,68878,1,36.91,27.38,36.91,27.38,31.99,1,2026-02-26,2026-02-26,creator_analytics/manual_backfills/curvage_title_counts_all_time_2013-01-01_to_2026-07-04.csv,2026-07-04T19:25:00,Curvage title-count allocation,sale date,allocated daily title count,Daily title counts allocated to canonical Curvage daily gross/net by price-weighted unit share.
Curvage,Pills make me grow until I pop 💊🍗🎈,Pills make me grow until I pop 💊🍗🎈,72067,9,155.65,115.45,17.29,12.83,14.99,1,2026-02-26,2026-02-26,creator_analytics/manual_backfills/curvage_title_counts_all_time_2013-01-01_to_2026-07-04.csv,2026-07-04T19:25:00,Curvage title-count allocation,sale date,allocated daily title count,Daily title counts allocated to canonical Curvage daily gross/net by price-weighted unit share.
Curvage,Cursed Cake Makes Greedy Co-worker Explode,Cursed Cake Makes Greedy Co-worker Explode,63618,1,32.18,23.87,32.18,23.87,27.99,1,2026-02-27,2026-02-27,creator_analytics/manual_backfills/curvage_title_counts_all_time_2013-01-01_to_2026-07-04.csv,2026-07-04T19:25:00,Curvage title-count allocation,sale date,allocated daily title count,Daily title counts allocated to canonical Curvage daily gross/net by price-weighted unit share.
Curvage,Pills make me grow until I pop 💊🍗🎈,Pills make me grow until I pop 💊🍗🎈,72067,5,86.17,63.91,17.23,12.78,14.99,1,2026-02-27,2026-02-27,creator_analytics/manual_backfills/curvage_title_counts_all_time_2013-01-01_to_2026-07-04.csv,2026-07-04T19:25:00,Curvage title-count allocation,sale date,allocated daily title count,Daily title counts allocated to canonical Curvage daily gross/net by price-weighted unit share.
Curvage,Cursed Cake Makes Greedy Co-worker Explode,Cursed Cake Makes Greedy Co-worker Explode,63618,1,60.32,44.74,60.32,44.74,27.99,1,2026-02-28,2026-02-28,creator_analytics/manual_backfills/curvage_title_counts_all_time_2013-01-01_to_2026-07-04.csv,2026-07-04T19:25:00,Curvage title-count allocation,sale date,allocated daily title count,Daily title counts allocated to canonical Curvage daily gross/net by price-weighted unit share.
Curvage,Pills make me grow until I pop 💊🍗🎈,Pills make me grow until I pop 💊🍗🎈,72067,1,32.3,23.96,32.3,23.96,14.99,1,2026-02-28,2026-02-28,creator_analytics/manual_backfills/curvage_title_counts_all_time_2013-01-01_to_2026-07-04.csv,2026-07-04T19:25:00,Curvage title-count allocation,sale date,allocated daily title count,Daily title counts allocated to canonical Curvage daily gross/net by price-weighted unit share.
Curvage,Gassy giantess vores you 👅💨,Gassy giantess vores you 👅💨,71108,1,31.77,23.56,31.77,23.56,24.99,1,2026-03-01,2026-03-01,creator_analytics/manual_backfills/curvage_title_counts_all_time_2013-01-01_to_2026-07-04.csv,2026-07-04T19:25:00,Curvage title-count allocation,sale date,allocated daily title count,Daily title counts allocated to canonical Curvage daily gross/net by price-weighted unit share.
Curvage,Pills make me grow until I pop 💊🍗🎈,Pills make me grow until I pop 💊🍗🎈,72067,6,114.33,84.8,19.05,14.13,14.99,1,2026-03-01,2026-03-01,creator_analytics/manual_backfills/curvage_title_counts_all_time_2013-01-01_to_2026-07-04.csv,2026-07-04T19:25:00,Curvage title-count allocation,sale date,allocated daily title count,Daily title counts allocated to canonical Curvage daily gross/net by price-weighted unit share.
Curvage,Nightmare Thanksgiving guest eats all the food! 🦃🤤,Nightmare Thanksgiving guest eats all the food! 🦃🤤,68878,1,52.72,39.11,52.72,39.11,31.99,1,2026-03-02,2026-03-02,creator_analytics/manual_backfills/curvage_title_counts_all_time_2013-01-01_to_2026-07-04.csv,2026-07-04T19:25:00,Curvage title-count allocation,sale date,allocated daily title count,Daily title counts allocated to canonical Curvage daily gross/net by price-weighted unit share.
Curvage,Pills make me grow until I pop 💊🍗🎈,Pills make me grow until I pop 💊🍗🎈,72067,2,49.41,36.65,24.71,18.32,14.99,1,2026-03-02,2026-03-02,creator_analytics/manual_backfills/curvage_title_counts_all_time_2013-01-01_to_2026-07-04.csv,2026-07-04T19:25:00,Curvage title-count allocation,sale date,allocated daily title count,Daily title counts allocated to canonical Curvage daily gross/net by price-weighted unit share.
Curvage,Stuffing tacos makes me burp and fart! 🌮💨,Stuffing tacos makes me burp and fart! 🌮💨,60064,1,57.67,42.77,57.67,42.77,34.99,1,2026-03-02,2026-03-02,creator_analytics/manual_backfills/curvage_title_counts_all_time_2013-01-01_to_2026-07-04.csv,2026-07-04T19:25:00,Curvage title-count allocation,sale date,allocated daily title count,Daily title counts allocated to canonical Curvage daily gross/net by price-weighted unit share.
Curvage,Pills make me grow until I pop 💊🍗🎈,Pills make me grow until I pop 💊🍗🎈,72067,2,44.65,33.12,22.33,16.56,14.99,1,2026-03-03,2026-03-03,creator_analytics/manual_backfills/curvage_title_counts_all_time_2013-01-01_to_2026-07-04.csv,2026-07-04T19:25:00,Curvage title-count allocation,sale date,allocated daily title count,Daily title counts allocated to canonical Curvage daily gross/net by price-weighted unit share.
Curvage,Pills make me grow until I pop 💊🍗🎈,Pills make me grow until I pop 💊🍗🎈,72067,3,44.65,33.12,14.88,11.04,14.99,1,2026-03-04,2026-03-04,creator_analytics/manual_backfills/curvage_title_counts_all_time_2013-01-01_to_2026-07-04.csv,2026-07-04T19:25:00,Curvage title-count allocation,sale date,allocated daily title count,Daily title counts allocated to canonical Curvage daily gross/net by price-weighted unit share.
Curvage,HR manager coerces you into becoming her feeder 🍩🤤,HR manager coerces you into becoming her feeder 🍩🤤,72499,28,332.15,246.36,11.86,8.8,11.99,1,2026-03-05,2026-03-05,creator_analytics/manual_backfills/curvage_title_counts_all_time_2013-01-01_to_2026-07-04.csv,2026-07-04T19:25:00,Curvage title-count allocation,sale date,allocated daily title count,Daily title counts allocated to canonical Curvage daily gross/net by price-weighted unit share.
Curvage,Pills make me grow until I pop 💊🍗🎈,Pills make me grow until I pop 💊🍗🎈,72067,1,14.83,11.0,14.83,11.0,14.99,1,2026-03-05,2026-03-05,creator_analytics/manual_backfills/curvage_title_counts_all_time_2013-01-01_to_2026-07-04.csv,2026-07-04T19:25:00,Curvage title-count allocation,sale date,allocated daily title count,Daily title counts allocated to canonical Curvage daily gross/net by price-weighted unit share.
Curvage,Your Girlfriend Encourages Mutual Gain POV,Your Girlfriend Encourages Mutual Gain POV,55022,1,24.72,18.34,24.72,18.34,24.99,1,2026-03-05,2026-03-05,creator_analytics/manual_backfills/curvage_title_counts_all_time_2013-01-01_to_2026-07-04.csv,2026-07-04T19:25:00,Curvage title-count allocation,sale date,allocated daily title count,Daily title counts allocated to canonical Curvage daily gross/net by price-weighted unit share.
Curvage,Horny SSBBW Succubus Grows for Your Cum POV,Horny SSBBW Succubus Grows for Your Cum POV,44086,1,21.21,15.73,21.21,15.73,14.99,1,2026-03-06,2026-03-06,creator_analytics/manual_backfills/curvage_title_counts_all_time_2013-01-01_to_2026-07-04.csv,2026-07-04T19:25:00,Curvage title-count allocation,sale date,allocated daily title count,Daily title counts allocated to canonical Curvage daily gross/net by price-weighted unit share.
Curvage,HR manager coerces you into becoming her feeder 🍩🤤,HR manager coerces you into becoming her feeder 🍩🤤,72499,15,254.42,188.71,16.96,12.58,11.99,1,2026-03-06,2026-03-06,creator_analytics/manual_backfills/curvage_title_counts_all_time_2013-01-01_to_2026-07-04.csv,2026-07-04T19:25:00,Curvage title-count allocation,sale date,allocated daily title count,Daily title counts allocated to canonical Curvage daily gross/net by price-weighted unit share.
Curvage,Pills make me grow until I pop 💊🍗🎈,Pills make me grow until I pop 💊🍗🎈,72067,5,106.03,78.64,21.21,15.73,14.99,1,2026-03-06,2026-03-06,creator_analytics/manual_backfills/curvage_title_counts_all_time_2013-01-01_to_2026-07-04.csv,2026-07-04T19:25:00,Curvage title-count allocation,sale date,allocated daily title count,Daily title counts allocated to canonical Curvage daily gross/net by price-weighted unit share.
Curvage,Horny SSBBW Succubus Grows for Your Cum POV,Horny SSBBW Succubus Grows for Your Cum POV,44086,1,20.27,15.03,20.27,15.03,14.99,1,2026-03-07,2026-03-07,creator_analytics/manual_backfills/curvage_title_counts_all_time_2013-01-01_to_2026-07-04.csv,2026-07-04T19:25:00,Curvage title-count allocation,sale date,allocated daily title count,Daily title counts allocated to canonical Curvage daily gross/net by price-weighted unit share.
Curvage,HR manager coerces you into becoming her feeder 🍩🤤,HR manager coerces you into becoming her feeder 🍩🤤,72499,8,129.7,96.2,16.21,12.03,11.99,1,2026-03-07,2026-03-07,creator_analytics/manual_backfills/curvage_title_counts_all_time_2013-01-01_to_2026-07-04.csv,2026-07-04T19:25:00,Curvage title-count allocation,sale date,allocated daily title count,Daily title counts allocated to canonical Curvage daily gross/net by price-weighted unit share.
Curvage,Pills make me grow until I pop 💊🍗🎈,Pills make me grow until I pop 💊🍗🎈,72067,1,20.27,15.03,20.27,15.03,14.99,1,2026-03-07,2026-03-07,creator_analytics/manual_backfills/curvage_title_counts_all_time_2013-01-01_to_2026-07-04.csv,2026-07-04T19:25:00,Curvage title-count allocation,sale date,allocated daily title count,Daily title counts allocated to canonical Curvage daily gross/net by price-weighted unit share.
Curvage,Cursed Cake Makes Greedy Co-worker Explode,Cursed Cake Makes Greedy Co-worker Explode,63618,2,63.68,47.23,31.84,23.61,27.99,1,2026-03-08,2026-03-08,creator_analytics/manual_backfills/curvage_title_counts_all_time_2013-01-01_to_2026-07-04.csv,2026-07-04T19:25:00,Curvage title-count allocation,sale date,allocated daily title count,Daily title counts allocated to canonical Curvage daily gross/net by price-weighted unit share.
Curvage,HR manager coerces you into becoming her feeder 🍩🤤,HR manager coerces you into becoming her feeder 🍩🤤,72499,6,81.83,60.69,13.64,10.12,11.99,1,2026-03-08,2026-03-08,creator_analytics/manual_backfills/curvage_title_counts_all_time_2013-01-01_to_2026-07-04.csv,2026-07-04T19:25:00,Curvage title-count allocation,sale date,allocated daily title count,Daily title counts allocated to canonical Curvage daily gross/net by price-weighted unit share.
Curvage,Pills make me grow until I pop 💊🍗🎈,Pills make me grow until I pop 💊🍗🎈,72067,2,34.1,25.29,17.05,12.65,14.99,1,2026-03-08,2026-03-08,creator_analytics/manual_backfills/curvage_title_counts_all_time_2013-01-01_to_2026-07-04.csv,2026-07-04T19:25:00,Curvage title-count allocation,sale date,allocated daily title count,Daily title counts allocated to canonical Curvage daily gross/net by price-weighted unit share.
Curvage,Thanksgiving stuffing and a cigarette! 🦃🚬,Thanksgiving stuffing and a cigarette! 🦃🚬,54801,1,34.11,25.3,34.11,25.3,29.99,1,2026-03-08,2026-03-08,creator_analytics/manual_backfills/curvage_title_counts_all_time_2013-01-01_to_2026-07-04.csv,2026-07-04T19:25:00,Curvage title-count allocation,sale date,allocated daily title count,Daily title counts allocated to canonical Curvage daily gross/net by price-weighted unit share.
Curvage,HR manager coerces you into becoming her feeder 🍩🤤,HR manager coerces you into becoming her feeder 🍩🤤,72499,8,107.79,79.95,13.47,9.99,11.99,1,2026-03-09,2026-03-09,creator_analytics/manual_backfills/curvage_title_counts_all_time_2013-01-01_to_2026-07-04.csv,2026-07-04T19:25:00,Curvage title-count allocation,sale date,allocated daily title count,Daily title counts allocated to canonical Curvage daily gross/net by price-weighted unit share.
Curvage,Pills make me grow until I pop 💊🍗🎈,Pills make me grow until I pop 💊🍗🎈,72067,2,33.69,24.99,16.85,12.49,14.99,1,2026-03-09,2026-03-09,creator_analytics/manual_backfills/curvage_title_counts_all_time_2013-01-01_to_2026-07-04.csv,2026-07-04T19:25:00,Curvage title-count allocation,sale date,allocated daily title count,Daily title counts allocated to canonical Curvage daily gross/net by price-weighted unit share.
Curvage,HR manager coerces you into becoming her feeder 🍩🤤,HR manager coerces you into becoming her feeder 🍩🤤,72499,2,31.04,23.02,15.52,11.51,11.99,1,2026-03-10,2026-03-10,creator_analytics/manual_backfills/curvage_title_counts_all_time_2013-01-01_to_2026-07-04.csv,2026-07-04T19:25:00,Curvage title-count allocation,sale date,allocated daily title count,Daily title counts allocated to canonical Curvage daily gross/net by price-weighted unit share.
Curvage,Pills make me grow until I pop 💊🍗🎈,Pills make me grow until I pop 💊🍗🎈,72067,1,19.4,14.39,19.4,14.39,14.99,1,2026-03-10,2026-03-10,creator_analytics/manual_backfills/curvage_title_counts_all_time_2013-01-01_to_2026-07-04.csv,2026-07-04T19:25:00,Curvage title-count allocation,sale date,allocated daily title count,Daily title counts allocated to canonical Curvage daily gross/net by price-weighted unit share.
Curvage,Cursed Cake Makes Greedy Co-worker Explode,Cursed Cake Makes Greedy Co-worker Explode,63618,1,31.75,23.55,31.75,23.55,27.99,1,2026-03-11,2026-03-11,creator_analytics/manual_backfills/curvage_title_counts_all_time_2013-01-01_to_2026-07-04.csv,2026-07-04T19:25:00,Curvage title-count allocation,sale date,allocated daily title count,Daily title counts allocated to canonical Curvage daily gross/net by price-weighted unit share.
Curvage,HR manager coerces you into becoming her feeder 🍩🤤,HR manager coerces you into becoming her feeder 🍩🤤,72499,4,54.41,40.35,13.6,10.09,11.99,1,2026-03-11,2026-03-11,creator_analytics/manual_backfills/curvage_title_counts_all_time_2013-01-01_to_2026-07-04.csv,2026-07-04T19:25:00,Curvage title-count allocation,sale date,allocated daily title count,Daily title counts allocated to canonical Curvage daily gross/net by price-weighted unit share.
Curvage,Nightmare Thanksgiving guest eats all the food! 🦃🤤,Nightmare Thanksgiving guest eats all the food! 🦃🤤,68878,1,36.29,26.92,36.29,26.92,31.99,1,2026-03-11,2026-03-11,creator_analytics/manual_backfills/curvage_title_counts_all_time_2013-01-01_to_2026-07-04.csv,2026-07-04T19:25:00,Curvage title-count allocation,sale date,allocated daily title count,Daily title counts allocated to canonical Curvage daily gross/net by price-weighted unit share.
Curvage,Pills make me grow until I pop 💊🍗🎈,Pills make me grow until I pop 💊🍗🎈,72067,2,34.01,25.23,17.0,12.61,14.99,1,2026-03-11,2026-03-11,creator_analytics/manual_backfills/curvage_title_counts_all_time_2013-01-01_to_2026-07-04.csv,2026-07-04T19:25:00,Curvage title-count allocation,sale date,allocated daily title count,Daily title counts allocated to canonical Curvage daily gross/net by price-weighted unit share.
Curvage,Your Gluttonous Girlfriend Can't Hold Back Farts 🌯💨,Your Gluttonous Girlfriend Can't Hold Back Farts 🌯💨,72725,12,272.12,201.83,22.68,16.82,19.99,1,2026-03-11,2026-03-11,creator_analytics/manual_backfills/curvage_title_counts_all_time_2013-01-01_to_2026-07-04.csv,2026-07-04T19:25:00,Curvage title-count allocation,sale date,allocated daily title count,Daily title counts allocated to canonical Curvage daily gross/net by price-weighted unit share.
Curvage,Greedy girlfriend stuffs her face and vores you! 🤤🍔,Greedy girlfriend stuffs her face and vores you! 🤤🍔,56366,1,26.18,19.42,26.18,19.42,21.99,1,2026-03-12,2026-03-12,creator_analytics/manual_backfills/curvage_title_counts_all_time_2013-01-01_to_2026-07-04.csv,2026-07-04T19:25:00,Curvage title-count allocation,sale date,allocated daily title count,Daily title counts allocated to canonical Curvage daily gross/net by price-weighted unit share.
Curvage,HR manager coerces you into becoming her feeder 🍩🤤,HR manager coerces you into becoming her feeder 🍩🤤,72499,4,57.1,42.35,14.27,10.59,11.99,1,2026-03-12,2026-03-12,creator_analytics/manual_backfills/curvage_title_counts_all_time_2013-01-01_to_2026-07-04.csv,2026-07-04T19:25:00,Curvage title-count allocation,sale date,allocated daily title count,Daily title counts allocated to canonical Curvage daily gross/net by price-weighted unit share.
Curvage,Pills make me grow until I pop 💊🍗🎈,Pills make me grow until I pop 💊🍗🎈,72067,3,53.54,39.71,17.85,13.24,14.99,1,2026-03-12,2026-03-12,creator_analytics/manual_backfills/curvage_title_counts_all_time_2013-01-01_to_2026-07-04.csv,2026-07-04T19:25:00,Curvage title-count allocation,sale date,allocated daily title count,Daily title counts allocated to canonical Curvage daily gross/net by price-weighted unit share.
Curvage,Your Gluttonous Girlfriend Can't Hold Back Farts 🌯💨,Your Gluttonous Girlfriend Can't Hold Back Farts 🌯💨,72725,13,309.39,229.48,23.8,17.65,19.99,1,2026-03-12,2026-03-12,creator_analytics/manual_backfills/curvage_title_counts_all_time_2013-01-01_to_2026-07-04.csv,2026-07-04T19:25:00,Curvage title-count allocation,sale date,allocated daily title count,Daily title counts allocated to canonical Curvage daily gross/net by price-weighted unit share.
Curvage,Greedy girlfriend stuffs her face and vores you! 🤤🍔,Greedy girlfriend stuffs her face and vores you! 🤤🍔,56366,1,24.58,18.23,24.58,18.23,21.99,1,2026-03-13,2026-03-13,creator_analytics/manual_backfills/curvage_title_counts_all_time_2013-01-01_to_2026-07-04.csv,2026-07-04T19:25:00,Curvage title-count allocation,sale date,allocated daily title count,Daily title counts allocated to canonical Curvage daily gross/net by price-weighted unit share.
Curvage,HR manager coerces you into becoming her feeder 🍩🤤,HR manager coerces you into becoming her feeder 🍩🤤,72499,2,26.8,19.88,13.4,9.94,11.99,1,2026-03-13,2026-03-13,creator_analytics/manual_backfills/curvage_title_counts_all_time_2013-01-01_to_2026-07-04.csv,2026-07-04T19:25:00,Curvage title-count allocation,sale date,allocated daily title count,Daily title counts allocated to canonical Curvage daily gross/net by price-weighted unit share.
Curvage,Pills make me grow until I pop 💊🍗🎈,Pills make me grow until I pop 💊🍗🎈,72067,1,16.75,12.43,16.75,12.43,14.99,1,2026-03-13,2026-03-13,creator_analytics/manual_backfills/curvage_title_counts_all_time_2013-01-01_to_2026-07-04.csv,2026-07-04T19:25:00,Curvage title-count allocation,sale date,allocated daily title count,Daily title counts allocated to canonical Curvage daily gross/net by price-weighted unit share.
Curvage,Stuffing in the Car Until I'm Stuck! 🚙🍟,Stuffing in the Car Until I'm Stuck! 🚙🍟,59966,1,32.4,24.03,32.4,24.03,28.99,1,2026-03-13,2026-03-13,creator_analytics/manual_backfills/curvage_title_counts_all_time_2013-01-01_to_2026-07-04.csv,2026-07-04T19:25:00,Curvage title-count allocation,sale date,allocated daily title count,Daily title counts allocated to canonical Curvage daily gross/net by price-weighted unit share.
Curvage,Your Gluttonous Girlfriend Can't Hold Back Farts 🌯💨,Your Gluttonous Girlfriend Can't Hold Back Farts 🌯💨,72725,7,156.39,116.0,22.34,16.57,19.99,1,2026-03-13,2026-03-13,creator_analytics/manual_backfills/curvage_title_counts_all_time_2013-01-01_to_2026-07-04.csv,2026-07-04T19:25:00,Curvage title-count allocation,sale date,allocated daily title count,Daily title counts allocated to canonical Curvage daily gross/net by price-weighted unit share.
Curvage,HR manager coerces you into becoming her feeder 🍩🤤,HR manager coerces you into becoming her feeder 🍩🤤,72499,1,16.23,12.04,16.23,12.04,11.99,1,2026-03-14,2026-03-14,creator_analytics/manual_backfills/curvage_title_counts_all_time_2013-01-01_to_2026-07-04.csv,2026-07-04T19:25:00,Curvage title-count allocation,sale date,allocated daily title count,Daily title counts allocated to canonical Curvage daily gross/net by price-weighted unit share.
Curvage,Pills make me grow until I pop 💊🍗🎈,Pills make me grow until I pop 💊🍗🎈,72067,1,20.29,15.05,20.29,15.05,14.99,1,2026-03-14,2026-03-14,creator_analytics/manual_backfills/curvage_title_counts_all_time_2013-01-01_to_2026-07-04.csv,2026-07-04T19:25:00,Curvage title-count allocation,sale date,allocated daily title count,Daily title counts allocated to canonical Curvage daily gross/net by price-weighted unit share.
Curvage,Your Gluttonous Girlfriend Can't Hold Back Farts 🌯💨,Your Gluttonous Girlfriend Can't Hold Back Farts 🌯💨,72725,1,27.06,20.07,27.06,20.07,19.99,1,2026-03-14,2026-03-14,creator_analytics/manual_backfills/curvage_title_counts_all_time_2013-01-01_to_2026-07-04.csv,2026-07-04T19:25:00,Curvage title-count allocation,sale date,allocated daily title count,Daily title counts allocated to canonical Curvage daily gross/net by price-weighted unit share.
Curvage,Cursed Cake Makes Greedy Co-worker Explode,Cursed Cake Makes Greedy Co-worker Explode,63618,1,34.27,25.42,34.27,25.42,27.99,1,2026-03-15,2026-03-15,creator_analytics/manual_backfills/curvage_title_counts_all_time_2013-01-01_to_2026-07-04.csv,2026-07-04T19:25:00,Curvage title-count allocation,sale date,allocated daily title count,Daily title counts allocated to canonical Curvage daily gross/net by price-weighted unit share.
Curvage,HR manager coerces you into becoming her feeder 🍩🤤,HR manager coerces you into becoming her feeder 🍩🤤,72499,3,44.04,32.66,14.68,10.89,11.99,1,2026-03-15,2026-03-15,creator_analytics/manual_backfills/curvage_title_counts_all_time_2013-01-01_to_2026-07-04.csv,2026-07-04T19:25:00,Curvage title-count allocation,sale date,allocated daily title count,Daily title counts allocated to canonical Curvage daily gross/net by price-weighted unit share.
Curvage,Pills make me grow until I pop 💊🍗🎈,Pills make me grow until I pop 💊🍗🎈,72067,1,18.35,13.61,18.35,13.61,14.99,1,2026-03-15,2026-03-15,creator_analytics/manual_backfills/curvage_title_counts_all_time_2013-01-01_to_2026-07-04.csv,2026-07-04T19:25:00,Curvage title-count allocation,sale date,allocated daily title count,Daily title counts allocated to canonical Curvage daily gross/net by price-weighted unit share.
Curvage,Your Gluttonous Girlfriend Can't Hold Back Farts 🌯💨,Your Gluttonous Girlfriend Can't Hold Back Farts 🌯💨,72725,3,73.42,54.46,24.47,18.15,19.99,1,2026-03-15,2026-03-15,creator_analytics/manual_backfills/curvage_title_counts_all_time_2013-01-01_to_2026-07-04.csv,2026-07-04T19:25:00,Curvage title-count allocation,sale date,allocated daily title count,Daily title counts allocated to canonical Curvage daily gross/net by price-weighted unit share.
Curvage,HR manager coerces you into becoming her feeder 🍩🤤,HR manager coerces you into becoming her feeder 🍩🤤,72499,1,11.95,8.86,11.95,8.86,11.99,1,2026-03-16,2026-03-16,creator_analytics/manual_backfills/curvage_title_counts_all_time_2013-01-01_to_2026-07-04.csv,2026-07-04T19:25:00,Curvage title-count allocation,sale date,allocated daily title count,Daily title counts allocated to canonical Curvage daily gross/net by price-weighted unit share.
Curvage,Your Gluttonous Girlfriend Can't Hold Back Farts 🌯💨,Your Gluttonous Girlfriend Can't Hold Back Farts 🌯💨,72725,6,119.54,88.67,19.92,14.78,19.99,1,2026-03-16,2026-03-16,creator_analytics/manual_backfills/curvage_title_counts_all_time_2013-01-01_to_2026-07-04.csv,2026-07-04T19:25:00,Curvage title-count allocation,sale date,allocated daily title count,Daily title counts allocated to canonical Curvage daily gross/net by price-weighted unit share.
Curvage,HR manager coerces you into becoming her feeder 🍩🤤,HR manager coerces you into becoming her feeder 🍩🤤,72499,3,48.49,35.96,16.16,11.99,11.99,1,2026-03-17,2026-03-17,creator_analytics/manual_backfills/curvage_title_counts_all_time_2013-01-01_to_2026-07-04.csv,2026-07-04T19:25:00,Curvage title-count allocation,sale date,allocated daily title count,Daily title counts allocated to canonical Curvage daily gross/net by price-weighted unit share.
Curvage,Your Gluttonous Girlfriend Can't Hold Back Farts 🌯💨,Your Gluttonous Girlfriend Can't Hold Back Farts 🌯💨,72725,1,26.95,19.99,26.95,19.99,19.99,1,2026-03-17,2026-03-17,creator_analytics/manual_backfills/curvage_title_counts_all_time_2013-01-01_to_2026-07-04.csv,2026-07-04T19:25:00,Curvage title-count allocation,sale date,allocated daily title count,Daily title counts allocated to canonical Curvage daily gross/net by price-weighted unit share.
Curvage,HR manager coerces you into becoming her feeder 🍩🤤,HR manager coerces you into becoming her feeder 🍩🤤,72499,2,40.66,30.16,20.33,15.08,11.99,1,2026-03-18,2026-03-18,creator_analytics/manual_backfills/curvage_title_counts_all_time_2013-01-01_to_2026-07-04.csv,2026-07-04T19:25:00,Curvage title-count allocation,sale date,allocated daily title count,Daily title counts allocated to canonical Curvage daily gross/net by price-weighted unit share.
Curvage,Soda-chugging cutie gets bloated and belches!,Soda-chugging cutie gets bloated and belches!,28679,1,18.63,13.82,18.63,13.82,10.99,1,2026-03-18,2026-03-18,creator_analytics/manual_backfills/curvage_title_counts_all_time_2013-01-01_to_2026-07-04.csv,2026-07-04T19:25:00,Curvage title-count allocation,sale date,allocated daily title count,Daily title counts allocated to canonical Curvage daily gross/net by price-weighted unit share.
Curvage,Your Gluttonous Girlfriend Can't Hold Back Farts 🌯💨,Your Gluttonous Girlfriend Can't Hold Back Farts 🌯💨,72725,3,101.68,75.42,33.89,25.14,19.99,1,2026-03-18,2026-03-18,creator_analytics/manual_backfills/curvage_title_counts_all_time_2013-01-01_to_2026-07-04.csv,2026-07-04T19:25:00,Curvage title-count allocation,sale date,allocated daily title count,Daily title counts allocated to canonical Curvage daily gross/net by price-weighted unit share.
Curvage,HR manager coerces you into becoming her feeder 🍩🤤,HR manager coerces you into becoming her feeder 🍩🤤,72499,1,13.68,10.15,13.68,10.15,11.99,1,2026-03-19,2026-03-19,creator_analytics/manual_backfills/curvage_title_counts_all_time_2013-01-01_to_2026-07-04.csv,2026-07-04T19:25:00,Curvage title-count allocation,sale date,allocated daily title count,Daily title counts allocated to canonical Curvage daily gross/net by price-weighted unit share.
Curvage,Nightmare Thanksgiving guest eats all the food! 🦃🤤,Nightmare Thanksgiving guest eats all the food! 🦃🤤,68878,1,36.5,27.07,36.5,27.07,31.99,1,2026-03-19,2026-03-19,creator_analytics/manual_backfills/curvage_title_counts_all_time_2013-01-01_to_2026-07-04.csv,2026-07-04T19:25:00,Curvage title-count allocation,sale date,allocated daily title count,Daily title counts allocated to canonical Curvage daily gross/net by price-weighted unit share.
Curvage,Pills make me grow until I pop 💊🍗🎈,Pills make me grow until I pop 💊🍗🎈,72067,1,17.1,12.69,17.1,12.69,14.99,1,2026-03-19,2026-03-19,creator_analytics/manual_backfills/curvage_title_counts_all_time_2013-01-01_to_2026-07-04.csv,2026-07-04T19:25:00,Curvage title-count allocation,sale date,allocated daily title count,Daily title counts allocated to canonical Curvage daily gross/net by price-weighted unit share.
Curvage,Your Gluttonous Girlfriend Can't Hold Back Farts 🌯💨,Your Gluttonous Girlfriend Can't Hold Back Farts 🌯💨,72725,4,91.23,67.67,22.81,16.92,19.99,1,2026-03-19,2026-03-19,creator_analytics/manual_backfills/curvage_title_counts_all_time_2013-01-01_to_2026-07-04.csv,2026-07-04T19:25:00,Curvage title-count allocation,sale date,allocated daily title count,Daily title counts allocated to canonical Curvage daily gross/net by price-weighted unit share.
Curvage,Pills make me grow until I pop 💊🍗🎈,Pills make me grow until I pop 💊🍗🎈,72067,1,18.5,13.72,18.5,13.72,14.99,1,2026-03-20,2026-03-20,creator_analytics/manual_backfills/curvage_title_counts_all_time_2013-01-01_to_2026-07-04.csv,2026-07-04T19:25:00,Curvage title-count allocation,sale date,allocated daily title count,Daily title counts allocated to canonical Curvage daily gross/net by price-weighted unit share.
Curvage,Stuffing and making out with your feedee 🤤🍗,Stuffing and making out with your feedee 🤤🍗,48622,1,30.84,22.88,30.84,22.88,24.99,1,2026-03-20,2026-03-20,creator_analytics/manual_backfills/curvage_title_counts_all_time_2013-01-01_to_2026-07-04.csv,2026-07-04T19:25:00,Curvage title-count allocation,sale date,allocated daily title count,Daily title counts allocated to canonical Curvage daily gross/net by price-weighted unit share.
Curvage,Your Gluttonous Girlfriend Can't Hold Back Farts 🌯💨,Your Gluttonous Girlfriend Can't Hold Back Farts 🌯💨,72725,2,49.35,36.6,24.67,18.3,19.99,1,2026-03-20,2026-03-20,creator_analytics/manual_backfills/curvage_title_counts_all_time_2013-01-01_to_2026-07-04.csv,2026-07-04T19:25:00,Curvage title-count allocation,sale date,allocated daily title count,Daily title counts allocated to canonical Curvage daily gross/net by price-weighted unit share.
Curvage,Greedy girlfriend stuffs her face and vores you! 🤤🍔,Greedy girlfriend stuffs her face and vores you! 🤤🍔,56366,1,21.86,16.21,21.86,16.21,21.99,1,2026-03-21,2026-03-21,creator_analytics/manual_backfills/curvage_title_counts_all_time_2013-01-01_to_2026-07-04.csv,2026-07-04T19:25:00,Curvage title-count allocation,sale date,allocated daily title count,Daily title counts allocated to canonical Curvage daily gross/net by price-weighted unit share.
Curvage,HR manager coerces you into becoming her feeder 🍩🤤,HR manager coerces you into becoming her feeder 🍩🤤,72499,1,11.92,8.84,11.92,8.84,11.99,1,2026-03-21,2026-03-21,creator_analytics/manual_backfills/curvage_title_counts_all_time_2013-01-01_to_2026-07-04.csv,2026-07-04T19:25:00,Curvage title-count allocation,sale date,allocated daily title count,Daily title counts allocated to canonical Curvage daily gross/net by price-weighted unit share.
Curvage,Pills make me grow until I pop 💊🍗🎈,Pills make me grow until I pop 💊🍗🎈,72067,2,29.8,22.11,14.9,11.05,14.99,1,2026-03-21,2026-03-21,creator_analytics/manual_backfills/curvage_title_counts_all_time_2013-01-01_to_2026-07-04.csv,2026-07-04T19:25:00,Curvage title-count allocation,sale date,allocated daily title count,Daily title counts allocated to canonical Curvage daily gross/net by price-weighted unit share.
Curvage,HR manager coerces you into becoming her feeder 🍩🤤,HR manager coerces you into becoming her feeder 🍩🤤,72499,2,26.87,19.93,13.43,9.96,11.99,1,2026-03-22,2026-03-22,creator_analytics/manual_backfills/curvage_title_counts_all_time_2013-01-01_to_2026-07-04.csv,2026-07-04T19:25:00,Curvage title-count allocation,sale date,allocated daily title count,Daily title counts allocated to canonical Curvage daily gross/net by price-weighted unit share.
Curvage,Nightmare Thanksgiving guest eats all the food! 🦃🤤,Nightmare Thanksgiving guest eats all the food! 🦃🤤,68878,1,35.84,26.59,35.84,26.59,31.99,1,2026-03-22,2026-03-22,creator_analytics/manual_backfills/curvage_title_counts_all_time_2013-01-01_to_2026-07-04.csv,2026-07-04T19:25:00,Curvage title-count allocation,sale date,allocated daily title count,Daily title counts allocated to canonical Curvage daily gross/net by price-weighted unit share.
Curvage,Pills make me grow until I pop 💊🍗🎈,Pills make me grow until I pop 💊🍗🎈,72067,4,67.19,49.83,16.8,12.46,14.99,1,2026-03-22,2026-03-22,creator_analytics/manual_backfills/curvage_title_counts_all_time_2013-01-01_to_2026-07-04.csv,2026-07-04T19:25:00,Curvage title-count allocation,sale date,allocated daily title count,Daily title counts allocated to canonical Curvage daily gross/net by price-weighted unit share.
Curvage,Your Gluttonous Girlfriend Can't Hold Back Farts 🌯💨,Your Gluttonous Girlfriend Can't Hold Back Farts 🌯💨,72725,3,67.2,49.84,22.4,16.61,19.99,1,2026-03-22,2026-03-22,creator_analytics/manual_backfills/curvage_title_counts_all_time_2013-01-01_to_2026-07-04.csv,2026-07-04T19:25:00,Curvage title-count allocation,sale date,allocated daily title count,Daily title counts allocated to canonical Curvage daily gross/net by price-weighted unit share.
Curvage,Cursed Cake Makes Greedy Co-worker Explode,Cursed Cake Makes Greedy Co-worker Explode,63618,1,36.55,27.11,36.55,27.11,27.99,1,2026-03-23,2026-03-23,creator_analytics/manual_backfills/curvage_title_counts_all_time_2013-01-01_to_2026-07-04.csv,2026-07-04T19:25:00,Curvage title-count allocation,sale date,allocated daily title count,Daily title counts allocated to canonical Curvage daily gross/net by price-weighted unit share.
Curvage,HR manager coerces you into becoming her feeder 🍩🤤,HR manager coerces you into becoming her feeder 🍩🤤,72499,3,46.97,34.84,15.66,11.61,11.99,1,2026-03-23,2026-03-23,creator_analytics/manual_backfills/curvage_title_counts_all_time_2013-01-01_to_2026-07-04.csv,2026-07-04T19:25:00,Curvage title-count allocation,sale date,allocated daily title count,Daily title counts allocated to canonical Curvage daily gross/net by price-weighted unit share.
Curvage,Pills make me grow until I pop 💊🍗🎈,Pills make me grow until I pop 💊🍗🎈,72067,1,46.96,34.83,46.96,34.83,14.99,1,2026-03-24,2026-03-24,creator_analytics/manual_backfills/curvage_title_counts_all_time_2013-01-01_to_2026-07-04.csv,2026-07-04T19:25:00,Curvage title-count allocation,sale date,allocated daily title count,Daily title counts allocated to canonical Curvage daily gross/net by price-weighted unit share.
Curvage,HR manager coerces you into becoming her feeder 🍩🤤,HR manager coerces you into becoming her feeder 🍩🤤,72499,1,11.89,8.82,11.89,8.82,11.99,1,2026-03-25,2026-03-25,creator_analytics/manual_backfills/curvage_title_counts_all_time_2013-01-01_to_2026-07-04.csv,2026-07-04T19:25:00,Curvage title-count allocation,sale date,allocated daily title count,Daily title counts allocated to canonical Curvage daily gross/net by price-weighted unit share.
Curvage,Pills make me grow until I pop 💊🍗🎈,Pills make me grow until I pop 💊🍗🎈,72067,2,29.73,22.05,14.86,11.03,14.99,1,2026-03-25,2026-03-25,creator_analytics/manual_backfills/curvage_title_counts_all_time_2013-01-01_to_2026-07-04.csv,2026-07-04T19:25:00,Curvage title-count allocation,sale date,allocated daily title count,Daily title counts allocated to canonical Curvage daily gross/net by price-weighted unit share.
Curvage,HR manager coerces you into becoming her feeder 🍩🤤,HR manager coerces you into becoming her feeder 🍩🤤,72499,2,23.8,17.66,11.9,8.83,11.99,1,2026-03-26,2026-03-26,creator_analytics/manual_backfills/curvage_title_counts_all_time_2013-01-01_to_2026-07-04.csv,2026-07-04T19:25:00,Curvage title-count allocation,sale date,allocated daily title count,Daily title counts allocated to canonical Curvage daily gross/net by price-weighted unit share.
Curvage,Pills make me grow until I pop 💊🍗🎈,Pills make me grow until I pop 💊🍗🎈,72067,1,14.88,11.04,14.88,11.04,14.99,1,2026-03-26,2026-03-26,creator_analytics/manual_backfills/curvage_title_counts_all_time_2013-01-01_to_2026-07-04.csv,2026-07-04T19:25:00,Curvage title-count allocation,sale date,allocated daily title count,Daily title counts allocated to canonical Curvage daily gross/net by price-weighted unit share.
Curvage,Your Gluttonous Girlfriend Can't Hold Back Farts 🌯💨,Your Gluttonous Girlfriend Can't Hold Back Farts 🌯💨,72725,1,19.84,14.72,19.84,14.72,19.99,1,2026-03-26,2026-03-26,creator_analytics/manual_backfills/curvage_title_counts_all_time_2013-01-01_to_2026-07-04.csv,2026-07-04T19:25:00,Curvage title-count allocation,sale date,allocated daily title count,Daily title counts allocated to canonical Curvage daily gross/net by price-weighted unit share.
Curvage,HR manager coerces you into becoming her feeder 🍩🤤,HR manager coerces you into becoming her feeder 🍩🤤,72499,2,51.73,38.37,25.87,19.18,11.99,1,2026-03-27,2026-03-27,creator_analytics/manual_backfills/curvage_title_counts_all_time_2013-01-01_to_2026-07-04.csv,2026-07-04T19:25:00,Curvage title-count allocation,sale date,allocated daily title count,Daily title counts allocated to canonical Curvage daily gross/net by price-weighted unit share.
Curvage,Get me pregnant and make me grow! 🤰😍,Get me pregnant and make me grow! 🤰😍,49011,1,12.95,9.61,12.95,9.61,12.99,1,2026-03-28,2026-03-28,creator_analytics/manual_backfills/curvage_title_counts_all_time_2013-01-01_to_2026-07-04.csv,2026-07-04T19:25:00,Curvage title-count allocation,sale date,allocated daily title count,Daily title counts allocated to canonical Curvage daily gross/net by price-weighted unit share.
Curvage,Greedy girlfriend stuffs her face and vores you! 🤤🍔,Greedy girlfriend stuffs her face and vores you! 🤤🍔,56366,1,21.93,16.26,21.93,16.26,21.99,1,2026-03-28,2026-03-28,creator_analytics/manual_backfills/curvage_title_counts_all_time_2013-01-01_to_2026-07-04.csv,2026-07-04T19:25:00,Curvage title-count allocation,sale date,allocated daily title count,Daily title counts allocated to canonical Curvage daily gross/net by price-weighted unit share.
Curvage,Nightmare Thanksgiving guest eats all the food! 🦃🤤,Nightmare Thanksgiving guest eats all the food! 🦃🤤,68878,1,31.9,23.66,31.9,23.66,31.99,1,2026-03-28,2026-03-28,creator_analytics/manual_backfills/curvage_title_counts_all_time_2013-01-01_to_2026-07-04.csv,2026-07-04T19:25:00,Curvage title-count allocation,sale date,allocated daily title count,Daily title counts allocated to canonical Curvage daily gross/net by price-weighted unit share.
Curvage,Pills make me grow until I pop 💊🍗🎈,Pills make me grow until I pop 💊🍗🎈,72067,2,29.89,22.17,14.95,11.09,14.99,1,2026-03-28,2026-03-28,creator_analytics/manual_backfills/curvage_title_counts_all_time_2013-01-01_to_2026-07-04.csv,2026-07-04T19:25:00,Curvage title-count allocation,sale date,allocated daily title count,Daily title counts allocated to canonical Curvage daily gross/net by price-weighted unit share.
Curvage,HR manager coerces you into becoming her feeder 🍩🤤,HR manager coerces you into becoming her feeder 🍩🤤,72499,1,11.85,8.79,11.85,8.79,11.99,1,2026-03-29,2026-03-29,creator_analytics/manual_backfills/curvage_title_counts_all_time_2013-01-01_to_2026-07-04.csv,2026-07-04T19:25:00,Curvage title-count allocation,sale date,allocated daily title count,Daily title counts allocated to canonical Curvage daily gross/net by price-weighted unit share.
Curvage,HR manager coerces you into becoming her feeder 🍩🤤,HR manager coerces you into becoming her feeder 🍩🤤,72499,2,23.76,17.63,11.88,8.81,11.99,1,2026-03-30,2026-03-30,creator_analytics/manual_backfills/curvage_title_counts_all_time_2013-01-01_to_2026-07-04.csv,2026-07-04T19:25:00,Curvage title-count allocation,sale date,allocated daily title count,Daily title counts allocated to canonical Curvage daily gross/net by price-weighted unit share.
Curvage,Pills make me grow until I pop 💊🍗🎈,Pills make me grow until I pop 💊🍗🎈,72067,2,29.71,22.03,14.85,11.02,14.99,1,2026-03-30,2026-03-30,creator_analytics/manual_backfills/curvage_title_counts_all_time_2013-01-01_to_2026-07-04.csv,2026-07-04T19:25:00,Curvage title-count allocation,sale date,allocated daily title count,Daily title counts allocated to canonical Curvage daily gross/net by price-weighted unit share.
Curvage,Cursed Cake Makes Greedy Co-worker Explode,Cursed Cake Makes Greedy Co-worker Explode,63618,1,30.51,22.63,30.51,22.63,27.99,1,2026-03-31,2026-03-31,creator_analytics/manual_backfills/curvage_title_counts_all_time_2013-01-01_to_2026-07-04.csv,2026-07-04T19:25:00,Curvage title-count allocation,sale date,allocated daily title count,Daily title counts allocated to canonical Curvage daily gross/net by price-weighted unit share.
Curvage,Greedy girlfriend stuffs her face and vores you! 🤤🍔,Greedy girlfriend stuffs her face and vores you! 🤤🍔,56366,1,23.97,17.78,23.97,17.78,21.99,1,2026-03-31,2026-03-31,creator_analytics/manual_backfills/curvage_title_counts_all_time_2013-01-01_to_2026-07-04.csv,2026-07-04T19:25:00,Curvage title-count allocation,sale date,allocated daily title count,Daily title counts allocated to canonical Curvage daily gross/net by price-weighted unit share.
Curvage,HR manager coerces you into becoming her feeder 🍩🤤,HR manager coerces you into becoming her feeder 🍩🤤,72499,2,26.14,19.39,13.07,9.7,11.99,1,2026-03-31,2026-03-31,creator_analytics/manual_backfills/curvage_title_counts_all_time_2013-01-01_to_2026-07-04.csv,2026-07-04T19:25:00,Curvage title-count allocation,sale date,allocated daily title count,Daily title counts allocated to canonical Curvage daily gross/net by price-weighted unit share.
Curvage,Pills make me grow until I pop 💊🍗🎈,Pills make me grow until I pop 💊🍗🎈,72067,3,49.03,36.36,16.34,12.12,14.99,1,2026-03-31,2026-03-31,creator_analytics/manual_backfills/curvage_title_counts_all_time_2013-01-01_to_2026-07-04.csv,2026-07-04T19:25:00,Curvage title-count allocation,sale date,allocated daily title count,Daily title counts allocated to canonical Curvage daily gross/net by price-weighted unit share.
Curvage,Stuffing in the Car Until I'm Stuck! 🚙🍟,Stuffing in the Car Until I'm Stuck! 🚙🍟,59966,1,31.6,23.44,31.6,23.44,28.99,1,2026-03-31,2026-03-31,creator_analytics/manual_backfills/curvage_title_counts_all_time_2013-01-01_to_2026-07-04.csv,2026-07-04T19:25:00,Curvage title-count allocation,sale date,allocated daily title count,Daily title counts allocated to canonical Curvage daily gross/net by price-weighted unit share.
Curvage,HR manager coerces you into becoming her feeder 🍩🤤,HR manager coerces you into becoming her feeder 🍩🤤,72499,2,23.81,17.66,11.9,8.83,11.99,1,2026-04-02,2026-04-02,creator_analytics/manual_backfills/curvage_title_counts_all_time_2013-01-01_to_2026-07-04.csv,2026-07-04T19:25:00,Curvage title-count allocation,sale date,allocated daily title count,Daily title counts allocated to canonical Curvage daily gross/net by price-weighted unit share.
Curvage,Pills make me grow until I pop 💊🍗🎈,Pills make me grow until I pop 💊🍗🎈,72067,2,29.76,22.07,14.88,11.04,14.99,1,2026-04-02,2026-04-02,creator_analytics/manual_backfills/curvage_title_counts_all_time_2013-01-01_to_2026-07-04.csv,2026-07-04T19:25:00,Curvage title-count allocation,sale date,allocated daily title count,Daily title counts allocated to canonical Curvage daily gross/net by price-weighted unit share.
Curvage,Your Gluttonous Girlfriend Can't Hold Back Farts 🌯💨,Your Gluttonous Girlfriend Can't Hold Back Farts 🌯💨,72725,1,19.84,14.72,19.84,14.72,19.99,1,2026-04-02,2026-04-02,creator_analytics/manual_backfills/curvage_title_counts_all_time_2013-01-01_to_2026-07-04.csv,2026-07-04T19:25:00,Curvage title-count allocation,sale date,allocated daily title count,Daily title counts allocated to canonical Curvage daily gross/net by price-weighted unit share.
Curvage,My bloated belly and burps are so hot! 🤤,My bloated belly and burps are so hot! 🤤,53641,1,31.97,23.71,31.97,23.71,24.99,1,2026-04-03,2026-04-03,creator_analytics/manual_backfills/curvage_title_counts_all_time_2013-01-01_to_2026-07-04.csv,2026-07-04T19:25:00,Curvage title-count allocation,sale date,allocated daily title count,Daily title counts allocated to canonical Curvage daily gross/net by price-weighted unit share.
Curvage,Pills make me grow until I pop 💊🍗🎈,Pills make me grow until I pop 💊🍗🎈,72067,1,19.18,14.23,19.18,14.23,14.99,1,2026-04-03,2026-04-03,creator_analytics/manual_backfills/curvage_title_counts_all_time_2013-01-01_to_2026-07-04.csv,2026-07-04T19:25:00,Curvage title-count allocation,sale date,allocated daily title count,Daily title counts allocated to canonical Curvage daily gross/net by price-weighted unit share.
Curvage,Your Gluttonous Girlfriend Can't Hold Back Farts 🌯💨,Your Gluttonous Girlfriend Can't Hold Back Farts 🌯💨,72725,1,25.58,18.97,25.58,18.97,19.99,1,2026-04-03,2026-04-03,creator_analytics/manual_backfills/curvage_title_counts_all_time_2013-01-01_to_2026-07-04.csv,2026-07-04T19:25:00,Curvage title-count allocation,sale date,allocated daily title count,Daily title counts allocated to canonical Curvage daily gross/net by price-weighted unit share.
Curvage,Cursed Cake Makes Greedy Co-worker Explode,Cursed Cake Makes Greedy Co-worker Explode,63618,1,28.0,20.77,28.0,20.77,27.99,1,2026-04-04,2026-04-04,creator_analytics/manual_backfills/curvage_title_counts_all_time_2013-01-01_to_2026-07-04.csv,2026-07-04T19:25:00,Curvage title-count allocation,sale date,allocated daily title count,Daily title counts allocated to canonical Curvage daily gross/net by price-weighted unit share.
Curvage,Stuffing in the Car Until I'm Stuck! 🚙🍟,Stuffing in the Car Until I'm Stuck! 🚙🍟,59966,1,29.0,21.51,29.0,21.51,28.99,1,2026-04-04,2026-04-04,creator_analytics/manual_backfills/curvage_title_counts_all_time_2013-01-01_to_2026-07-04.csv,2026-07-04T19:25:00,Curvage title-count allocation,sale date,allocated daily title count,Daily title counts allocated to canonical Curvage daily gross/net by price-weighted unit share.
Curvage,Thanksgiving stuffing and a cigarette! 🦃🚬,Thanksgiving stuffing and a cigarette! 🦃🚬,54801,1,30.0,22.25,30.0,22.25,29.99,1,2026-04-04,2026-04-04,creator_analytics/manual_backfills/curvage_title_counts_all_time_2013-01-01_to_2026-07-04.csv,2026-07-04T19:25:00,Curvage title-count allocation,sale date,allocated daily title count,Daily title counts allocated to canonical Curvage daily gross/net by price-weighted unit share.
Curvage,Your Gluttonous Girlfriend Can't Hold Back Farts 🌯💨,Your Gluttonous Girlfriend Can't Hold Back Farts 🌯💨,72725,2,40.0,29.67,20.0,14.83,19.99,1,2026-04-04,2026-04-04,creator_analytics/manual_backfills/curvage_title_counts_all_time_2013-01-01_to_2026-07-04.csv,2026-07-04T19:25:00,Curvage title-count allocation,sale date,allocated daily title count,Daily title counts allocated to canonical Curvage daily gross/net by price-weighted unit share.
Curvage,Greedy girlfriend stuffs her face and vores you! 🤤🍔,Greedy girlfriend stuffs her face and vores you! 🤤🍔,56366,1,30.91,22.93,30.91,22.93,21.99,1,2026-04-05,2026-04-05,creator_analytics/manual_backfills/curvage_title_counts_all_time_2013-01-01_to_2026-07-04.csv,2026-07-04T19:25:00,Curvage title-count allocation,sale date,allocated daily title count,Daily title counts allocated to canonical Curvage daily gross/net by price-weighted unit share.
Curvage,Nightmare Thanksgiving guest eats all the food! 🦃🤤,Nightmare Thanksgiving guest eats all the food! 🦃🤤,68878,1,44.97,33.35,44.97,33.35,31.99,1,2026-04-05,2026-04-05,creator_analytics/manual_backfills/curvage_title_counts_all_time_2013-01-01_to_2026-07-04.csv,2026-07-04T19:25:00,Curvage title-count allocation,sale date,allocated daily title count,Daily title counts allocated to canonical Curvage daily gross/net by price-weighted unit share.
Curvage,Pills make me grow until I pop 💊🍗🎈,Pills make me grow until I pop 💊🍗🎈,72067,1,21.07,15.63,21.07,15.63,14.99,1,2026-04-05,2026-04-05,creator_analytics/manual_backfills/curvage_title_counts_all_time_2013-01-01_to_2026-07-04.csv,2026-07-04T19:25:00,Curvage title-count allocation,sale date,allocated daily title count,Daily title counts allocated to canonical Curvage daily gross/net by price-weighted unit share.
Curvage,How gaining weight changed how I exercise 🏋🏻‍♀️💪,How gaining weight changed how I exercise 🏋🏻‍♀️💪,73734,8,258.94,192.06,32.37,24.01,27.99,1,2026-04-06,2026-04-06,creator_analytics/manual_backfills/curvage_title_counts_all_time_2013-01-01_to_2026-07-04.csv,2026-07-04T19:25:00,Curvage title-count allocation,sale date,allocated daily title count,Daily title counts allocated to canonical Curvage daily gross/net by price-weighted unit share.
Curvage,HR manager coerces you into becoming her feeder 🍩🤤,HR manager coerces you into becoming her feeder 🍩🤤,72499,1,13.87,10.28,13.87,10.28,11.99,1,2026-04-06,2026-04-06,creator_analytics/manual_backfills/curvage_title_counts_all_time_2013-01-01_to_2026-07-04.csv,2026-07-04T19:25:00,Curvage title-count allocation,sale date,allocated daily title count,Daily title counts allocated to canonical Curvage daily gross/net by price-weighted unit share.
Curvage,Pills make me grow until I pop 💊🍗🎈,Pills make me grow until I pop 💊🍗🎈,72067,2,34.67,25.71,17.33,12.86,14.99,1,2026-04-06,2026-04-06,creator_analytics/manual_backfills/curvage_title_counts_all_time_2013-01-01_to_2026-07-04.csv,2026-07-04T19:25:00,Curvage title-count allocation,sale date,allocated daily title count,Daily title counts allocated to canonical Curvage daily gross/net by price-weighted unit share.
Curvage,Stuffing and making out with your feedee 🤤🍗,Stuffing and making out with your feedee 🤤🍗,48622,1,28.9,21.43,28.9,21.43,24.99,1,2026-04-06,2026-04-06,creator_analytics/manual_backfills/curvage_title_counts_all_time_2013-01-01_to_2026-07-04.csv,2026-07-04T19:25:00,Curvage title-count allocation,sale date,allocated daily title count,Daily title counts allocated to canonical Curvage daily gross/net by price-weighted unit share.
Curvage,Your Gluttonous Girlfriend Can't Hold Back Farts 🌯💨,Your Gluttonous Girlfriend Can't Hold Back Farts 🌯💨,72725,1,23.12,17.15,23.12,17.15,19.99,1,2026-04-06,2026-04-06,creator_analytics/manual_backfills/curvage_title_counts_all_time_2013-01-01_to_2026-07-04.csv,2026-07-04T19:25:00,Curvage title-count allocation,sale date,allocated daily title count,Daily title counts allocated to canonical Curvage daily gross/net by price-weighted unit share.
Curvage,Cursed Cake Makes Greedy Co-worker Explode,Cursed Cake Makes Greedy Co-worker Explode,63618,1,29.4,21.81,29.4,21.81,27.99,1,2026-04-07,2026-04-07,creator_analytics/manual_backfills/curvage_title_counts_all_time_2013-01-01_to_2026-07-04.csv,2026-07-04T19:25:00,Curvage title-count allocation,sale date,allocated daily title count,Daily title counts allocated to canonical Curvage daily gross/net by price-weighted unit share.
Curvage,How gaining weight changed how I exercise 🏋🏻‍♀️💪,How gaining weight changed how I exercise 🏋🏻‍♀️💪,73734,6,176.43,130.86,29.4,21.81,27.99,1,2026-04-07,2026-04-07,creator_analytics/manual_backfills/curvage_title_counts_all_time_2013-01-01_to_2026-07-04.csv,2026-07-04T19:25:00,Curvage title-count allocation,sale date,allocated daily title count,Daily title counts allocated to canonical Curvage daily gross/net by price-weighted unit share.
Curvage,Pills make me grow until I pop 💊🍗🎈,Pills make me grow until I pop 💊🍗🎈,72067,2,31.5,23.36,15.75,11.68,14.99,1,2026-04-07,2026-04-07,creator_analytics/manual_backfills/curvage_title_counts_all_time_2013-01-01_to_2026-07-04.csv,2026-07-04T19:25:00,Curvage title-count allocation,sale date,allocated daily title count,Daily title counts allocated to canonical Curvage daily gross/net by price-weighted unit share.
Curvage,Stuffing in the Car Until I'm Stuck! 🚙🍟,Stuffing in the Car Until I'm Stuck! 🚙🍟,59966,1,30.46,22.59,30.46,22.59,28.99,1,2026-04-07,2026-04-07,creator_analytics/manual_backfills/curvage_title_counts_all_time_2013-01-01_to_2026-07-04.csv,2026-07-04T19:25:00,Curvage title-count allocation,sale date,allocated daily title count,Daily title counts allocated to canonical Curvage daily gross/net by price-weighted unit share.
Curvage,Your Gluttonous Girlfriend Can't Hold Back Farts 🌯💨,Your Gluttonous Girlfriend Can't Hold Back Farts 🌯💨,72725,2,42.0,31.15,21.0,15.58,19.99,1,2026-04-07,2026-04-07,creator_analytics/manual_backfills/curvage_title_counts_all_time_2013-01-01_to_2026-07-04.csv,2026-07-04T19:25:00,Curvage title-count allocation,sale date,allocated daily title count,Daily title counts allocated to canonical Curvage daily gross/net by price-weighted unit share.
Curvage,How gaining weight changed how I exercise 🏋🏻‍♀️💪,How gaining weight changed how I exercise 🏋🏻‍♀️💪,73734,3,83.86,62.2,27.95,20.73,27.99,1,2026-04-08,2026-04-08,creator_analytics/manual_backfills/curvage_title_counts_all_time_2013-01-01_to_2026-07-04.csv,2026-07-04T19:25:00,Curvage title-count allocation,sale date,allocated daily title count,Daily title counts allocated to canonical Curvage daily gross/net by price-weighted unit share.
Curvage,HR manager coerces you into becoming her feeder 🍩🤤,HR manager coerces you into becoming her feeder 🍩🤤,72499,1,11.97,8.88,11.97,8.88,11.99,1,2026-04-08,2026-04-08,creator_analytics/manual_backfills/curvage_title_counts_all_time_2013-01-01_to_2026-07-04.csv,2026-07-04T19:25:00,Curvage title-count allocation,sale date,allocated daily title count,Daily title counts allocated to canonical Curvage daily gross/net by price-weighted unit share.
Curvage,Pills make me grow until I pop 💊🍗🎈,Pills make me grow until I pop 💊🍗🎈,72067,1,14.97,11.1,14.97,11.1,14.99,1,2026-04-08,2026-04-08,creator_analytics/manual_backfills/curvage_title_counts_all_time_2013-01-01_to_2026-07-04.csv,2026-07-04T19:25:00,Curvage title-count allocation,sale date,allocated daily title count,Daily title counts allocated to canonical Curvage daily gross/net by price-weighted unit share.
Curvage,Your Gluttonous Girlfriend Can't Hold Back Farts 🌯💨,Your Gluttonous Girlfriend Can't Hold Back Farts 🌯💨,72725,1,19.96,14.81,19.96,14.81,19.99,1,2026-04-08,2026-04-08,creator_analytics/manual_backfills/curvage_title_counts_all_time_2013-01-01_to_2026-07-04.csv,2026-07-04T19:25:00,Curvage title-count allocation,sale date,allocated daily title count,Daily title counts allocated to canonical Curvage daily gross/net by price-weighted unit share.
Curvage,Crushing you flat under my massive 525lb body,Crushing you flat under my massive 525lb body,67883,1,22.9,16.98,22.9,16.98,17.99,1,2026-04-09,2026-04-09,creator_analytics/manual_backfills/curvage_title_counts_all_time_2013-01-01_to_2026-07-04.csv,2026-07-04T19:25:00,Curvage title-count allocation,sale date,allocated daily title count,Daily title counts allocated to canonical Curvage daily gross/net by price-weighted unit share.
Curvage,How gaining weight changed how I exercise 🏋🏻‍♀️💪,How gaining weight changed how I exercise 🏋🏻‍♀️💪,73734,3,106.89,79.28,35.63,26.43,27.99,1,2026-04-09,2026-04-09,creator_analytics/manual_backfills/curvage_title_counts_all_time_2013-01-01_to_2026-07-04.csv,2026-07-04T19:25:00,Curvage title-count allocation,sale date,allocated daily title count,Daily title counts allocated to canonical Curvage daily gross/net by price-weighted unit share.
Curvage,HR manager coerces you into becoming her feeder 🍩🤤,HR manager coerces you into becoming her feeder 🍩🤤,72499,1,15.26,11.32,15.26,11.32,11.99,1,2026-04-09,2026-04-09,creator_analytics/manual_backfills/curvage_title_counts_all_time_2013-01-01_to_2026-07-04.csv,2026-07-04T19:25:00,Curvage title-count allocation,sale date,allocated daily title count,Daily title counts allocated to canonical Curvage daily gross/net by price-weighted unit share.
Curvage,Pills make me grow until I pop 💊🍗🎈,Pills make me grow until I pop 💊🍗🎈,72067,1,19.08,14.15,19.08,14.15,14.99,1,2026-04-09,2026-04-09,creator_analytics/manual_backfills/curvage_title_counts_all_time_2013-01-01_to_2026-07-04.csv,2026-07-04T19:25:00,Curvage title-count allocation,sale date,allocated daily title count,Daily title counts allocated to canonical Curvage daily gross/net by price-weighted unit share.
Curvage,Your Gluttonous Girlfriend Can't Hold Back Farts 🌯💨,Your Gluttonous Girlfriend Can't Hold Back Farts 🌯💨,72725,1,25.45,18.87,25.45,18.87,19.99,1,2026-04-09,2026-04-09,creator_analytics/manual_backfills/curvage_title_counts_all_time_2013-01-01_to_2026-07-04.csv,2026-07-04T19:25:00,Curvage title-count allocation,sale date,allocated daily title count,Daily title counts allocated to canonical Curvage daily gross/net by price-weighted unit share.
Curvage,How gaining weight changed how I exercise 🏋🏻‍♀️💪,How gaining weight changed how I exercise 🏋🏻‍♀️💪,73734,6,178.94,132.72,29.82,22.12,27.99,1,2026-04-10,2026-04-10,creator_analytics/manual_backfills/curvage_title_counts_all_time_2013-01-01_to_2026-07-04.csv,2026-07-04T19:25:00,Curvage title-count allocation,sale date,allocated daily title count,Daily title counts allocated to canonical Curvage daily gross/net by price-weighted unit share.
Curvage,Pills make me grow until I pop 💊🍗🎈,Pills make me grow until I pop 💊🍗🎈,72067,1,15.97,11.85,15.97,11.85,14.99,1,2026-04-10,2026-04-10,creator_analytics/manual_backfills/curvage_title_counts_all_time_2013-01-01_to_2026-07-04.csv,2026-07-04T19:25:00,Curvage title-count allocation,sale date,allocated daily title count,Daily title counts allocated to canonical Curvage daily gross/net by price-weighted unit share.
Curvage,How gaining weight changed how I exercise 🏋🏻‍♀️💪,How gaining weight changed how I exercise 🏋🏻‍♀️💪,73734,2,78.07,57.9,39.03,28.95,27.99,1,2026-04-11,2026-04-11,creator_analytics/manual_backfills/curvage_title_counts_all_time_2013-01-01_to_2026-07-04.csv,2026-07-04T19:25:00,Curvage title-count allocation,sale date,allocated daily title count,Daily title counts allocated to canonical Curvage daily gross/net by price-weighted unit share.
Curvage,Pills make me grow until I pop 💊🍗🎈,Pills make me grow until I pop 💊🍗🎈,72067,1,20.9,15.51,20.9,15.51,14.99,1,2026-04-11,2026-04-11,creator_analytics/manual_backfills/curvage_title_counts_all_time_2013-01-01_to_2026-07-04.csv,2026-07-04T19:25:00,Curvage title-count allocation,sale date,allocated daily title count,Daily title counts allocated to canonical Curvage daily gross/net by price-weighted unit share.
Curvage,Gassy giantess vores you 👅💨,Gassy giantess vores you 👅💨,71108,1,25.01,18.55,25.01,18.55,24.99,1,2026-04-13,2026-04-13,creator_analytics/manual_backfills/curvage_title_counts_all_time_2013-01-01_to_2026-07-04.csv,2026-07-04T19:25:00,Curvage title-count allocation,sale date,allocated daily title count,Daily title counts allocated to canonical Curvage daily gross/net by price-weighted unit share.
Curvage,How gaining weight changed how I exercise 🏋🏻‍♀️💪,How gaining weight changed how I exercise 🏋🏻‍♀️💪,73734,1,28.01,20.78,28.01,20.78,27.99,1,2026-04-13,2026-04-13,creator_analytics/manual_backfills/curvage_title_counts_all_time_2013-01-01_to_2026-07-04.csv,2026-07-04T19:25:00,Curvage title-count allocation,sale date,allocated daily title count,Daily title counts allocated to canonical Curvage daily gross/net by price-weighted unit share.
Curvage,Cursed Cake Makes Greedy Co-worker Explode,Cursed Cake Makes Greedy Co-worker Explode,63618,1,28.03,20.79,28.03,20.79,27.99,1,2026-04-14,2026-04-14,creator_analytics/manual_backfills/curvage_title_counts_all_time_2013-01-01_to_2026-07-04.csv,2026-07-04T19:25:00,Curvage title-count allocation,sale date,allocated daily title count,Daily title counts allocated to canonical Curvage daily gross/net by price-weighted unit share.
Curvage,How gaining weight changed how I exercise 🏋🏻‍♀️💪,How gaining weight changed how I exercise 🏋🏻‍♀️💪,73734,4,112.12,83.16,28.03,20.79,27.99,1,2026-04-14,2026-04-14,creator_analytics/manual_backfills/curvage_title_counts_all_time_2013-01-01_to_2026-07-04.csv,2026-07-04T19:25:00,Curvage title-count allocation,sale date,allocated daily title count,Daily title counts allocated to canonical Curvage daily gross/net by price-weighted unit share.
Curvage,Nightmare Thanksgiving guest eats all the food! 🦃🤤,Nightmare Thanksgiving guest eats all the food! 🦃🤤,68878,1,32.04,23.76,32.04,23.76,31.99,1,2026-04-14,2026-04-14,creator_analytics/manual_backfills/curvage_title_counts_all_time_2013-01-01_to_2026-07-04.csv,2026-07-04T19:25:00,Curvage title-count allocation,sale date,allocated daily title count,Daily title counts allocated to canonical Curvage daily gross/net by price-weighted unit share.
Curvage,Stuffing and making out with your feedee 🤤🍗,Stuffing and making out with your feedee 🤤🍗,48622,1,25.03,18.56,25.03,18.56,24.99,1,2026-04-14,2026-04-14,creator_analytics/manual_backfills/curvage_title_counts_all_time_2013-01-01_to_2026-07-04.csv,2026-07-04T19:25:00,Curvage title-count allocation,sale date,allocated daily title count,Daily title counts allocated to canonical Curvage daily gross/net by price-weighted unit share.
Curvage,HR manager coerces you into becoming her feeder 🍩🤤,HR manager coerces you into becoming her feeder 🍩🤤,72499,1,11.95,8.86,11.95,8.86,11.99,1,2026-04-15,2026-04-15,creator_analytics/manual_backfills/curvage_title_counts_all_time_2013-01-01_to_2026-07-04.csv,2026-07-04T19:25:00,Curvage title-count allocation,sale date,allocated daily title count,Daily title counts allocated to canonical Curvage daily gross/net by price-weighted unit share.
Curvage,Stuffing and making out with your feedee 🤤🍗,Stuffing and making out with your feedee 🤤🍗,48622,1,24.9,18.47,24.9,18.47,24.99,1,2026-04-15,2026-04-15,creator_analytics/manual_backfills/curvage_title_counts_all_time_2013-01-01_to_2026-07-04.csv,2026-07-04T19:25:00,Curvage title-count allocation,sale date,allocated daily title count,Daily title counts allocated to canonical Curvage daily gross/net by price-weighted unit share.
Curvage,HR manager coerces you into becoming her feeder 🍩🤤,HR manager coerces you into becoming her feeder 🍩🤤,72499,1,39.88,29.58,39.88,29.58,11.99,1,2026-04-16,2026-04-16,creator_analytics/manual_backfills/curvage_title_counts_all_time_2013-01-01_to_2026-07-04.csv,2026-07-04T19:25:00,Curvage title-count allocation,sale date,allocated daily title count,Daily title counts allocated to canonical Curvage daily gross/net by price-weighted unit share.
Curvage,Your Gluttonous Girlfriend Can't Hold Back Farts 🌯💨,Your Gluttonous Girlfriend Can't Hold Back Farts 🌯💨,72725,1,19.94,14.79,19.94,14.79,19.99,1,2026-04-17,2026-04-17,creator_analytics/manual_backfills/curvage_title_counts_all_time_2013-01-01_to_2026-07-04.csv,2026-07-04T19:25:00,Curvage title-count allocation,sale date,allocated daily title count,Daily title counts allocated to canonical Curvage daily gross/net by price-weighted unit share.
Curvage,Cursed Cake Makes Greedy Co-worker Explode,Cursed Cake Makes Greedy Co-worker Explode,63618,1,52.32,38.81,52.32,38.81,27.99,1,2026-04-18,2026-04-18,creator_analytics/manual_backfills/curvage_title_counts_all_time_2013-01-01_to_2026-07-04.csv,2026-07-04T19:25:00,Curvage title-count allocation,sale date,allocated daily title count,Daily title counts allocated to canonical Curvage daily gross/net by price-weighted unit share.
Curvage,Greedy girlfriend stuffs her face and vores you! 🤤🍔,Greedy girlfriend stuffs her face and vores you! 🤤🍔,56366,1,41.11,30.49,41.11,30.49,21.99,1,2026-04-18,2026-04-18,creator_analytics/manual_backfills/curvage_title_counts_all_time_2013-01-01_to_2026-07-04.csv,2026-07-04T19:25:00,Curvage title-count allocation,sale date,allocated daily title count,Daily title counts allocated to canonical Curvage daily gross/net by price-weighted unit share.
Curvage,HR manager coerces you into becoming her feeder 🍩🤤,HR manager coerces you into becoming her feeder 🍩🤤,72499,1,22.41,16.62,22.41,16.62,11.99,1,2026-04-18,2026-04-18,creator_analytics/manual_backfills/curvage_title_counts_all_time_2013-01-01_to_2026-07-04.csv,2026-07-04T19:25:00,Curvage title-count allocation,sale date,allocated daily title count,Daily title counts allocated to canonical Curvage daily gross/net by price-weighted unit share.
Curvage,Your Gluttonous Girlfriend Can't Hold Back Farts 🌯💨,Your Gluttonous Girlfriend Can't Hold Back Farts 🌯💨,72725,2,74.74,55.43,37.37,27.72,19.99,1,2026-04-18,2026-04-18,creator_analytics/manual_backfills/curvage_title_counts_all_time_2013-01-01_to_2026-07-04.csv,2026-07-04T19:25:00,Curvage title-count allocation,sale date,allocated daily title count,Daily title counts allocated to canonical Curvage daily gross/net by price-weighted unit share.
Curvage,Stuffing tacos makes me burp and fart! 🌮💨,Stuffing tacos makes me burp and fart! 🌮💨,60064,1,35.11,26.04,35.11,26.04,34.99,1,2026-04-19,2026-04-19,creator_analytics/manual_backfills/curvage_title_counts_all_time_2013-01-01_to_2026-07-04.csv,2026-07-04T19:25:00,Curvage title-count allocation,sale date,allocated daily title count,Daily title counts allocated to canonical Curvage daily gross/net by price-weighted unit share.
Curvage,How gaining weight changed how I exercise 🏋🏻‍♀️💪,How gaining weight changed how I exercise 🏋🏻‍♀️💪,73734,1,43.93,32.58,43.93,32.58,27.99,1,2026-04-20,2026-04-20,creator_analytics/manual_backfills/curvage_title_counts_all_time_2013-01-01_to_2026-07-04.csv,2026-07-04T19:25:00,Curvage title-count allocation,sale date,allocated daily title count,Daily title counts allocated to canonical Curvage daily gross/net by price-weighted unit share.
Curvage,Gassy giantess vores you 👅💨,Gassy giantess vores you 👅💨,71108,1,25.0,18.54,25.0,18.54,24.99,1,2026-04-21,2026-04-21,creator_analytics/manual_backfills/curvage_title_counts_all_time_2013-01-01_to_2026-07-04.csv,2026-07-04T19:25:00,Curvage title-count allocation,sale date,allocated daily title count,Daily title counts allocated to canonical Curvage daily gross/net by price-weighted unit share.
Curvage,How gaining weight changed how I exercise 🏋🏻‍♀️💪,How gaining weight changed how I exercise 🏋🏻‍♀️💪,73734,1,58.08,43.08,58.08,43.08,27.99,1,2026-04-22,2026-04-22,creator_analytics/manual_backfills/curvage_title_counts_all_time_2013-01-01_to_2026-07-04.csv,2026-07-04T19:25:00,Curvage title-count allocation,sale date,allocated daily title count,Daily title counts allocated to canonical Curvage daily gross/net by price-weighted unit share.
Curvage,HR manager coerces you into becoming her feeder 🍩🤤,HR manager coerces you into becoming her feeder 🍩🤤,72499,1,30.78,22.83,30.78,22.83,11.99,1,2026-04-23,2026-04-23,creator_analytics/manual_backfills/curvage_title_counts_all_time_2013-01-01_to_2026-07-04.csv,2026-07-04T19:25:00,Curvage title-count allocation,sale date,allocated daily title count,Daily title counts allocated to canonical Curvage daily gross/net by price-weighted unit share.
Curvage,Cursed Cake Makes Greedy Co-worker Explode,Cursed Cake Makes Greedy Co-worker Explode,63618,2,67.52,50.08,33.76,25.04,27.99,1,2026-04-24,2026-04-24,creator_analytics/manual_backfills/curvage_title_counts_all_time_2013-01-01_to_2026-07-04.csv,2026-07-04T19:25:00,Curvage title-count allocation,sale date,allocated daily title count,Daily title counts allocated to canonical Curvage daily gross/net by price-weighted unit share.
Curvage,HR manager coerces you into becoming her feeder 🍩🤤,HR manager coerces you into becoming her feeder 🍩🤤,72499,1,14.46,10.73,14.46,10.73,11.99,1,2026-04-24,2026-04-24,creator_analytics/manual_backfills/curvage_title_counts_all_time_2013-01-01_to_2026-07-04.csv,2026-07-04T19:25:00,Curvage title-count allocation,sale date,allocated daily title count,Daily title counts allocated to canonical Curvage daily gross/net by price-weighted unit share.
Curvage,Pills make me grow until I pop 💊🍗🎈,Pills make me grow until I pop 💊🍗🎈,72067,1,18.08,13.41,18.08,13.41,14.99,1,2026-04-24,2026-04-24,creator_analytics/manual_backfills/curvage_title_counts_all_time_2013-01-01_to_2026-07-04.csv,2026-07-04T19:25:00,Curvage title-count allocation,sale date,allocated daily title count,Daily title counts allocated to canonical Curvage daily gross/net by price-weighted unit share.
Curvage,Your Gluttonous Girlfriend Can't Hold Back Farts 🌯💨,Your Gluttonous Girlfriend Can't Hold Back Farts 🌯💨,72725,3,72.33,53.65,24.11,17.88,19.99,1,2026-04-24,2026-04-24,creator_analytics/manual_backfills/curvage_title_counts_all_time_2013-01-01_to_2026-07-04.csv,2026-07-04T19:25:00,Curvage title-count allocation,sale date,allocated daily title count,Daily title counts allocated to canonical Curvage daily gross/net by price-weighted unit share.
Curvage,HR manager coerces you into becoming her feeder 🍩🤤,HR manager coerces you into becoming her feeder 🍩🤤,72499,2,30.82,22.86,15.41,11.43,11.99,1,2026-04-25,2026-04-25,creator_analytics/manual_backfills/curvage_title_counts_all_time_2013-01-01_to_2026-07-04.csv,2026-07-04T19:25:00,Curvage title-count allocation,sale date,allocated daily title count,Daily title counts allocated to canonical Curvage daily gross/net by price-weighted unit share.
Curvage,Your Gluttonous Girlfriend Can't Hold Back Farts 🌯💨,Your Gluttonous Girlfriend Can't Hold Back Farts 🌯💨,72725,1,25.69,19.05,25.69,19.05,19.99,1,2026-04-25,2026-04-25,creator_analytics/manual_backfills/curvage_title_counts_all_time_2013-01-01_to_2026-07-04.csv,2026-07-04T19:25:00,Curvage title-count allocation,sale date,allocated daily title count,Daily title counts allocated to canonical Curvage daily gross/net by price-weighted unit share.
Curvage,Your Gluttonous Girlfriend Can't Hold Back Farts 🌯💨,Your Gluttonous Girlfriend Can't Hold Back Farts 🌯💨,72725,1,19.94,14.79,19.94,14.79,19.99,1,2026-04-27,2026-04-27,creator_analytics/manual_backfills/curvage_title_counts_all_time_2013-01-01_to_2026-07-04.csv,2026-07-04T19:25:00,Curvage title-count allocation,sale date,allocated daily title count,Daily title counts allocated to canonical Curvage daily gross/net by price-weighted unit share.
Curvage,Cursed Cake Makes Greedy Co-worker Explode,Cursed Cake Makes Greedy Co-worker Explode,63618,1,85.53,63.44,85.53,63.44,27.99,1,2026-04-28,2026-04-28,creator_analytics/manual_backfills/curvage_title_counts_all_time_2013-01-01_to_2026-07-04.csv,2026-07-04T19:25:00,Curvage title-count allocation,sale date,allocated daily title count,Daily title counts allocated to canonical Curvage daily gross/net by price-weighted unit share.
Curvage,How gaining weight changed how I exercise 🏋🏻‍♀️💪,How gaining weight changed how I exercise 🏋🏻‍♀️💪,73734,1,85.53,63.44,85.53,63.44,27.99,1,2026-04-28,2026-04-28,creator_analytics/manual_backfills/curvage_title_counts_all_time_2013-01-01_to_2026-07-04.csv,2026-07-04T19:25:00,Curvage title-count allocation,sale date,allocated daily title count,Daily title counts allocated to canonical Curvage daily gross/net by price-weighted unit share.
Curvage,HR manager coerces you into becoming her feeder 🍩🤤,HR manager coerces you into becoming her feeder 🍩🤤,72499,1,36.64,27.17,36.64,27.17,11.99,1,2026-04-28,2026-04-28,creator_analytics/manual_backfills/curvage_title_counts_all_time_2013-01-01_to_2026-07-04.csv,2026-07-04T19:25:00,Curvage title-count allocation,sale date,allocated daily title count,Daily title counts allocated to canonical Curvage daily gross/net by price-weighted unit share.
Curvage,Nightmare Thanksgiving guest eats all the food! 🦃🤤,Nightmare Thanksgiving guest eats all the food! 🦃🤤,68878,1,97.75,72.5,97.75,72.5,31.99,1,2026-04-28,2026-04-28,creator_analytics/manual_backfills/curvage_title_counts_all_time_2013-01-01_to_2026-07-04.csv,2026-07-04T19:25:00,Curvage title-count allocation,sale date,allocated daily title count,Daily title counts allocated to canonical Curvage daily gross/net by price-weighted unit share.
Curvage,Stuffing tacos makes me burp and fart! 🌮💨,Stuffing tacos makes me burp and fart! 🌮💨,60064,1,106.92,79.3,106.92,79.3,34.99,1,2026-04-28,2026-04-28,creator_analytics/manual_backfills/curvage_title_counts_all_time_2013-01-01_to_2026-07-04.csv,2026-07-04T19:25:00,Curvage title-count allocation,sale date,allocated daily title count,Daily title counts allocated to canonical Curvage daily gross/net by price-weighted unit share.
Curvage,Cursed Cake Makes Greedy Co-worker Explode,Cursed Cake Makes Greedy Co-worker Explode,63618,1,77.04,57.14,77.04,57.14,27.99,1,2026-04-29,2026-04-29,creator_analytics/manual_backfills/curvage_title_counts_all_time_2013-01-01_to_2026-07-04.csv,2026-07-04T19:25:00,Curvage title-count allocation,sale date,allocated daily title count,Daily title counts allocated to canonical Curvage daily gross/net by price-weighted unit share.
Curvage,Your Gluttonous Girlfriend Can't Hold Back Farts 🌯💨,Your Gluttonous Girlfriend Can't Hold Back Farts 🌯💨,72725,1,55.02,40.81,55.02,40.81,19.99,1,2026-04-29,2026-04-29,creator_analytics/manual_backfills/curvage_title_counts_all_time_2013-01-01_to_2026-07-04.csv,2026-07-04T19:25:00,Curvage title-count allocation,sale date,allocated daily title count,Daily title counts allocated to canonical Curvage daily gross/net by price-weighted unit share.
Curvage,How gaining weight changed how I exercise 🏋🏻‍♀️💪,How gaining weight changed how I exercise 🏋🏻‍♀️💪,73734,1,101.0,74.91,101.0,74.91,27.99,1,2026-04-30,2026-04-30,creator_analytics/manual_backfills/curvage_title_counts_all_time_2013-01-01_to_2026-07-04.csv,2026-07-04T19:25:00,Curvage title-count allocation,sale date,allocated daily title count,Daily title counts allocated to canonical Curvage daily gross/net by price-weighted unit share.
Curvage,HR manager coerces you into becoming her feeder 🍩🤤,HR manager coerces you into becoming her feeder 🍩🤤,72499,1,56.79,42.12,56.79,42.12,11.99,1,2026-05-01,2026-05-01,creator_analytics/manual_backfills/curvage_title_counts_all_time_2013-01-01_to_2026-07-04.csv,2026-07-04T19:25:00,Curvage title-count allocation,sale date,allocated daily title count,Daily title counts allocated to canonical Curvage daily gross/net by price-weighted unit share.
Curvage,Gassy giantess vores you 👅💨,Gassy giantess vores you 👅💨,71108,1,53.03,39.33,53.03,39.33,24.99,1,2026-05-04,2026-05-04,creator_analytics/manual_backfills/curvage_title_counts_all_time_2013-01-01_to_2026-07-04.csv,2026-07-04T19:25:00,Curvage title-count allocation,sale date,allocated daily title count,Daily title counts allocated to canonical Curvage daily gross/net by price-weighted unit share.
Curvage,Girlfriend Wants to Gain to 600lbs for You 🍪,Girlfriend Wants to Gain to 600lbs for You 🍪,74929,11,292.89,217.24,26.63,19.75,19.99,1,2026-05-05,2026-05-05,creator_analytics/manual_backfills/curvage_title_counts_all_time_2013-01-01_to_2026-07-04.csv,2026-07-04T19:25:00,Curvage title-count allocation,sale date,allocated daily title count,Daily title counts allocated to canonical Curvage daily gross/net by price-weighted unit share.
Curvage,How gaining weight changed how I exercise 🏋🏻‍♀️💪,How gaining weight changed how I exercise 🏋🏻‍♀️💪,73734,1,37.28,27.65,37.28,27.65,27.99,1,2026-05-05,2026-05-05,creator_analytics/manual_backfills/curvage_title_counts_all_time_2013-01-01_to_2026-07-04.csv,2026-07-04T19:25:00,Curvage title-count allocation,sale date,allocated daily title count,Daily title counts allocated to canonical Curvage daily gross/net by price-weighted unit share.
Curvage,Girlfriend Wants to Gain to 600lbs for You 🍪,Girlfriend Wants to Gain to 600lbs for You 🍪,74929,11,239.41,177.58,21.76,16.14,19.99,1,2026-05-06,2026-05-06,creator_analytics/manual_backfills/curvage_title_counts_all_time_2013-01-01_to_2026-07-04.csv,2026-07-04T19:25:00,Curvage title-count allocation,sale date,allocated daily title count,Daily title counts allocated to canonical Curvage daily gross/net by price-weighted unit share.
Curvage,How gaining weight changed how I exercise 🏋🏻‍♀️💪,How gaining weight changed how I exercise 🏋🏻‍♀️💪,73734,1,30.48,22.6,30.48,22.6,27.99,1,2026-05-06,2026-05-06,creator_analytics/manual_backfills/curvage_title_counts_all_time_2013-01-01_to_2026-07-04.csv,2026-07-04T19:25:00,Curvage title-count allocation,sale date,allocated daily title count,Daily title counts allocated to canonical Curvage daily gross/net by price-weighted unit share.
Curvage,HR manager coerces you into becoming her feeder 🍩🤤,HR manager coerces you into becoming her feeder 🍩🤤,72499,1,13.05,9.68,13.05,9.68,11.99,1,2026-05-06,2026-05-06,creator_analytics/manual_backfills/curvage_title_counts_all_time_2013-01-01_to_2026-07-04.csv,2026-07-04T19:25:00,Curvage title-count allocation,sale date,allocated daily title count,Daily title counts allocated to canonical Curvage daily gross/net by price-weighted unit share.
Curvage,Nightmare Thanksgiving guest eats all the food! 🦃🤤,Nightmare Thanksgiving guest eats all the food! 🦃🤤,68878,3,104.49,77.5,34.83,25.83,31.99,1,2026-05-06,2026-05-06,creator_analytics/manual_backfills/curvage_title_counts_all_time_2013-01-01_to_2026-07-04.csv,2026-07-04T19:25:00,Curvage title-count allocation,sale date,allocated daily title count,Daily title counts allocated to canonical Curvage daily gross/net by price-weighted unit share.
Curvage,Your Gluttonous Girlfriend Can't Hold Back Farts 🌯💨,Your Gluttonous Girlfriend Can't Hold Back Farts 🌯💨,72725,1,21.76,16.14,21.76,16.14,19.99,1,2026-05-06,2026-05-06,creator_analytics/manual_backfills/curvage_title_counts_all_time_2013-01-01_to_2026-07-04.csv,2026-07-04T19:25:00,Curvage title-count allocation,sale date,allocated daily title count,Daily title counts allocated to canonical Curvage daily gross/net by price-weighted unit share.
Curvage,Girlfriend Wants to Gain to 600lbs for You 🍪,Girlfriend Wants to Gain to 600lbs for You 🍪,74929,4,122.05,90.52,30.51,22.63,19.99,1,2026-05-07,2026-05-07,creator_analytics/manual_backfills/curvage_title_counts_all_time_2013-01-01_to_2026-07-04.csv,2026-07-04T19:25:00,Curvage title-count allocation,sale date,allocated daily title count,Daily title counts allocated to canonical Curvage daily gross/net by price-weighted unit share.
Curvage,How gaining weight changed how I exercise 🏋🏻‍♀️💪,How gaining weight changed how I exercise 🏋🏻‍♀️💪,73734,2,85.44,63.38,42.72,31.69,27.99,1,2026-05-07,2026-05-07,creator_analytics/manual_backfills/curvage_title_counts_all_time_2013-01-01_to_2026-07-04.csv,2026-07-04T19:25:00,Curvage title-count allocation,sale date,allocated daily title count,Daily title counts allocated to canonical Curvage daily gross/net by price-weighted unit share.
Curvage,Girlfriend Wants to Gain to 600lbs for You 🍪,Girlfriend Wants to Gain to 600lbs for You 🍪,74929,3,79.01,58.6,26.34,19.53,19.99,1,2026-05-08,2026-05-08,creator_analytics/manual_backfills/curvage_title_counts_all_time_2013-01-01_to_2026-07-04.csv,2026-07-04T19:25:00,Curvage title-count allocation,sale date,allocated daily title count,Daily title counts allocated to canonical Curvage daily gross/net by price-weighted unit share.
Curvage,How gaining weight changed how I exercise 🏋🏻‍♀️💪,How gaining weight changed how I exercise 🏋🏻‍♀️💪,73734,1,36.87,27.35,36.87,27.35,27.99,1,2026-05-08,2026-05-08,creator_analytics/manual_backfills/curvage_title_counts_all_time_2013-01-01_to_2026-07-04.csv,2026-07-04T19:25:00,Curvage title-count allocation,sale date,allocated daily title count,Daily title counts allocated to canonical Curvage daily gross/net by price-weighted unit share.
Curvage,Cursed Cake Makes Greedy Co-worker Explode,Cursed Cake Makes Greedy Co-worker Explode,63618,1,46.34,34.37,46.34,34.37,27.99,1,2026-05-09,2026-05-09,creator_analytics/manual_backfills/curvage_title_counts_all_time_2013-01-01_to_2026-07-04.csv,2026-07-04T19:25:00,Curvage title-count allocation,sale date,allocated daily title count,Daily title counts allocated to canonical Curvage daily gross/net by price-weighted unit share.
Curvage,Get me pregnant and make me grow! 🤰😍,Get me pregnant and make me grow! 🤰😍,49011,1,21.5,15.95,21.5,15.95,12.99,1,2026-05-09,2026-05-09,creator_analytics/manual_backfills/curvage_title_counts_all_time_2013-01-01_to_2026-07-04.csv,2026-07-04T19:25:00,Curvage title-count allocation,sale date,allocated daily title count,Daily title counts allocated to canonical Curvage daily gross/net by price-weighted unit share.
Curvage,Girlfriend Wants to Gain to 600lbs for You 🍪,Girlfriend Wants to Gain to 600lbs for You 🍪,74929,3,99.28,73.64,33.09,24.55,19.99,1,2026-05-09,2026-05-09,creator_analytics/manual_backfills/curvage_title_counts_all_time_2013-01-01_to_2026-07-04.csv,2026-07-04T19:25:00,Curvage title-count allocation,sale date,allocated daily title count,Daily title counts allocated to canonical Curvage daily gross/net by price-weighted unit share.
Curvage,How gaining weight changed how I exercise 🏋🏻‍♀️💪,How gaining weight changed how I exercise 🏋🏻‍♀️💪,73734,1,46.34,34.37,46.34,34.37,27.99,1,2026-05-09,2026-05-09,creator_analytics/manual_backfills/curvage_title_counts_all_time_2013-01-01_to_2026-07-04.csv,2026-07-04T19:25:00,Curvage title-count allocation,sale date,allocated daily title count,Daily title counts allocated to canonical Curvage daily gross/net by price-weighted unit share.
Curvage,Pills make me grow until I pop 💊🍗🎈,Pills make me grow until I pop 💊🍗🎈,72067,1,24.82,18.41,24.82,18.41,14.99,1,2026-05-09,2026-05-09,creator_analytics/manual_backfills/curvage_title_counts_all_time_2013-01-01_to_2026-07-04.csv,2026-07-04T19:25:00,Curvage title-count allocation,sale date,allocated daily title count,Daily title counts allocated to canonical Curvage daily gross/net by price-weighted unit share.
Curvage,Girlfriend Wants to Gain to 600lbs for You 🍪,Girlfriend Wants to Gain to 600lbs for You 🍪,74929,2,39.98,29.58,19.99,14.79,19.99,1,2026-05-10,2026-05-10,creator_analytics/manual_backfills/curvage_title_counts_all_time_2013-01-01_to_2026-07-04.csv,2026-07-04T19:25:00,Curvage title-count allocation,sale date,allocated daily title count,Daily title counts allocated to canonical Curvage daily gross/net by price-weighted unit share.
Curvage,Girlfriend Wants to Gain to 600lbs for You 🍪,Girlfriend Wants to Gain to 600lbs for You 🍪,74929,1,67.97,50.37,67.97,50.37,19.99,1,2026-05-11,2026-05-11,creator_analytics/manual_backfills/curvage_title_counts_all_time_2013-01-01_to_2026-07-04.csv,2026-07-04T19:25:00,Curvage title-count allocation,sale date,allocated daily title count,Daily title counts allocated to canonical Curvage daily gross/net by price-weighted unit share.
Curvage,Girlfriend Wants to Gain to 600lbs for You 🍪,Girlfriend Wants to Gain to 600lbs for You 🍪,74929,1,93.95,69.45,93.95,69.45,19.99,1,2026-05-12,2026-05-12,creator_analytics/manual_backfills/curvage_title_counts_all_time_2013-01-01_to_2026-07-04.csv,2026-07-04T19:25:00,Curvage title-count allocation,sale date,allocated daily title count,Daily title counts allocated to canonical Curvage daily gross/net by price-weighted unit share.
Curvage,Girlfriend Wants to Gain to 600lbs for You 🍪,Girlfriend Wants to Gain to 600lbs for You 🍪,74929,2,44.69,41.86,22.34,20.93,19.99,1,2026-05-13,2026-05-13,creator_analytics/manual_backfills/curvage_title_counts_all_time_2013-01-01_to_2026-07-04.csv,2026-07-04T19:25:00,Curvage title-count allocation,sale date,allocated daily title count,Daily title counts allocated to canonical Curvage daily gross/net by price-weighted unit share.
Curvage,How gaining weight changed how I exercise 🏋🏻‍♀️💪,How gaining weight changed how I exercise 🏋🏻‍♀️💪,73734,1,31.28,29.3,31.28,29.3,27.99,1,2026-05-13,2026-05-13,creator_analytics/manual_backfills/curvage_title_counts_all_time_2013-01-01_to_2026-07-04.csv,2026-07-04T19:25:00,Curvage title-count allocation,sale date,allocated daily title count,Daily title counts allocated to canonical Curvage daily gross/net by price-weighted unit share.
Curvage,Girlfriend Wants to Gain to 600lbs for You 🍪,Girlfriend Wants to Gain to 600lbs for You 🍪,74929,1,28.22,27.04,28.22,27.04,19.99,1,2026-05-14,2026-05-14,creator_analytics/manual_backfills/curvage_title_counts_all_time_2013-01-01_to_2026-07-04.csv,2026-07-04T19:25:00,Curvage title-count allocation,sale date,allocated daily title count,Daily title counts allocated to canonical Curvage daily gross/net by price-weighted unit share.
Curvage,How gaining weight changed how I exercise 🏋🏻‍♀️💪,How gaining weight changed how I exercise 🏋🏻‍♀️💪,73734,1,39.52,37.86,39.52,37.86,27.99,1,2026-05-14,2026-05-14,creator_analytics/manual_backfills/curvage_title_counts_all_time_2013-01-01_to_2026-07-04.csv,2026-07-04T19:25:00,Curvage title-count allocation,sale date,allocated daily title count,Daily title counts allocated to canonical Curvage daily gross/net by price-weighted unit share.
Curvage,Stuffing My Face After Hitting the Gym! 🍔🥤,Stuffing My Face After Hitting the Gym! 🍔🥤,58749,1,28.22,27.04,28.22,27.04,19.99,1,2026-05-14,2026-05-14,creator_analytics/manual_backfills/curvage_title_counts_all_time_2013-01-01_to_2026-07-04.csv,2026-07-04T19:25:00,Curvage title-count allocation,sale date,allocated daily title count,Daily title counts allocated to canonical Curvage daily gross/net by price-weighted unit share.
Curvage,Girlfriend Wants to Gain to 600lbs for You 🍪,Girlfriend Wants to Gain to 600lbs for You 🍪,74929,3,68.69,50.86,22.9,16.95,19.99,1,2026-05-15,2026-05-15,creator_analytics/manual_backfills/curvage_title_counts_all_time_2013-01-01_to_2026-07-04.csv,2026-07-04T19:25:00,Curvage title-count allocation,sale date,allocated daily title count,Daily title counts allocated to canonical Curvage daily gross/net by price-weighted unit share.
Curvage,My bloated belly and burps are so hot! 🤤,My bloated belly and burps are so hot! 🤤,53641,1,28.62,21.19,28.62,21.19,24.99,1,2026-05-15,2026-05-15,creator_analytics/manual_backfills/curvage_title_counts_all_time_2013-01-01_to_2026-07-04.csv,2026-07-04T19:25:00,Curvage title-count allocation,sale date,allocated daily title count,Daily title counts allocated to canonical Curvage daily gross/net by price-weighted unit share.
Curvage,Stuffing and making out with your feedee 🤤🍗,Stuffing and making out with your feedee 🤤🍗,48622,1,28.62,21.19,28.62,21.19,24.99,1,2026-05-15,2026-05-15,creator_analytics/manual_backfills/curvage_title_counts_all_time_2013-01-01_to_2026-07-04.csv,2026-07-04T19:25:00,Curvage title-count allocation,sale date,allocated daily title count,Daily title counts allocated to canonical Curvage daily gross/net by price-weighted unit share.
Curvage,Girlfriend Wants to Gain to 600lbs for You 🍪,Girlfriend Wants to Gain to 600lbs for You 🍪,74929,1,19.99,14.84,19.99,14.84,19.99,1,2026-05-16,2026-05-16,creator_analytics/manual_backfills/curvage_title_counts_all_time_2013-01-01_to_2026-07-04.csv,2026-07-04T19:25:00,Curvage title-count allocation,sale date,allocated daily title count,Daily title counts allocated to canonical Curvage daily gross/net by price-weighted unit share.
Curvage,Nightmare Thanksgiving guest eats all the food! 🦃🤤,Nightmare Thanksgiving guest eats all the food! 🦃🤤,68878,1,31.99,23.74,31.99,23.74,31.99,1,2026-05-16,2026-05-16,creator_analytics/manual_backfills/curvage_title_counts_all_time_2013-01-01_to_2026-07-04.csv,2026-07-04T19:25:00,Curvage title-count allocation,sale date,allocated daily title count,Daily title counts allocated to canonical Curvage daily gross/net by price-weighted unit share.
Curvage,Girlfriend Wants to Gain to 600lbs for You 🍪,Girlfriend Wants to Gain to 600lbs for You 🍪,74929,1,29.98,22.11,29.98,22.11,19.99,1,2026-05-17,2026-05-17,creator_analytics/manual_backfills/curvage_title_counts_all_time_2013-01-01_to_2026-07-04.csv,2026-07-04T19:25:00,Curvage title-count allocation,sale date,allocated daily title count,Daily title counts allocated to canonical Curvage daily gross/net by price-weighted unit share.
Curvage,HR manager coerces you into becoming her feeder 🍩🤤,HR manager coerces you into becoming her feeder 🍩🤤,72499,1,17.99,13.26,17.99,13.26,11.99,1,2026-05-17,2026-05-17,creator_analytics/manual_backfills/curvage_title_counts_all_time_2013-01-01_to_2026-07-04.csv,2026-07-04T19:25:00,Curvage title-count allocation,sale date,allocated daily title count,Daily title counts allocated to canonical Curvage daily gross/net by price-weighted unit share.
Curvage,Girlfriend Wants to Gain to 600lbs for You 🍪,Girlfriend Wants to Gain to 600lbs for You 🍪,74929,1,19.99,14.79,19.99,14.79,19.99,1,2026-05-19,2026-05-19,creator_analytics/manual_backfills/curvage_title_counts_all_time_2013-01-01_to_2026-07-04.csv,2026-07-04T19:25:00,Curvage title-count allocation,sale date,allocated daily title count,Daily title counts allocated to canonical Curvage daily gross/net by price-weighted unit share.
Curvage,Girlfriend Wants to Gain to 600lbs for You 🍪,Girlfriend Wants to Gain to 600lbs for You 🍪,74929,1,36.98,27.33,36.98,27.33,19.99,1,2026-05-20,2026-05-20,creator_analytics/manual_backfills/curvage_title_counts_all_time_2013-01-01_to_2026-07-04.csv,2026-07-04T19:25:00,Curvage title-count allocation,sale date,allocated daily title count,Daily title counts allocated to canonical Curvage daily gross/net by price-weighted unit share.
Curvage,Cursed Cake Makes Greedy Co-worker Explode,Cursed Cake Makes Greedy Co-worker Explode,63618,1,23.33,22.69,23.33,22.69,27.99,1,2026-05-21,2026-05-21,creator_analytics/manual_backfills/curvage_title_counts_all_time_2013-01-01_to_2026-07-04.csv,2026-07-04T19:25:00,Curvage title-count allocation,sale date,allocated daily title count,Daily title counts allocated to canonical Curvage daily gross/net by price-weighted unit share.
Curvage,Girlfriend Wants to Gain to 600lbs for You 🍪,Girlfriend Wants to Gain to 600lbs for You 🍪,74929,3,49.98,48.62,16.66,16.21,19.99,1,2026-05-21,2026-05-21,creator_analytics/manual_backfills/curvage_title_counts_all_time_2013-01-01_to_2026-07-04.csv,2026-07-04T19:25:00,Curvage title-count allocation,sale date,allocated daily title count,Daily title counts allocated to canonical Curvage daily gross/net by price-weighted unit share.
Curvage,How gaining weight changed how I exercise 🏋🏻‍♀️💪,How gaining weight changed how I exercise 🏋🏻‍♀️💪,73734,1,23.33,22.69,23.33,22.69,27.99,1,2026-05-21,2026-05-21,creator_analytics/manual_backfills/curvage_title_counts_all_time_2013-01-01_to_2026-07-04.csv,2026-07-04T19:25:00,Curvage title-count allocation,sale date,allocated daily title count,Daily title counts allocated to canonical Curvage daily gross/net by price-weighted unit share.
Curvage,HR manager coerces you into becoming her feeder 🍩🤤,HR manager coerces you into becoming her feeder 🍩🤤,72499,1,9.99,9.72,9.99,9.72,11.99,1,2026-05-21,2026-05-21,creator_analytics/manual_backfills/curvage_title_counts_all_time_2013-01-01_to_2026-07-04.csv,2026-07-04T19:25:00,Curvage title-count allocation,sale date,allocated daily title count,Daily title counts allocated to canonical Curvage daily gross/net by price-weighted unit share.
Curvage,Nightmare Thanksgiving guest eats all the food! 🦃🤤,Nightmare Thanksgiving guest eats all the food! 🦃🤤,68878,1,26.66,25.94,26.66,25.94,31.99,1,2026-05-21,2026-05-21,creator_analytics/manual_backfills/curvage_title_counts_all_time_2013-01-01_to_2026-07-04.csv,2026-07-04T19:25:00,Curvage title-count allocation,sale date,allocated daily title count,Daily title counts allocated to canonical Curvage daily gross/net by price-weighted unit share.
Curvage,Pills make me grow until I pop 💊🍗🎈,Pills make me grow until I pop 💊🍗🎈,72067,2,24.98,24.31,12.49,12.15,14.99,1,2026-05-21,2026-05-21,creator_analytics/manual_backfills/curvage_title_counts_all_time_2013-01-01_to_2026-07-04.csv,2026-07-04T19:25:00,Curvage title-count allocation,sale date,allocated daily title count,Daily title counts allocated to canonical Curvage daily gross/net by price-weighted unit share.
Curvage,Your Gluttonous Girlfriend Can't Hold Back Farts 🌯💨,Your Gluttonous Girlfriend Can't Hold Back Farts 🌯💨,72725,1,16.66,16.21,16.66,16.21,19.99,1,2026-05-21,2026-05-21,creator_analytics/manual_backfills/curvage_title_counts_all_time_2013-01-01_to_2026-07-04.csv,2026-07-04T19:25:00,Curvage title-count allocation,sale date,allocated daily title count,Daily title counts allocated to canonical Curvage daily gross/net by price-weighted unit share.
Curvage,Best Friend's Mommy Tells You How to Please SSBBW 😈😍,Best Friend's Mommy Tells You How to Please SSBBW 😈😍,75672,24,453.14,380.24,18.88,15.84,19.99,1,2026-05-22,2026-05-22,creator_analytics/manual_backfills/curvage_title_counts_all_time_2013-01-01_to_2026-07-04.csv,2026-07-04T19:25:00,Curvage title-count allocation,sale date,allocated daily title count,Daily title counts allocated to canonical Curvage daily gross/net by price-weighted unit share.
Curvage,Girlfriend Wants to Gain to 600lbs for You 🍪,Girlfriend Wants to Gain to 600lbs for You 🍪,74929,2,37.76,31.69,18.88,15.84,19.99,1,2026-05-22,2026-05-22,creator_analytics/manual_backfills/curvage_title_counts_all_time_2013-01-01_to_2026-07-04.csv,2026-07-04T19:25:00,Curvage title-count allocation,sale date,allocated daily title count,Daily title counts allocated to canonical Curvage daily gross/net by price-weighted unit share.
Curvage,How gaining weight changed how I exercise 🏋🏻‍♀️💪,How gaining weight changed how I exercise 🏋🏻‍♀️💪,73734,3,79.31,66.55,26.44,22.18,27.99,1,2026-05-22,2026-05-22,creator_analytics/manual_backfills/curvage_title_counts_all_time_2013-01-01_to_2026-07-04.csv,2026-07-04T19:25:00,Curvage title-count allocation,sale date,allocated daily title count,Daily title counts allocated to canonical Curvage daily gross/net by price-weighted unit share.
Curvage,HR manager coerces you into becoming her feeder 🍩🤤,HR manager coerces you into becoming her feeder 🍩🤤,72499,1,11.32,9.5,11.32,9.5,11.99,1,2026-05-22,2026-05-22,creator_analytics/manual_backfills/curvage_title_counts_all_time_2013-01-01_to_2026-07-04.csv,2026-07-04T19:25:00,Curvage title-count allocation,sale date,allocated daily title count,Daily title counts allocated to canonical Curvage daily gross/net by price-weighted unit share.
Curvage,Pills make me grow until I pop 💊🍗🎈,Pills make me grow until I pop 💊🍗🎈,72067,1,14.16,11.88,14.16,11.88,14.99,1,2026-05-22,2026-05-22,creator_analytics/manual_backfills/curvage_title_counts_all_time_2013-01-01_to_2026-07-04.csv,2026-07-04T19:25:00,Curvage title-count allocation,sale date,allocated daily title count,Daily title counts allocated to canonical Curvage daily gross/net by price-weighted unit share.
Curvage,Best Friend's Mommy Tells You How to Please SSBBW 😈😍,Best Friend's Mommy Tells You How to Please SSBBW 😈😍,75672,14,194.84,207.02,13.92,14.79,19.99,1,2026-05-23,2026-05-23,creator_analytics/manual_backfills/curvage_title_counts_all_time_2013-01-01_to_2026-07-04.csv,2026-07-04T19:25:00,Curvage title-count allocation,sale date,allocated daily title count,Daily title counts allocated to canonical Curvage daily gross/net by price-weighted unit share.
Curvage,Girlfriend Wants to Gain to 600lbs for You 🍪,Girlfriend Wants to Gain to 600lbs for You 🍪,74929,3,41.75,44.36,13.92,14.79,19.99,1,2026-05-23,2026-05-23,creator_analytics/manual_backfills/curvage_title_counts_all_time_2013-01-01_to_2026-07-04.csv,2026-07-04T19:25:00,Curvage title-count allocation,sale date,allocated daily title count,Daily title counts allocated to canonical Curvage daily gross/net by price-weighted unit share.
Curvage,Pills make me grow until I pop 💊🍗🎈,Pills make me grow until I pop 💊🍗🎈,72067,1,10.44,11.09,10.44,11.09,14.99,1,2026-05-23,2026-05-23,creator_analytics/manual_backfills/curvage_title_counts_all_time_2013-01-01_to_2026-07-04.csv,2026-07-04T19:25:00,Curvage title-count allocation,sale date,allocated daily title count,Daily title counts allocated to canonical Curvage daily gross/net by price-weighted unit share.
Curvage,Your Gluttonous Girlfriend Can't Hold Back Farts 🌯💨,Your Gluttonous Girlfriend Can't Hold Back Farts 🌯💨,72725,2,27.83,29.57,13.92,14.79,19.99,1,2026-05-23,2026-05-23,creator_analytics/manual_backfills/curvage_title_counts_all_time_2013-01-01_to_2026-07-04.csv,2026-07-04T19:25:00,Curvage title-count allocation,sale date,allocated daily title count,Daily title counts allocated to canonical Curvage daily gross/net by price-weighted unit share.
Curvage,Best Friend's Mommy Tells You How to Please SSBBW 😈😍,Best Friend's Mommy Tells You How to Please SSBBW 😈😍,75672,9,83.04,151.17,9.23,16.8,19.99,1,2026-05-24,2026-05-24,creator_analytics/manual_backfills/curvage_title_counts_all_time_2013-01-01_to_2026-07-04.csv,2026-07-04T19:25:00,Curvage title-count allocation,sale date,allocated daily title count,Daily title counts allocated to canonical Curvage daily gross/net by price-weighted unit share.
Curvage,How gaining weight changed how I exercise 🏋🏻‍♀️💪,How gaining weight changed how I exercise 🏋🏻‍♀️💪,73734,1,12.92,23.52,12.92,23.52,27.99,1,2026-05-24,2026-05-24,creator_analytics/manual_backfills/curvage_title_counts_all_time_2013-01-01_to_2026-07-04.csv,2026-07-04T19:25:00,Curvage title-count allocation,sale date,allocated daily title count,Daily title counts allocated to canonical Curvage daily gross/net by price-weighted unit share.
Curvage,Best Friend's Mommy Tells You How to Please SSBBW 😈😍,Best Friend's Mommy Tells You How to Please SSBBW 😈😍,75672,7,173.43,128.41,24.78,18.34,19.99,1,2026-05-25,2026-05-25,creator_analytics/manual_backfills/curvage_title_counts_all_time_2013-01-01_to_2026-07-04.csv,2026-07-04T19:25:00,Curvage title-count allocation,sale date,allocated daily title count,Daily title counts allocated to canonical Curvage daily gross/net by price-weighted unit share.
Curvage,Cursed Cake Makes Greedy Co-worker Explode,Cursed Cake Makes Greedy Co-worker Explode,63618,1,34.69,25.69,34.69,25.69,27.99,1,2026-05-25,2026-05-25,creator_analytics/manual_backfills/curvage_title_counts_all_time_2013-01-01_to_2026-07-04.csv,2026-07-04T19:25:00,Curvage title-count allocation,sale date,allocated daily title count,Daily title counts allocated to canonical Curvage daily gross/net by price-weighted unit share.
Curvage,Girlfriend Wants to Gain to 600lbs for You 🍪,Girlfriend Wants to Gain to 600lbs for You 🍪,74929,1,24.78,18.34,24.78,18.34,19.99,1,2026-05-25,2026-05-25,creator_analytics/manual_backfills/curvage_title_counts_all_time_2013-01-01_to_2026-07-04.csv,2026-07-04T19:25:00,Curvage title-count allocation,sale date,allocated daily title count,Daily title counts allocated to canonical Curvage daily gross/net by price-weighted unit share.
Curvage,Best Friend's Mommy Tells You How to Please SSBBW 😈😍,Best Friend's Mommy Tells You How to Please SSBBW 😈😍,75672,3,46.34,44.43,15.45,14.81,19.99,1,2026-05-26,2026-05-26,creator_analytics/manual_backfills/curvage_title_counts_all_time_2013-01-01_to_2026-07-04.csv,2026-07-04T19:25:00,Curvage title-count allocation,sale date,allocated daily title count,Daily title counts allocated to canonical Curvage daily gross/net by price-weighted unit share.
Curvage,How gaining weight changed how I exercise 🏋🏻‍♀️💪,How gaining weight changed how I exercise 🏋🏻‍♀️💪,73734,1,21.63,20.73,21.63,20.73,27.99,1,2026-05-26,2026-05-26,creator_analytics/manual_backfills/curvage_title_counts_all_time_2013-01-01_to_2026-07-04.csv,2026-07-04T19:25:00,Curvage title-count allocation,sale date,allocated daily title count,Daily title counts allocated to canonical Curvage daily gross/net by price-weighted unit share.
Curvage,Best Friend's Mommy Tells You How to Please SSBBW 😈😍,Best Friend's Mommy Tells You How to Please SSBBW 😈😍,75672,3,122.56,90.73,40.85,30.24,19.99,1,2026-05-27,2026-05-27,creator_analytics/manual_backfills/curvage_title_counts_all_time_2013-01-01_to_2026-07-04.csv,2026-07-04T19:25:00,Curvage title-count allocation,sale date,allocated daily title count,Daily title counts allocated to canonical Curvage daily gross/net by price-weighted unit share.
Curvage,Girlfriend Wants to Gain to 600lbs for You 🍪,Girlfriend Wants to Gain to 600lbs for You 🍪,74929,1,40.85,30.24,40.85,30.24,19.99,1,2026-05-27,2026-05-27,creator_analytics/manual_backfills/curvage_title_counts_all_time_2013-01-01_to_2026-07-04.csv,2026-07-04T19:25:00,Curvage title-count allocation,sale date,allocated daily title count,Daily title counts allocated to canonical Curvage daily gross/net by price-weighted unit share.
Curvage,HR manager coerces you into becoming her feeder 🍩🤤,HR manager coerces you into becoming her feeder 🍩🤤,72499,1,24.5,18.14,24.5,18.14,11.99,1,2026-05-27,2026-05-27,creator_analytics/manual_backfills/curvage_title_counts_all_time_2013-01-01_to_2026-07-04.csv,2026-07-04T19:25:00,Curvage title-count allocation,sale date,allocated daily title count,Daily title counts allocated to canonical Curvage daily gross/net by price-weighted unit share.
Curvage,Best Friend's Mommy Tells You How to Please SSBBW 😈😍,Best Friend's Mommy Tells You How to Please SSBBW 😈😍,75672,3,76.05,65.43,25.35,21.81,19.99,1,2026-05-28,2026-05-28,creator_analytics/manual_backfills/curvage_title_counts_all_time_2013-01-01_to_2026-07-04.csv,2026-07-04T19:25:00,Curvage title-count allocation,sale date,allocated daily title count,Daily title counts allocated to canonical Curvage daily gross/net by price-weighted unit share.
Curvage,HR manager coerces you into becoming her feeder 🍩🤤,HR manager coerces you into becoming her feeder 🍩🤤,72499,1,15.2,13.08,15.2,13.08,11.99,1,2026-05-28,2026-05-28,creator_analytics/manual_backfills/curvage_title_counts_all_time_2013-01-01_to_2026-07-04.csv,2026-07-04T19:25:00,Curvage title-count allocation,sale date,allocated daily title count,Daily title counts allocated to canonical Curvage daily gross/net by price-weighted unit share.
Curvage,Stuffing and making out with your feedee 🤤🍗,Stuffing and making out with your feedee 🤤🍗,48622,1,31.69,27.27,31.69,27.27,24.99,1,2026-05-28,2026-05-28,creator_analytics/manual_backfills/curvage_title_counts_all_time_2013-01-01_to_2026-07-04.csv,2026-07-04T19:25:00,Curvage title-count allocation,sale date,allocated daily title count,Daily title counts allocated to canonical Curvage daily gross/net by price-weighted unit share.
Curvage,Best Friend's Mommy Tells You How to Please SSBBW 😈😍,Best Friend's Mommy Tells You How to Please SSBBW 😈😍,75672,2,72.96,53.91,36.48,26.95,19.99,1,2026-05-29,2026-05-29,creator_analytics/manual_backfills/curvage_title_counts_all_time_2013-01-01_to_2026-07-04.csv,2026-07-04T19:25:00,Curvage title-count allocation,sale date,allocated daily title count,Daily title counts allocated to canonical Curvage daily gross/net by price-weighted unit share.
Curvage,Best Friend's Mommy Tells You How to Please SSBBW 😈😍,Best Friend's Mommy Tells You How to Please SSBBW 😈😍,75672,2,19.99,29.58,9.99,14.79,19.99,1,2026-05-30,2026-05-30,creator_analytics/manual_backfills/curvage_title_counts_all_time_2013-01-01_to_2026-07-04.csv,2026-07-04T19:25:00,Curvage title-count allocation,sale date,allocated daily title count,Daily title counts allocated to canonical Curvage daily gross/net by price-weighted unit share.
Curvage,Best Friend's Mommy Tells You How to Please SSBBW 😈😍,Best Friend's Mommy Tells You How to Please SSBBW 😈😍,75672,2,53.45,39.49,26.72,19.74,19.99,1,2026-05-31,2026-05-31,creator_analytics/manual_backfills/curvage_title_counts_all_time_2013-01-01_to_2026-07-04.csv,2026-07-04T19:25:00,Curvage title-count allocation,sale date,allocated daily title count,Daily title counts allocated to canonical Curvage daily gross/net by price-weighted unit share.
Curvage,Girlfriend Wants to Gain to 600lbs for You 🍪,Girlfriend Wants to Gain to 600lbs for You 🍪,74929,2,53.45,39.49,26.72,19.74,19.99,1,2026-05-31,2026-05-31,creator_analytics/manual_backfills/curvage_title_counts_all_time_2013-01-01_to_2026-07-04.csv,2026-07-04T19:25:00,Curvage title-count allocation,sale date,allocated daily title count,Daily title counts allocated to canonical Curvage daily gross/net by price-weighted unit share.
Curvage,Pills make me grow until I pop 💊🍗🎈,Pills make me grow until I pop 💊🍗🎈,72067,1,20.04,14.81,20.04,14.81,14.99,1,2026-05-31,2026-05-31,creator_analytics/manual_backfills/curvage_title_counts_all_time_2013-01-01_to_2026-07-04.csv,2026-07-04T19:25:00,Curvage title-count allocation,sale date,allocated daily title count,Daily title counts allocated to canonical Curvage daily gross/net by price-weighted unit share.
Curvage,Cursed Cake Makes Greedy Co-worker Explode,Cursed Cake Makes Greedy Co-worker Explode,63618,1,27.99,20.79,27.99,20.79,27.99,1,2026-06-01,2026-06-01,creator_analytics/manual_backfills/curvage_title_counts_all_time_2013-01-01_to_2026-07-04.csv,2026-07-04T19:25:00,Curvage title-count allocation,sale date,allocated daily title count,Daily title counts allocated to canonical Curvage daily gross/net by price-weighted unit share.
Curvage,Cursed Cake Makes Greedy Co-worker Explode,Cursed Cake Makes Greedy Co-worker Explode,63618,1,27.99,20.79,27.99,20.79,27.99,1,2026-06-02,2026-06-02,creator_analytics/manual_backfills/curvage_title_counts_all_time_2013-01-01_to_2026-07-04.csv,2026-07-04T19:25:00,Curvage title-count allocation,sale date,allocated daily title count,Daily title counts allocated to canonical Curvage daily gross/net by price-weighted unit share.
Curvage,Best Friend's Mommy Tells You How to Please SSBBW 😈😍,Best Friend's Mommy Tells You How to Please SSBBW 😈😍,75672,1,14.99,14.79,14.99,14.79,19.99,1,2026-06-03,2026-06-03,creator_analytics/manual_backfills/curvage_title_counts_all_time_2013-01-01_to_2026-07-04.csv,2026-07-04T19:25:00,Curvage title-count allocation,sale date,allocated daily title count,Daily title counts allocated to canonical Curvage daily gross/net by price-weighted unit share.
Curvage,Girlfriend Wants to Gain to 600lbs for You 🍪,Girlfriend Wants to Gain to 600lbs for You 🍪,74929,3,44.98,44.37,14.99,14.79,19.99,1,2026-06-03,2026-06-03,creator_analytics/manual_backfills/curvage_title_counts_all_time_2013-01-01_to_2026-07-04.csv,2026-07-04T19:25:00,Curvage title-count allocation,sale date,allocated daily title count,Daily title counts allocated to canonical Curvage daily gross/net by price-weighted unit share.
Curvage,Best Friend's Mommy Tells You How to Please SSBBW 😈😍,Best Friend's Mommy Tells You How to Please SSBBW 😈😍,75672,1,19.99,14.8,19.99,14.8,19.99,1,2026-06-04,2026-06-04,creator_analytics/manual_backfills/curvage_title_counts_all_time_2013-01-01_to_2026-07-04.csv,2026-07-04T19:25:00,Curvage title-count allocation,sale date,allocated daily title count,Daily title counts allocated to canonical Curvage daily gross/net by price-weighted unit share.
Curvage,Girlfriend Wants to Gain to 600lbs for You 🍪,Girlfriend Wants to Gain to 600lbs for You 🍪,74929,1,19.99,14.8,19.99,14.8,19.99,1,2026-06-04,2026-06-04,creator_analytics/manual_backfills/curvage_title_counts_all_time_2013-01-01_to_2026-07-04.csv,2026-07-04T19:25:00,Curvage title-count allocation,sale date,allocated daily title count,Daily title counts allocated to canonical Curvage daily gross/net by price-weighted unit share.
Curvage,Greedy girlfriend stuffs her face and vores you! 🤤🍔,Greedy girlfriend stuffs her face and vores you! 🤤🍔,56366,1,21.99,16.28,21.99,16.28,21.99,1,2026-06-04,2026-06-04,creator_analytics/manual_backfills/curvage_title_counts_all_time_2013-01-01_to_2026-07-04.csv,2026-07-04T19:25:00,Curvage title-count allocation,sale date,allocated daily title count,Daily title counts allocated to canonical Curvage daily gross/net by price-weighted unit share.
Curvage,How gaining weight changed how I exercise 🏋🏻‍♀️💪,How gaining weight changed how I exercise 🏋🏻‍♀️💪,73734,1,27.99,20.78,27.99,20.78,27.99,1,2026-06-05,2026-06-05,creator_analytics/manual_backfills/curvage_title_counts_all_time_2013-01-01_to_2026-07-04.csv,2026-07-04T19:25:00,Curvage title-count allocation,sale date,allocated daily title count,Daily title counts allocated to canonical Curvage daily gross/net by price-weighted unit share.
Curvage,Your Girlfriend Encourages Mutual Gain POV,Your Girlfriend Encourages Mutual Gain POV,55022,1,24.99,18.55,24.99,18.55,24.99,1,2026-06-05,2026-06-05,creator_analytics/manual_backfills/curvage_title_counts_all_time_2013-01-01_to_2026-07-04.csv,2026-07-04T19:25:00,Curvage title-count allocation,sale date,allocated daily title count,Daily title counts allocated to canonical Curvage daily gross/net by price-weighted unit share.
Curvage,Best Friend's Mommy Tells You How to Please SSBBW 😈😍,Best Friend's Mommy Tells You How to Please SSBBW 😈😍,75672,1,19.99,14.79,19.99,14.79,19.99,1,2026-06-06,2026-06-06,creator_analytics/manual_backfills/curvage_title_counts_all_time_2013-01-01_to_2026-07-04.csv,2026-07-04T19:25:00,Curvage title-count allocation,sale date,allocated daily title count,Daily title counts allocated to canonical Curvage daily gross/net by price-weighted unit share.
Curvage,How gaining weight changed how I exercise 🏋🏻‍♀️💪,How gaining weight changed how I exercise 🏋🏻‍♀️💪,73734,1,27.99,20.71,27.99,20.71,27.99,1,2026-06-06,2026-06-06,creator_analytics/manual_backfills/curvage_title_counts_all_time_2013-01-01_to_2026-07-04.csv,2026-07-04T19:25:00,Curvage title-count allocation,sale date,allocated daily title count,Daily title counts allocated to canonical Curvage daily gross/net by price-weighted unit share.
Curvage,HR manager coerces you into becoming her feeder 🍩🤤,HR manager coerces you into becoming her feeder 🍩🤤,72499,1,11.99,8.87,11.99,8.87,11.99,1,2026-06-06,2026-06-06,creator_analytics/manual_backfills/curvage_title_counts_all_time_2013-01-01_to_2026-07-04.csv,2026-07-04T19:25:00,Curvage title-count allocation,sale date,allocated daily title count,Daily title counts allocated to canonical Curvage daily gross/net by price-weighted unit share.
Curvage,Best Friend's Mommy Tells You How to Please SSBBW 😈😍,Best Friend's Mommy Tells You How to Please SSBBW 😈😍,75672,3,39.98,44.37,13.33,14.79,19.99,1,2026-06-07,2026-06-07,creator_analytics/manual_backfills/curvage_title_counts_all_time_2013-01-01_to_2026-07-04.csv,2026-07-04T19:25:00,Curvage title-count allocation,sale date,allocated daily title count,Daily title counts allocated to canonical Curvage daily gross/net by price-weighted unit share.
Curvage,Best Friend's Mommy Tells You How to Please SSBBW 😈😍,Best Friend's Mommy Tells You How to Please SSBBW 😈😍,75672,1,19.99,14.79,19.99,14.79,19.99,1,2026-06-08,2026-06-08,creator_analytics/manual_backfills/curvage_title_counts_all_time_2013-01-01_to_2026-07-04.csv,2026-07-04T19:25:00,Curvage title-count allocation,sale date,allocated daily title count,Daily title counts allocated to canonical Curvage daily gross/net by price-weighted unit share.
Curvage,Girlfriend Wants to Gain to 600lbs for You 🍪,Girlfriend Wants to Gain to 600lbs for You 🍪,74929,1,19.99,14.79,19.99,14.79,19.99,1,2026-06-09,2026-06-09,creator_analytics/manual_backfills/curvage_title_counts_all_time_2013-01-01_to_2026-07-04.csv,2026-07-04T19:25:00,Curvage title-count allocation,sale date,allocated daily title count,Daily title counts allocated to canonical Curvage daily gross/net by price-weighted unit share.
Curvage,Best Friend's Mommy Tells You How to Please SSBBW 😈😍,Best Friend's Mommy Tells You How to Please SSBBW 😈😍,75672,1,19.99,14.8,19.99,14.8,19.99,1,2026-06-10,2026-06-10,creator_analytics/manual_backfills/curvage_title_counts_all_time_2013-01-01_to_2026-07-04.csv,2026-07-04T19:25:00,Curvage title-count allocation,sale date,allocated daily title count,Daily title counts allocated to canonical Curvage daily gross/net by price-weighted unit share.
Curvage,Pills make me grow until I pop 💊🍗🎈,Pills make me grow until I pop 💊🍗🎈,72067,1,14.99,11.1,14.99,11.1,14.99,1,2026-06-10,2026-06-10,creator_analytics/manual_backfills/curvage_title_counts_all_time_2013-01-01_to_2026-07-04.csv,2026-07-04T19:25:00,Curvage title-count allocation,sale date,allocated daily title count,Daily title counts allocated to canonical Curvage daily gross/net by price-weighted unit share.
Curvage,Stuffing in the Car Until I'm Stuck! 🚙🍟,Stuffing in the Car Until I'm Stuck! 🚙🍟,59966,1,28.99,21.47,28.99,21.47,28.99,1,2026-06-10,2026-06-10,creator_analytics/manual_backfills/curvage_title_counts_all_time_2013-01-01_to_2026-07-04.csv,2026-07-04T19:25:00,Curvage title-count allocation,sale date,allocated daily title count,Daily title counts allocated to canonical Curvage daily gross/net by price-weighted unit share.
Curvage,Best Friend's Mommy Tells You How to Please SSBBW 😈😍,Best Friend's Mommy Tells You How to Please SSBBW 😈😍,75672,1,19.99,14.85,19.99,14.85,19.99,1,2026-06-12,2026-06-12,creator_analytics/manual_backfills/curvage_title_counts_all_time_2013-01-01_to_2026-07-04.csv,2026-07-04T19:25:00,Curvage title-count allocation,sale date,allocated daily title count,Daily title counts allocated to canonical Curvage daily gross/net by price-weighted unit share.
Curvage,New weigh-in and measurements! 😍,New weigh-in and measurements! 😍,56046,1,34.99,25.98,34.99,25.98,34.99,1,2026-06-12,2026-06-12,creator_analytics/manual_backfills/curvage_title_counts_all_time_2013-01-01_to_2026-07-04.csv,2026-07-04T19:25:00,Curvage title-count allocation,sale date,allocated daily title count,Daily title counts allocated to canonical Curvage daily gross/net by price-weighted unit share.
Curvage,Best Friend's Mommy Tells You How to Please SSBBW 😈😍,Best Friend's Mommy Tells You How to Please SSBBW 😈😍,75672,1,19.99,14.79,19.99,14.79,19.99,1,2026-06-13,2026-06-13,creator_analytics/manual_backfills/curvage_title_counts_all_time_2013-01-01_to_2026-07-04.csv,2026-07-04T19:25:00,Curvage title-count allocation,sale date,allocated daily title count,Daily title counts allocated to canonical Curvage daily gross/net by price-weighted unit share.
Curvage,Girlfriend Wants to Gain to 600lbs for You 🍪,Girlfriend Wants to Gain to 600lbs for You 🍪,74929,1,19.99,14.79,19.99,14.79,19.99,1,2026-06-13,2026-06-13,creator_analytics/manual_backfills/curvage_title_counts_all_time_2013-01-01_to_2026-07-04.csv,2026-07-04T19:25:00,Curvage title-count allocation,sale date,allocated daily title count,Daily title counts allocated to canonical Curvage daily gross/net by price-weighted unit share.
Curvage,Best Friend's Mommy Tells You How to Please SSBBW 😈😍,Best Friend's Mommy Tells You How to Please SSBBW 😈😍,75672,2,39.98,29.58,19.99,14.79,19.99,1,2026-06-14,2026-06-14,creator_analytics/manual_backfills/curvage_title_counts_all_time_2013-01-01_to_2026-07-04.csv,2026-07-04T19:25:00,Curvage title-count allocation,sale date,allocated daily title count,Daily title counts allocated to canonical Curvage daily gross/net by price-weighted unit share.
Curvage,How gaining weight changed how I exercise 🏋🏻‍♀️💪,How gaining weight changed how I exercise 🏋🏻‍♀️💪,73734,1,27.99,20.71,27.99,20.71,27.99,1,2026-06-14,2026-06-14,creator_analytics/manual_backfills/curvage_title_counts_all_time_2013-01-01_to_2026-07-04.csv,2026-07-04T19:25:00,Curvage title-count allocation,sale date,allocated daily title count,Daily title counts allocated to canonical Curvage daily gross/net by price-weighted unit share.
Curvage,HR manager coerces you into becoming her feeder 🍩🤤,HR manager coerces you into becoming her feeder 🍩🤤,72499,1,11.99,8.87,11.99,8.87,11.99,1,2026-06-14,2026-06-14,creator_analytics/manual_backfills/curvage_title_counts_all_time_2013-01-01_to_2026-07-04.csv,2026-07-04T19:25:00,Curvage title-count allocation,sale date,allocated daily title count,Daily title counts allocated to canonical Curvage daily gross/net by price-weighted unit share.
Curvage,Your Gluttonous Girlfriend Can't Hold Back Farts 🌯💨,Your Gluttonous Girlfriend Can't Hold Back Farts 🌯💨,72725,2,39.98,29.58,19.99,14.79,19.99,1,2026-06-14,2026-06-14,creator_analytics/manual_backfills/curvage_title_counts_all_time_2013-01-01_to_2026-07-04.csv,2026-07-04T19:25:00,Curvage title-count allocation,sale date,allocated daily title count,Daily title counts allocated to canonical Curvage daily gross/net by price-weighted unit share.
Curvage,Best Friend's Mommy Tells You How to Please SSBBW 😈😍,Best Friend's Mommy Tells You How to Please SSBBW 😈😍,75672,2,39.98,29.6,19.99,14.8,19.99,1,2026-06-15,2026-06-15,creator_analytics/manual_backfills/curvage_title_counts_all_time_2013-01-01_to_2026-07-04.csv,2026-07-04T19:25:00,Curvage title-count allocation,sale date,allocated daily title count,Daily title counts allocated to canonical Curvage daily gross/net by price-weighted unit share.
Curvage,Stuffing and making out with your feedee 🤤🍗,Stuffing and making out with your feedee 🤤🍗,48622,1,24.99,18.5,24.99,18.5,24.99,1,2026-06-15,2026-06-15,creator_analytics/manual_backfills/curvage_title_counts_all_time_2013-01-01_to_2026-07-04.csv,2026-07-04T19:25:00,Curvage title-count allocation,sale date,allocated daily title count,Daily title counts allocated to canonical Curvage daily gross/net by price-weighted unit share.
Curvage,Stuffing My Face After Hitting the Gym! 🍔🥤,Stuffing My Face After Hitting the Gym! 🍔🥤,58749,1,19.99,14.8,19.99,14.8,19.99,1,2026-06-15,2026-06-15,creator_analytics/manual_backfills/curvage_title_counts_all_time_2013-01-01_to_2026-07-04.csv,2026-07-04T19:25:00,Curvage title-count allocation,sale date,allocated daily title count,Daily title counts allocated to canonical Curvage daily gross/net by price-weighted unit share.
Curvage,Best Friend's Mommy Tells You How to Please SSBBW 😈😍,Best Friend's Mommy Tells You How to Please SSBBW 😈😍,75672,1,19.99,14.79,19.99,14.79,19.99,1,2026-06-16,2026-06-16,creator_analytics/manual_backfills/curvage_title_counts_all_time_2013-01-01_to_2026-07-04.csv,2026-07-04T19:25:00,Curvage title-count allocation,sale date,allocated daily title count,Daily title counts allocated to canonical Curvage daily gross/net by price-weighted unit share.
Curvage,Girlfriend Wants to Gain to 600lbs for You 🍪,Girlfriend Wants to Gain to 600lbs for You 🍪,74929,1,19.99,14.79,19.99,14.79,19.99,1,2026-06-16,2026-06-16,creator_analytics/manual_backfills/curvage_title_counts_all_time_2013-01-01_to_2026-07-04.csv,2026-07-04T19:25:00,Curvage title-count allocation,sale date,allocated daily title count,Daily title counts allocated to canonical Curvage daily gross/net by price-weighted unit share.
Curvage,HR manager coerces you into becoming her feeder 🍩🤤,HR manager coerces you into becoming her feeder 🍩🤤,72499,1,11.99,8.87,11.99,8.87,11.99,1,2026-06-16,2026-06-16,creator_analytics/manual_backfills/curvage_title_counts_all_time_2013-01-01_to_2026-07-04.csv,2026-07-04T19:25:00,Curvage title-count allocation,sale date,allocated daily title count,Daily title counts allocated to canonical Curvage daily gross/net by price-weighted unit share.
Curvage,Nightmare Thanksgiving guest eats all the food! 🦃🤤,Nightmare Thanksgiving guest eats all the food! 🦃🤤,68878,1,31.99,23.67,31.99,23.67,31.99,1,2026-06-16,2026-06-16,creator_analytics/manual_backfills/curvage_title_counts_all_time_2013-01-01_to_2026-07-04.csv,2026-07-04T19:25:00,Curvage title-count allocation,sale date,allocated daily title count,Daily title counts allocated to canonical Curvage daily gross/net by price-weighted unit share.
Curvage,Pills make me grow until I pop 💊🍗🎈,Pills make me grow until I pop 💊🍗🎈,72067,1,14.99,11.09,14.99,11.09,14.99,1,2026-06-16,2026-06-16,creator_analytics/manual_backfills/curvage_title_counts_all_time_2013-01-01_to_2026-07-04.csv,2026-07-04T19:25:00,Curvage title-count allocation,sale date,allocated daily title count,Daily title counts allocated to canonical Curvage daily gross/net by price-weighted unit share.
Curvage,Best Friend's Mommy Tells You How to Please SSBBW 😈😍,Best Friend's Mommy Tells You How to Please SSBBW 😈😍,75672,2,39.98,29.61,19.99,14.81,19.99,1,2026-06-17,2026-06-17,creator_analytics/manual_backfills/curvage_title_counts_all_time_2013-01-01_to_2026-07-04.csv,2026-07-04T19:25:00,Curvage title-count allocation,sale date,allocated daily title count,Daily title counts allocated to canonical Curvage daily gross/net by price-weighted unit share.
Curvage,Gassy giantess vores you 👅💨,Gassy giantess vores you 👅💨,71108,1,24.99,18.51,24.99,18.51,24.99,1,2026-06-17,2026-06-17,creator_analytics/manual_backfills/curvage_title_counts_all_time_2013-01-01_to_2026-07-04.csv,2026-07-04T19:25:00,Curvage title-count allocation,sale date,allocated daily title count,Daily title counts allocated to canonical Curvage daily gross/net by price-weighted unit share.
Curvage,Best Friend's Mommy Tells You How to Please SSBBW 😈😍,Best Friend's Mommy Tells You How to Please SSBBW 😈😍,75672,1,19.99,14.79,19.99,14.79,19.99,1,2026-06-18,2026-06-18,creator_analytics/manual_backfills/curvage_title_counts_all_time_2013-01-01_to_2026-07-04.csv,2026-07-04T19:25:00,Curvage title-count allocation,sale date,allocated daily title count,Daily title counts allocated to canonical Curvage daily gross/net by price-weighted unit share.
Curvage,Girlfriend Wants to Gain to 600lbs for You 🍪,Girlfriend Wants to Gain to 600lbs for You 🍪,74929,1,19.99,14.79,19.99,14.79,19.99,1,2026-06-18,2026-06-18,creator_analytics/manual_backfills/curvage_title_counts_all_time_2013-01-01_to_2026-07-04.csv,2026-07-04T19:25:00,Curvage title-count allocation,sale date,allocated daily title count,Daily title counts allocated to canonical Curvage daily gross/net by price-weighted unit share.
Curvage,Crushing you flat under my massive 525lb body,Crushing you flat under my massive 525lb body,67883,1,17.99,13.31,17.99,13.31,17.99,1,2026-06-19,2026-06-19,creator_analytics/manual_backfills/curvage_title_counts_all_time_2013-01-01_to_2026-07-04.csv,2026-07-04T19:25:00,Curvage title-count allocation,sale date,allocated daily title count,Daily title counts allocated to canonical Curvage daily gross/net by price-weighted unit share.
Curvage,My bloated belly and burps are so hot! 🤤,My bloated belly and burps are so hot! 🤤,53641,1,24.99,18.49,24.99,18.49,24.99,1,2026-06-19,2026-06-19,creator_analytics/manual_backfills/curvage_title_counts_all_time_2013-01-01_to_2026-07-04.csv,2026-07-04T19:25:00,Curvage title-count allocation,sale date,allocated daily title count,Daily title counts allocated to canonical Curvage daily gross/net by price-weighted unit share.
Curvage,Nightmare Thanksgiving guest eats all the food! 🦃🤤,Nightmare Thanksgiving guest eats all the food! 🦃🤤,68878,1,31.99,23.67,31.99,23.67,31.99,1,2026-06-19,2026-06-19,creator_analytics/manual_backfills/curvage_title_counts_all_time_2013-01-01_to_2026-07-04.csv,2026-07-04T19:25:00,Curvage title-count allocation,sale date,allocated daily title count,Daily title counts allocated to canonical Curvage daily gross/net by price-weighted unit share.
Curvage,Pills make me grow until I pop 💊🍗🎈,Pills make me grow until I pop 💊🍗🎈,72067,1,14.99,11.09,14.99,11.09,14.99,1,2026-06-19,2026-06-19,creator_analytics/manual_backfills/curvage_title_counts_all_time_2013-01-01_to_2026-07-04.csv,2026-07-04T19:25:00,Curvage title-count allocation,sale date,allocated daily title count,Daily title counts allocated to canonical Curvage daily gross/net by price-weighted unit share.
Curvage,Sexy fatty gobbles a dozen ice cream sandwiches!,Sexy fatty gobbles a dozen ice cream sandwiches!,33057,1,8.99,6.65,8.99,6.65,8.99,1,2026-06-19,2026-06-19,creator_analytics/manual_backfills/curvage_title_counts_all_time_2013-01-01_to_2026-07-04.csv,2026-07-04T19:25:00,Curvage title-count allocation,sale date,allocated daily title count,Daily title counts allocated to canonical Curvage daily gross/net by price-weighted unit share.
Curvage,Best Friend's Mommy Tells You How to Please SSBBW 😈😍,Best Friend's Mommy Tells You How to Please SSBBW 😈😍,75672,1,19.99,14.76,19.99,14.76,19.99,1,2026-06-20,2026-06-20,creator_analytics/manual_backfills/curvage_title_counts_all_time_2013-01-01_to_2026-07-04.csv,2026-07-04T19:25:00,Curvage title-count allocation,sale date,allocated daily title count,Daily title counts allocated to canonical Curvage daily gross/net by price-weighted unit share.
Curvage,Horny SSBBW Succubus Grows for Your Cum POV,Horny SSBBW Succubus Grows for Your Cum POV,44086,1,14.99,11.07,14.99,11.07,14.99,1,2026-06-20,2026-06-20,creator_analytics/manual_backfills/curvage_title_counts_all_time_2013-01-01_to_2026-07-04.csv,2026-07-04T19:25:00,Curvage title-count allocation,sale date,allocated daily title count,Daily title counts allocated to canonical Curvage daily gross/net by price-weighted unit share.
Curvage,How gaining weight changed how I exercise 🏋🏻‍♀️💪,How gaining weight changed how I exercise 🏋🏻‍♀️💪,73734,1,27.99,20.8,27.99,20.8,27.99,1,2026-06-21,2026-06-21,creator_analytics/manual_backfills/curvage_title_counts_all_time_2013-01-01_to_2026-07-04.csv,2026-07-04T19:25:00,Curvage title-count allocation,sale date,allocated daily title count,Daily title counts allocated to canonical Curvage daily gross/net by price-weighted unit share.
Curvage,Nightmare Thanksgiving guest eats all the food! 🦃🤤,Nightmare Thanksgiving guest eats all the food! 🦃🤤,68878,1,31.99,23.78,31.99,23.78,31.99,1,2026-06-21,2026-06-21,creator_analytics/manual_backfills/curvage_title_counts_all_time_2013-01-01_to_2026-07-04.csv,2026-07-04T19:25:00,Curvage title-count allocation,sale date,allocated daily title count,Daily title counts allocated to canonical Curvage daily gross/net by price-weighted unit share.
Curvage,Best Friend's Mommy Tells You How to Please SSBBW 😈😍,Best Friend's Mommy Tells You How to Please SSBBW 😈😍,75672,1,30.76,22.76,30.76,22.76,19.99,1,2026-06-23,2026-06-23,creator_analytics/manual_backfills/curvage_title_counts_all_time_2013-01-01_to_2026-07-04.csv,2026-07-04T19:25:00,Curvage title-count allocation,sale date,allocated daily title count,Daily title counts allocated to canonical Curvage daily gross/net by price-weighted unit share.
Curvage,HR manager coerces you into becoming her feeder 🍩🤤,HR manager coerces you into becoming her feeder 🍩🤤,72499,1,18.45,13.65,18.45,13.65,11.99,1,2026-06-23,2026-06-23,creator_analytics/manual_backfills/curvage_title_counts_all_time_2013-01-01_to_2026-07-04.csv,2026-07-04T19:25:00,Curvage title-count allocation,sale date,allocated daily title count,Daily title counts allocated to canonical Curvage daily gross/net by price-weighted unit share.
Curvage,Stuffing My Face After Hitting the Gym! 🍔🥤,Stuffing My Face After Hitting the Gym! 🍔🥤,58749,1,30.76,22.76,30.76,22.76,19.99,1,2026-06-23,2026-06-23,creator_analytics/manual_backfills/curvage_title_counts_all_time_2013-01-01_to_2026-07-04.csv,2026-07-04T19:25:00,Curvage title-count allocation,sale date,allocated daily title count,Daily title counts allocated to canonical Curvage daily gross/net by price-weighted unit share.
Curvage,Best Friend's Mommy Tells You How to Please SSBBW 😈😍,Best Friend's Mommy Tells You How to Please SSBBW 😈😍,75672,2,39.98,29.61,19.99,14.81,19.99,1,2026-06-24,2026-06-24,creator_analytics/manual_backfills/curvage_title_counts_all_time_2013-01-01_to_2026-07-04.csv,2026-07-04T19:25:00,Curvage title-count allocation,sale date,allocated daily title count,Daily title counts allocated to canonical Curvage daily gross/net by price-weighted unit share.
Curvage,Nightmare Thanksgiving guest eats all the food! 🦃🤤,Nightmare Thanksgiving guest eats all the food! 🦃🤤,68878,1,31.99,23.69,31.99,23.69,31.99,1,2026-06-24,2026-06-24,creator_analytics/manual_backfills/curvage_title_counts_all_time_2013-01-01_to_2026-07-04.csv,2026-07-04T19:25:00,Curvage title-count allocation,sale date,allocated daily title count,Daily title counts allocated to canonical Curvage daily gross/net by price-weighted unit share.
Curvage,Pills make me grow until I pop 💊🍗🎈,Pills make me grow until I pop 💊🍗🎈,72067,1,14.99,11.1,14.99,11.1,14.99,1,2026-06-24,2026-06-24,creator_analytics/manual_backfills/curvage_title_counts_all_time_2013-01-01_to_2026-07-04.csv,2026-07-04T19:25:00,Curvage title-count allocation,sale date,allocated daily title count,Daily title counts allocated to canonical Curvage daily gross/net by price-weighted unit share.
Curvage,Best Friend's Mommy Tells You How to Please SSBBW 😈😍,Best Friend's Mommy Tells You How to Please SSBBW 😈😍,75672,1,19.99,14.79,19.99,14.79,19.99,1,2026-06-25,2026-06-25,creator_analytics/manual_backfills/curvage_title_counts_all_time_2013-01-01_to_2026-07-04.csv,2026-07-04T19:25:00,Curvage title-count allocation,sale date,allocated daily title count,Daily title counts allocated to canonical Curvage daily gross/net by price-weighted unit share.
Curvage,Pills make me grow until I pop 💊🍗🎈,Pills make me grow until I pop 💊🍗🎈,72067,1,14.99,11.04,14.99,11.04,14.99,1,2026-06-26,2026-06-26,creator_analytics/manual_backfills/curvage_title_counts_all_time_2013-01-01_to_2026-07-04.csv,2026-07-04T19:25:00,Curvage title-count allocation,sale date,allocated daily title count,Daily title counts allocated to canonical Curvage daily gross/net by price-weighted unit share.
Curvage,Nightmare Thanksgiving guest eats all the food! 🦃🤤,Nightmare Thanksgiving guest eats all the food! 🦃🤤,68878,1,31.99,23.79,31.99,23.79,31.99,1,2026-06-27,2026-06-27,creator_analytics/manual_backfills/curvage_title_counts_all_time_2013-01-01_to_2026-07-04.csv,2026-07-04T19:25:00,Curvage title-count allocation,sale date,allocated daily title count,Daily title counts allocated to canonical Curvage daily gross/net by price-weighted unit share.
Curvage,Greedy SSBBW Devours Roommates Leftovers,Greedy SSBBW Devours Roommates Leftovers,77165,10,369.9,275.4,36.99,27.54,36.99,1,2026-06-28,2026-06-28,creator_analytics/manual_backfills/curvage_title_counts_all_time_2013-01-01_to_2026-07-04.csv,2026-07-04T19:25:00,Curvage title-count allocation,sale date,allocated daily title count,Daily title counts allocated to canonical Curvage daily gross/net by price-weighted unit share.
Curvage,Best Friend's Mommy Tells You How to Please SSBBW 😈😍,Best Friend's Mommy Tells You How to Please SSBBW 😈😍,75672,2,39.98,29.72,19.99,14.86,19.99,1,2026-06-29,2026-06-29,creator_analytics/manual_backfills/curvage_title_counts_all_time_2013-01-01_to_2026-07-04.csv,2026-07-04T19:25:00,Curvage title-count allocation,sale date,allocated daily title count,Daily title counts allocated to canonical Curvage daily gross/net by price-weighted unit share.
Curvage,Greedy girlfriend stuffs her face and vores you! 🤤🍔,Greedy girlfriend stuffs her face and vores you! 🤤🍔,56366,1,21.99,16.35,21.99,16.35,21.99,1,2026-06-29,2026-06-29,creator_analytics/manual_backfills/curvage_title_counts_all_time_2013-01-01_to_2026-07-04.csv,2026-07-04T19:25:00,Curvage title-count allocation,sale date,allocated daily title count,Daily title counts allocated to canonical Curvage daily gross/net by price-weighted unit share.
Curvage,Greedy SSBBW Devours Roommates Leftovers,Greedy SSBBW Devours Roommates Leftovers,77165,10,369.9,275.01,36.99,27.5,36.99,1,2026-06-29,2026-06-29,creator_analytics/manual_backfills/curvage_title_counts_all_time_2013-01-01_to_2026-07-04.csv,2026-07-04T19:25:00,Curvage title-count allocation,sale date,allocated daily title count,Daily title counts allocated to canonical Curvage daily gross/net by price-weighted unit share.
Curvage,Pills make me grow until I pop 💊🍗🎈,Pills make me grow until I pop 💊🍗🎈,72067,1,14.99,11.14,14.99,11.14,14.99,1,2026-06-29,2026-06-29,creator_analytics/manual_backfills/curvage_title_counts_all_time_2013-01-01_to_2026-07-04.csv,2026-07-04T19:25:00,Curvage title-count allocation,sale date,allocated daily title count,Daily title counts allocated to canonical Curvage daily gross/net by price-weighted unit share.
Curvage,Thanksgiving stuffing and a cigarette! 🦃🚬,Thanksgiving stuffing and a cigarette! 🦃🚬,54801,1,29.99,22.3,29.99,22.3,29.99,1,2026-06-29,2026-06-29,creator_analytics/manual_backfills/curvage_title_counts_all_time_2013-01-01_to_2026-07-04.csv,2026-07-04T19:25:00,Curvage title-count allocation,sale date,allocated daily title count,Daily title counts allocated to canonical Curvage daily gross/net by price-weighted unit share.
Curvage,Your Gluttonous Girlfriend Can't Hold Back Farts 🌯💨,Your Gluttonous Girlfriend Can't Hold Back Farts 🌯💨,72725,1,19.99,14.86,19.99,14.86,19.99,1,2026-06-29,2026-06-29,creator_analytics/manual_backfills/curvage_title_counts_all_time_2013-01-01_to_2026-07-04.csv,2026-07-04T19:25:00,Curvage title-count allocation,sale date,allocated daily title count,Daily title counts allocated to canonical Curvage daily gross/net by price-weighted unit share.
Curvage,Cursed Cake Makes Greedy Co-worker Explode,Cursed Cake Makes Greedy Co-worker Explode,63618,1,27.99,20.8,27.99,20.8,27.99,1,2026-06-30,2026-06-30,creator_analytics/manual_backfills/curvage_title_counts_all_time_2013-01-01_to_2026-07-04.csv,2026-07-04T19:25:00,Curvage title-count allocation,sale date,allocated daily title count,Daily title counts allocated to canonical Curvage daily gross/net by price-weighted unit share.
Curvage,Girlfriend Wants to Gain to 600lbs for You 🍪,Girlfriend Wants to Gain to 600lbs for You 🍪,74929,2,39.98,29.7,19.99,14.85,19.99,1,2026-06-30,2026-06-30,creator_analytics/manual_backfills/curvage_title_counts_all_time_2013-01-01_to_2026-07-04.csv,2026-07-04T19:25:00,Curvage title-count allocation,sale date,allocated daily title count,Daily title counts allocated to canonical Curvage daily gross/net by price-weighted unit share.
Curvage,Greedy SSBBW Devours Roommates Leftovers,Greedy SSBBW Devours Roommates Leftovers,77165,5,184.95,137.41,36.99,27.48,36.99,1,2026-06-30,2026-06-30,creator_analytics/manual_backfills/curvage_title_counts_all_time_2013-01-01_to_2026-07-04.csv,2026-07-04T19:25:00,Curvage title-count allocation,sale date,allocated daily title count,Daily title counts allocated to canonical Curvage daily gross/net by price-weighted unit share.
Curvage,HR manager coerces you into becoming her feeder 🍩🤤,HR manager coerces you into becoming her feeder 🍩🤤,72499,1,11.99,8.91,11.99,8.91,11.99,1,2026-06-30,2026-06-30,creator_analytics/manual_backfills/curvage_title_counts_all_time_2013-01-01_to_2026-07-04.csv,2026-07-04T19:25:00,Curvage title-count allocation,sale date,allocated daily title count,Daily title counts allocated to canonical Curvage daily gross/net by price-weighted unit share.
Curvage,Nightmare Thanksgiving guest eats all the food! 🦃🤤,Nightmare Thanksgiving guest eats all the food! 🦃🤤,68878,1,31.99,23.77,31.99,23.77,31.99,1,2026-06-30,2026-06-30,creator_analytics/manual_backfills/curvage_title_counts_all_time_2013-01-01_to_2026-07-04.csv,2026-07-04T19:25:00,Curvage title-count allocation,sale date,allocated daily title count,Daily title counts allocated to canonical Curvage daily gross/net by price-weighted unit share.
Curvage,Your Gluttonous Girlfriend Can't Hold Back Farts 🌯💨,Your Gluttonous Girlfriend Can't Hold Back Farts 🌯💨,72725,1,19.99,14.85,19.99,14.85,19.99,1,2026-06-30,2026-06-30,creator_analytics/manual_backfills/curvage_title_counts_all_time_2013-01-01_to_2026-07-04.csv,2026-07-04T19:25:00,Curvage title-count allocation,sale date,allocated daily title count,Daily title counts allocated to canonical Curvage daily gross/net by price-weighted unit share.
Curvage,Best Friend's Mommy Tells You How to Please SSBBW 😈😍,Best Friend's Mommy Tells You How to Please SSBBW 😈😍,75672,2,39.98,29.71,19.99,14.85,19.99,1,2026-07-01,2026-07-01,creator_analytics/manual_backfills/curvage_title_counts_all_time_2013-01-01_to_2026-07-04.csv,2026-07-04T19:25:00,Curvage title-count allocation,sale date,allocated daily title count,Daily title counts allocated to canonical Curvage daily gross/net by price-weighted unit share.
Curvage,Greedy SSBBW Devours Roommates Leftovers,Greedy SSBBW Devours Roommates Leftovers,77165,4,147.96,109.94,36.99,27.48,36.99,1,2026-07-01,2026-07-01,creator_analytics/manual_backfills/curvage_title_counts_all_time_2013-01-01_to_2026-07-04.csv,2026-07-04T19:25:00,Curvage title-count allocation,sale date,allocated daily title count,Daily title counts allocated to canonical Curvage daily gross/net by price-weighted unit share.
Curvage,Pills make me grow until I pop 💊🍗🎈,Pills make me grow until I pop 💊🍗🎈,72067,1,14.99,11.14,14.99,11.14,14.99,1,2026-07-01,2026-07-01,creator_analytics/manual_backfills/curvage_title_counts_all_time_2013-01-01_to_2026-07-04.csv,2026-07-04T19:25:00,Curvage title-count allocation,sale date,allocated daily title count,Daily title counts allocated to canonical Curvage daily gross/net by price-weighted unit share.
Curvage,Best Friend's Mommy Tells You How to Please SSBBW 😈😍,Best Friend's Mommy Tells You How to Please SSBBW 😈😍,75672,1,19.99,14.77,19.99,14.77,19.99,1,2026-07-02,2026-07-02,creator_analytics/manual_backfills/curvage_title_counts_all_time_2013-01-01_to_2026-07-04.csv,2026-07-04T19:25:00,Curvage title-count allocation,sale date,allocated daily title count,Daily title counts allocated to canonical Curvage daily gross/net by price-weighted unit share.
Curvage,Get me pregnant and make me grow! 🤰😍,Get me pregnant and make me grow! 🤰😍,49011,1,12.99,9.6,12.99,9.6,12.99,1,2026-07-02,2026-07-02,creator_analytics/manual_backfills/curvage_title_counts_all_time_2013-01-01_to_2026-07-04.csv,2026-07-04T19:25:00,Curvage title-count allocation,sale date,allocated daily title count,Daily title counts allocated to canonical Curvage daily gross/net by price-weighted unit share.
Curvage,Greedy SSBBW Devours Roommates Leftovers,Greedy SSBBW Devours Roommates Leftovers,77165,1,36.99,27.34,36.99,27.34,36.99,1,2026-07-02,2026-07-02,creator_analytics/manual_backfills/curvage_title_counts_all_time_2013-01-01_to_2026-07-04.csv,2026-07-04T19:25:00,Curvage title-count allocation,sale date,allocated daily title count,Daily title counts allocated to canonical Curvage daily gross/net by price-weighted unit share.
Curvage,HR manager coerces you into becoming her feeder 🍩🤤,HR manager coerces you into becoming her feeder 🍩🤤,72499,1,11.99,8.86,11.99,8.86,11.99,1,2026-07-02,2026-07-02,creator_analytics/manual_backfills/curvage_title_counts_all_time_2013-01-01_to_2026-07-04.csv,2026-07-04T19:25:00,Curvage title-count allocation,sale date,allocated daily title count,Daily title counts allocated to canonical Curvage daily gross/net by price-weighted unit share.
Curvage,Soda-chugging cutie gets bloated and belches!,Soda-chugging cutie gets bloated and belches!,28679,1,10.99,8.12,10.99,8.12,10.99,1,2026-07-02,2026-07-02,creator_analytics/manual_backfills/curvage_title_counts_all_time_2013-01-01_to_2026-07-04.csv,2026-07-04T19:25:00,Curvage title-count allocation,sale date,allocated daily title count,Daily title counts allocated to canonical Curvage daily gross/net by price-weighted unit share.
Curvage,Best Friend's Mommy Tells You How to Please SSBBW 😈😍,Best Friend's Mommy Tells You How to Please SSBBW 😈😍,75672,1,19.99,14.87,19.99,14.87,19.99,1,2026-07-03,2026-07-03,creator_analytics/manual_backfills/curvage_title_counts_all_time_2013-01-01_to_2026-07-04.csv,2026-07-04T19:25:00,Curvage title-count allocation,sale date,allocated daily title count,Daily title counts allocated to canonical Curvage daily gross/net by price-weighted unit share.
Curvage,Greedy SSBBW Devours Roommates Leftovers,Greedy SSBBW Devours Roommates Leftovers,77165,6,221.94,165.09,36.99,27.52,36.99,1,2026-07-03,2026-07-03,creator_analytics/manual_backfills/curvage_title_counts_all_time_2013-01-01_to_2026-07-04.csv,2026-07-04T19:25:00,Curvage title-count allocation,sale date,allocated daily title count,Daily title counts allocated to canonical Curvage daily gross/net by price-weighted unit share.
Curvage,Stuffing tacos makes me burp and fart! 🌮💨,Stuffing tacos makes me burp and fart! 🌮💨,60064,1,34.99,26.03,34.99,26.03,34.99,1,2026-07-03,2026-07-03,creator_analytics/manual_backfills/curvage_title_counts_all_time_2013-01-01_to_2026-07-04.csv,2026-07-04T19:25:00,Curvage title-count allocation,sale date,allocated daily title count,Daily title counts allocated to canonical Curvage daily gross/net by price-weighted unit share.
Curvage,Your Gluttonous Girlfriend Can't Hold Back Farts 🌯💨,Your Gluttonous Girlfriend Can't Hold Back Farts 🌯💨,72725,1,19.99,14.87,19.99,14.87,19.99,1,2026-07-03,2026-07-03,creator_analytics/manual_backfills/curvage_title_counts_all_time_2013-01-01_to_2026-07-04.csv,2026-07-04T19:25:00,Curvage title-count allocation,sale date,allocated daily title count,Daily title counts allocated to canonical Curvage daily gross/net by price-weighted unit share.
Curvage,Greedy SSBBW Devours Roommates Leftovers,Greedy SSBBW Devours Roommates Leftovers,77165,1,36.99,27.44,36.99,27.44,36.99,1,2026-07-04,2026-07-04,creator_analytics/manual_backfills/curvage_title_counts_all_time_2013-01-01_to_2026-07-04.csv,2026-07-04T19:25:00,Curvage title-count allocation,sale date,allocated daily title count,Daily title counts allocated to canonical Curvage daily gross/net by price-weighted unit share.
Curvage,Watch my fat jiggle while I struggle to work out! 😅💪,Watch my fat jiggle while I struggle to work out! 😅💪,45396,1,12.99,9.64,12.99,9.64,12.99,1,2026-07-04,2026-07-04,creator_analytics/manual_backfills/curvage_title_counts_all_time_2013-01-01_to_2026-07-04.csv,2026-07-04T19:25:00,Curvage title-count allocation,sale date,allocated daily title count,Daily title counts allocated to canonical Curvage daily gross/net by price-weighted unit share.
